solid OpenSCAD_Model
  facet normal 0 0 -1
    outer loop
      vertex -28 -21.75 8.881784197001252e-16
      vertex -12.525328890437407 -12.491796077701764 8.881784197001252e-16
      vertex -12.265938590568396 -12.554070179011731 8.881784197001252e-16
    endloop
  endfacet
  facet normal 0 0 -1
    outer loop
      vertex -28 -21.75 8.881784197001252e-16
      vertex -12.265938590568396 -12.554070179011731 8.881784197001252e-16
      vertex -12 -12.575000000000003 8.881784197001252e-16
    endloop
  endfacet
  facet normal 0 0 -1
    outer loop
      vertex -28 -21.75 8.881784197001252e-16
      vertex -12 -12.575000000000003 8.881784197001252e-16
      vertex -11.734061409431604 -12.554070179011731 8.881784197001252e-16
    endloop
  endfacet
  facet normal 0 0 -1
    outer loop
      vertex -28 -21.75 8.881784197001252e-16
      vertex -11.734061409431604 -12.554070179011731 8.881784197001252e-16
      vertex -11.474671109562593 -12.491796077701764 8.881784197001252e-16
    endloop
  endfacet
  facet normal 0 0 -1
    outer loop
      vertex -28 -21.75 8.881784197001252e-16
      vertex -12.99923492889721 -12.250328890437416 8.881784197001252e-16
      vertex -12.771783849557238 -12.389711091120219 8.881784197001252e-16
    endloop
  endfacet
  facet normal 0 0 -1
    outer loop
      vertex -28 -21.75 8.881784197001252e-16
      vertex -13.202081528017118 -12.077081528017132 8.881784197001252e-16
      vertex -12.99923492889721 -12.250328890437416 8.881784197001252e-16
    endloop
  endfacet
  facet normal 0 0 -1
    outer loop
      vertex -28 -21.75 8.881784197001252e-16
      vertex -13.375328890437402 -11.87423492889721 8.881784197001252e-16
      vertex -13.202081528017118 -12.077081528017132 8.881784197001252e-16
    endloop
  endfacet
  facet normal 0 0 -1
    outer loop
      vertex -28 -21.75 8.881784197001252e-16
      vertex -12.771783849557238 -12.389711091120219 8.881784197001252e-16
      vertex -12.525328890437407 -12.491796077701764 8.881784197001252e-16
    endloop
  endfacet
  facet normal 0 0 -1
    outer loop
      vertex -28 -21.75 8.881784197001252e-16
      vertex -13.514711091120233 -11.646783849557224 8.881784197001252e-16
      vertex -13.375328890437402 -11.87423492889721 8.881784197001252e-16
    endloop
  endfacet
  facet normal 0 0 -1
    outer loop
      vertex -28 -21.75 8.881784197001252e-16
      vertex -13.616796077701764 -11.400328890437407 8.881784197001252e-16
      vertex -13.514711091120233 -11.646783849557224 8.881784197001252e-16
    endloop
  endfacet
  facet normal 0 0 -1
    outer loop
      vertex -28 -21.75 8.881784197001252e-16
      vertex -13.679070179011745 -11.140938590568396 8.881784197001252e-16
      vertex -13.616796077701764 -11.400328890437407 8.881784197001252e-16
    endloop
  endfacet
  facet normal 0 0 -1
    outer loop
      vertex -28 -21.75 8.881784197001252e-16
      vertex 11.00076507110279 -12.250328890437416 8.881784197001252e-16
      vertex 11.228216150442762 -12.389711091120219 8.881784197001252e-16
    endloop
  endfacet
  facet normal 0 0 -1
    outer loop
      vertex -28 -21.75 8.881784197001252e-16
      vertex 10.797918471982882 -12.077081528017132 8.881784197001252e-16
      vertex 11.00076507110279 -12.250328890437416 8.881784197001252e-16
    endloop
  endfacet
  facet normal 0 0 -1
    outer loop
      vertex -28 -21.75 8.881784197001252e-16
      vertex 10.624671109562598 -11.87423492889721 8.881784197001252e-16
      vertex 10.797918471982882 -12.077081528017132 8.881784197001252e-16
    endloop
  endfacet
  facet normal 0 0 -1
    outer loop
      vertex -28 -21.75 8.881784197001252e-16
      vertex 10.485288908879767 -11.646783849557224 8.881784197001252e-16
      vertex 10.624671109562598 -11.87423492889721 8.881784197001252e-16
    endloop
  endfacet
  facet normal 0 0 -1
    outer loop
      vertex -28 -21.75 8.881784197001252e-16
      vertex 10.383203922298236 -11.400328890437407 8.881784197001252e-16
      vertex 10.485288908879767 -11.646783849557224 8.881784197001252e-16
    endloop
  endfacet
  facet normal 0 0 -1
    outer loop
      vertex -28 -21.75 8.881784197001252e-16
      vertex 10.320929820988255 -11.140938590568396 8.881784197001252e-16
      vertex 10.383203922298236 -11.400328890437407 8.881784197001252e-16
    endloop
  endfacet
  facet normal 0 0 -1
    outer loop
      vertex -28 -21.75 8.881784197001252e-16
      vertex 11.474671109562593 -12.491796077701764 8.881784197001252e-16
      vertex 11.734061409431604 -12.554070179011731 8.881784197001252e-16
    endloop
  endfacet
  facet normal 0 0 -1
    outer loop
      vertex -28 -21.75 8.881784197001252e-16
      vertex 11.734061409431604 -12.554070179011731 8.881784197001252e-16
      vertex 12 -12.575000000000003 8.881784197001252e-16
    endloop
  endfacet
  facet normal 0 0 -1
    outer loop
      vertex -28 -21.75 8.881784197001252e-16
      vertex 12 -12.575000000000003 8.881784197001252e-16
      vertex 12.265938590568396 -12.554070179011731 8.881784197001252e-16
    endloop
  endfacet
  facet normal 0 0 -1
    outer loop
      vertex -28 -21.75 8.881784197001252e-16
      vertex 11.228216150442762 -12.389711091120219 8.881784197001252e-16
      vertex 11.474671109562593 -12.491796077701764 8.881784197001252e-16
    endloop
  endfacet
  facet normal 0 0 -1
    outer loop
      vertex -28 -21.75 8.881784197001252e-16
      vertex 12.265938590568396 -12.554070179011731 8.881784197001252e-16
      vertex 28 -21.75 8.881784197001252e-16
    endloop
  endfacet
  facet normal 0 -1 0
    outer loop
      vertex -28 -21.75 8.881784197001252e-16
      vertex 28 -21.75 8.881784197001252e-16
      vertex 28 -21.75 3.200000000000001
    endloop
  endfacet
  facet normal 0 -1 0
    outer loop
      vertex -28 -21.75 3.200000000000001
      vertex -28 -21.75 8.881784197001252e-16
      vertex 28 -21.75 3.200000000000001
    endloop
  endfacet
  facet normal 0 0 1
    outer loop
      vertex -28 -21.75 3.200000000000001
      vertex -12.265938590568396 -12.554070179011731 3.200000000000001
      vertex -12.525328890437407 -12.491796077701764 3.200000000000001
    endloop
  endfacet
  facet normal 0 0 1
    outer loop
      vertex -28 -21.75 3.200000000000001
      vertex -12 -12.575000000000003 3.200000000000001
      vertex -12.265938590568396 -12.554070179011731 3.200000000000001
    endloop
  endfacet
  facet normal 0 0 1
    outer loop
      vertex -28 -21.75 3.200000000000001
      vertex -11.734061409431604 -12.554070179011731 3.200000000000001
      vertex -12 -12.575000000000003 3.200000000000001
    endloop
  endfacet
  facet normal 0 0 1
    outer loop
      vertex -28 -21.75 3.200000000000001
      vertex -11.474671109562593 -12.491796077701764 3.200000000000001
      vertex -11.734061409431604 -12.554070179011731 3.200000000000001
    endloop
  endfacet
  facet normal 0 0 1
    outer loop
      vertex -28 -21.75 3.200000000000001
      vertex -12.771783849557238 -12.389711091120219 3.200000000000001
      vertex -12.99923492889721 -12.250328890437416 3.200000000000001
    endloop
  endfacet
  facet normal 0 0 1
    outer loop
      vertex -28 -21.75 3.200000000000001
      vertex -12.99923492889721 -12.250328890437416 3.200000000000001
      vertex -13.202081528017118 -12.077081528017132 3.200000000000001
    endloop
  endfacet
  facet normal 0 0 1
    outer loop
      vertex -28 -21.75 3.200000000000001
      vertex -13.202081528017118 -12.077081528017132 3.200000000000001
      vertex -13.375328890437402 -11.87423492889721 3.200000000000001
    endloop
  endfacet
  facet normal 0 0 1
    outer loop
      vertex -28 -21.75 3.200000000000001
      vertex -12.525328890437407 -12.491796077701764 3.200000000000001
      vertex -12.771783849557238 -12.389711091120219 3.200000000000001
    endloop
  endfacet
  facet normal 0 0 1
    outer loop
      vertex -28 -21.75 3.200000000000001
      vertex -13.375328890437402 -11.87423492889721 3.200000000000001
      vertex -13.514711091120233 -11.646783849557224 3.200000000000001
    endloop
  endfacet
  facet normal 0 0 1
    outer loop
      vertex -28 -21.75 3.200000000000001
      vertex -13.514711091120233 -11.646783849557224 3.200000000000001
      vertex -13.616796077701764 -11.400328890437407 3.200000000000001
    endloop
  endfacet
  facet normal 0 0 1
    outer loop
      vertex -28 -21.75 3.200000000000001
      vertex -13.616796077701764 -11.400328890437407 3.200000000000001
      vertex -13.679070179011745 -11.140938590568396 3.200000000000001
    endloop
  endfacet
  facet normal 0 0 1
    outer loop
      vertex -2.4969477485675213 -9.900535883036028 3.200000000000001
      vertex -11.474671109562593 -12.491796077701764 3.200000000000001
      vertex -28 -21.75 3.200000000000001
    endloop
  endfacet
  facet normal 0 0 1
    outer loop
      vertex -1.699593469062222 -10.230810839623345 3.200000000000001
      vertex -28 -21.75 3.200000000000001
      vertex 28 -21.75 3.200000000000001
    endloop
  endfacet
  facet normal 0 0 -1
    outer loop
      vertex -28 0 8.881784197001252e-16
      vertex -13.514711091120233 -10.103216150442776 8.881784197001252e-16
      vertex -28 -21.75 8.881784197001252e-16
    endloop
  endfacet
  facet normal 0 0 -1
    outer loop
      vertex -28 -21.75 8.881784197001252e-16
      vertex -13.699999999999989 -10.875 8.881784197001252e-16
      vertex -13.679070179011745 -11.140938590568396 8.881784197001252e-16
    endloop
  endfacet
  facet normal 0 0 -1
    outer loop
      vertex -28 -21.75 8.881784197001252e-16
      vertex -13.679070179011745 -10.609061409431604 8.881784197001252e-16
      vertex -13.699999999999989 -10.875 8.881784197001252e-16
    endloop
  endfacet
  facet normal 0 0 -1
    outer loop
      vertex -28 -21.75 8.881784197001252e-16
      vertex -13.616796077701764 -10.349671109562593 8.881784197001252e-16
      vertex -13.679070179011745 -10.609061409431604 8.881784197001252e-16
    endloop
  endfacet
  facet normal 0 0 -1
    outer loop
      vertex -28 -21.75 8.881784197001252e-16
      vertex -13.514711091120233 -10.103216150442776 8.881784197001252e-16
      vertex -13.616796077701764 -10.349671109562593 8.881784197001252e-16
    endloop
  endfacet
  facet normal -1 0 0
    outer loop
      vertex -28 0 3.200000000000001
      vertex -28 0 8.881784197001252e-16
      vertex -28 -21.75 8.881784197001252e-16
    endloop
  endfacet
  facet normal 0 0 -1
    outer loop
      vertex -28 0 8.881784197001252e-16
      vertex -13.375328890437402 -9.87576507110279 8.881784197001252e-16
      vertex -13.514711091120233 -10.103216150442776 8.881784197001252e-16
    endloop
  endfacet
  facet normal 0 0 -1
    outer loop
      vertex -28 0 8.881784197001252e-16
      vertex -13.202081528017118 -9.672918471982868 8.881784197001252e-16
      vertex -13.375328890437402 -9.87576507110279 8.881784197001252e-16
    endloop
  endfacet
  facet normal 0 0 -1
    outer loop
      vertex -28 0 8.881784197001252e-16
      vertex -12.99923492889721 -9.499671109562584 8.881784197001252e-16
      vertex -13.202081528017118 -9.672918471982868 8.881784197001252e-16
    endloop
  endfacet
  facet normal 0 0 -1
    outer loop
      vertex -28 0 8.881784197001252e-16
      vertex -12.771783849557238 -9.360288908879781 8.881784197001252e-16
      vertex -12.99923492889721 -9.499671109562584 8.881784197001252e-16
    endloop
  endfacet
  facet normal 0 0 -1
    outer loop
      vertex -28 0 8.881784197001252e-16
      vertex -12.525328890437407 -9.258203922298236 8.881784197001252e-16
      vertex -12.771783849557238 -9.360288908879781 8.881784197001252e-16
    endloop
  endfacet
  facet normal 0 0 -1
    outer loop
      vertex -28 0 8.881784197001252e-16
      vertex -12.265938590568396 -9.195929820988269 8.881784197001252e-16
      vertex -12.525328890437407 -9.258203922298236 8.881784197001252e-16
    endloop
  endfacet
  facet normal 0 0 -1
    outer loop
      vertex -28 0 8.881784197001252e-16
      vertex -12 -9.174999999999997 8.881784197001252e-16
      vertex -12.265938590568396 -9.195929820988269 8.881784197001252e-16
    endloop
  endfacet
  facet normal 0 0 -1
    outer loop
      vertex -28 0 8.881784197001252e-16
      vertex -11.734061409431604 -9.195929820988269 8.881784197001252e-16
      vertex -12 -9.174999999999997 8.881784197001252e-16
    endloop
  endfacet
  facet normal 0 0 -1
    outer loop
      vertex -28 0 8.881784197001252e-16
      vertex -11.474671109562593 -9.258203922298236 8.881784197001252e-16
      vertex -11.734061409431604 -9.195929820988269 8.881784197001252e-16
    endloop
  endfacet
  facet normal 0 0 -1
    outer loop
      vertex -28 0 8.881784197001252e-16
      vertex -11.228216150442762 -9.360288908879781 8.881784197001252e-16
      vertex -11.474671109562593 -9.258203922298236 8.881784197001252e-16
    endloop
  endfacet
  facet normal 0 1 0
    outer loop
      vertex -28 0 3.200000000000001
      vertex 28 0 8.881784197001252e-16
      vertex -28 0 8.881784197001252e-16
    endloop
  endfacet
  facet normal 0 0 -1
    outer loop
      vertex -28 -21.75 8.881784197001252e-16
      vertex 10.300000000000011 -10.875 8.881784197001252e-16
      vertex 10.320929820988255 -11.140938590568396 8.881784197001252e-16
    endloop
  endfacet
  facet normal 0 0 -1
    outer loop
      vertex -28 -21.75 8.881784197001252e-16
      vertex 10.320929820988255 -10.609061409431604 8.881784197001252e-16
      vertex 10.300000000000011 -10.875 8.881784197001252e-16
    endloop
  endfacet
  facet normal 0 0 -1
    outer loop
      vertex -28 -21.75 8.881784197001252e-16
      vertex 10.383203922298236 -10.349671109562593 8.881784197001252e-16
      vertex 10.320929820988255 -10.609061409431604 8.881784197001252e-16
    endloop
  endfacet
  facet normal 0 0 -1
    outer loop
      vertex -28 -21.75 8.881784197001252e-16
      vertex 10.485288908879767 -10.103216150442776 8.881784197001252e-16
      vertex 10.383203922298236 -10.349671109562593 8.881784197001252e-16
    endloop
  endfacet
  facet normal 0 0 -1
    outer loop
      vertex -28 -21.75 8.881784197001252e-16
      vertex 10.624671109562598 -9.87576507110279 8.881784197001252e-16
      vertex 10.485288908879767 -10.103216150442776 8.881784197001252e-16
    endloop
  endfacet
  facet normal 0 0 -1
    outer loop
      vertex -28 -21.75 8.881784197001252e-16
      vertex 10.797918471982882 -9.672918471982868 8.881784197001252e-16
      vertex 10.624671109562598 -9.87576507110279 8.881784197001252e-16
    endloop
  endfacet
  facet normal 0 0 -1
    outer loop
      vertex -28 -21.75 8.881784197001252e-16
      vertex 11.00076507110279 -9.499671109562584 8.881784197001252e-16
      vertex 10.797918471982882 -9.672918471982868 8.881784197001252e-16
    endloop
  endfacet
  facet normal 0 0 -1
    outer loop
      vertex -28 -21.75 8.881784197001252e-16
      vertex 11.228216150442762 -9.360288908879781 8.881784197001252e-16
      vertex 11.00076507110279 -9.499671109562584 8.881784197001252e-16
    endloop
  endfacet
  facet normal 0 0 -1
    outer loop
      vertex -28 -21.75 8.881784197001252e-16
      vertex 11.474671109562593 -9.258203922298236 8.881784197001252e-16
      vertex 11.228216150442762 -9.360288908879781 8.881784197001252e-16
    endloop
  endfacet
  facet normal 0 0 -1
    outer loop
      vertex -28 -21.75 8.881784197001252e-16
      vertex -11.474671109562593 -12.491796077701764 8.881784197001252e-16
      vertex 28 0 8.881784197001252e-16
    endloop
  endfacet
  facet normal 0 0 -1
    outer loop
      vertex -28 -21.75 8.881784197001252e-16
      vertex 28 0 8.881784197001252e-16
      vertex 11.474671109562593 -9.258203922298236 8.881784197001252e-16
    endloop
  endfacet
  facet normal 0 0 -1
    outer loop
      vertex 28 0 8.881784197001252e-16
      vertex -11.474671109562593 -12.491796077701764 8.881784197001252e-16
      vertex -11.228216150442762 -12.389711091120219 8.881784197001252e-16
    endloop
  endfacet
  facet normal 0 0 -1
    outer loop
      vertex 28 0 8.881784197001252e-16
      vertex -11.228216150442762 -12.389711091120219 8.881784197001252e-16
      vertex -11.00076507110279 -12.250328890437416 8.881784197001252e-16
    endloop
  endfacet
  facet normal 0 0 -1
    outer loop
      vertex 28 0 8.881784197001252e-16
      vertex -11.00076507110279 -12.250328890437416 8.881784197001252e-16
      vertex -10.797918471982882 -12.077081528017132 8.881784197001252e-16
    endloop
  endfacet
  facet normal 0 0 -1
    outer loop
      vertex 28 0 8.881784197001252e-16
      vertex -10.797918471982882 -12.077081528017132 8.881784197001252e-16
      vertex -10.624671109562598 -11.87423492889721 8.881784197001252e-16
    endloop
  endfacet
  facet normal 0 0 -1
    outer loop
      vertex 28 0 8.881784197001252e-16
      vertex -10.624671109562598 -11.87423492889721 8.881784197001252e-16
      vertex -10.485288908879767 -11.646783849557224 8.881784197001252e-16
    endloop
  endfacet
  facet normal 0 0 -1
    outer loop
      vertex 28 0 8.881784197001252e-16
      vertex -10.485288908879767 -11.646783849557224 8.881784197001252e-16
      vertex -10.383203922298236 -11.400328890437407 8.881784197001252e-16
    endloop
  endfacet
  facet normal 0 0 -1
    outer loop
      vertex 28 0 8.881784197001252e-16
      vertex -10.383203922298236 -11.400328890437407 8.881784197001252e-16
      vertex -10.320929820988255 -11.140938590568396 8.881784197001252e-16
    endloop
  endfacet
  facet normal 0 0 -1
    outer loop
      vertex 28 0 8.881784197001252e-16
      vertex -10.320929820988255 -11.140938590568396 8.881784197001252e-16
      vertex -10.300000000000011 -10.875 8.881784197001252e-16
    endloop
  endfacet
  facet normal 0 0 -1
    outer loop
      vertex 28 0 8.881784197001252e-16
      vertex -10.300000000000011 -10.875 8.881784197001252e-16
      vertex -10.320929820988255 -10.609061409431604 8.881784197001252e-16
    endloop
  endfacet
  facet normal 0 0 -1
    outer loop
      vertex -28 0 8.881784197001252e-16
      vertex 28 0 8.881784197001252e-16
      vertex -11.228216150442762 -9.360288908879781 8.881784197001252e-16
    endloop
  endfacet
  facet normal 0 0 -1
    outer loop
      vertex 28 0 8.881784197001252e-16
      vertex -10.320929820988255 -10.609061409431604 8.881784197001252e-16
      vertex -10.383203922298236 -10.349671109562593 8.881784197001252e-16
    endloop
  endfacet
  facet normal 0 0 -1
    outer loop
      vertex 28 0 8.881784197001252e-16
      vertex -10.383203922298236 -10.349671109562593 8.881784197001252e-16
      vertex -10.485288908879767 -10.103216150442776 8.881784197001252e-16
    endloop
  endfacet
  facet normal 0 0 -1
    outer loop
      vertex 28 0 8.881784197001252e-16
      vertex -10.485288908879767 -10.103216150442776 8.881784197001252e-16
      vertex -10.624671109562598 -9.87576507110279 8.881784197001252e-16
    endloop
  endfacet
  facet normal 0 0 -1
    outer loop
      vertex 28 0 8.881784197001252e-16
      vertex -10.624671109562598 -9.87576507110279 8.881784197001252e-16
      vertex -10.797918471982882 -9.672918471982868 8.881784197001252e-16
    endloop
  endfacet
  facet normal 0 0 -1
    outer loop
      vertex 28 0 8.881784197001252e-16
      vertex -10.797918471982882 -9.672918471982868 8.881784197001252e-16
      vertex -11.00076507110279 -9.499671109562584 8.881784197001252e-16
    endloop
  endfacet
  facet normal 0 0 -1
    outer loop
      vertex 28 0 8.881784197001252e-16
      vertex -11.00076507110279 -9.499671109562584 8.881784197001252e-16
      vertex -11.228216150442762 -9.360288908879781 8.881784197001252e-16
    endloop
  endfacet
  facet normal -1 0 0
    outer loop
      vertex -28 0 3.200000000000001
      vertex -28 -21.75 8.881784197001252e-16
      vertex -28 -21.75 3.200000000000001
    endloop
  endfacet
  facet normal 0 0 1
    outer loop
      vertex -28 0 3.200000000000001
      vertex -28 -21.75 3.200000000000001
      vertex -13.699999999999989 -10.875 3.200000000000001
    endloop
  endfacet
  facet normal 0 0 1
    outer loop
      vertex -28 -21.75 3.200000000000001
      vertex -13.679070179011745 -11.140938590568396 3.200000000000001
      vertex -13.699999999999989 -10.875 3.200000000000001
    endloop
  endfacet
  facet normal 0 0 1
    outer loop
      vertex -2.4969477485675213 -9.900535883036028 3.200000000000001
      vertex -28 -21.75 3.200000000000001
      vertex -1.699593469062222 -10.230810839623345 3.200000000000001
    endloop
  endfacet
  facet normal 0 0 1
    outer loop
      vertex -28 0 3.200000000000001
      vertex -13.699999999999989 -10.875 3.200000000000001
      vertex -13.679070179011745 -10.609061409431604 3.200000000000001
    endloop
  endfacet
  facet normal 0 0 1
    outer loop
      vertex -28 0 3.200000000000001
      vertex -13.679070179011745 -10.609061409431604 3.200000000000001
      vertex -13.616796077701764 -10.349671109562593 3.200000000000001
    endloop
  endfacet
  facet normal 0 0 1
    outer loop
      vertex -28 0 3.200000000000001
      vertex -13.616796077701764 -10.349671109562593 3.200000000000001
      vertex -13.514711091120233 -10.103216150442776 3.200000000000001
    endloop
  endfacet
  facet normal 0 0 1
    outer loop
      vertex -28 0 3.200000000000001
      vertex -13.514711091120233 -10.103216150442776 3.200000000000001
      vertex -13.375328890437402 -9.87576507110279 3.200000000000001
    endloop
  endfacet
  facet normal 0 0 1
    outer loop
      vertex -28 0 3.200000000000001
      vertex -13.375328890437402 -9.87576507110279 3.200000000000001
      vertex -13.202081528017118 -9.672918471982868 3.200000000000001
    endloop
  endfacet
  facet normal 0 0 1
    outer loop
      vertex -28 0 3.200000000000001
      vertex -13.202081528017118 -9.672918471982868 3.200000000000001
      vertex -12.99923492889721 -9.499671109562584 3.200000000000001
    endloop
  endfacet
  facet normal 0 0 1
    outer loop
      vertex -28 0 3.200000000000001
      vertex -12.99923492889721 -9.499671109562584 3.200000000000001
      vertex -12.771783849557238 -9.360288908879781 3.200000000000001
    endloop
  endfacet
  facet normal 0 0 1
    outer loop
      vertex -28 0 3.200000000000001
      vertex -12.771783849557238 -9.360288908879781 3.200000000000001
      vertex -12.525328890437407 -9.258203922298236 3.200000000000001
    endloop
  endfacet
  facet normal 0 0 1
    outer loop
      vertex -28 0 3.200000000000001
      vertex -12.525328890437407 -9.258203922298236 3.200000000000001
      vertex -12.265938590568396 -9.195929820988269 3.200000000000001
    endloop
  endfacet
  facet normal 0 0 1
    outer loop
      vertex -28 0 3.200000000000001
      vertex -12.265938590568396 -9.195929820988269 3.200000000000001
      vertex -12 -9.174999999999997 3.200000000000001
    endloop
  endfacet
  facet normal 0 0 1
    outer loop
      vertex -28 0 3.200000000000001
      vertex -12 -9.174999999999997 3.200000000000001
      vertex -2.4969477485675213 -9.900535883036028 3.200000000000001
    endloop
  endfacet
  facet normal 0 0 1
    outer loop
      vertex -28 0 3.200000000000001
      vertex -3.8890872965260144 -8.889087296526014 3.200000000000001
      vertex -4.449593469062222 -8.232818887608602 3.200000000000001
    endloop
  endfacet
  facet normal 0 0 1
    outer loop
      vertex -28 0 3.200000000000001
      vertex -3.2328188876086017 -9.449593469062208 3.200000000000001
      vertex -3.8890872965260144 -8.889087296526014 3.200000000000001
    endloop
  endfacet
  facet normal 0 0 1
    outer loop
      vertex -28 0 3.200000000000001
      vertex -4.449593469062222 -8.232818887608602 3.200000000000001
      vertex -4.900535883036014 -7.496947748567507 3.200000000000001
    endloop
  endfacet
  facet normal 0 0 1
    outer loop
      vertex -28 0 3.200000000000001
      vertex -2.4969477485675213 -9.900535883036028 3.200000000000001
      vertex -3.2328188876086017 -9.449593469062208 3.200000000000001
    endloop
  endfacet
  facet normal 0 0 1
    outer loop
      vertex -28 0 3.200000000000001
      vertex -4.900535883036014 -7.496947748567507 3.200000000000001
      vertex -5.230810839623331 -6.699593469062208 3.200000000000001
    endloop
  endfacet
  facet normal 0 0 1
    outer loop
      vertex -28 0 3.200000000000001
      vertex -5.230810839623331 -6.699593469062208 3.200000000000001
      vertex -5.432285873273258 -5.860389557721277 3.200000000000001
    endloop
  endfacet
  facet normal 0 0 1
    outer loop
      vertex -28 0 3.200000000000001
      vertex -5.432285873273258 -5.860389557721277 3.200000000000001
      vertex -5.5 -5 3.200000000000001
    endloop
  endfacet
  facet normal 0 0 1
    outer loop
      vertex -28 0 3.200000000000001
      vertex -5.5 -5 3.200000000000001
      vertex -5.432285873273258 -4.139610442278723 3.200000000000001
    endloop
  endfacet
  facet normal 0 0 1
    outer loop
      vertex -28 0 3.200000000000001
      vertex -5.432285873273258 -4.139610442278723 3.200000000000001
      vertex -5.230810839623331 -3.300406530937792 3.200000000000001
    endloop
  endfacet
  facet normal 0 0 1
    outer loop
      vertex -28 0 3.200000000000001
      vertex -5.230810839623331 -3.300406530937792 3.200000000000001
      vertex -4.900535883036014 -2.503052251432493 3.200000000000001
    endloop
  endfacet
  facet normal 0 0 1
    outer loop
      vertex -28 0 3.200000000000001
      vertex -4.900535883036014 -2.503052251432493 3.200000000000001
      vertex -4.449593469062222 -1.7671811123913983 3.200000000000001
    endloop
  endfacet
  facet normal 0 0 1
    outer loop
      vertex -28 0 3.200000000000001
      vertex -4.449593469062222 -1.7671811123913983 3.200000000000001
      vertex -3.8890872965260144 -1.1109127034739856 3.200000000000001
    endloop
  endfacet
  facet normal 0 0 1
    outer loop
      vertex -28 0 3.200000000000001
      vertex -3.8890872965260144 -1.1109127034739856 3.200000000000001
      vertex -3.2328188876086017 -0.5504065309377921 3.200000000000001
    endloop
  endfacet
  facet normal 0 0 1
    outer loop
      vertex -28 0 3.200000000000001
      vertex -3.2328188876086017 -0.5504065309377921 3.200000000000001
      vertex -2.4969477485675213 -0.09946411696397206 3.200000000000001
    endloop
  endfacet
  facet normal 0 0 1
    outer loop
      vertex -28 0 3.200000000000001
      vertex -2.4969477485675213 -0.09946411696397206 3.200000000000001
      vertex -2.256820128423641 0 3.200000000000001
    endloop
  endfacet
  facet normal 0 1 0
    outer loop
      vertex -28 0 3.200000000000001
      vertex -2.256820128423641 0 3.200000000000001
      vertex -2.256820128423641 0 3.1900000000000013
    endloop
  endfacet
  facet normal 0 0 1
    outer loop
      vertex -2.4969477485675213 -9.900535883036028 3.200000000000001
      vertex -11.228216150442762 -12.389711091120219 3.200000000000001
      vertex -11.474671109562593 -12.491796077701764 3.200000000000001
    endloop
  endfacet
  facet normal 0 0 1
    outer loop
      vertex -2.4969477485675213 -9.900535883036028 3.200000000000001
      vertex -11.00076507110279 -12.250328890437416 3.200000000000001
      vertex -11.228216150442762 -12.389711091120219 3.200000000000001
    endloop
  endfacet
  facet normal 0 0 1
    outer loop
      vertex -2.4969477485675213 -9.900535883036028 3.200000000000001
      vertex -10.797918471982882 -12.077081528017132 3.200000000000001
      vertex -11.00076507110279 -12.250328890437416 3.200000000000001
    endloop
  endfacet
  facet normal 0 0 1
    outer loop
      vertex -2.4969477485675213 -9.900535883036028 3.200000000000001
      vertex -10.624671109562598 -11.87423492889721 3.200000000000001
      vertex -10.797918471982882 -12.077081528017132 3.200000000000001
    endloop
  endfacet
  facet normal 0 0 1
    outer loop
      vertex -2.4969477485675213 -9.900535883036028 3.200000000000001
      vertex -10.485288908879767 -11.646783849557224 3.200000000000001
      vertex -10.624671109562598 -11.87423492889721 3.200000000000001
    endloop
  endfacet
  facet normal 0 0 1
    outer loop
      vertex -2.4969477485675213 -9.900535883036028 3.200000000000001
      vertex -10.383203922298236 -11.400328890437407 3.200000000000001
      vertex -10.485288908879767 -11.646783849557224 3.200000000000001
    endloop
  endfacet
  facet normal 0 0 1
    outer loop
      vertex -2.4969477485675213 -9.900535883036028 3.200000000000001
      vertex -10.624671109562598 -9.87576507110279 3.200000000000001
      vertex -10.485288908879767 -10.103216150442776 3.200000000000001
    endloop
  endfacet
  facet normal 0 0 1
    outer loop
      vertex -2.4969477485675213 -9.900535883036028 3.200000000000001
      vertex -10.320929820988255 -11.140938590568396 3.200000000000001
      vertex -10.383203922298236 -11.400328890437407 3.200000000000001
    endloop
  endfacet
  facet normal 0 0 1
    outer loop
      vertex -2.4969477485675213 -9.900535883036028 3.200000000000001
      vertex -10.300000000000011 -10.875 3.200000000000001
      vertex -10.320929820988255 -11.140938590568396 3.200000000000001
    endloop
  endfacet
  facet normal 0 0 1
    outer loop
      vertex -2.4969477485675213 -9.900535883036028 3.200000000000001
      vertex -10.320929820988255 -10.609061409431604 3.200000000000001
      vertex -10.300000000000011 -10.875 3.200000000000001
    endloop
  endfacet
  facet normal 0 0 1
    outer loop
      vertex -2.4969477485675213 -9.900535883036028 3.200000000000001
      vertex -10.383203922298236 -10.349671109562593 3.200000000000001
      vertex -10.320929820988255 -10.609061409431604 3.200000000000001
    endloop
  endfacet
  facet normal 0 0 1
    outer loop
      vertex -2.4969477485675213 -9.900535883036028 3.200000000000001
      vertex -10.485288908879767 -10.103216150442776 3.200000000000001
      vertex -10.383203922298236 -10.349671109562593 3.200000000000001
    endloop
  endfacet
  facet normal 0 0 1
    outer loop
      vertex -2.4969477485675213 -9.900535883036028 3.200000000000001
      vertex -11.734061409431604 -9.195929820988269 3.200000000000001
      vertex -11.474671109562593 -9.258203922298236 3.200000000000001
    endloop
  endfacet
  facet normal 0 0 1
    outer loop
      vertex -2.4969477485675213 -9.900535883036028 3.200000000000001
      vertex -10.797918471982882 -9.672918471982868 3.200000000000001
      vertex -10.624671109562598 -9.87576507110279 3.200000000000001
    endloop
  endfacet
  facet normal 0 0 1
    outer loop
      vertex -2.4969477485675213 -9.900535883036028 3.200000000000001
      vertex -11.00076507110279 -9.499671109562584 3.200000000000001
      vertex -10.797918471982882 -9.672918471982868 3.200000000000001
    endloop
  endfacet
  facet normal 0 0 1
    outer loop
      vertex -2.4969477485675213 -9.900535883036028 3.200000000000001
      vertex -11.228216150442762 -9.360288908879781 3.200000000000001
      vertex -11.00076507110279 -9.499671109562584 3.200000000000001
    endloop
  endfacet
  facet normal 0 0 1
    outer loop
      vertex -2.4969477485675213 -9.900535883036028 3.200000000000001
      vertex -11.474671109562593 -9.258203922298236 3.200000000000001
      vertex -11.228216150442762 -9.360288908879781 3.200000000000001
    endloop
  endfacet
  facet normal 0 0 1
    outer loop
      vertex -2.4969477485675213 -9.900535883036028 3.200000000000001
      vertex -12 -9.174999999999997 3.200000000000001
      vertex -11.734061409431604 -9.195929820988269 3.200000000000001
    endloop
  endfacet
  facet normal 0 0 1
    outer loop
      vertex -1.699593469062222 -10.230810839623345 3.200000000000001
      vertex 28 -21.75 3.200000000000001
      vertex -0.8603895577212768 -10.432285873273258 3.200000000000001
    endloop
  endfacet
  facet normal 0 0 1
    outer loop
      vertex -0.8603895577212768 -10.432285873273258 3.200000000000001
      vertex 28 -21.75 3.200000000000001
      vertex 0 -10.5 3.200000000000001
    endloop
  endfacet
  facet normal 0 0 1
    outer loop
      vertex 0 -10.5 3.200000000000001
      vertex 28 -21.75 3.200000000000001
      vertex 0.8603895577212768 -10.432285873273258 3.200000000000001
    endloop
  endfacet
  facet normal 0 0 1
    outer loop
      vertex 3.8890872965260144 -8.889087296526014 3.200000000000001
      vertex 11.228216150442762 -12.389711091120219 3.200000000000001
      vertex 11.00076507110279 -12.250328890437416 3.200000000000001
    endloop
  endfacet
  facet normal 0 0 1
    outer loop
      vertex 3.8890872965260144 -8.889087296526014 3.200000000000001
      vertex 10.797918471982882 -12.077081528017132 3.200000000000001
      vertex 10.624671109562598 -11.87423492889721 3.200000000000001
    endloop
  endfacet
  facet normal 0 0 1
    outer loop
      vertex 3.8890872965260144 -8.889087296526014 3.200000000000001
      vertex 11.00076507110279 -12.250328890437416 3.200000000000001
      vertex 10.797918471982882 -12.077081528017132 3.200000000000001
    endloop
  endfacet
  facet normal 0 0 1
    outer loop
      vertex 4.449593469062222 -8.232818887608602 3.200000000000001
      vertex 3.8890872965260144 -8.889087296526014 3.200000000000001
      vertex 10.485288908879767 -11.646783849557224 3.200000000000001
    endloop
  endfacet
  facet normal 0 0 1
    outer loop
      vertex 3.8890872965260144 -8.889087296526014 3.200000000000001
      vertex 10.624671109562598 -11.87423492889721 3.200000000000001
      vertex 10.485288908879767 -11.646783849557224 3.200000000000001
    endloop
  endfacet
  facet normal 0 0 1
    outer loop
      vertex 4.449593469062222 -8.232818887608602 3.200000000000001
      vertex 10.485288908879767 -11.646783849557224 3.200000000000001
      vertex 10.383203922298236 -11.400328890437407 3.200000000000001
    endloop
  endfacet
  facet normal 0 0 1
    outer loop
      vertex 4.449593469062222 -8.232818887608602 3.200000000000001
      vertex 10.383203922298236 -11.400328890437407 3.200000000000001
      vertex 10.320929820988255 -11.140938590568396 3.200000000000001
    endloop
  endfacet
  facet normal 0 0 1
    outer loop
      vertex 4.449593469062222 -8.232818887608602 3.200000000000001
      vertex 10.320929820988255 -11.140938590568396 3.200000000000001
      vertex 10.300000000000011 -10.875 3.200000000000001
    endloop
  endfacet
  facet normal 0 0 1
    outer loop
      vertex 4.449593469062222 -8.232818887608602 3.200000000000001
      vertex 10.300000000000011 -10.875 3.200000000000001
      vertex 10.320929820988255 -10.609061409431604 3.200000000000001
    endloop
  endfacet
  facet normal 0 0 1
    outer loop
      vertex 4.900535883036014 -7.496947748567507 3.200000000000001
      vertex 10.320929820988255 -10.609061409431604 3.200000000000001
      vertex 10.383203922298236 -10.349671109562593 3.200000000000001
    endloop
  endfacet
  facet normal 0 0 1
    outer loop
      vertex 4.900535883036014 -7.496947748567507 3.200000000000001
      vertex 10.383203922298236 -10.349671109562593 3.200000000000001
      vertex 10.485288908879767 -10.103216150442776 3.200000000000001
    endloop
  endfacet
  facet normal 0 0 1
    outer loop
      vertex 4.900535883036014 -7.496947748567507 3.200000000000001
      vertex 4.449593469062222 -8.232818887608602 3.200000000000001
      vertex 10.320929820988255 -10.609061409431604 3.200000000000001
    endloop
  endfacet
  facet normal 0 0 1
    outer loop
      vertex 5.230810839623331 -6.699593469062208 3.200000000000001
      vertex 4.900535883036014 -7.496947748567507 3.200000000000001
      vertex 10.485288908879767 -10.103216150442776 3.200000000000001
    endloop
  endfacet
  facet normal 0 0 1
    outer loop
      vertex 5.432285873273258 -5.860389557721277 3.200000000000001
      vertex 5.230810839623331 -6.699593469062208 3.200000000000001
      vertex 11.00076507110279 -9.499671109562584 3.200000000000001
    endloop
  endfacet
  facet normal 0 0 1
    outer loop
      vertex 5.230810839623331 -6.699593469062208 3.200000000000001
      vertex 10.485288908879767 -10.103216150442776 3.200000000000001
      vertex 10.624671109562598 -9.87576507110279 3.200000000000001
    endloop
  endfacet
  facet normal 0 0 1
    outer loop
      vertex 5.230810839623331 -6.699593469062208 3.200000000000001
      vertex 10.624671109562598 -9.87576507110279 3.200000000000001
      vertex 10.797918471982882 -9.672918471982868 3.200000000000001
    endloop
  endfacet
  facet normal 0 0 1
    outer loop
      vertex 5.230810839623331 -6.699593469062208 3.200000000000001
      vertex 10.797918471982882 -9.672918471982868 3.200000000000001
      vertex 11.00076507110279 -9.499671109562584 3.200000000000001
    endloop
  endfacet
  facet normal 0 0 1
    outer loop
      vertex 5.432285873273258 -5.860389557721277 3.200000000000001
      vertex 11.00076507110279 -9.499671109562584 3.200000000000001
      vertex 11.228216150442762 -9.360288908879781 3.200000000000001
    endloop
  endfacet
  facet normal 0 0 1
    outer loop
      vertex 5.432285873273258 -5.860389557721277 3.200000000000001
      vertex 11.228216150442762 -9.360288908879781 3.200000000000001
      vertex 11.474671109562593 -9.258203922298236 3.200000000000001
    endloop
  endfacet
  facet normal 0 1 0
    outer loop
      vertex -28 0 3.200000000000001
      vertex -2.256820128423641 0 3.1900000000000013
      vertex 28 0 8.881784197001252e-16
    endloop
  endfacet
  facet normal 0 1 0
    outer loop
      vertex -2.256820128423641 0 3.1900000000000013
      vertex 2.256820128423641 0 3.1900000000000013
      vertex 28 0 8.881784197001252e-16
    endloop
  endfacet
  facet normal 0 0 1
    outer loop
      vertex 5.5 -5 3.200000000000001
      vertex 5.432285873273258 -5.860389557721277 3.200000000000001
      vertex 11.474671109562593 -9.258203922298236 3.200000000000001
    endloop
  endfacet
  facet normal 0 0 -1
    outer loop
      vertex 28 -21.75 8.881784197001252e-16
      vertex 12.265938590568396 -12.554070179011731 8.881784197001252e-16
      vertex 12.525328890437407 -12.491796077701764 8.881784197001252e-16
    endloop
  endfacet
  facet normal 0 0 -1
    outer loop
      vertex 28 -21.75 8.881784197001252e-16
      vertex 12.525328890437407 -12.491796077701764 8.881784197001252e-16
      vertex 12.771783849557238 -12.389711091120219 8.881784197001252e-16
    endloop
  endfacet
  facet normal 0 0 -1
    outer loop
      vertex 28 -21.75 8.881784197001252e-16
      vertex 12.771783849557238 -12.389711091120219 8.881784197001252e-16
      vertex 12.99923492889721 -12.250328890437416 8.881784197001252e-16
    endloop
  endfacet
  facet normal 0 0 -1
    outer loop
      vertex 28 -21.75 8.881784197001252e-16
      vertex 12.99923492889721 -12.250328890437416 8.881784197001252e-16
      vertex 13.202081528017118 -12.077081528017132 8.881784197001252e-16
    endloop
  endfacet
  facet normal 0 0 -1
    outer loop
      vertex 28 -21.75 8.881784197001252e-16
      vertex 13.202081528017118 -12.077081528017132 8.881784197001252e-16
      vertex 13.375328890437402 -11.87423492889721 8.881784197001252e-16
    endloop
  endfacet
  facet normal 0 0 -1
    outer loop
      vertex 28 -21.75 8.881784197001252e-16
      vertex 13.375328890437402 -11.87423492889721 8.881784197001252e-16
      vertex 13.514711091120233 -11.646783849557224 8.881784197001252e-16
    endloop
  endfacet
  facet normal 0 0 -1
    outer loop
      vertex 28 -21.75 8.881784197001252e-16
      vertex 13.514711091120233 -11.646783849557224 8.881784197001252e-16
      vertex 13.616796077701764 -11.400328890437407 8.881784197001252e-16
    endloop
  endfacet
  facet normal 0 0 -1
    outer loop
      vertex 28 -21.75 8.881784197001252e-16
      vertex 13.616796077701764 -11.400328890437407 8.881784197001252e-16
      vertex 13.679070179011745 -11.140938590568396 8.881784197001252e-16
    endloop
  endfacet
  facet normal 0 0 1
    outer loop
      vertex 28 -21.75 3.200000000000001
      vertex 11.734061409431604 -12.554070179011731 3.200000000000001
      vertex 11.474671109562593 -12.491796077701764 3.200000000000001
    endloop
  endfacet
  facet normal 0 0 1
    outer loop
      vertex 28 -21.75 3.200000000000001
      vertex 11.474671109562593 -12.491796077701764 3.200000000000001
      vertex 11.228216150442762 -12.389711091120219 3.200000000000001
    endloop
  endfacet
  facet normal 0 0 1
    outer loop
      vertex 28 -21.75 3.200000000000001
      vertex 12 -12.575000000000003 3.200000000000001
      vertex 11.734061409431604 -12.554070179011731 3.200000000000001
    endloop
  endfacet
  facet normal 0 0 1
    outer loop
      vertex 28 -21.75 3.200000000000001
      vertex 12.265938590568396 -12.554070179011731 3.200000000000001
      vertex 12 -12.575000000000003 3.200000000000001
    endloop
  endfacet
  facet normal 0 0 1
    outer loop
      vertex 28 -21.75 3.200000000000001
      vertex 12.525328890437407 -12.491796077701764 3.200000000000001
      vertex 12.265938590568396 -12.554070179011731 3.200000000000001
    endloop
  endfacet
  facet normal 0 0 1
    outer loop
      vertex 28 -21.75 3.200000000000001
      vertex 12.771783849557238 -12.389711091120219 3.200000000000001
      vertex 12.525328890437407 -12.491796077701764 3.200000000000001
    endloop
  endfacet
  facet normal 0 0 1
    outer loop
      vertex 28 -21.75 3.200000000000001
      vertex 12.99923492889721 -12.250328890437416 3.200000000000001
      vertex 12.771783849557238 -12.389711091120219 3.200000000000001
    endloop
  endfacet
  facet normal 0 0 1
    outer loop
      vertex 28 -21.75 3.200000000000001
      vertex 13.202081528017118 -12.077081528017132 3.200000000000001
      vertex 12.99923492889721 -12.250328890437416 3.200000000000001
    endloop
  endfacet
  facet normal 0 0 1
    outer loop
      vertex 28 -21.75 3.200000000000001
      vertex 13.375328890437402 -11.87423492889721 3.200000000000001
      vertex 13.202081528017118 -12.077081528017132 3.200000000000001
    endloop
  endfacet
  facet normal 0 0 1
    outer loop
      vertex 28 -21.75 3.200000000000001
      vertex 13.514711091120233 -11.646783849557224 3.200000000000001
      vertex 13.375328890437402 -11.87423492889721 3.200000000000001
    endloop
  endfacet
  facet normal 0 0 1
    outer loop
      vertex 28 -21.75 3.200000000000001
      vertex 13.616796077701764 -11.400328890437407 3.200000000000001
      vertex 13.514711091120233 -11.646783849557224 3.200000000000001
    endloop
  endfacet
  facet normal 0 0 1
    outer loop
      vertex 28 -21.75 3.200000000000001
      vertex 13.679070179011745 -11.140938590568396 3.200000000000001
      vertex 13.616796077701764 -11.400328890437407 3.200000000000001
    endloop
  endfacet
  facet normal 0 0 -1
    outer loop
      vertex 28 -21.75 8.881784197001252e-16
      vertex 13.679070179011745 -11.140938590568396 8.881784197001252e-16
      vertex 13.699999999999989 -10.875 8.881784197001252e-16
    endloop
  endfacet
  facet normal 0 0 -1
    outer loop
      vertex 28 0 8.881784197001252e-16
      vertex 13.699999999999989 -10.875 8.881784197001252e-16
      vertex 13.679070179011745 -10.609061409431604 8.881784197001252e-16
    endloop
  endfacet
  facet normal 0 0 -1
    outer loop
      vertex 28 0 8.881784197001252e-16
      vertex 28 -21.75 8.881784197001252e-16
      vertex 13.699999999999989 -10.875 8.881784197001252e-16
    endloop
  endfacet
  facet normal 1 0 0
    outer loop
      vertex 28 0 8.881784197001252e-16
      vertex 28 -21.75 3.200000000000001
      vertex 28 -21.75 8.881784197001252e-16
    endloop
  endfacet
  facet normal 0 0 -1
    outer loop
      vertex 28 0 8.881784197001252e-16
      vertex 11.734061409431604 -9.195929820988269 8.881784197001252e-16
      vertex 11.474671109562593 -9.258203922298236 8.881784197001252e-16
    endloop
  endfacet
  facet normal 0 0 -1
    outer loop
      vertex 28 0 8.881784197001252e-16
      vertex 13.514711091120233 -10.103216150442776 8.881784197001252e-16
      vertex 13.375328890437402 -9.87576507110279 8.881784197001252e-16
    endloop
  endfacet
  facet normal 0 0 -1
    outer loop
      vertex 28 0 8.881784197001252e-16
      vertex 12 -9.174999999999997 8.881784197001252e-16
      vertex 11.734061409431604 -9.195929820988269 8.881784197001252e-16
    endloop
  endfacet
  facet normal 0 0 -1
    outer loop
      vertex 28 0 8.881784197001252e-16
      vertex 12.265938590568396 -9.195929820988269 8.881784197001252e-16
      vertex 12 -9.174999999999997 8.881784197001252e-16
    endloop
  endfacet
  facet normal 0 0 -1
    outer loop
      vertex 28 0 8.881784197001252e-16
      vertex 12.525328890437407 -9.258203922298236 8.881784197001252e-16
      vertex 12.265938590568396 -9.195929820988269 8.881784197001252e-16
    endloop
  endfacet
  facet normal 0 0 -1
    outer loop
      vertex 28 0 8.881784197001252e-16
      vertex 13.375328890437402 -9.87576507110279 8.881784197001252e-16
      vertex 13.202081528017118 -9.672918471982868 8.881784197001252e-16
    endloop
  endfacet
  facet normal 0 0 -1
    outer loop
      vertex 28 0 8.881784197001252e-16
      vertex 13.202081528017118 -9.672918471982868 8.881784197001252e-16
      vertex 12.99923492889721 -9.499671109562584 8.881784197001252e-16
    endloop
  endfacet
  facet normal 0 0 -1
    outer loop
      vertex 28 0 8.881784197001252e-16
      vertex 12.99923492889721 -9.499671109562584 8.881784197001252e-16
      vertex 12.771783849557238 -9.360288908879781 8.881784197001252e-16
    endloop
  endfacet
  facet normal 0 0 -1
    outer loop
      vertex 28 0 8.881784197001252e-16
      vertex 12.771783849557238 -9.360288908879781 8.881784197001252e-16
      vertex 12.525328890437407 -9.258203922298236 8.881784197001252e-16
    endloop
  endfacet
  facet normal 0 0 -1
    outer loop
      vertex 28 0 8.881784197001252e-16
      vertex 13.679070179011745 -10.609061409431604 8.881784197001252e-16
      vertex 13.616796077701764 -10.349671109562593 8.881784197001252e-16
    endloop
  endfacet
  facet normal 0 0 -1
    outer loop
      vertex 28 0 8.881784197001252e-16
      vertex 13.616796077701764 -10.349671109562593 8.881784197001252e-16
      vertex 13.514711091120233 -10.103216150442776 8.881784197001252e-16
    endloop
  endfacet
  facet normal 1 0 0
    outer loop
      vertex 28 0 3.200000000000001
      vertex 28 -21.75 3.200000000000001
      vertex 28 0 8.881784197001252e-16
    endloop
  endfacet
  facet normal 0 0 1
    outer loop
      vertex 0.8603895577212768 -10.432285873273258 3.200000000000001
      vertex 28 -21.75 3.200000000000001
      vertex 1.699593469062222 -10.230810839623345 3.200000000000001
    endloop
  endfacet
  facet normal 0 0 1
    outer loop
      vertex 1.699593469062222 -10.230810839623345 3.200000000000001
      vertex 28 -21.75 3.200000000000001
      vertex 2.4969477485675213 -9.900535883036028 3.200000000000001
    endloop
  endfacet
  facet normal 0 0 1
    outer loop
      vertex 2.4969477485675213 -9.900535883036028 3.200000000000001
      vertex 28 -21.75 3.200000000000001
      vertex 3.2328188876086017 -9.449593469062208 3.200000000000001
    endloop
  endfacet
  facet normal 0 0 1
    outer loop
      vertex 3.2328188876086017 -9.449593469062208 3.200000000000001
      vertex 28 -21.75 3.200000000000001
      vertex 3.8890872965260144 -8.889087296526014 3.200000000000001
    endloop
  endfacet
  facet normal 0 0 1
    outer loop
      vertex 3.8890872965260144 -8.889087296526014 3.200000000000001
      vertex 28 -21.75 3.200000000000001
      vertex 11.228216150442762 -12.389711091120219 3.200000000000001
    endloop
  endfacet
  facet normal 0 0 1
    outer loop
      vertex 28 0 3.200000000000001
      vertex 13.699999999999989 -10.875 3.200000000000001
      vertex 13.679070179011745 -11.140938590568396 3.200000000000001
    endloop
  endfacet
  facet normal 0 0 1
    outer loop
      vertex 28 0 3.200000000000001
      vertex 13.679070179011745 -10.609061409431604 3.200000000000001
      vertex 13.699999999999989 -10.875 3.200000000000001
    endloop
  endfacet
  facet normal 0 0 1
    outer loop
      vertex 28 0 3.200000000000001
      vertex 13.679070179011745 -11.140938590568396 3.200000000000001
      vertex 28 -21.75 3.200000000000001
    endloop
  endfacet
  facet normal 0 1 0
    outer loop
      vertex 2.256820128423641 0 3.1900000000000013
      vertex 28 0 3.200000000000001
      vertex 28 0 8.881784197001252e-16
    endloop
  endfacet
  facet normal 0 0 1
    outer loop
      vertex 28 0 3.200000000000001
      vertex 11.474671109562593 -9.258203922298236 3.200000000000001
      vertex 11.734061409431604 -9.195929820988269 3.200000000000001
    endloop
  endfacet
  facet normal 0 0 1
    outer loop
      vertex 28 0 3.200000000000001
      vertex 13.375328890437402 -9.87576507110279 3.200000000000001
      vertex 13.514711091120233 -10.103216150442776 3.200000000000001
    endloop
  endfacet
  facet normal 0 0 1
    outer loop
      vertex 28 0 3.200000000000001
      vertex 11.734061409431604 -9.195929820988269 3.200000000000001
      vertex 12 -9.174999999999997 3.200000000000001
    endloop
  endfacet
  facet normal 0 0 1
    outer loop
      vertex 28 0 3.200000000000001
      vertex 12 -9.174999999999997 3.200000000000001
      vertex 12.265938590568396 -9.195929820988269 3.200000000000001
    endloop
  endfacet
  facet normal 0 0 1
    outer loop
      vertex 28 0 3.200000000000001
      vertex 12.265938590568396 -9.195929820988269 3.200000000000001
      vertex 12.525328890437407 -9.258203922298236 3.200000000000001
    endloop
  endfacet
  facet normal 0 0 1
    outer loop
      vertex 28 0 3.200000000000001
      vertex 13.202081528017118 -9.672918471982868 3.200000000000001
      vertex 13.375328890437402 -9.87576507110279 3.200000000000001
    endloop
  endfacet
  facet normal 0 0 1
    outer loop
      vertex 28 0 3.200000000000001
      vertex 12.99923492889721 -9.499671109562584 3.200000000000001
      vertex 13.202081528017118 -9.672918471982868 3.200000000000001
    endloop
  endfacet
  facet normal 0 0 1
    outer loop
      vertex 28 0 3.200000000000001
      vertex 12.771783849557238 -9.360288908879781 3.200000000000001
      vertex 12.99923492889721 -9.499671109562584 3.200000000000001
    endloop
  endfacet
  facet normal 0 0 1
    outer loop
      vertex 28 0 3.200000000000001
      vertex 12.525328890437407 -9.258203922298236 3.200000000000001
      vertex 12.771783849557238 -9.360288908879781 3.200000000000001
    endloop
  endfacet
  facet normal 0 0 1
    outer loop
      vertex 28 0 3.200000000000001
      vertex 13.616796077701764 -10.349671109562593 3.200000000000001
      vertex 13.679070179011745 -10.609061409431604 3.200000000000001
    endloop
  endfacet
  facet normal 0 0 1
    outer loop
      vertex 28 0 3.200000000000001
      vertex 13.514711091120233 -10.103216150442776 3.200000000000001
      vertex 13.616796077701764 -10.349671109562593 3.200000000000001
    endloop
  endfacet
  facet normal 0 0 1
    outer loop
      vertex 5.5 -5 3.200000000000001
      vertex 11.474671109562593 -9.258203922298236 3.200000000000001
      vertex 28 0 3.200000000000001
    endloop
  endfacet
  facet normal 0 0 1
    outer loop
      vertex 5.432285873273258 -4.139610442278723 3.200000000000001
      vertex 5.5 -5 3.200000000000001
      vertex 28 0 3.200000000000001
    endloop
  endfacet
  facet normal 0 0 1
    outer loop
      vertex 5.230810839623331 -3.300406530937792 3.200000000000001
      vertex 5.432285873273258 -4.139610442278723 3.200000000000001
      vertex 28 0 3.200000000000001
    endloop
  endfacet
  facet normal 0 0 1
    outer loop
      vertex 4.900535883036014 -2.503052251432493 3.200000000000001
      vertex 5.230810839623331 -3.300406530937792 3.200000000000001
      vertex 28 0 3.200000000000001
    endloop
  endfacet
  facet normal 0 0 1
    outer loop
      vertex 4.449593469062222 -1.7671811123913983 3.200000000000001
      vertex 4.900535883036014 -2.503052251432493 3.200000000000001
      vertex 28 0 3.200000000000001
    endloop
  endfacet
  facet normal 0 0 1
    outer loop
      vertex 3.8890872965260144 -1.1109127034739856 3.200000000000001
      vertex 4.449593469062222 -1.7671811123913983 3.200000000000001
      vertex 28 0 3.200000000000001
    endloop
  endfacet
  facet normal 0 0 1
    outer loop
      vertex 3.2328188876086017 -0.5504065309377921 3.200000000000001
      vertex 3.8890872965260144 -1.1109127034739856 3.200000000000001
      vertex 28 0 3.200000000000001
    endloop
  endfacet
  facet normal 0 1 0
    outer loop
      vertex 2.256820128423641 0 3.200000000000001
      vertex 28 0 3.200000000000001
      vertex 2.256820128423641 0 3.1900000000000013
    endloop
  endfacet
  facet normal 0 0 1
    outer loop
      vertex 2.256820128423641 0 3.200000000000001
      vertex 2.4969477485675213 -0.09946411696397206 3.200000000000001
      vertex 28 0 3.200000000000001
    endloop
  endfacet
  facet normal 0 0 1
    outer loop
      vertex 2.4969477485675213 -0.09946411696397206 3.200000000000001
      vertex 3.2328188876086017 -0.5504065309377921 3.200000000000001
      vertex 28 0 3.200000000000001
    endloop
  endfacet
  facet normal -0.3826834323650793 0.9238795325112911 0
    outer loop
      vertex -2.256820128423641 0 3.200000000000001
      vertex -1.699593469062222 0.23081083962334503 3.1900000000000013
      vertex -2.256820128423641 0 3.1900000000000013
    endloop
  endfacet
  facet normal 0 0 -1
    outer loop
      vertex -2.256820128423641 0 3.1900000000000013
      vertex -1.699593469062222 0.23081083962334503 3.1900000000000013
      vertex 2.256820128423641 0 3.1900000000000013
    endloop
  endfacet
  facet normal 0 0 -1
    outer loop
      vertex -1.699593469062222 0.23081083962334503 3.1900000000000013
      vertex -0.8603895577212768 0.4322858732732584 3.1900000000000013
      vertex 2.256820128423641 0 3.1900000000000013
    endloop
  endfacet
  facet normal 0 0 -1
    outer loop
      vertex -0.8603895577212768 0.4322858732732584 3.1900000000000013
      vertex 0 0.5 3.1900000000000013
      vertex 2.256820128423641 0 3.1900000000000013
    endloop
  endfacet
  facet normal 0 0 -1
    outer loop
      vertex 0 0.5 3.1900000000000013
      vertex 0.8603895577212768 0.4322858732732584 3.1900000000000013
      vertex 2.256820128423641 0 3.1900000000000013
    endloop
  endfacet
  facet normal 0 0 -1
    outer loop
      vertex 0.8603895577212768 0.4322858732732584 3.1900000000000013
      vertex 1.699593469062222 0.23081083962334503 3.1900000000000013
      vertex 2.256820128423641 0 3.1900000000000013
    endloop
  endfacet
  facet normal 0.3826834323650793 0.9238795325112911 9.052294803975745e-16
    outer loop
      vertex 1.699593469062222 0.23081083962334503 3.1900000000000013
      vertex 2.256820128423641 0 3.200000000000001
      vertex 2.256820128423641 0 3.1900000000000013
    endloop
  endfacet
  facet normal -0.8526401643541028 -0.5224985647159315 0
    outer loop
      vertex -4.449593469062222 -8.232818887608602 7.200000000000001
      vertex -4.900535883036014 -7.496947748567507 3.200000000000001
      vertex -4.449593469062222 -8.232818887608602 3.200000000000001
    endloop
  endfacet
  facet normal -0.9238795325112891 -0.3826834323650844 0
    outer loop
      vertex -4.900535883036014 -7.496947748567507 7.200000000000001
      vertex -5.230810839623331 -6.699593469062208 3.200000000000001
      vertex -4.900535883036014 -7.496947748567507 3.200000000000001
    endloop
  endfacet
  facet normal -0.3826834323650844 -0.9238795325112891 0
    outer loop
      vertex -1.699593469062222 -10.230810839623345 7.200000000000001
      vertex -2.4969477485675213 -9.900535883036028 3.200000000000001
      vertex -1.699593469062222 -10.230810839623345 3.200000000000001
    endloop
  endfacet
  facet normal -0.6494480483301777 -0.760405965600036 0
    outer loop
      vertex -3.2328188876086017 -9.449593469062208 7.200000000000001
      vertex -3.8890872965260144 -8.889087296526014 3.200000000000001
      vertex -3.2328188876086017 -9.449593469062208 3.200000000000001
    endloop
  endfacet
  facet normal -0.5224985647159628 -0.8526401643540837 0
    outer loop
      vertex -2.4969477485675213 -9.900535883036028 7.200000000000001
      vertex -3.2328188876086017 -9.449593469062208 3.200000000000001
      vertex -2.4969477485675213 -9.900535883036028 3.200000000000001
    endloop
  endfacet
  facet normal -0.23344536385590486 -0.9723699203976767 0
    outer loop
      vertex -0.8603895577212768 -10.432285873273258 7.200000000000001
      vertex -1.699593469062222 -10.230810839623345 3.200000000000001
      vertex -0.8603895577212768 -10.432285873273258 3.200000000000001
    endloop
  endfacet
  facet normal -0.07845909572784326 -0.9969173337331282 -1.973897582379003e-19
    outer loop
      vertex -0.8603895577212768 -10.432285873273258 3.200000000000001
      vertex 0 -10.5 3.200000000000001
      vertex 0 -10.5 7.200000000000001
    endloop
  endfacet
  facet normal -0.7604059656000279 -0.6494480483301872 0
    outer loop
      vertex -3.8890872965260144 -8.889087296526014 7.200000000000001
      vertex -4.449593469062222 -8.232818887608602 3.200000000000001
      vertex -3.8890872965260144 -8.889087296526014 3.200000000000001
    endloop
  endfacet
  facet normal 0.07845909572784326 -0.9969173337331282 0
    outer loop
      vertex 0.8603895577212768 -10.432285873273258 7.200000000000001
      vertex 0 -10.5 3.200000000000001
      vertex 0.8603895577212768 -10.432285873273258 3.200000000000001
    endloop
  endfacet
  facet normal 0.23344536385590486 -0.9723699203976767 0
    outer loop
      vertex 1.699593469062222 -10.230810839623345 7.200000000000001
      vertex 0.8603895577212768 -10.432285873273258 3.200000000000001
      vertex 1.699593469062222 -10.230810839623345 3.200000000000001
    endloop
  endfacet
  facet normal 0.3826834323650844 -0.9238795325112891 0
    outer loop
      vertex 2.4969477485675213 -9.900535883036028 7.200000000000001
      vertex 1.699593469062222 -10.230810839623345 3.200000000000001
      vertex 2.4969477485675213 -9.900535883036028 3.200000000000001
    endloop
  endfacet
  facet normal 0.5224985647159628 -0.8526401643540837 0
    outer loop
      vertex 3.2328188876086017 -9.449593469062208 7.200000000000001
      vertex 2.4969477485675213 -9.900535883036028 3.200000000000001
      vertex 3.2328188876086017 -9.449593469062208 3.200000000000001
    endloop
  endfacet
  facet normal 0.6494480483301777 -0.760405965600036 0
    outer loop
      vertex 3.8890872965260144 -8.889087296526014 7.200000000000001
      vertex 3.2328188876086017 -9.449593469062208 3.200000000000001
      vertex 3.8890872965260144 -8.889087296526014 3.200000000000001
    endloop
  endfacet
  facet normal 0.7604059656000279 -0.6494480483301872 0
    outer loop
      vertex 4.449593469062222 -8.232818887608602 7.200000000000001
      vertex 3.8890872965260144 -8.889087296526014 3.200000000000001
      vertex 4.449593469062222 -8.232818887608602 3.200000000000001
    endloop
  endfacet
  facet normal 0.8526401643541028 -0.5224985647159315 0
    outer loop
      vertex 4.900535883036014 -7.496947748567507 7.200000000000001
      vertex 4.449593469062222 -8.232818887608602 3.200000000000001
      vertex 4.900535883036014 -7.496947748567507 3.200000000000001
    endloop
  endfacet
  facet normal -0.9723699203976721 -0.23344536385592418 0
    outer loop
      vertex -5.230810839623331 -6.699593469062208 7.200000000000001
      vertex -5.432285873273258 -5.860389557721277 3.200000000000001
      vertex -5.230810839623331 -6.699593469062208 3.200000000000001
    endloop
  endfacet
  facet normal -0.9969173337331282 -0.07845909572784326 0
    outer loop
      vertex -5.432285873273258 -5.860389557721277 7.200000000000001
      vertex -5.5 -5 3.200000000000001
      vertex -5.432285873273258 -5.860389557721277 3.200000000000001
    endloop
  endfacet
  facet normal -0.9969173337331282 0.07845909572784326 0
    outer loop
      vertex -5.5 -5 7.200000000000001
      vertex -5.432285873273258 -4.139610442278723 3.200000000000001
      vertex -5.5 -5 3.200000000000001
    endloop
  endfacet
  facet normal -0.9723699203976721 0.23344536385592418 0
    outer loop
      vertex -5.432285873273258 -4.139610442278723 7.200000000000001
      vertex -5.230810839623331 -3.300406530937792 3.200000000000001
      vertex -5.432285873273258 -4.139610442278723 3.200000000000001
    endloop
  endfacet
  facet normal -0.9238795325112891 0.3826834323650844 0
    outer loop
      vertex -5.230810839623331 -3.300406530937792 7.200000000000001
      vertex -4.900535883036014 -2.503052251432493 3.200000000000001
      vertex -5.230810839623331 -3.300406530937792 3.200000000000001
    endloop
  endfacet
  facet normal -0.8526401643541028 0.5224985647159315 0
    outer loop
      vertex -4.900535883036014 -2.503052251432493 7.200000000000001
      vertex -4.449593469062222 -1.7671811123913983 3.200000000000001
      vertex -4.900535883036014 -2.503052251432493 3.200000000000001
    endloop
  endfacet
  facet normal -0.7604059656000279 0.6494480483301872 0
    outer loop
      vertex -4.449593469062222 -1.7671811123913983 7.200000000000001
      vertex -3.8890872965260144 -1.1109127034739856 3.200000000000001
      vertex -4.449593469062222 -1.7671811123913983 3.200000000000001
    endloop
  endfacet
  facet normal -0.6494480483301777 0.760405965600036 0
    outer loop
      vertex -3.8890872965260144 -1.1109127034739856 7.200000000000001
      vertex -3.2328188876086017 -0.5504065309377921 3.200000000000001
      vertex -3.8890872965260144 -1.1109127034739856 3.200000000000001
    endloop
  endfacet
  facet normal -0.5224985647159628 0.8526401643540837 0
    outer loop
      vertex -3.2328188876086017 -0.5504065309377921 7.200000000000001
      vertex -2.4969477485675213 -0.09946411696397206 3.200000000000001
      vertex -3.2328188876086017 -0.5504065309377921 3.200000000000001
    endloop
  endfacet
  facet normal -0.3826834323650962 0.9238795325112842 0
    outer loop
      vertex -2.4969477485675213 -0.09946411696397206 7.200000000000001
      vertex -2.256820128423641 0 3.200000000000001
      vertex -2.4969477485675213 -0.09946411696397206 3.200000000000001
    endloop
  endfacet
  facet normal -0.3826834323650793 0.9238795325112911 1.1891586232616245e-15
    outer loop
      vertex -2.4969477485675213 -0.09946411696397206 7.200000000000001
      vertex -1.699593469062222 0.23081083962334503 3.1900000000000013
      vertex -2.256820128423641 0 3.200000000000001
    endloop
  endfacet
  facet normal -0.2334453638559049 0.9723699203976768 0
    outer loop
      vertex -1.699593469062222 0.23081083962334503 7.200000000000001
      vertex -0.8603895577212768 0.4322858732732584 3.1900000000000013
      vertex -1.699593469062222 0.23081083962334503 3.1900000000000013
    endloop
  endfacet
  facet normal -0.07845909572784326 0.9969173337331281 0
    outer loop
      vertex -0.8603895577212768 0.4322858732732584 7.200000000000001
      vertex 0 0.5 3.1900000000000013
      vertex -0.8603895577212768 0.4322858732732584 3.1900000000000013
    endloop
  endfacet
  facet normal 0.07845909572784326 0.9969173337331281 0
    outer loop
      vertex 0 0.5 7.200000000000001
      vertex 0.8603895577212768 0.4322858732732584 3.1900000000000013
      vertex 0 0.5 3.1900000000000013
    endloop
  endfacet
  facet normal 0.9238795325112891 -0.3826834323650844 0
    outer loop
      vertex 5.230810839623331 -6.699593469062208 7.200000000000001
      vertex 4.900535883036014 -7.496947748567507 3.200000000000001
      vertex 5.230810839623331 -6.699593469062208 3.200000000000001
    endloop
  endfacet
  facet normal 0.9723699203976721 -0.23344536385592418 0
    outer loop
      vertex 5.432285873273258 -5.860389557721277 7.200000000000001
      vertex 5.230810839623331 -6.699593469062208 3.200000000000001
      vertex 5.432285873273258 -5.860389557721277 3.200000000000001
    endloop
  endfacet
  facet normal 0.9969173337331282 -0.07845909572784326 0
    outer loop
      vertex 5.5 -5 7.200000000000001
      vertex 5.432285873273258 -5.860389557721277 3.200000000000001
      vertex 5.5 -5 3.200000000000001
    endloop
  endfacet
  facet normal 0.9969173337331282 0.07845909572784326 0
    outer loop
      vertex 5.432285873273258 -4.139610442278723 7.200000000000001
      vertex 5.5 -5 3.200000000000001
      vertex 5.432285873273258 -4.139610442278723 3.200000000000001
    endloop
  endfacet
  facet normal 0.9723699203976721 0.23344536385592418 0
    outer loop
      vertex 5.230810839623331 -3.300406530937792 7.200000000000001
      vertex 5.432285873273258 -4.139610442278723 3.200000000000001
      vertex 5.230810839623331 -3.300406530937792 3.200000000000001
    endloop
  endfacet
  facet normal 0.9238795325112891 0.3826834323650844 0
    outer loop
      vertex 4.900535883036014 -2.503052251432493 7.200000000000001
      vertex 5.230810839623331 -3.300406530937792 3.200000000000001
      vertex 4.900535883036014 -2.503052251432493 3.200000000000001
    endloop
  endfacet
  facet normal 0.8526401643541028 0.5224985647159315 0
    outer loop
      vertex 4.449593469062222 -1.7671811123913983 7.200000000000001
      vertex 4.900535883036014 -2.503052251432493 3.200000000000001
      vertex 4.449593469062222 -1.7671811123913983 3.200000000000001
    endloop
  endfacet
  facet normal 0.2334453638559049 0.9723699203976768 0
    outer loop
      vertex 0.8603895577212768 0.4322858732732584 7.200000000000001
      vertex 1.699593469062222 0.23081083962334503 3.1900000000000013
      vertex 0.8603895577212768 0.4322858732732584 3.1900000000000013
    endloop
  endfacet
  facet normal 0.5224985647159628 0.8526401643540837 0
    outer loop
      vertex 2.4969477485675213 -0.09946411696397206 7.200000000000001
      vertex 3.2328188876086017 -0.5504065309377921 3.200000000000001
      vertex 2.4969477485675213 -0.09946411696397206 3.200000000000001
    endloop
  endfacet
  facet normal 0.38268343236507923 0.9238795325112911 0
    outer loop
      vertex 1.699593469062222 0.23081083962334503 7.200000000000001
      vertex 2.256820128423641 0 3.200000000000001
      vertex 1.699593469062222 0.23081083962334503 3.1900000000000013
    endloop
  endfacet
  facet normal 0.3826834323650962 0.9238795325112842 2.756159678045116e-15
    outer loop
      vertex 1.699593469062222 0.23081083962334503 7.200000000000001
      vertex 2.4969477485675213 -0.09946411696397206 3.200000000000001
      vertex 2.256820128423641 0 3.200000000000001
    endloop
  endfacet
  facet normal 0.6494480483301777 0.760405965600036 0
    outer loop
      vertex 3.2328188876086017 -0.5504065309377921 7.200000000000001
      vertex 3.8890872965260144 -1.1109127034739856 3.200000000000001
      vertex 3.2328188876086017 -0.5504065309377921 3.200000000000001
    endloop
  endfacet
  facet normal 0.7604059656000279 0.6494480483301872 0
    outer loop
      vertex 3.8890872965260144 -1.1109127034739856 7.200000000000001
      vertex 4.449593469062222 -1.7671811123913983 3.200000000000001
      vertex 3.8890872965260144 -1.1109127034739856 3.200000000000001
    endloop
  endfacet
  facet normal -0.7604059656000279 -0.6494480483301872 0
    outer loop
      vertex -4.449593469062222 -8.232818887608602 7.200000000000001
      vertex -4.449593469062222 -8.232818887608602 3.200000000000001
      vertex -3.8890872965260144 -8.889087296526014 7.200000000000001
    endloop
  endfacet
  facet normal -0.8526401643541028 -0.5224985647159315 0
    outer loop
      vertex -4.900535883036014 -7.496947748567507 7.200000000000001
      vertex -4.900535883036014 -7.496947748567507 3.200000000000001
      vertex -4.449593469062222 -8.232818887608602 7.200000000000001
    endloop
  endfacet
  facet normal -0.3826834323650844 -0.9238795325112891 0
    outer loop
      vertex -2.4969477485675213 -9.900535883036028 7.200000000000001
      vertex -2.4969477485675213 -9.900535883036028 3.200000000000001
      vertex -1.699593469062222 -10.230810839623345 7.200000000000001
    endloop
  endfacet
  facet normal -0.6494480483301777 -0.760405965600036 0
    outer loop
      vertex -3.8890872965260144 -8.889087296526014 7.200000000000001
      vertex -3.8890872965260144 -8.889087296526014 3.200000000000001
      vertex -3.2328188876086017 -9.449593469062208 7.200000000000001
    endloop
  endfacet
  facet normal -0.5224985647159628 -0.8526401643540837 0
    outer loop
      vertex -3.2328188876086017 -9.449593469062208 7.200000000000001
      vertex -3.2328188876086017 -9.449593469062208 3.200000000000001
      vertex -2.4969477485675213 -9.900535883036028 7.200000000000001
    endloop
  endfacet
  facet normal -0.23344536385590486 -0.9723699203976767 0
    outer loop
      vertex -1.699593469062222 -10.230810839623345 7.200000000000001
      vertex -1.699593469062222 -10.230810839623345 3.200000000000001
      vertex -0.8603895577212768 -10.432285873273258 7.200000000000001
    endloop
  endfacet
  facet normal -0.07845909572784326 -0.9969173337331282 0
    outer loop
      vertex -0.8603895577212768 -10.432285873273258 7.200000000000001
      vertex -0.8603895577212768 -10.432285873273258 3.200000000000001
      vertex 0 -10.5 7.200000000000001
    endloop
  endfacet
  facet normal 0.07845909572784326 -0.9969173337331282 0
    outer loop
      vertex 0 -10.5 7.200000000000001
      vertex 0 -10.5 3.200000000000001
      vertex 0.8603895577212768 -10.432285873273258 7.200000000000001
    endloop
  endfacet
  facet normal 0.23344536385590486 -0.9723699203976767 0
    outer loop
      vertex 0.8603895577212768 -10.432285873273258 7.200000000000001
      vertex 0.8603895577212768 -10.432285873273258 3.200000000000001
      vertex 1.699593469062222 -10.230810839623345 7.200000000000001
    endloop
  endfacet
  facet normal 0.3826834323650844 -0.9238795325112891 0
    outer loop
      vertex 1.699593469062222 -10.230810839623345 7.200000000000001
      vertex 1.699593469062222 -10.230810839623345 3.200000000000001
      vertex 2.4969477485675213 -9.900535883036028 7.200000000000001
    endloop
  endfacet
  facet normal 0.5224985647159628 -0.8526401643540837 0
    outer loop
      vertex 2.4969477485675213 -9.900535883036028 7.200000000000001
      vertex 2.4969477485675213 -9.900535883036028 3.200000000000001
      vertex 3.2328188876086017 -9.449593469062208 7.200000000000001
    endloop
  endfacet
  facet normal 0.6494480483301777 -0.760405965600036 0
    outer loop
      vertex 3.2328188876086017 -9.449593469062208 7.200000000000001
      vertex 3.2328188876086017 -9.449593469062208 3.200000000000001
      vertex 3.8890872965260144 -8.889087296526014 7.200000000000001
    endloop
  endfacet
  facet normal 0.7604059656000279 -0.6494480483301872 1.0514343584817746e-18
    outer loop
      vertex 4.449593469062222 -8.232818887608602 7.200000000000001
      vertex 3.8890872965260144 -8.889087296526014 7.200000000000001
      vertex 3.8890872965260144 -8.889087296526014 3.200000000000001
    endloop
  endfacet
  facet normal 0.8526401643541028 -0.5224985647159315 -6.3005496558705735e-18
    outer loop
      vertex 4.900535883036014 -7.496947748567507 7.200000000000001
      vertex 4.449593469062222 -8.232818887608602 7.200000000000001
      vertex 4.449593469062222 -8.232818887608602 3.200000000000001
    endloop
  endfacet
  facet normal 0.9238795325112891 -0.3826834323650844 -7.930920957817791e-18
    outer loop
      vertex 5.230810839623331 -6.699593469062208 7.200000000000001
      vertex 4.900535883036014 -7.496947748567507 7.200000000000001
      vertex 4.900535883036014 -7.496947748567507 3.200000000000001
    endloop
  endfacet
  facet normal 0 0 1
    outer loop
      vertex -2.4969477485675213 -9.900535883036028 7.200000000000001
      vertex -1.699593469062222 -10.230810839623345 7.200000000000001
      vertex -1.9798989873223434 -6.979898987322329 7.200000000000001
    endloop
  endfacet
  facet normal 0 0 1
    outer loop
      vertex -1.699593469062222 -10.230810839623345 7.200000000000001
      vertex -0.8603895577212768 -10.432285873273258 7.200000000000001
      vertex -1.2711733992707366 -7.494818267727425 7.200000000000001
    endloop
  endfacet
  facet normal 0 0 1
    outer loop
      vertex -0.8603895577212768 -10.432285873273258 7.200000000000001
      vertex 0 -10.5 7.200000000000001
      vertex -0.43801650211264587 -7.765527353666386 7.200000000000001
    endloop
  endfacet
  facet normal 0 0 1
    outer loop
      vertex 0 -10.5 7.200000000000001
      vertex 0.8603895577212768 -10.432285873273258 7.200000000000001
      vertex 0.43801650211264587 -7.765527353666386 7.200000000000001
    endloop
  endfacet
  facet normal 0 0 1
    outer loop
      vertex -2.4969477485675213 -9.900535883036028 7.200000000000001
      vertex -1.9798989873223434 -6.979898987322329 7.200000000000001
      vertex -2.265247584249863 -6.64579870641893 7.200000000000001
    endloop
  endfacet
  facet normal 0 0 1
    outer loop
      vertex -2.4969477485675213 -9.900535883036028 7.200000000000001
      vertex -2.265247584249863 -6.64579870641893 7.200000000000001
      vertex -2.4948182677274247 -6.271173399270737 7.200000000000001
    endloop
  endfacet
  facet normal 0 0 1
    outer loop
      vertex -2.4969477485675213 -9.900535883036028 7.200000000000001
      vertex -2.4948182677274247 -6.271173399270737 7.200000000000001
      vertex -2.6629582456264416 -5.8652475842498575 7.200000000000001
    endloop
  endfacet
  facet normal 0 0 1
    outer loop
      vertex -2.4969477485675213 -9.900535883036028 7.200000000000001
      vertex -2.6629582456264416 -5.8652475842498575 7.200000000000001
      vertex -2.7655273536663856 -5.438016502112646 7.200000000000001
    endloop
  endfacet
  facet normal 0 0 1
    outer loop
      vertex -0.8603895577212768 -10.432285873273258 7.200000000000001
      vertex -0.8652475842498575 -7.662958245626427 7.200000000000001
      vertex -1.2711733992707366 -7.494818267727425 7.200000000000001
    endloop
  endfacet
  facet normal 0 0 1
    outer loop
      vertex -0.8603895577212768 -10.432285873273258 7.200000000000001
      vertex -0.43801650211264587 -7.765527353666386 7.200000000000001
      vertex -0.8652475842498575 -7.662958245626427 7.200000000000001
    endloop
  endfacet
  facet normal 0 0 1
    outer loop
      vertex -1.699593469062222 -10.230810839623345 7.200000000000001
      vertex -1.2711733992707366 -7.494818267727425 7.200000000000001
      vertex -1.6457987064189297 -7.265247584249849 7.200000000000001
    endloop
  endfacet
  facet normal 0 0 1
    outer loop
      vertex -1.699593469062222 -10.230810839623345 7.200000000000001
      vertex -1.6457987064189297 -7.265247584249849 7.200000000000001
      vertex -1.9798989873223434 -6.979898987322329 7.200000000000001
    endloop
  endfacet
  facet normal 0 0 1
    outer loop
      vertex 0 -10.5 7.200000000000001
      vertex 0 -7.799999999999997 7.200000000000001
      vertex -0.43801650211264587 -7.765527353666386 7.200000000000001
    endloop
  endfacet
  facet normal 0 0 1
    outer loop
      vertex 0 -10.5 7.200000000000001
      vertex 0.43801650211264587 -7.765527353666386 7.200000000000001
      vertex 0 -7.799999999999997 7.200000000000001
    endloop
  endfacet
  facet normal 0 0 1
    outer loop
      vertex 0.8603895577212768 -10.432285873273258 7.200000000000001
      vertex 1.699593469062222 -10.230810839623345 7.200000000000001
      vertex 0.43801650211264587 -7.765527353666386 7.200000000000001
    endloop
  endfacet
  facet normal 0 0 1
    outer loop
      vertex 1.699593469062222 -10.230810839623345 7.200000000000001
      vertex 2.4969477485675213 -9.900535883036028 7.200000000000001
      vertex 1.6457987064189297 -7.265247584249849 7.200000000000001
    endloop
  endfacet
  facet normal 0 0 1
    outer loop
      vertex 1.699593469062222 -10.230810839623345 7.200000000000001
      vertex 0.8652475842498575 -7.662958245626427 7.200000000000001
      vertex 0.43801650211264587 -7.765527353666386 7.200000000000001
    endloop
  endfacet
  facet normal 0 0 1
    outer loop
      vertex 1.699593469062222 -10.230810839623345 7.200000000000001
      vertex 1.2711733992707366 -7.494818267727425 7.200000000000001
      vertex 0.8652475842498575 -7.662958245626427 7.200000000000001
    endloop
  endfacet
  facet normal 0 0 1
    outer loop
      vertex 1.699593469062222 -10.230810839623345 7.200000000000001
      vertex 1.6457987064189297 -7.265247584249849 7.200000000000001
      vertex 1.2711733992707366 -7.494818267727425 7.200000000000001
    endloop
  endfacet
  facet normal 0 0 1
    outer loop
      vertex 2.4969477485675213 -9.900535883036028 7.200000000000001
      vertex 3.2328188876086017 -9.449593469062208 7.200000000000001
      vertex 2.4948182677274247 -6.271173399270737 7.200000000000001
    endloop
  endfacet
  facet normal 0 0 1
    outer loop
      vertex 2.4969477485675213 -9.900535883036028 7.200000000000001
      vertex 1.9798989873223434 -6.979898987322329 7.200000000000001
      vertex 1.6457987064189297 -7.265247584249849 7.200000000000001
    endloop
  endfacet
  facet normal 0 0 1
    outer loop
      vertex 2.4969477485675213 -9.900535883036028 7.200000000000001
      vertex 2.265247584249863 -6.64579870641893 7.200000000000001
      vertex 1.9798989873223434 -6.979898987322329 7.200000000000001
    endloop
  endfacet
  facet normal 0 0 1
    outer loop
      vertex 2.4969477485675213 -9.900535883036028 7.200000000000001
      vertex 2.4948182677274247 -6.271173399270737 7.200000000000001
      vertex 2.265247584249863 -6.64579870641893 7.200000000000001
    endloop
  endfacet
  facet normal 0 0 1
    outer loop
      vertex 3.2328188876086017 -9.449593469062208 7.200000000000001
      vertex 2.6629582456264416 -5.8652475842498575 7.200000000000001
      vertex 2.4948182677274247 -6.271173399270737 7.200000000000001
    endloop
  endfacet
  facet normal -0.9238795325112891 -0.3826834323650844 0
    outer loop
      vertex -5.230810839623331 -6.699593469062208 7.200000000000001
      vertex -5.230810839623331 -6.699593469062208 3.200000000000001
      vertex -4.900535883036014 -7.496947748567507 7.200000000000001
    endloop
  endfacet
  facet normal -0.9723699203976721 -0.23344536385592418 0
    outer loop
      vertex -5.432285873273258 -5.860389557721277 7.200000000000001
      vertex -5.432285873273258 -5.860389557721277 3.200000000000001
      vertex -5.230810839623331 -6.699593469062208 7.200000000000001
    endloop
  endfacet
  facet normal -0.9969173337331282 -0.07845909572784326 0
    outer loop
      vertex -5.5 -5 7.200000000000001
      vertex -5.5 -5 3.200000000000001
      vertex -5.432285873273258 -5.860389557721277 7.200000000000001
    endloop
  endfacet
  facet normal -0.9969173337331282 0.07845909572784326 0
    outer loop
      vertex -5.432285873273258 -4.139610442278723 7.200000000000001
      vertex -5.432285873273258 -4.139610442278723 3.200000000000001
      vertex -5.5 -5 7.200000000000001
    endloop
  endfacet
  facet normal -0.9723699203976721 0.23344536385592418 0
    outer loop
      vertex -5.230810839623331 -3.300406530937792 7.200000000000001
      vertex -5.230810839623331 -3.300406530937792 3.200000000000001
      vertex -5.432285873273258 -4.139610442278723 7.200000000000001
    endloop
  endfacet
  facet normal -0.9238795325112891 0.3826834323650844 0
    outer loop
      vertex -4.900535883036014 -2.503052251432493 7.200000000000001
      vertex -4.900535883036014 -2.503052251432493 3.200000000000001
      vertex -5.230810839623331 -3.300406530937792 7.200000000000001
    endloop
  endfacet
  facet normal -0.8526401643541028 0.5224985647159315 0
    outer loop
      vertex -4.449593469062222 -1.7671811123913983 7.200000000000001
      vertex -4.449593469062222 -1.7671811123913983 3.200000000000001
      vertex -4.900535883036014 -2.503052251432493 7.200000000000001
    endloop
  endfacet
  facet normal -0.7604059656000279 0.6494480483301872 0
    outer loop
      vertex -3.8890872965260144 -1.1109127034739856 7.200000000000001
      vertex -3.8890872965260144 -1.1109127034739856 3.200000000000001
      vertex -4.449593469062222 -1.7671811123913983 7.200000000000001
    endloop
  endfacet
  facet normal -0.6494480483301777 0.760405965600036 9.756547296223823e-19
    outer loop
      vertex -3.8890872965260144 -1.1109127034739856 7.200000000000001
      vertex -3.2328188876086017 -0.5504065309377921 7.200000000000001
      vertex -3.2328188876086017 -0.5504065309377921 3.200000000000001
    endloop
  endfacet
  facet normal -0.5224985647159628 0.8526401643540837 0
    outer loop
      vertex -2.4969477485675213 -0.09946411696397206 7.200000000000001
      vertex -2.4969477485675213 -0.09946411696397206 3.200000000000001
      vertex -3.2328188876086017 -0.5504065309377921 7.200000000000001
    endloop
  endfacet
  facet normal -0.3826834323650844 0.923879532511289 -7.911143100067622e-18
    outer loop
      vertex -2.4969477485675213 -0.09946411696397206 7.200000000000001
      vertex -1.699593469062222 0.23081083962334503 7.200000000000001
      vertex -1.699593469062222 0.23081083962334503 3.1900000000000013
    endloop
  endfacet
  facet normal -0.2334453638559049 0.9723699203976768 1.4146324577281996e-18
    outer loop
      vertex -1.699593469062222 0.23081083962334503 7.200000000000001
      vertex -0.8603895577212768 0.4322858732732584 7.200000000000001
      vertex -0.8603895577212768 0.4322858732732584 3.1900000000000013
    endloop
  endfacet
  facet normal -0.07845909572784326 0.9969173337331281 1.9689751445177085e-19
    outer loop
      vertex -0.8603895577212768 0.4322858732732584 7.200000000000001
      vertex 0 0.5 7.200000000000001
      vertex 0 0.5 3.1900000000000013
    endloop
  endfacet
  facet normal 0.9723699203976721 -0.23344536385592418 -2.4636445674456325e-18
    outer loop
      vertex 5.432285873273258 -5.860389557721277 7.200000000000001
      vertex 5.230810839623331 -6.699593469062208 7.200000000000001
      vertex 5.230810839623331 -6.699593469062208 3.200000000000001
    endloop
  endfacet
  facet normal 0.9969173337331282 -0.07845909572784326 1.973897582379003e-19
    outer loop
      vertex 5.5 -5 7.200000000000001
      vertex 5.432285873273258 -5.860389557721277 7.200000000000001
      vertex 5.432285873273258 -5.860389557721277 3.200000000000001
    endloop
  endfacet
  facet normal 0.9969173337331282 0.07845909572784326 -1.973897582379003e-19
    outer loop
      vertex 5.432285873273258 -4.139610442278723 7.200000000000001
      vertex 5.5 -5 7.200000000000001
      vertex 5.5 -5 3.200000000000001
    endloop
  endfacet
  facet normal 0.9723699203976721 0.23344536385592418 2.4636445674456325e-18
    outer loop
      vertex 5.230810839623331 -3.300406530937792 7.200000000000001
      vertex 5.432285873273258 -4.139610442278723 7.200000000000001
      vertex 5.432285873273258 -4.139610442278723 3.200000000000001
    endloop
  endfacet
  facet normal 0.9238795325112891 0.3826834323650844 7.930920957817791e-18
    outer loop
      vertex 4.900535883036014 -2.503052251432493 7.200000000000001
      vertex 5.230810839623331 -3.300406530937792 7.200000000000001
      vertex 5.230810839623331 -3.300406530937792 3.200000000000001
    endloop
  endfacet
  facet normal 0.8526401643541028 0.5224985647159315 6.3005496558705735e-18
    outer loop
      vertex 4.449593469062222 -1.7671811123913983 7.200000000000001
      vertex 4.900535883036014 -2.503052251432493 7.200000000000001
      vertex 4.900535883036014 -2.503052251432493 3.200000000000001
    endloop
  endfacet
  facet normal 0.7604059656000279 0.6494480483301872 -1.0514343584817746e-18
    outer loop
      vertex 3.8890872965260144 -1.1109127034739856 7.200000000000001
      vertex 4.449593469062222 -1.7671811123913983 7.200000000000001
      vertex 4.449593469062222 -1.7671811123913983 3.200000000000001
    endloop
  endfacet
  facet normal 0.07845909572784326 0.9969173337331281 -1.9689751445177085e-19
    outer loop
      vertex 0 0.5 7.200000000000001
      vertex 0.8603895577212768 0.4322858732732584 7.200000000000001
      vertex 0.8603895577212768 0.4322858732732584 3.1900000000000013
    endloop
  endfacet
  facet normal 0.2334453638559049 0.9723699203976768 -1.4146324577281996e-18
    outer loop
      vertex 0.8603895577212768 0.4322858732732584 7.200000000000001
      vertex 1.699593469062222 0.23081083962334503 7.200000000000001
      vertex 1.699593469062222 0.23081083962334503 3.1900000000000013
    endloop
  endfacet
  facet normal 0.3826834323650844 0.9238795325112891 7.930920957817791e-18
    outer loop
      vertex 1.699593469062222 0.23081083962334503 7.200000000000001
      vertex 2.4969477485675213 -0.09946411696397206 7.200000000000001
      vertex 2.4969477485675213 -0.09946411696397206 3.200000000000001
    endloop
  endfacet
  facet normal 0.6494480483301777 0.760405965600036 -9.756547296223823e-19
    outer loop
      vertex 3.2328188876086017 -0.5504065309377921 7.200000000000001
      vertex 3.8890872965260144 -1.1109127034739856 7.200000000000001
      vertex 3.8890872965260144 -1.1109127034739856 3.200000000000001
    endloop
  endfacet
  facet normal 0.5224985647159628 0.8526401643540837 1.0783465168721375e-18
    outer loop
      vertex 2.4969477485675213 -0.09946411696397206 7.200000000000001
      vertex 3.2328188876086017 -0.5504065309377921 7.200000000000001
      vertex 3.2328188876086017 -0.5504065309377921 3.200000000000001
    endloop
  endfacet
  facet normal 0 0 1
    outer loop
      vertex -4.449593469062222 -1.7671811123913983 7.200000000000001
      vertex -4.449593469062222 -8.232818887608602 7.200000000000001
      vertex -3.8890872965260144 -8.889087296526014 7.200000000000001
    endloop
  endfacet
  facet normal 0 0 1
    outer loop
      vertex -5.230810839623331 -3.300406530937792 7.200000000000001
      vertex -5.230810839623331 -6.699593469062208 7.200000000000001
      vertex -4.900535883036014 -7.496947748567507 7.200000000000001
    endloop
  endfacet
  facet normal 0 0 1
    outer loop
      vertex -4.900535883036014 -2.503052251432493 7.200000000000001
      vertex -4.900535883036014 -7.496947748567507 7.200000000000001
      vertex -4.449593469062222 -8.232818887608602 7.200000000000001
    endloop
  endfacet
  facet normal 0 0 1
    outer loop
      vertex -5.432285873273258 -4.139610442278723 7.200000000000001
      vertex -5.432285873273258 -5.860389557721277 7.200000000000001
      vertex -5.230810839623331 -6.699593469062208 7.200000000000001
    endloop
  endfacet
  facet normal 0 0 1
    outer loop
      vertex -5.432285873273258 -4.139610442278723 7.200000000000001
      vertex -5.5 -5 7.200000000000001
      vertex -5.432285873273258 -5.860389557721277 7.200000000000001
    endloop
  endfacet
  facet normal 0 0 1
    outer loop
      vertex -5.230810839623331 -3.300406530937792 7.200000000000001
      vertex -5.432285873273258 -4.139610442278723 7.200000000000001
      vertex -5.230810839623331 -6.699593469062208 7.200000000000001
    endloop
  endfacet
  facet normal 0 0 1
    outer loop
      vertex -4.900535883036014 -2.503052251432493 7.200000000000001
      vertex -5.230810839623331 -3.300406530937792 7.200000000000001
      vertex -4.900535883036014 -7.496947748567507 7.200000000000001
    endloop
  endfacet
  facet normal 0 0 1
    outer loop
      vertex -4.449593469062222 -1.7671811123913983 7.200000000000001
      vertex -4.900535883036014 -2.503052251432493 7.200000000000001
      vertex -4.449593469062222 -8.232818887608602 7.200000000000001
    endloop
  endfacet
  facet normal 0 0 1
    outer loop
      vertex -3.8890872965260144 -1.1109127034739856 7.200000000000001
      vertex -3.8890872965260144 -8.889087296526014 7.200000000000001
      vertex -3.2328188876086017 -9.449593469062208 7.200000000000001
    endloop
  endfacet
  facet normal 0 0 1
    outer loop
      vertex -3.2328188876086017 -0.5504065309377921 7.200000000000001
      vertex -3.2328188876086017 -9.449593469062208 7.200000000000001
      vertex -2.4969477485675213 -9.900535883036028 7.200000000000001
    endloop
  endfacet
  facet normal 0 0 1
    outer loop
      vertex -2.4969477485675213 -9.900535883036028 7.200000000000001
      vertex -2.7655273536663856 -5.438016502112646 7.200000000000001
      vertex -2.8000000000000114 -5 7.200000000000001
    endloop
  endfacet
  facet normal 0 0 1
    outer loop
      vertex -3.2328188876086017 -0.5504065309377921 7.200000000000001
      vertex -2.4969477485675213 -9.900535883036028 7.200000000000001
      vertex -2.8000000000000114 -5 7.200000000000001
    endloop
  endfacet
  facet normal 0 0 1
    outer loop
      vertex -3.8890872965260144 -1.1109127034739856 7.200000000000001
      vertex -4.449593469062222 -1.7671811123913983 7.200000000000001
      vertex -3.8890872965260144 -8.889087296526014 7.200000000000001
    endloop
  endfacet
  facet normal 0 0 1
    outer loop
      vertex -3.8890872965260144 -1.1109127034739856 7.200000000000001
      vertex -3.2328188876086017 -9.449593469062208 7.200000000000001
      vertex -3.2328188876086017 -0.5504065309377921 7.200000000000001
    endloop
  endfacet
  facet normal 0 0 1
    outer loop
      vertex -3.2328188876086017 -0.5504065309377921 7.200000000000001
      vertex -2.8000000000000114 -5 7.200000000000001
      vertex -2.7655273536663856 -4.561983497887354 7.200000000000001
    endloop
  endfacet
  facet normal 0 0 1
    outer loop
      vertex -3.2328188876086017 -0.5504065309377921 7.200000000000001
      vertex -2.7655273536663856 -4.561983497887354 7.200000000000001
      vertex -2.6629582456264416 -4.1347524157501425 7.200000000000001
    endloop
  endfacet
  facet normal 0 0 1
    outer loop
      vertex -3.2328188876086017 -0.5504065309377921 7.200000000000001
      vertex -2.6629582456264416 -4.1347524157501425 7.200000000000001
      vertex -2.4948182677274247 -3.7288266007292634 7.200000000000001
    endloop
  endfacet
  facet normal 0 0 1
    outer loop
      vertex -2.4969477485675213 -0.09946411696397206 7.200000000000001
      vertex -2.4948182677274247 -3.7288266007292634 7.200000000000001
      vertex -2.265247584249863 -3.3542012935810703 7.200000000000001
    endloop
  endfacet
  facet normal 0 0 1
    outer loop
      vertex -2.4969477485675213 -0.09946411696397206 7.200000000000001
      vertex -2.265247584249863 -3.3542012935810703 7.200000000000001
      vertex -1.9798989873223434 -3.020101012677671 7.200000000000001
    endloop
  endfacet
  facet normal 0 0 1
    outer loop
      vertex -2.4969477485675213 -0.09946411696397206 7.200000000000001
      vertex -1.9798989873223434 -3.020101012677671 7.200000000000001
      vertex -1.6457987064189297 -2.734752415750151 7.200000000000001
    endloop
  endfacet
  facet normal 0 0 1
    outer loop
      vertex -2.4969477485675213 -0.09946411696397206 7.200000000000001
      vertex -3.2328188876086017 -0.5504065309377921 7.200000000000001
      vertex -2.4948182677274247 -3.7288266007292634 7.200000000000001
    endloop
  endfacet
  facet normal 0 0 1
    outer loop
      vertex -1.699593469062222 0.23081083962334503 7.200000000000001
      vertex -1.6457987064189297 -2.734752415750151 7.200000000000001
      vertex -1.2711733992707366 -2.5051817322725753 7.200000000000001
    endloop
  endfacet
  facet normal 0 0 1
    outer loop
      vertex -1.699593469062222 0.23081083962334503 7.200000000000001
      vertex -1.2711733992707366 -2.5051817322725753 7.200000000000001
      vertex -0.8652475842498575 -2.3370417543735726 7.200000000000001
    endloop
  endfacet
  facet normal 0 0 1
    outer loop
      vertex -1.699593469062222 0.23081083962334503 7.200000000000001
      vertex -0.8652475842498575 -2.3370417543735726 7.200000000000001
      vertex -0.43801650211264587 -2.2344726463336144 7.200000000000001
    endloop
  endfacet
  facet normal 0 0 1
    outer loop
      vertex -2.4969477485675213 -0.09946411696397206 7.200000000000001
      vertex -1.6457987064189297 -2.734752415750151 7.200000000000001
      vertex -1.699593469062222 0.23081083962334503 7.200000000000001
    endloop
  endfacet
  facet normal 0 0 1
    outer loop
      vertex -1.699593469062222 0.23081083962334503 7.200000000000001
      vertex -0.43801650211264587 -2.2344726463336144 7.200000000000001
      vertex -0.8603895577212768 0.4322858732732584 7.200000000000001
    endloop
  endfacet
  facet normal 0 0 1
    outer loop
      vertex 0 0.5 7.200000000000001
      vertex -0.43801650211264587 -2.2344726463336144 7.200000000000001
      vertex 0 -2.200000000000003 7.200000000000001
    endloop
  endfacet
  facet normal 0 0 1
    outer loop
      vertex 0 0.5 7.200000000000001
      vertex 0 -2.200000000000003 7.200000000000001
      vertex 0.43801650211264587 -2.2344726463336144 7.200000000000001
    endloop
  endfacet
  facet normal 0 0 1
    outer loop
      vertex -0.8603895577212768 0.4322858732732584 7.200000000000001
      vertex -0.43801650211264587 -2.2344726463336144 7.200000000000001
      vertex 0 0.5 7.200000000000001
    endloop
  endfacet
  facet normal 0 0 1
    outer loop
      vertex 0 0.5 7.200000000000001
      vertex 0.43801650211264587 -2.2344726463336144 7.200000000000001
      vertex 0.8603895577212768 0.4322858732732584 7.200000000000001
    endloop
  endfacet
  facet normal 0 0 1
    outer loop
      vertex 3.2328188876086017 -9.449593469062208 7.200000000000001
      vertex 2.7655273536663856 -5.438016502112646 7.200000000000001
      vertex 2.6629582456264416 -5.8652475842498575 7.200000000000001
    endloop
  endfacet
  facet normal 0 0 1
    outer loop
      vertex 3.2328188876086017 -9.449593469062208 7.200000000000001
      vertex 2.8000000000000114 -5 7.200000000000001
      vertex 2.7655273536663856 -5.438016502112646 7.200000000000001
    endloop
  endfacet
  facet normal 0 0 1
    outer loop
      vertex 3.2328188876086017 -0.5504065309377921 7.200000000000001
      vertex 3.2328188876086017 -9.449593469062208 7.200000000000001
      vertex 3.8890872965260144 -8.889087296526014 7.200000000000001
    endloop
  endfacet
  facet normal 0 0 1
    outer loop
      vertex 3.8890872965260144 -1.1109127034739856 7.200000000000001
      vertex 3.8890872965260144 -8.889087296526014 7.200000000000001
      vertex 4.449593469062222 -8.232818887608602 7.200000000000001
    endloop
  endfacet
  facet normal 0 0 1
    outer loop
      vertex 4.449593469062222 -1.7671811123913983 7.200000000000001
      vertex 4.449593469062222 -8.232818887608602 7.200000000000001
      vertex 4.900535883036014 -7.496947748567507 7.200000000000001
    endloop
  endfacet
  facet normal 0 0 1
    outer loop
      vertex 4.900535883036014 -2.503052251432493 7.200000000000001
      vertex 4.900535883036014 -7.496947748567507 7.200000000000001
      vertex 5.230810839623331 -6.699593469062208 7.200000000000001
    endloop
  endfacet
  facet normal 0 0 1
    outer loop
      vertex 2.4969477485675213 -0.09946411696397206 7.200000000000001
      vertex 2.8000000000000114 -5 7.200000000000001
      vertex 3.2328188876086017 -9.449593469062208 7.200000000000001
    endloop
  endfacet
  facet normal 0 0 1
    outer loop
      vertex 2.4969477485675213 -0.09946411696397206 7.200000000000001
      vertex 3.2328188876086017 -9.449593469062208 7.200000000000001
      vertex 3.2328188876086017 -0.5504065309377921 7.200000000000001
    endloop
  endfacet
  facet normal 0 0 1
    outer loop
      vertex 3.2328188876086017 -0.5504065309377921 7.200000000000001
      vertex 3.8890872965260144 -8.889087296526014 7.200000000000001
      vertex 3.8890872965260144 -1.1109127034739856 7.200000000000001
    endloop
  endfacet
  facet normal 0 0 1
    outer loop
      vertex 4.900535883036014 -2.503052251432493 7.200000000000001
      vertex 5.230810839623331 -6.699593469062208 7.200000000000001
      vertex 5.230810839623331 -3.300406530937792 7.200000000000001
    endloop
  endfacet
  facet normal 0 0 1
    outer loop
      vertex 4.449593469062222 -1.7671811123913983 7.200000000000001
      vertex 4.900535883036014 -7.496947748567507 7.200000000000001
      vertex 4.900535883036014 -2.503052251432493 7.200000000000001
    endloop
  endfacet
  facet normal 0 0 1
    outer loop
      vertex 3.8890872965260144 -1.1109127034739856 7.200000000000001
      vertex 4.449593469062222 -8.232818887608602 7.200000000000001
      vertex 4.449593469062222 -1.7671811123913983 7.200000000000001
    endloop
  endfacet
  facet normal 0 0 1
    outer loop
      vertex 5.230810839623331 -3.300406530937792 7.200000000000001
      vertex 5.230810839623331 -6.699593469062208 7.200000000000001
      vertex 5.432285873273258 -5.860389557721277 7.200000000000001
    endloop
  endfacet
  facet normal 0 0 1
    outer loop
      vertex 5.432285873273258 -4.139610442278723 7.200000000000001
      vertex 5.432285873273258 -5.860389557721277 7.200000000000001
      vertex 5.5 -5 7.200000000000001
    endloop
  endfacet
  facet normal 0 0 1
    outer loop
      vertex 5.230810839623331 -3.300406530937792 7.200000000000001
      vertex 5.432285873273258 -5.860389557721277 7.200000000000001
      vertex 5.432285873273258 -4.139610442278723 7.200000000000001
    endloop
  endfacet
  facet normal 0 0 1
    outer loop
      vertex 2.4969477485675213 -0.09946411696397206 7.200000000000001
      vertex 2.7655273536663856 -4.561983497887354 7.200000000000001
      vertex 2.8000000000000114 -5 7.200000000000001
    endloop
  endfacet
  facet normal 0 0 1
    outer loop
      vertex 2.4969477485675213 -0.09946411696397206 7.200000000000001
      vertex 2.6629582456264416 -4.1347524157501425 7.200000000000001
      vertex 2.7655273536663856 -4.561983497887354 7.200000000000001
    endloop
  endfacet
  facet normal 0 0 1
    outer loop
      vertex 2.4969477485675213 -0.09946411696397206 7.200000000000001
      vertex 2.4948182677274247 -3.7288266007292634 7.200000000000001
      vertex 2.6629582456264416 -4.1347524157501425 7.200000000000001
    endloop
  endfacet
  facet normal 0 0 1
    outer loop
      vertex 2.4969477485675213 -0.09946411696397206 7.200000000000001
      vertex 2.265247584249863 -3.3542012935810703 7.200000000000001
      vertex 2.4948182677274247 -3.7288266007292634 7.200000000000001
    endloop
  endfacet
  facet normal 0 0 1
    outer loop
      vertex 0.8603895577212768 0.4322858732732584 7.200000000000001
      vertex 0.8652475842498575 -2.3370417543735726 7.200000000000001
      vertex 1.2711733992707366 -2.5051817322725753 7.200000000000001
    endloop
  endfacet
  facet normal 0 0 1
    outer loop
      vertex 1.699593469062222 0.23081083962334503 7.200000000000001
      vertex 1.2711733992707366 -2.5051817322725753 7.200000000000001
      vertex 1.6457987064189297 -2.734752415750151 7.200000000000001
    endloop
  endfacet
  facet normal 0 0 1
    outer loop
      vertex 2.4969477485675213 -0.09946411696397206 7.200000000000001
      vertex 1.9798989873223434 -3.020101012677671 7.200000000000001
      vertex 2.265247584249863 -3.3542012935810703 7.200000000000001
    endloop
  endfacet
  facet normal 0 0 1
    outer loop
      vertex 1.699593469062222 0.23081083962334503 7.200000000000001
      vertex 1.6457987064189297 -2.734752415750151 7.200000000000001
      vertex 1.9798989873223434 -3.020101012677671 7.200000000000001
    endloop
  endfacet
  facet normal 0 0 1
    outer loop
      vertex 0.8603895577212768 0.4322858732732584 7.200000000000001
      vertex 0.43801650211264587 -2.2344726463336144 7.200000000000001
      vertex 0.8652475842498575 -2.3370417543735726 7.200000000000001
    endloop
  endfacet
  facet normal 0 0 1
    outer loop
      vertex 0.8603895577212768 0.4322858732732584 7.200000000000001
      vertex 1.2711733992707366 -2.5051817322725753 7.200000000000001
      vertex 1.699593469062222 0.23081083962334503 7.200000000000001
    endloop
  endfacet
  facet normal 0 0 1
    outer loop
      vertex 1.699593469062222 0.23081083962334503 7.200000000000001
      vertex 1.9798989873223434 -3.020101012677671 7.200000000000001
      vertex 2.4969477485675213 -0.09946411696397206 7.200000000000001
    endloop
  endfacet
  facet normal 0.522498564715923 0.852640164354108 0
    outer loop
      vertex -12.99923492889721 -12.250328890437416 3.200000000000001
      vertex -12.771783849557238 -12.389711091120219 8.881784197001252e-16
      vertex -12.99923492889721 -12.250328890437416 8.881784197001252e-16
    endloop
  endfacet
  facet normal 0.38268343236510394 0.923879532511281 0
    outer loop
      vertex -12.771783849557238 -12.389711091120219 3.200000000000001
      vertex -12.525328890437407 -12.491796077701764 8.881784197001252e-16
      vertex -12.771783849557238 -12.389711091120219 8.881784197001252e-16
    endloop
  endfacet
  facet normal 0.7604059656000174 0.6494480483301996 0
    outer loop
      vertex -13.375328890437402 -11.87423492889721 3.200000000000001
      vertex -13.202081528017118 -12.077081528017132 8.881784197001252e-16
      vertex -13.375328890437402 -11.87423492889721 8.881784197001252e-16
    endloop
  endfacet
  facet normal 0.649448048330226 0.7604059655999947 0
    outer loop
      vertex -13.202081528017118 -12.077081528017132 3.200000000000001
      vertex -12.99923492889721 -12.250328890437416 8.881784197001252e-16
      vertex -13.202081528017118 -12.077081528017132 8.881784197001252e-16
    endloop
  endfacet
  facet normal 0.23344536385588993 0.9723699203976803 0
    outer loop
      vertex -12.525328890437407 -12.491796077701764 3.200000000000001
      vertex -12.265938590568396 -12.554070179011731 8.881784197001252e-16
      vertex -12.525328890437407 -12.491796077701764 8.881784197001252e-16
    endloop
  endfacet
  facet normal 0.07845909572786593 0.9969173337331264 0
    outer loop
      vertex -12.265938590568396 -12.554070179011731 3.200000000000001
      vertex -12 -12.575000000000003 8.881784197001252e-16
      vertex -12.265938590568396 -12.554070179011731 8.881784197001252e-16
    endloop
  endfacet
  facet normal -0.07845909572786593 0.9969173337331264 0
    outer loop
      vertex -12 -12.575000000000003 3.200000000000001
      vertex -11.734061409431604 -12.554070179011731 8.881784197001252e-16
      vertex -12 -12.575000000000003 8.881784197001252e-16
    endloop
  endfacet
  facet normal -0.23344536385588993 0.9723699203976803 0
    outer loop
      vertex -11.734061409431604 -12.554070179011731 3.200000000000001
      vertex -11.474671109562593 -12.491796077701764 8.881784197001252e-16
      vertex -11.734061409431604 -12.554070179011731 8.881784197001252e-16
    endloop
  endfacet
  facet normal -0.38268343236510394 0.923879532511281 0
    outer loop
      vertex -11.474671109562593 -12.491796077701764 3.200000000000001
      vertex -11.228216150442762 -12.389711091120219 8.881784197001252e-16
      vertex -11.474671109562593 -12.491796077701764 8.881784197001252e-16
    endloop
  endfacet
  facet normal 0.8526401643540751 0.5224985647159767 0
    outer loop
      vertex -13.514711091120233 -11.646783849557224 3.200000000000001
      vertex -13.375328890437402 -11.87423492889721 8.881784197001252e-16
      vertex -13.514711091120233 -11.646783849557224 8.881784197001252e-16
    endloop
  endfacet
  facet normal 0.923879532511292 0.3826834323650773 0
    outer loop
      vertex -13.616796077701764 -11.400328890437407 3.200000000000001
      vertex -13.514711091120233 -11.646783849557224 8.881784197001252e-16
      vertex -13.616796077701764 -11.400328890437407 8.881784197001252e-16
    endloop
  endfacet
  facet normal 0.9723699203976682 0.2334453638559403 0
    outer loop
      vertex -13.679070179011745 -11.140938590568396 3.200000000000001
      vertex -13.616796077701764 -11.400328890437407 8.881784197001252e-16
      vertex -13.679070179011745 -11.140938590568396 8.881784197001252e-16
    endloop
  endfacet
  facet normal 0.9969173337331347 0.07845909572776003 0
    outer loop
      vertex -13.699999999999989 -10.875 3.200000000000001
      vertex -13.679070179011745 -11.140938590568396 8.881784197001252e-16
      vertex -13.699999999999989 -10.875 8.881784197001252e-16
    endloop
  endfacet
  facet normal -0.522498564715923 0.852640164354108 0
    outer loop
      vertex -11.228216150442762 -12.389711091120219 3.200000000000001
      vertex -11.00076507110279 -12.250328890437416 8.881784197001252e-16
      vertex -11.228216150442762 -12.389711091120219 8.881784197001252e-16
    endloop
  endfacet
  facet normal -0.649448048330226 0.7604059655999947 0
    outer loop
      vertex -11.00076507110279 -12.250328890437416 3.200000000000001
      vertex -10.797918471982882 -12.077081528017132 8.881784197001252e-16
      vertex -11.00076507110279 -12.250328890437416 8.881784197001252e-16
    endloop
  endfacet
  facet normal -0.7604059656000174 0.6494480483301996 0
    outer loop
      vertex -10.797918471982882 -12.077081528017132 3.200000000000001
      vertex -10.624671109562598 -11.87423492889721 8.881784197001252e-16
      vertex -10.797918471982882 -12.077081528017132 8.881784197001252e-16
    endloop
  endfacet
  facet normal -0.8526401643540751 0.5224985647159767 0
    outer loop
      vertex -10.624671109562598 -11.87423492889721 3.200000000000001
      vertex -10.485288908879767 -11.646783849557224 8.881784197001252e-16
      vertex -10.624671109562598 -11.87423492889721 8.881784197001252e-16
    endloop
  endfacet
  facet normal -0.923879532511292 0.3826834323650773 0
    outer loop
      vertex -10.485288908879767 -11.646783849557224 3.200000000000001
      vertex -10.383203922298236 -11.400328890437407 8.881784197001252e-16
      vertex -10.485288908879767 -11.646783849557224 8.881784197001252e-16
    endloop
  endfacet
  facet normal -0.9723699203976682 0.2334453638559403 0
    outer loop
      vertex -10.383203922298236 -11.400328890437407 3.200000000000001
      vertex -10.320929820988255 -11.140938590568396 8.881784197001252e-16
      vertex -10.383203922298236 -11.400328890437407 8.881784197001252e-16
    endloop
  endfacet
  facet normal -0.9969173337331347 0.07845909572776003 0
    outer loop
      vertex -10.320929820988255 -11.140938590568396 3.200000000000001
      vertex -10.300000000000011 -10.875 8.881784197001252e-16
      vertex -10.320929820988255 -11.140938590568396 8.881784197001252e-16
    endloop
  endfacet
  facet normal 0.9969173337331347 -0.07845909572776003 0
    outer loop
      vertex -13.679070179011745 -10.609061409431604 3.200000000000001
      vertex -13.699999999999989 -10.875 8.881784197001252e-16
      vertex -13.679070179011745 -10.609061409431604 8.881784197001252e-16
    endloop
  endfacet
  facet normal 0.9723699203976682 -0.2334453638559403 0
    outer loop
      vertex -13.616796077701764 -10.349671109562593 3.200000000000001
      vertex -13.679070179011745 -10.609061409431604 8.881784197001252e-16
      vertex -13.616796077701764 -10.349671109562593 8.881784197001252e-16
    endloop
  endfacet
  facet normal 0.923879532511292 -0.3826834323650773 0
    outer loop
      vertex -13.514711091120233 -10.103216150442776 3.200000000000001
      vertex -13.616796077701764 -10.349671109562593 8.881784197001252e-16
      vertex -13.514711091120233 -10.103216150442776 8.881784197001252e-16
    endloop
  endfacet
  facet normal 0.8526401643540751 -0.5224985647159767 0
    outer loop
      vertex -13.375328890437402 -9.87576507110279 3.200000000000001
      vertex -13.514711091120233 -10.103216150442776 8.881784197001252e-16
      vertex -13.375328890437402 -9.87576507110279 8.881784197001252e-16
    endloop
  endfacet
  facet normal 0.7604059656000174 -0.6494480483301996 0
    outer loop
      vertex -13.202081528017118 -9.672918471982868 3.200000000000001
      vertex -13.375328890437402 -9.87576507110279 8.881784197001252e-16
      vertex -13.202081528017118 -9.672918471982868 8.881784197001252e-16
    endloop
  endfacet
  facet normal 0.649448048330226 -0.7604059655999947 0
    outer loop
      vertex -12.99923492889721 -9.499671109562584 3.200000000000001
      vertex -13.202081528017118 -9.672918471982868 8.881784197001252e-16
      vertex -12.99923492889721 -9.499671109562584 8.881784197001252e-16
    endloop
  endfacet
  facet normal 0.522498564715923 -0.852640164354108 0
    outer loop
      vertex -12.771783849557238 -9.360288908879781 3.200000000000001
      vertex -12.99923492889721 -9.499671109562584 8.881784197001252e-16
      vertex -12.771783849557238 -9.360288908879781 8.881784197001252e-16
    endloop
  endfacet
  facet normal 0.38268343236510394 -0.923879532511281 0
    outer loop
      vertex -12.525328890437407 -9.258203922298236 3.200000000000001
      vertex -12.771783849557238 -9.360288908879781 8.881784197001252e-16
      vertex -12.525328890437407 -9.258203922298236 8.881784197001252e-16
    endloop
  endfacet
  facet normal 0.23344536385588993 -0.9723699203976803 0
    outer loop
      vertex -12.265938590568396 -9.195929820988269 3.200000000000001
      vertex -12.525328890437407 -9.258203922298236 8.881784197001252e-16
      vertex -12.265938590568396 -9.195929820988269 8.881784197001252e-16
    endloop
  endfacet
  facet normal 0.07845909572786593 -0.9969173337331264 0
    outer loop
      vertex -12 -9.174999999999997 3.200000000000001
      vertex -12.265938590568396 -9.195929820988269 8.881784197001252e-16
      vertex -12 -9.174999999999997 8.881784197001252e-16
    endloop
  endfacet
  facet normal -0.23344536385588993 -0.9723699203976803 0
    outer loop
      vertex -11.474671109562593 -9.258203922298236 3.200000000000001
      vertex -11.734061409431604 -9.195929820988269 8.881784197001252e-16
      vertex -11.474671109562593 -9.258203922298236 8.881784197001252e-16
    endloop
  endfacet
  facet normal -0.07845909572786593 -0.9969173337331264 0
    outer loop
      vertex -11.734061409431604 -9.195929820988269 3.200000000000001
      vertex -12 -9.174999999999997 8.881784197001252e-16
      vertex -11.734061409431604 -9.195929820988269 8.881784197001252e-16
    endloop
  endfacet
  facet normal -0.9969173337331347 -0.07845909572776003 0
    outer loop
      vertex -10.300000000000011 -10.875 3.200000000000001
      vertex -10.320929820988255 -10.609061409431604 8.881784197001252e-16
      vertex -10.300000000000011 -10.875 8.881784197001252e-16
    endloop
  endfacet
  facet normal -0.9723699203976682 -0.2334453638559403 0
    outer loop
      vertex -10.320929820988255 -10.609061409431604 3.200000000000001
      vertex -10.383203922298236 -10.349671109562593 8.881784197001252e-16
      vertex -10.320929820988255 -10.609061409431604 8.881784197001252e-16
    endloop
  endfacet
  facet normal -0.923879532511292 -0.3826834323650773 0
    outer loop
      vertex -10.383203922298236 -10.349671109562593 3.200000000000001
      vertex -10.485288908879767 -10.103216150442776 8.881784197001252e-16
      vertex -10.383203922298236 -10.349671109562593 8.881784197001252e-16
    endloop
  endfacet
  facet normal -0.8526401643540751 -0.5224985647159767 0
    outer loop
      vertex -10.485288908879767 -10.103216150442776 3.200000000000001
      vertex -10.624671109562598 -9.87576507110279 8.881784197001252e-16
      vertex -10.485288908879767 -10.103216150442776 8.881784197001252e-16
    endloop
  endfacet
  facet normal -0.649448048330226 -0.7604059655999947 0
    outer loop
      vertex -10.797918471982882 -9.672918471982868 3.200000000000001
      vertex -11.00076507110279 -9.499671109562584 8.881784197001252e-16
      vertex -10.797918471982882 -9.672918471982868 8.881784197001252e-16
    endloop
  endfacet
  facet normal -0.522498564715923 -0.852640164354108 0
    outer loop
      vertex -11.00076507110279 -9.499671109562584 3.200000000000001
      vertex -11.228216150442762 -9.360288908879781 8.881784197001252e-16
      vertex -11.00076507110279 -9.499671109562584 8.881784197001252e-16
    endloop
  endfacet
  facet normal -0.7604059656000174 -0.6494480483301996 0
    outer loop
      vertex -10.624671109562598 -9.87576507110279 3.200000000000001
      vertex -10.797918471982882 -9.672918471982868 8.881784197001252e-16
      vertex -10.624671109562598 -9.87576507110279 8.881784197001252e-16
    endloop
  endfacet
  facet normal -0.38268343236510394 -0.923879532511281 0
    outer loop
      vertex -11.228216150442762 -9.360288908879781 3.200000000000001
      vertex -11.474671109562593 -9.258203922298236 8.881784197001252e-16
      vertex -11.228216150442762 -9.360288908879781 8.881784197001252e-16
    endloop
  endfacet
  facet normal 0.38268343236510394 0.923879532511281 0
    outer loop
      vertex -12.525328890437407 -12.491796077701764 3.200000000000001
      vertex -12.525328890437407 -12.491796077701764 8.881784197001252e-16
      vertex -12.771783849557238 -12.389711091120219 3.200000000000001
    endloop
  endfacet
  facet normal 0.522498564715923 0.852640164354108 0
    outer loop
      vertex -12.771783849557238 -12.389711091120219 3.200000000000001
      vertex -12.771783849557238 -12.389711091120219 8.881784197001252e-16
      vertex -12.99923492889721 -12.250328890437416 3.200000000000001
    endloop
  endfacet
  facet normal 0.7604059656000174 0.6494480483301996 -2.3364110671366077e-19
    outer loop
      vertex -13.375328890437402 -11.87423492889721 3.200000000000001
      vertex -13.202081528017118 -12.077081528017132 3.200000000000001
      vertex -13.202081528017118 -12.077081528017132 8.881784197001252e-16
    endloop
  endfacet
  facet normal 0.8526401643540751 0.5224985647159767 2.989126875912911e-18
    outer loop
      vertex -13.514711091120233 -11.646783849557224 3.200000000000001
      vertex -13.375328890437402 -11.87423492889721 3.200000000000001
      vertex -13.375328890437402 -11.87423492889721 8.881784197001252e-16
    endloop
  endfacet
  facet normal 0.649448048330226 0.7604059655999947 0
    outer loop
      vertex -12.99923492889721 -12.250328890437416 3.200000000000001
      vertex -12.99923492889721 -12.250328890437416 8.881784197001252e-16
      vertex -13.202081528017118 -12.077081528017132 3.200000000000001
    endloop
  endfacet
  facet normal 0.23344536385588993 0.9723699203976803 0
    outer loop
      vertex -12.265938590568396 -12.554070179011731 3.200000000000001
      vertex -12.265938590568396 -12.554070179011731 8.881784197001252e-16
      vertex -12.525328890437407 -12.491796077701764 3.200000000000001
    endloop
  endfacet
  facet normal 0.07845909572786593 0.9969173337331264 0
    outer loop
      vertex -12 -12.575000000000003 3.200000000000001
      vertex -12 -12.575000000000003 8.881784197001252e-16
      vertex -12.265938590568396 -12.554070179011731 3.200000000000001
    endloop
  endfacet
  facet normal -0.07845909572786593 0.9969173337331264 0
    outer loop
      vertex -11.734061409431604 -12.554070179011731 3.200000000000001
      vertex -11.734061409431604 -12.554070179011731 8.881784197001252e-16
      vertex -12 -12.575000000000003 3.200000000000001
    endloop
  endfacet
  facet normal -0.23344536385588993 0.9723699203976803 0
    outer loop
      vertex -11.474671109562593 -12.491796077701764 3.200000000000001
      vertex -11.474671109562593 -12.491796077701764 8.881784197001252e-16
      vertex -11.734061409431604 -12.554070179011731 3.200000000000001
    endloop
  endfacet
  facet normal 0.923879532511292 0.3826834323650773 1.7816401984643085e-18
    outer loop
      vertex -13.616796077701764 -11.400328890437407 3.200000000000001
      vertex -13.514711091120233 -11.646783849557224 3.200000000000001
      vertex -13.514711091120233 -11.646783849557224 8.881784197001252e-16
    endloop
  endfacet
  facet normal 0.9723699203976682 0.2334453638559403 -1.3478196825828039e-18
    outer loop
      vertex -13.679070179011745 -11.140938590568396 3.200000000000001
      vertex -13.616796077701764 -11.400328890437407 3.200000000000001
      vertex -13.616796077701764 -11.400328890437407 8.881784197001252e-16
    endloop
  endfacet
  facet normal 0.9969173337331347 0.07845909572776003 2.7522680043102663e-19
    outer loop
      vertex -13.699999999999989 -10.875 3.200000000000001
      vertex -13.679070179011745 -11.140938590568396 3.200000000000001
      vertex -13.679070179011745 -11.140938590568396 8.881784197001252e-16
    endloop
  endfacet
  facet normal -0.38268343236510394 0.923879532511281 0
    outer loop
      vertex -11.228216150442762 -12.389711091120219 3.200000000000001
      vertex -11.228216150442762 -12.389711091120219 8.881784197001252e-16
      vertex -11.474671109562593 -12.491796077701764 3.200000000000001
    endloop
  endfacet
  facet normal -0.522498564715923 0.852640164354108 0
    outer loop
      vertex -11.00076507110279 -12.250328890437416 3.200000000000001
      vertex -11.00076507110279 -12.250328890437416 8.881784197001252e-16
      vertex -11.228216150442762 -12.389711091120219 3.200000000000001
    endloop
  endfacet
  facet normal -0.649448048330226 0.7604059655999947 0
    outer loop
      vertex -10.797918471982882 -12.077081528017132 3.200000000000001
      vertex -10.797918471982882 -12.077081528017132 8.881784197001252e-16
      vertex -11.00076507110279 -12.250328890437416 3.200000000000001
    endloop
  endfacet
  facet normal -0.7604059656000174 0.6494480483301996 2.3364110671366077e-19
    outer loop
      vertex -10.797918471982882 -12.077081528017132 3.200000000000001
      vertex -10.624671109562598 -11.87423492889721 3.200000000000001
      vertex -10.624671109562598 -11.87423492889721 8.881784197001252e-16
    endloop
  endfacet
  facet normal -0.8526401643540751 0.5224985647159767 -2.989126875912911e-18
    outer loop
      vertex -10.624671109562598 -11.87423492889721 3.200000000000001
      vertex -10.485288908879767 -11.646783849557224 3.200000000000001
      vertex -10.485288908879767 -11.646783849557224 8.881784197001252e-16
    endloop
  endfacet
  facet normal -0.923879532511292 0.3826834323650773 -1.7816401984643085e-18
    outer loop
      vertex -10.485288908879767 -11.646783849557224 3.200000000000001
      vertex -10.383203922298236 -11.400328890437407 3.200000000000001
      vertex -10.383203922298236 -11.400328890437407 8.881784197001252e-16
    endloop
  endfacet
  facet normal -0.9723699203976682 0.2334453638559403 1.3478196825828039e-18
    outer loop
      vertex -10.383203922298236 -11.400328890437407 3.200000000000001
      vertex -10.320929820988255 -11.140938590568396 3.200000000000001
      vertex -10.320929820988255 -11.140938590568396 8.881784197001252e-16
    endloop
  endfacet
  facet normal -0.9969173337331347 0.07845909572776003 -2.7522680043102663e-19
    outer loop
      vertex -10.320929820988255 -11.140938590568396 3.200000000000001
      vertex -10.300000000000011 -10.875 3.200000000000001
      vertex -10.300000000000011 -10.875 8.881784197001252e-16
    endloop
  endfacet
  facet normal 0.9969173337331347 -0.07845909572776003 -2.7522680043102663e-19
    outer loop
      vertex -13.679070179011745 -10.609061409431604 3.200000000000001
      vertex -13.699999999999989 -10.875 3.200000000000001
      vertex -13.699999999999989 -10.875 8.881784197001252e-16
    endloop
  endfacet
  facet normal 0.9723699203976682 -0.2334453638559403 1.3478196825828039e-18
    outer loop
      vertex -13.616796077701764 -10.349671109562593 3.200000000000001
      vertex -13.679070179011745 -10.609061409431604 3.200000000000001
      vertex -13.679070179011745 -10.609061409431604 8.881784197001252e-16
    endloop
  endfacet
  facet normal 0.923879532511292 -0.3826834323650773 -1.7816401984643085e-18
    outer loop
      vertex -13.514711091120233 -10.103216150442776 3.200000000000001
      vertex -13.616796077701764 -10.349671109562593 3.200000000000001
      vertex -13.616796077701764 -10.349671109562593 8.881784197001252e-16
    endloop
  endfacet
  facet normal 0.8526401643540751 -0.5224985647159767 -2.989126875912911e-18
    outer loop
      vertex -13.375328890437402 -9.87576507110279 3.200000000000001
      vertex -13.514711091120233 -10.103216150442776 3.200000000000001
      vertex -13.514711091120233 -10.103216150442776 8.881784197001252e-16
    endloop
  endfacet
  facet normal 0.7604059656000174 -0.6494480483301996 2.3364110671366077e-19
    outer loop
      vertex -13.202081528017118 -9.672918471982868 3.200000000000001
      vertex -13.375328890437402 -9.87576507110279 3.200000000000001
      vertex -13.375328890437402 -9.87576507110279 8.881784197001252e-16
    endloop
  endfacet
  facet normal 0.649448048330226 -0.7604059655999947 1.773220434773529e-18
    outer loop
      vertex -12.99923492889721 -9.499671109562584 3.200000000000001
      vertex -13.202081528017118 -9.672918471982868 3.200000000000001
      vertex -13.202081528017118 -9.672918471982868 8.881784197001252e-16
    endloop
  endfacet
  facet normal 0.522498564715923 -0.852640164354108 0
    outer loop
      vertex -12.99923492889721 -9.499671109562584 3.200000000000001
      vertex -12.99923492889721 -9.499671109562584 8.881784197001252e-16
      vertex -12.771783849557238 -9.360288908879781 3.200000000000001
    endloop
  endfacet
  facet normal 0.38268343236510394 -0.923879532511281 0
    outer loop
      vertex -12.771783849557238 -9.360288908879781 3.200000000000001
      vertex -12.771783849557238 -9.360288908879781 8.881784197001252e-16
      vertex -12.525328890437407 -9.258203922298236 3.200000000000001
    endloop
  endfacet
  facet normal 0.23344536385588993 -0.9723699203976803 0
    outer loop
      vertex -12.525328890437407 -9.258203922298236 3.200000000000001
      vertex -12.525328890437407 -9.258203922298236 8.881784197001252e-16
      vertex -12.265938590568396 -9.195929820988269 3.200000000000001
    endloop
  endfacet
  facet normal 0.07845909572786593 -0.9969173337331264 0
    outer loop
      vertex -12.265938590568396 -9.195929820988269 3.200000000000001
      vertex -12.265938590568396 -9.195929820988269 8.881784197001252e-16
      vertex -12 -9.174999999999997 3.200000000000001
    endloop
  endfacet
  facet normal -0.23344536385588993 -0.9723699203976803 0
    outer loop
      vertex -11.734061409431604 -9.195929820988269 3.200000000000001
      vertex -11.734061409431604 -9.195929820988269 8.881784197001252e-16
      vertex -11.474671109562593 -9.258203922298236 3.200000000000001
    endloop
  endfacet
  facet normal -0.38268343236510394 -0.923879532511281 0
    outer loop
      vertex -11.474671109562593 -9.258203922298236 3.200000000000001
      vertex -11.474671109562593 -9.258203922298236 8.881784197001252e-16
      vertex -11.228216150442762 -9.360288908879781 3.200000000000001
    endloop
  endfacet
  facet normal -0.07845909572786593 -0.9969173337331264 0
    outer loop
      vertex -12 -9.174999999999997 3.200000000000001
      vertex -12 -9.174999999999997 8.881784197001252e-16
      vertex -11.734061409431604 -9.195929820988269 3.200000000000001
    endloop
  endfacet
  facet normal -0.9969173337331347 -0.07845909572776003 2.7522680043102663e-19
    outer loop
      vertex -10.300000000000011 -10.875 3.200000000000001
      vertex -10.320929820988255 -10.609061409431604 3.200000000000001
      vertex -10.320929820988255 -10.609061409431604 8.881784197001252e-16
    endloop
  endfacet
  facet normal -0.9723699203976682 -0.2334453638559403 -1.3478196825828039e-18
    outer loop
      vertex -10.320929820988255 -10.609061409431604 3.200000000000001
      vertex -10.383203922298236 -10.349671109562593 3.200000000000001
      vertex -10.383203922298236 -10.349671109562593 8.881784197001252e-16
    endloop
  endfacet
  facet normal -0.923879532511292 -0.3826834323650773 1.7816401984643085e-18
    outer loop
      vertex -10.383203922298236 -10.349671109562593 3.200000000000001
      vertex -10.485288908879767 -10.103216150442776 3.200000000000001
      vertex -10.485288908879767 -10.103216150442776 8.881784197001252e-16
    endloop
  endfacet
  facet normal -0.8526401643540751 -0.5224985647159767 2.989126875912911e-18
    outer loop
      vertex -10.485288908879767 -10.103216150442776 3.200000000000001
      vertex -10.624671109562598 -9.87576507110279 3.200000000000001
      vertex -10.624671109562598 -9.87576507110279 8.881784197001252e-16
    endloop
  endfacet
  facet normal -0.649448048330226 -0.7604059655999947 0
    outer loop
      vertex -11.00076507110279 -9.499671109562584 3.200000000000001
      vertex -11.00076507110279 -9.499671109562584 8.881784197001252e-16
      vertex -10.797918471982882 -9.672918471982868 3.200000000000001
    endloop
  endfacet
  facet normal -0.7604059656000174 -0.6494480483301996 0
    outer loop
      vertex -10.797918471982882 -9.672918471982868 3.200000000000001
      vertex -10.797918471982882 -9.672918471982868 8.881784197001252e-16
      vertex -10.624671109562598 -9.87576507110279 3.200000000000001
    endloop
  endfacet
  facet normal -0.522498564715923 -0.852640164354108 0
    outer loop
      vertex -11.228216150442762 -9.360288908879781 3.200000000000001
      vertex -11.228216150442762 -9.360288908879781 8.881784197001252e-16
      vertex -11.00076507110279 -9.499671109562584 3.200000000000001
    endloop
  endfacet
  facet normal 0.522498564715923 0.852640164354108 0
    outer loop
      vertex 11.00076507110279 -12.250328890437416 3.200000000000001
      vertex 11.228216150442762 -12.389711091120219 8.881784197001252e-16
      vertex 11.00076507110279 -12.250328890437416 8.881784197001252e-16
    endloop
  endfacet
  facet normal 0.649448048330226 0.7604059655999947 0
    outer loop
      vertex 10.797918471982882 -12.077081528017132 3.200000000000001
      vertex 11.00076507110279 -12.250328890437416 8.881784197001252e-16
      vertex 10.797918471982882 -12.077081528017132 8.881784197001252e-16
    endloop
  endfacet
  facet normal 0.7604059656000174 0.6494480483301996 0
    outer loop
      vertex 10.624671109562598 -11.87423492889721 3.200000000000001
      vertex 10.797918471982882 -12.077081528017132 8.881784197001252e-16
      vertex 10.624671109562598 -11.87423492889721 8.881784197001252e-16
    endloop
  endfacet
  facet normal 0.23344536385588993 0.9723699203976803 0
    outer loop
      vertex 11.474671109562593 -12.491796077701764 3.200000000000001
      vertex 11.734061409431604 -12.554070179011731 8.881784197001252e-16
      vertex 11.474671109562593 -12.491796077701764 8.881784197001252e-16
    endloop
  endfacet
  facet normal 0.38268343236510394 0.923879532511281 0
    outer loop
      vertex 11.228216150442762 -12.389711091120219 3.200000000000001
      vertex 11.474671109562593 -12.491796077701764 8.881784197001252e-16
      vertex 11.228216150442762 -12.389711091120219 8.881784197001252e-16
    endloop
  endfacet
  facet normal 0.07845909572786593 0.9969173337331264 0
    outer loop
      vertex 11.734061409431604 -12.554070179011731 3.200000000000001
      vertex 12 -12.575000000000003 8.881784197001252e-16
      vertex 11.734061409431604 -12.554070179011731 8.881784197001252e-16
    endloop
  endfacet
  facet normal -0.07845909572786593 0.9969173337331264 0
    outer loop
      vertex 12 -12.575000000000003 3.200000000000001
      vertex 12.265938590568396 -12.554070179011731 8.881784197001252e-16
      vertex 12 -12.575000000000003 8.881784197001252e-16
    endloop
  endfacet
  facet normal -0.23344536385588993 0.9723699203976803 0
    outer loop
      vertex 12.265938590568396 -12.554070179011731 3.200000000000001
      vertex 12.525328890437407 -12.491796077701764 8.881784197001252e-16
      vertex 12.265938590568396 -12.554070179011731 8.881784197001252e-16
    endloop
  endfacet
  facet normal 0.8526401643540751 0.5224985647159767 0
    outer loop
      vertex 10.485288908879767 -11.646783849557224 3.200000000000001
      vertex 10.624671109562598 -11.87423492889721 8.881784197001252e-16
      vertex 10.485288908879767 -11.646783849557224 8.881784197001252e-16
    endloop
  endfacet
  facet normal 0.923879532511292 0.3826834323650773 0
    outer loop
      vertex 10.383203922298236 -11.400328890437407 3.200000000000001
      vertex 10.485288908879767 -11.646783849557224 8.881784197001252e-16
      vertex 10.383203922298236 -11.400328890437407 8.881784197001252e-16
    endloop
  endfacet
  facet normal 0.9723699203976682 0.2334453638559403 0
    outer loop
      vertex 10.320929820988255 -11.140938590568396 3.200000000000001
      vertex 10.383203922298236 -11.400328890437407 8.881784197001252e-16
      vertex 10.320929820988255 -11.140938590568396 8.881784197001252e-16
    endloop
  endfacet
  facet normal 0.9969173337331347 0.07845909572776003 0
    outer loop
      vertex 10.300000000000011 -10.875 3.200000000000001
      vertex 10.320929820988255 -11.140938590568396 8.881784197001252e-16
      vertex 10.300000000000011 -10.875 8.881784197001252e-16
    endloop
  endfacet
  facet normal -0.38268343236510394 0.923879532511281 0
    outer loop
      vertex 12.525328890437407 -12.491796077701764 3.200000000000001
      vertex 12.771783849557238 -12.389711091120219 8.881784197001252e-16
      vertex 12.525328890437407 -12.491796077701764 8.881784197001252e-16
    endloop
  endfacet
  facet normal -0.522498564715923 0.852640164354108 0
    outer loop
      vertex 12.771783849557238 -12.389711091120219 3.200000000000001
      vertex 12.99923492889721 -12.250328890437416 8.881784197001252e-16
      vertex 12.771783849557238 -12.389711091120219 8.881784197001252e-16
    endloop
  endfacet
  facet normal -0.649448048330226 0.7604059655999947 0
    outer loop
      vertex 12.99923492889721 -12.250328890437416 3.200000000000001
      vertex 13.202081528017118 -12.077081528017132 8.881784197001252e-16
      vertex 12.99923492889721 -12.250328890437416 8.881784197001252e-16
    endloop
  endfacet
  facet normal -0.7604059656000174 0.6494480483301996 0
    outer loop
      vertex 13.202081528017118 -12.077081528017132 3.200000000000001
      vertex 13.375328890437402 -11.87423492889721 8.881784197001252e-16
      vertex 13.202081528017118 -12.077081528017132 8.881784197001252e-16
    endloop
  endfacet
  facet normal -0.8526401643540751 0.5224985647159767 0
    outer loop
      vertex 13.375328890437402 -11.87423492889721 3.200000000000001
      vertex 13.514711091120233 -11.646783849557224 8.881784197001252e-16
      vertex 13.375328890437402 -11.87423492889721 8.881784197001252e-16
    endloop
  endfacet
  facet normal -0.923879532511292 0.3826834323650773 0
    outer loop
      vertex 13.514711091120233 -11.646783849557224 3.200000000000001
      vertex 13.616796077701764 -11.400328890437407 8.881784197001252e-16
      vertex 13.514711091120233 -11.646783849557224 8.881784197001252e-16
    endloop
  endfacet
  facet normal -0.9723699203976682 0.2334453638559403 0
    outer loop
      vertex 13.616796077701764 -11.400328890437407 3.200000000000001
      vertex 13.679070179011745 -11.140938590568396 8.881784197001252e-16
      vertex 13.616796077701764 -11.400328890437407 8.881784197001252e-16
    endloop
  endfacet
  facet normal -0.9969173337331347 0.07845909572776003 0
    outer loop
      vertex 13.679070179011745 -11.140938590568396 3.200000000000001
      vertex 13.699999999999989 -10.875 8.881784197001252e-16
      vertex 13.679070179011745 -11.140938590568396 8.881784197001252e-16
    endloop
  endfacet
  facet normal 0.9969173337331347 -0.07845909572776003 0
    outer loop
      vertex 10.320929820988255 -10.609061409431604 3.200000000000001
      vertex 10.300000000000011 -10.875 8.881784197001252e-16
      vertex 10.320929820988255 -10.609061409431604 8.881784197001252e-16
    endloop
  endfacet
  facet normal 0.9723699203976682 -0.2334453638559403 0
    outer loop
      vertex 10.383203922298236 -10.349671109562593 3.200000000000001
      vertex 10.320929820988255 -10.609061409431604 8.881784197001252e-16
      vertex 10.383203922298236 -10.349671109562593 8.881784197001252e-16
    endloop
  endfacet
  facet normal 0.923879532511292 -0.3826834323650773 0
    outer loop
      vertex 10.485288908879767 -10.103216150442776 3.200000000000001
      vertex 10.383203922298236 -10.349671109562593 8.881784197001252e-16
      vertex 10.485288908879767 -10.103216150442776 8.881784197001252e-16
    endloop
  endfacet
  facet normal 0.8526401643540751 -0.5224985647159767 0
    outer loop
      vertex 10.624671109562598 -9.87576507110279 3.200000000000001
      vertex 10.485288908879767 -10.103216150442776 8.881784197001252e-16
      vertex 10.624671109562598 -9.87576507110279 8.881784197001252e-16
    endloop
  endfacet
  facet normal 0.7604059656000174 -0.6494480483301996 0
    outer loop
      vertex 10.797918471982882 -9.672918471982868 3.200000000000001
      vertex 10.624671109562598 -9.87576507110279 8.881784197001252e-16
      vertex 10.797918471982882 -9.672918471982868 8.881784197001252e-16
    endloop
  endfacet
  facet normal 0.649448048330226 -0.7604059655999947 0
    outer loop
      vertex 11.00076507110279 -9.499671109562584 3.200000000000001
      vertex 10.797918471982882 -9.672918471982868 8.881784197001252e-16
      vertex 11.00076507110279 -9.499671109562584 8.881784197001252e-16
    endloop
  endfacet
  facet normal 0.522498564715923 -0.852640164354108 0
    outer loop
      vertex 11.228216150442762 -9.360288908879781 3.200000000000001
      vertex 11.00076507110279 -9.499671109562584 8.881784197001252e-16
      vertex 11.228216150442762 -9.360288908879781 8.881784197001252e-16
    endloop
  endfacet
  facet normal 0.38268343236510394 -0.923879532511281 0
    outer loop
      vertex 11.474671109562593 -9.258203922298236 3.200000000000001
      vertex 11.228216150442762 -9.360288908879781 8.881784197001252e-16
      vertex 11.474671109562593 -9.258203922298236 8.881784197001252e-16
    endloop
  endfacet
  facet normal 0.23344536385588993 -0.9723699203976803 0
    outer loop
      vertex 11.734061409431604 -9.195929820988269 3.200000000000001
      vertex 11.474671109562593 -9.258203922298236 8.881784197001252e-16
      vertex 11.734061409431604 -9.195929820988269 8.881784197001252e-16
    endloop
  endfacet
  facet normal 0.07845909572786593 -0.9969173337331264 0
    outer loop
      vertex 12 -9.174999999999997 3.200000000000001
      vertex 11.734061409431604 -9.195929820988269 8.881784197001252e-16
      vertex 12 -9.174999999999997 8.881784197001252e-16
    endloop
  endfacet
  facet normal -0.07845909572786593 -0.9969173337331264 0
    outer loop
      vertex 12.265938590568396 -9.195929820988269 3.200000000000001
      vertex 12 -9.174999999999997 8.881784197001252e-16
      vertex 12.265938590568396 -9.195929820988269 8.881784197001252e-16
    endloop
  endfacet
  facet normal -0.8526401643540751 -0.5224985647159767 0
    outer loop
      vertex 13.514711091120233 -10.103216150442776 3.200000000000001
      vertex 13.375328890437402 -9.87576507110279 8.881784197001252e-16
      vertex 13.514711091120233 -10.103216150442776 8.881784197001252e-16
    endloop
  endfacet
  facet normal -0.9969173337331347 -0.07845909572776003 0
    outer loop
      vertex 13.699999999999989 -10.875 3.200000000000001
      vertex 13.679070179011745 -10.609061409431604 8.881784197001252e-16
      vertex 13.699999999999989 -10.875 8.881784197001252e-16
    endloop
  endfacet
  facet normal -0.9723699203976682 -0.2334453638559403 0
    outer loop
      vertex 13.679070179011745 -10.609061409431604 3.200000000000001
      vertex 13.616796077701764 -10.349671109562593 8.881784197001252e-16
      vertex 13.679070179011745 -10.609061409431604 8.881784197001252e-16
    endloop
  endfacet
  facet normal -0.923879532511292 -0.3826834323650773 0
    outer loop
      vertex 13.616796077701764 -10.349671109562593 3.200000000000001
      vertex 13.514711091120233 -10.103216150442776 8.881784197001252e-16
      vertex 13.616796077701764 -10.349671109562593 8.881784197001252e-16
    endloop
  endfacet
  facet normal -0.522498564715923 -0.852640164354108 0
    outer loop
      vertex 12.99923492889721 -9.499671109562584 3.200000000000001
      vertex 12.771783849557238 -9.360288908879781 8.881784197001252e-16
      vertex 12.99923492889721 -9.499671109562584 8.881784197001252e-16
    endloop
  endfacet
  facet normal -0.7604059656000174 -0.6494480483301996 0
    outer loop
      vertex 13.375328890437402 -9.87576507110279 3.200000000000001
      vertex 13.202081528017118 -9.672918471982868 8.881784197001252e-16
      vertex 13.375328890437402 -9.87576507110279 8.881784197001252e-16
    endloop
  endfacet
  facet normal -0.649448048330226 -0.7604059655999947 0
    outer loop
      vertex 13.202081528017118 -9.672918471982868 3.200000000000001
      vertex 12.99923492889721 -9.499671109562584 8.881784197001252e-16
      vertex 13.202081528017118 -9.672918471982868 8.881784197001252e-16
    endloop
  endfacet
  facet normal -0.23344536385588993 -0.9723699203976803 0
    outer loop
      vertex 12.525328890437407 -9.258203922298236 3.200000000000001
      vertex 12.265938590568396 -9.195929820988269 8.881784197001252e-16
      vertex 12.525328890437407 -9.258203922298236 8.881784197001252e-16
    endloop
  endfacet
  facet normal -0.38268343236510394 -0.923879532511281 0
    outer loop
      vertex 12.771783849557238 -9.360288908879781 3.200000000000001
      vertex 12.525328890437407 -9.258203922298236 8.881784197001252e-16
      vertex 12.771783849557238 -9.360288908879781 8.881784197001252e-16
    endloop
  endfacet
  facet normal 0.522498564715923 0.852640164354108 0
    outer loop
      vertex 11.228216150442762 -12.389711091120219 3.200000000000001
      vertex 11.228216150442762 -12.389711091120219 8.881784197001252e-16
      vertex 11.00076507110279 -12.250328890437416 3.200000000000001
    endloop
  endfacet
  facet normal 0.8526401643540751 0.5224985647159767 2.989126875912911e-18
    outer loop
      vertex 10.485288908879767 -11.646783849557224 3.200000000000001
      vertex 10.624671109562598 -11.87423492889721 3.200000000000001
      vertex 10.624671109562598 -11.87423492889721 8.881784197001252e-16
    endloop
  endfacet
  facet normal 0.649448048330226 0.7604059655999947 0
    outer loop
      vertex 11.00076507110279 -12.250328890437416 3.200000000000001
      vertex 11.00076507110279 -12.250328890437416 8.881784197001252e-16
      vertex 10.797918471982882 -12.077081528017132 3.200000000000001
    endloop
  endfacet
  facet normal 0.7604059656000174 0.6494480483301996 -2.3364110671366077e-19
    outer loop
      vertex 10.624671109562598 -11.87423492889721 3.200000000000001
      vertex 10.797918471982882 -12.077081528017132 3.200000000000001
      vertex 10.797918471982882 -12.077081528017132 8.881784197001252e-16
    endloop
  endfacet
  facet normal 0.23344536385588993 0.9723699203976803 0
    outer loop
      vertex 11.734061409431604 -12.554070179011731 3.200000000000001
      vertex 11.734061409431604 -12.554070179011731 8.881784197001252e-16
      vertex 11.474671109562593 -12.491796077701764 3.200000000000001
    endloop
  endfacet
  facet normal 0.38268343236510394 0.923879532511281 0
    outer loop
      vertex 11.474671109562593 -12.491796077701764 3.200000000000001
      vertex 11.474671109562593 -12.491796077701764 8.881784197001252e-16
      vertex 11.228216150442762 -12.389711091120219 3.200000000000001
    endloop
  endfacet
  facet normal 0.07845909572786593 0.9969173337331264 0
    outer loop
      vertex 12 -12.575000000000003 3.200000000000001
      vertex 12 -12.575000000000003 8.881784197001252e-16
      vertex 11.734061409431604 -12.554070179011731 3.200000000000001
    endloop
  endfacet
  facet normal -0.07845909572786593 0.9969173337331264 0
    outer loop
      vertex 12.265938590568396 -12.554070179011731 3.200000000000001
      vertex 12.265938590568396 -12.554070179011731 8.881784197001252e-16
      vertex 12 -12.575000000000003 3.200000000000001
    endloop
  endfacet
  facet normal 0.923879532511292 0.3826834323650773 1.7816401984643085e-18
    outer loop
      vertex 10.383203922298236 -11.400328890437407 3.200000000000001
      vertex 10.485288908879767 -11.646783849557224 3.200000000000001
      vertex 10.485288908879767 -11.646783849557224 8.881784197001252e-16
    endloop
  endfacet
  facet normal 0.9723699203976682 0.2334453638559403 -1.3478196825828039e-18
    outer loop
      vertex 10.320929820988255 -11.140938590568396 3.200000000000001
      vertex 10.383203922298236 -11.400328890437407 3.200000000000001
      vertex 10.383203922298236 -11.400328890437407 8.881784197001252e-16
    endloop
  endfacet
  facet normal 0.9969173337331347 0.07845909572776003 2.7522680043102663e-19
    outer loop
      vertex 10.300000000000011 -10.875 3.200000000000001
      vertex 10.320929820988255 -11.140938590568396 3.200000000000001
      vertex 10.320929820988255 -11.140938590568396 8.881784197001252e-16
    endloop
  endfacet
  facet normal -0.23344536385588993 0.9723699203976803 0
    outer loop
      vertex 12.525328890437407 -12.491796077701764 3.200000000000001
      vertex 12.525328890437407 -12.491796077701764 8.881784197001252e-16
      vertex 12.265938590568396 -12.554070179011731 3.200000000000001
    endloop
  endfacet
  facet normal -0.38268343236510394 0.923879532511281 0
    outer loop
      vertex 12.771783849557238 -12.389711091120219 3.200000000000001
      vertex 12.771783849557238 -12.389711091120219 8.881784197001252e-16
      vertex 12.525328890437407 -12.491796077701764 3.200000000000001
    endloop
  endfacet
  facet normal -0.522498564715923 0.852640164354108 0
    outer loop
      vertex 12.99923492889721 -12.250328890437416 3.200000000000001
      vertex 12.99923492889721 -12.250328890437416 8.881784197001252e-16
      vertex 12.771783849557238 -12.389711091120219 3.200000000000001
    endloop
  endfacet
  facet normal -0.649448048330226 0.7604059655999947 0
    outer loop
      vertex 13.202081528017118 -12.077081528017132 3.200000000000001
      vertex 13.202081528017118 -12.077081528017132 8.881784197001252e-16
      vertex 12.99923492889721 -12.250328890437416 3.200000000000001
    endloop
  endfacet
  facet normal -0.7604059656000174 0.6494480483301996 2.3364110671366077e-19
    outer loop
      vertex 13.202081528017118 -12.077081528017132 3.200000000000001
      vertex 13.375328890437402 -11.87423492889721 3.200000000000001
      vertex 13.375328890437402 -11.87423492889721 8.881784197001252e-16
    endloop
  endfacet
  facet normal -0.8526401643540751 0.5224985647159767 -2.989126875912911e-18
    outer loop
      vertex 13.375328890437402 -11.87423492889721 3.200000000000001
      vertex 13.514711091120233 -11.646783849557224 3.200000000000001
      vertex 13.514711091120233 -11.646783849557224 8.881784197001252e-16
    endloop
  endfacet
  facet normal -0.923879532511292 0.3826834323650773 -1.7816401984643085e-18
    outer loop
      vertex 13.514711091120233 -11.646783849557224 3.200000000000001
      vertex 13.616796077701764 -11.400328890437407 3.200000000000001
      vertex 13.616796077701764 -11.400328890437407 8.881784197001252e-16
    endloop
  endfacet
  facet normal -0.9723699203976682 0.2334453638559403 1.3478196825828039e-18
    outer loop
      vertex 13.616796077701764 -11.400328890437407 3.200000000000001
      vertex 13.679070179011745 -11.140938590568396 3.200000000000001
      vertex 13.679070179011745 -11.140938590568396 8.881784197001252e-16
    endloop
  endfacet
  facet normal -0.9969173337331347 0.07845909572776003 -2.7522680043102663e-19
    outer loop
      vertex 13.679070179011745 -11.140938590568396 3.200000000000001
      vertex 13.699999999999989 -10.875 3.200000000000001
      vertex 13.699999999999989 -10.875 8.881784197001252e-16
    endloop
  endfacet
  facet normal 0.9969173337331347 -0.07845909572776003 -2.7522680043102663e-19
    outer loop
      vertex 10.320929820988255 -10.609061409431604 3.200000000000001
      vertex 10.300000000000011 -10.875 3.200000000000001
      vertex 10.300000000000011 -10.875 8.881784197001252e-16
    endloop
  endfacet
  facet normal 0.9723699203976682 -0.2334453638559403 1.3478196825828039e-18
    outer loop
      vertex 10.383203922298236 -10.349671109562593 3.200000000000001
      vertex 10.320929820988255 -10.609061409431604 3.200000000000001
      vertex 10.320929820988255 -10.609061409431604 8.881784197001252e-16
    endloop
  endfacet
  facet normal 0.923879532511292 -0.3826834323650773 -1.7816401984643085e-18
    outer loop
      vertex 10.485288908879767 -10.103216150442776 3.200000000000001
      vertex 10.383203922298236 -10.349671109562593 3.200000000000001
      vertex 10.383203922298236 -10.349671109562593 8.881784197001252e-16
    endloop
  endfacet
  facet normal 0.8526401643540751 -0.5224985647159767 -2.989126875912911e-18
    outer loop
      vertex 10.624671109562598 -9.87576507110279 3.200000000000001
      vertex 10.485288908879767 -10.103216150442776 3.200000000000001
      vertex 10.485288908879767 -10.103216150442776 8.881784197001252e-16
    endloop
  endfacet
  facet normal 0.7604059656000174 -0.6494480483301996 2.3364110671366077e-19
    outer loop
      vertex 10.797918471982882 -9.672918471982868 3.200000000000001
      vertex 10.624671109562598 -9.87576507110279 3.200000000000001
      vertex 10.624671109562598 -9.87576507110279 8.881784197001252e-16
    endloop
  endfacet
  facet normal 0.649448048330226 -0.7604059655999947 1.773220434773529e-18
    outer loop
      vertex 11.00076507110279 -9.499671109562584 3.200000000000001
      vertex 10.797918471982882 -9.672918471982868 3.200000000000001
      vertex 10.797918471982882 -9.672918471982868 8.881784197001252e-16
    endloop
  endfacet
  facet normal 0.522498564715923 -0.852640164354108 0
    outer loop
      vertex 11.00076507110279 -9.499671109562584 3.200000000000001
      vertex 11.00076507110279 -9.499671109562584 8.881784197001252e-16
      vertex 11.228216150442762 -9.360288908879781 3.200000000000001
    endloop
  endfacet
  facet normal 0.38268343236510394 -0.923879532511281 7.366849235632327e-19
    outer loop
      vertex 11.474671109562593 -9.258203922298236 3.200000000000001
      vertex 11.228216150442762 -9.360288908879781 3.200000000000001
      vertex 11.228216150442762 -9.360288908879781 8.881784197001252e-16
    endloop
  endfacet
  facet normal 0.23344536385588993 -0.9723699203976803 0
    outer loop
      vertex 11.474671109562593 -9.258203922298236 3.200000000000001
      vertex 11.474671109562593 -9.258203922298236 8.881784197001252e-16
      vertex 11.734061409431604 -9.195929820988269 3.200000000000001
    endloop
  endfacet
  facet normal -0.23344536385588993 -0.9723699203976803 0
    outer loop
      vertex 12.265938590568396 -9.195929820988269 3.200000000000001
      vertex 12.265938590568396 -9.195929820988269 8.881784197001252e-16
      vertex 12.525328890437407 -9.258203922298236 3.200000000000001
    endloop
  endfacet
  facet normal 0.07845909572786593 -0.9969173337331264 0
    outer loop
      vertex 11.734061409431604 -9.195929820988269 3.200000000000001
      vertex 11.734061409431604 -9.195929820988269 8.881784197001252e-16
      vertex 12 -9.174999999999997 3.200000000000001
    endloop
  endfacet
  facet normal -0.07845909572786593 -0.9969173337331264 0
    outer loop
      vertex 12 -9.174999999999997 3.200000000000001
      vertex 12 -9.174999999999997 8.881784197001252e-16
      vertex 12.265938590568396 -9.195929820988269 3.200000000000001
    endloop
  endfacet
  facet normal -0.923879532511292 -0.3826834323650773 1.7816401984643085e-18
    outer loop
      vertex 13.616796077701764 -10.349671109562593 3.200000000000001
      vertex 13.514711091120233 -10.103216150442776 3.200000000000001
      vertex 13.514711091120233 -10.103216150442776 8.881784197001252e-16
    endloop
  endfacet
  facet normal -0.8526401643540751 -0.5224985647159767 2.989126875912911e-18
    outer loop
      vertex 13.514711091120233 -10.103216150442776 3.200000000000001
      vertex 13.375328890437402 -9.87576507110279 3.200000000000001
      vertex 13.375328890437402 -9.87576507110279 8.881784197001252e-16
    endloop
  endfacet
  facet normal -0.9969173337331347 -0.07845909572776003 2.7522680043102663e-19
    outer loop
      vertex 13.699999999999989 -10.875 3.200000000000001
      vertex 13.679070179011745 -10.609061409431604 3.200000000000001
      vertex 13.679070179011745 -10.609061409431604 8.881784197001252e-16
    endloop
  endfacet
  facet normal -0.9723699203976682 -0.2334453638559403 -1.3478196825828039e-18
    outer loop
      vertex 13.679070179011745 -10.609061409431604 3.200000000000001
      vertex 13.616796077701764 -10.349671109562593 3.200000000000001
      vertex 13.616796077701764 -10.349671109562593 8.881784197001252e-16
    endloop
  endfacet
  facet normal -0.7604059656000174 -0.6494480483301996 0
    outer loop
      vertex 13.202081528017118 -9.672918471982868 3.200000000000001
      vertex 13.202081528017118 -9.672918471982868 8.881784197001252e-16
      vertex 13.375328890437402 -9.87576507110279 3.200000000000001
    endloop
  endfacet
  facet normal -0.649448048330226 -0.7604059655999947 0
    outer loop
      vertex 12.99923492889721 -9.499671109562584 3.200000000000001
      vertex 12.99923492889721 -9.499671109562584 8.881784197001252e-16
      vertex 13.202081528017118 -9.672918471982868 3.200000000000001
    endloop
  endfacet
  facet normal -0.38268343236510394 -0.923879532511281 0
    outer loop
      vertex 12.525328890437407 -9.258203922298236 3.200000000000001
      vertex 12.525328890437407 -9.258203922298236 8.881784197001252e-16
      vertex 12.771783849557238 -9.360288908879781 3.200000000000001
    endloop
  endfacet
  facet normal -0.522498564715923 -0.852640164354108 0
    outer loop
      vertex 12.771783849557238 -9.360288908879781 3.200000000000001
      vertex 12.771783849557238 -9.360288908879781 8.881784197001252e-16
      vertex 12.99923492889721 -9.499671109562584 3.200000000000001
    endloop
  endfacet
  facet normal 0 0 1
    outer loop
      vertex -2.4948182677274247 -3.7288266007292634 1.2100000000000009
      vertex -2.6629582456264416 -5.8652475842498575 1.2100000000000009
      vertex -2.4948182677274247 -6.271173399270737 1.2100000000000009
    endloop
  endfacet
  facet normal 0 0 1
    outer loop
      vertex -2.265247584249863 -3.3542012935810703 1.2100000000000009
      vertex -2.4948182677274247 -6.271173399270737 1.2100000000000009
      vertex -2.265247584249863 -6.64579870641893 1.2100000000000009
    endloop
  endfacet
  facet normal 0 0 1
    outer loop
      vertex -1.9798989873223434 -3.020101012677671 1.2100000000000009
      vertex -2.265247584249863 -6.64579870641893 1.2100000000000009
      vertex -1.9798989873223434 -6.979898987322329 1.2100000000000009
    endloop
  endfacet
  facet normal 0 0 1
    outer loop
      vertex -1.6457987064189297 -2.734752415750151 1.2100000000000009
      vertex -1.9798989873223434 -6.979898987322329 1.2100000000000009
      vertex -1.6457987064189297 -7.265247584249849 1.2100000000000009
    endloop
  endfacet
  facet normal 0 0 1
    outer loop
      vertex -1.2711733992707366 -2.5051817322725753 1.2100000000000009
      vertex -1.6457987064189297 -7.265247584249849 1.2100000000000009
      vertex -1.2711733992707366 -7.494818267727425 1.2100000000000009
    endloop
  endfacet
  facet normal 0 0 1
    outer loop
      vertex -0.8652475842498575 -2.3370417543735726 1.2100000000000009
      vertex -1.2711733992707366 -7.494818267727425 1.2100000000000009
      vertex -0.8652475842498575 -7.662958245626427 1.2100000000000009
    endloop
  endfacet
  facet normal 0 0 1
    outer loop
      vertex -0.43801650211264587 -2.2344726463336144 1.2100000000000009
      vertex -0.8652475842498575 -7.662958245626427 1.2100000000000009
      vertex -0.43801650211264587 -7.765527353666386 1.2100000000000009
    endloop
  endfacet
  facet normal 0 0 1
    outer loop
      vertex -0.43801650211264587 -7.765527353666386 1.2100000000000009
      vertex 0 -7.799999999999997 1.2100000000000009
      vertex 0 -2.200000000000003 1.2100000000000009
    endloop
  endfacet
  facet normal 0 0 1
    outer loop
      vertex 0.43801650211264587 -2.2344726463336144 1.2100000000000009
      vertex 0 -7.799999999999997 1.2100000000000009
      vertex 0.43801650211264587 -7.765527353666386 1.2100000000000009
    endloop
  endfacet
  facet normal 0 0 1
    outer loop
      vertex -2.7655273536663856 -4.561983497887354 1.2100000000000009
      vertex -2.8000000000000114 -5 1.2100000000000009
      vertex -2.7655273536663856 -5.438016502112646 1.2100000000000009
    endloop
  endfacet
  facet normal 0 0 1
    outer loop
      vertex -2.6629582456264416 -4.1347524157501425 1.2100000000000009
      vertex -2.7655273536663856 -5.438016502112646 1.2100000000000009
      vertex -2.6629582456264416 -5.8652475842498575 1.2100000000000009
    endloop
  endfacet
  facet normal 0 0 1
    outer loop
      vertex -2.6629582456264416 -4.1347524157501425 1.2100000000000009
      vertex -2.7655273536663856 -4.561983497887354 1.2100000000000009
      vertex -2.7655273536663856 -5.438016502112646 1.2100000000000009
    endloop
  endfacet
  facet normal 0 0 1
    outer loop
      vertex -2.6629582456264416 -4.1347524157501425 1.2100000000000009
      vertex -2.6629582456264416 -5.8652475842498575 1.2100000000000009
      vertex -2.4948182677274247 -3.7288266007292634 1.2100000000000009
    endloop
  endfacet
  facet normal 0 0 1
    outer loop
      vertex -2.265247584249863 -3.3542012935810703 1.2100000000000009
      vertex -2.4948182677274247 -3.7288266007292634 1.2100000000000009
      vertex -2.4948182677274247 -6.271173399270737 1.2100000000000009
    endloop
  endfacet
  facet normal 0 0 1
    outer loop
      vertex -1.9798989873223434 -3.020101012677671 1.2100000000000009
      vertex -2.265247584249863 -3.3542012935810703 1.2100000000000009
      vertex -2.265247584249863 -6.64579870641893 1.2100000000000009
    endloop
  endfacet
  facet normal 0 0 1
    outer loop
      vertex -1.9798989873223434 -3.020101012677671 1.2100000000000009
      vertex -1.9798989873223434 -6.979898987322329 1.2100000000000009
      vertex -1.6457987064189297 -2.734752415750151 1.2100000000000009
    endloop
  endfacet
  facet normal 0 0 1
    outer loop
      vertex -1.2711733992707366 -2.5051817322725753 1.2100000000000009
      vertex -1.6457987064189297 -2.734752415750151 1.2100000000000009
      vertex -1.6457987064189297 -7.265247584249849 1.2100000000000009
    endloop
  endfacet
  facet normal 0 0 1
    outer loop
      vertex -0.8652475842498575 -2.3370417543735726 1.2100000000000009
      vertex -1.2711733992707366 -2.5051817322725753 1.2100000000000009
      vertex -1.2711733992707366 -7.494818267727425 1.2100000000000009
    endloop
  endfacet
  facet normal 0 0 1
    outer loop
      vertex -0.8652475842498575 -2.3370417543735726 1.2100000000000009
      vertex -0.8652475842498575 -7.662958245626427 1.2100000000000009
      vertex -0.43801650211264587 -2.2344726463336144 1.2100000000000009
    endloop
  endfacet
  facet normal 0 0 1
    outer loop
      vertex -0.43801650211264587 -2.2344726463336144 1.2100000000000009
      vertex -0.43801650211264587 -7.765527353666386 1.2100000000000009
      vertex 0 -2.200000000000003 1.2100000000000009
    endloop
  endfacet
  facet normal 0 0 1
    outer loop
      vertex 0 -2.200000000000003 1.2100000000000009
      vertex 0 -7.799999999999997 1.2100000000000009
      vertex 0.43801650211264587 -2.2344726463336144 1.2100000000000009
    endloop
  endfacet
  facet normal 0 0 1
    outer loop
      vertex 0.8652475842498575 -2.3370417543735726 1.2100000000000009
      vertex 0.43801650211264587 -7.765527353666386 1.2100000000000009
      vertex 0.8652475842498575 -7.662958245626427 1.2100000000000009
    endloop
  endfacet
  facet normal 0 0 1
    outer loop
      vertex 1.2711733992707366 -2.5051817322725753 1.2100000000000009
      vertex 0.8652475842498575 -7.662958245626427 1.2100000000000009
      vertex 1.2711733992707366 -7.494818267727425 1.2100000000000009
    endloop
  endfacet
  facet normal 0 0 1
    outer loop
      vertex 1.6457987064189297 -2.734752415750151 1.2100000000000009
      vertex 1.2711733992707366 -7.494818267727425 1.2100000000000009
      vertex 1.6457987064189297 -7.265247584249849 1.2100000000000009
    endloop
  endfacet
  facet normal 0 0 1
    outer loop
      vertex 1.9798989873223434 -3.020101012677671 1.2100000000000009
      vertex 1.6457987064189297 -7.265247584249849 1.2100000000000009
      vertex 1.9798989873223434 -6.979898987322329 1.2100000000000009
    endloop
  endfacet
  facet normal 0 0 1
    outer loop
      vertex 2.265247584249863 -3.3542012935810703 1.2100000000000009
      vertex 1.9798989873223434 -6.979898987322329 1.2100000000000009
      vertex 2.265247584249863 -6.64579870641893 1.2100000000000009
    endloop
  endfacet
  facet normal 0 0 1
    outer loop
      vertex 2.4948182677274247 -3.7288266007292634 1.2100000000000009
      vertex 2.265247584249863 -6.64579870641893 1.2100000000000009
      vertex 2.4948182677274247 -6.271173399270737 1.2100000000000009
    endloop
  endfacet
  facet normal 0 0 1
    outer loop
      vertex 2.6629582456264416 -4.1347524157501425 1.2100000000000009
      vertex 2.4948182677274247 -6.271173399270737 1.2100000000000009
      vertex 2.6629582456264416 -5.8652475842498575 1.2100000000000009
    endloop
  endfacet
  facet normal 0 0 1
    outer loop
      vertex 2.7655273536663856 -4.561983497887354 1.2100000000000009
      vertex 2.6629582456264416 -5.8652475842498575 1.2100000000000009
      vertex 2.7655273536663856 -5.438016502112646 1.2100000000000009
    endloop
  endfacet
  facet normal 0 0 1
    outer loop
      vertex 1.2711733992707366 -2.5051817322725753 1.2100000000000009
      vertex 1.2711733992707366 -7.494818267727425 1.2100000000000009
      vertex 1.6457987064189297 -2.734752415750151 1.2100000000000009
    endloop
  endfacet
  facet normal 0 0 1
    outer loop
      vertex 2.7655273536663856 -4.561983497887354 1.2100000000000009
      vertex 2.7655273536663856 -5.438016502112646 1.2100000000000009
      vertex 2.8000000000000114 -5 1.2100000000000009
    endloop
  endfacet
  facet normal 0 0 1
    outer loop
      vertex 2.4948182677274247 -3.7288266007292634 1.2100000000000009
      vertex 2.4948182677274247 -6.271173399270737 1.2100000000000009
      vertex 2.6629582456264416 -4.1347524157501425 1.2100000000000009
    endloop
  endfacet
  facet normal 0 0 1
    outer loop
      vertex 2.6629582456264416 -4.1347524157501425 1.2100000000000009
      vertex 2.6629582456264416 -5.8652475842498575 1.2100000000000009
      vertex 2.7655273536663856 -4.561983497887354 1.2100000000000009
    endloop
  endfacet
  facet normal 0 0 1
    outer loop
      vertex 1.6457987064189297 -2.734752415750151 1.2100000000000009
      vertex 1.6457987064189297 -7.265247584249849 1.2100000000000009
      vertex 1.9798989873223434 -3.020101012677671 1.2100000000000009
    endloop
  endfacet
  facet normal 0 0 1
    outer loop
      vertex 1.9798989873223434 -3.020101012677671 1.2100000000000009
      vertex 1.9798989873223434 -6.979898987322329 1.2100000000000009
      vertex 2.265247584249863 -3.3542012935810703 1.2100000000000009
    endloop
  endfacet
  facet normal 0 0 1
    outer loop
      vertex 2.265247584249863 -3.3542012935810703 1.2100000000000009
      vertex 2.265247584249863 -6.64579870641893 1.2100000000000009
      vertex 2.4948182677274247 -3.7288266007292634 1.2100000000000009
    endloop
  endfacet
  facet normal 0 0 1
    outer loop
      vertex 0.43801650211264587 -2.2344726463336144 1.2100000000000009
      vertex 0.43801650211264587 -7.765527353666386 1.2100000000000009
      vertex 0.8652475842498575 -2.3370417543735726 1.2100000000000009
    endloop
  endfacet
  facet normal 0 0 1
    outer loop
      vertex 0.8652475842498575 -2.3370417543735726 1.2100000000000009
      vertex 0.8652475842498575 -7.662958245626427 1.2100000000000009
      vertex 1.2711733992707366 -2.5051817322725753 1.2100000000000009
    endloop
  endfacet
  facet normal 0.3826834323650943 0.9238795325112847 0
    outer loop
      vertex -1.2711733992707366 -7.494818267727425 1.2100000000000009
      vertex -1.2711733992707366 -7.494818267727425 7.200000000000001
      vertex -0.8652475842498575 -7.662958245626427 1.2100000000000009
    endloop
  endfacet
  facet normal 0.2334453638559083 0.972369920397676 0
    outer loop
      vertex -0.8652475842498575 -7.662958245626427 1.2100000000000009
      vertex -0.8652475842498575 -7.662958245626427 7.200000000000001
      vertex -0.43801650211264587 -7.765527353666386 1.2100000000000009
    endloop
  endfacet
  facet normal 0.522498564715947 0.8526401643540934 0
    outer loop
      vertex -1.6457987064189297 -7.265247584249849 1.2100000000000009
      vertex -1.6457987064189297 -7.265247584249849 7.200000000000001
      vertex -1.2711733992707366 -7.494818267727425 1.2100000000000009
    endloop
  endfacet
  facet normal 0.6494480483301778 0.760405965600036 0
    outer loop
      vertex -1.9798989873223434 -6.979898987322329 1.2100000000000009
      vertex -1.9798989873223434 -6.979898987322329 7.200000000000001
      vertex -1.6457987064189297 -7.265247584249849 1.2100000000000009
    endloop
  endfacet
  facet normal 0.07845909572783874 0.9969173337331284 0
    outer loop
      vertex -0.43801650211264587 -7.765527353666386 1.2100000000000009
      vertex -0.43801650211264587 -7.765527353666386 7.200000000000001
      vertex 0 -7.799999999999997 1.2100000000000009
    endloop
  endfacet
  facet normal -0.07845909572783874 0.9969173337331284 0
    outer loop
      vertex 0 -7.799999999999997 1.2100000000000009
      vertex 0 -7.799999999999997 7.200000000000001
      vertex 0.43801650211264587 -7.765527353666386 1.2100000000000009
    endloop
  endfacet
  facet normal -0.2334453638559083 0.972369920397676 0
    outer loop
      vertex 0.43801650211264587 -7.765527353666386 1.2100000000000009
      vertex 0.43801650211264587 -7.765527353666386 7.200000000000001
      vertex 0.8652475842498575 -7.662958245626427 1.2100000000000009
    endloop
  endfacet
  facet normal -0.3826834323650943 0.9238795325112847 -7.006173316304635e-19
    outer loop
      vertex 1.2711733992707366 -7.494818267727425 1.2100000000000009
      vertex 0.8652475842498575 -7.662958245626427 1.2100000000000009
      vertex 0.8652475842498575 -7.662958245626427 7.200000000000001
    endloop
  endfacet
  facet normal -0.522498564715947 0.8526401643540934 3.1166738449668885e-19
    outer loop
      vertex 1.6457987064189297 -7.265247584249849 1.2100000000000009
      vertex 1.2711733992707366 -7.494818267727425 1.2100000000000009
      vertex 1.2711733992707366 -7.494818267727425 7.200000000000001
    endloop
  endfacet
  facet normal -0.6494480483301778 0.760405965600036 0
    outer loop
      vertex 1.6457987064189297 -7.265247584249849 1.2100000000000009
      vertex 1.6457987064189297 -7.265247584249849 7.200000000000001
      vertex 1.9798989873223434 -6.979898987322329 1.2100000000000009
    endloop
  endfacet
  facet normal 0.7604059656000224 0.6494480483301937 0
    outer loop
      vertex -2.265247584249863 -6.64579870641893 1.2100000000000009
      vertex -2.265247584249863 -6.64579870641893 7.200000000000001
      vertex -1.9798989873223434 -6.979898987322329 1.2100000000000009
    endloop
  endfacet
  facet normal 0.8526401643541077 0.5224985647159235 0
    outer loop
      vertex -2.4948182677274247 -6.271173399270737 1.2100000000000009
      vertex -2.4948182677274247 -6.271173399270737 7.200000000000001
      vertex -2.265247584249863 -6.64579870641893 1.2100000000000009
    endloop
  endfacet
  facet normal 0.9238795325112734 0.3826834323651219 0
    outer loop
      vertex -2.6629582456264416 -5.8652475842498575 1.2100000000000009
      vertex -2.6629582456264416 -5.8652475842498575 7.200000000000001
      vertex -2.4948182677274247 -6.271173399270737 1.2100000000000009
    endloop
  endfacet
  facet normal 0.9723699203976833 0.23344536385587772 0
    outer loop
      vertex -2.7655273536663856 -5.438016502112646 1.2100000000000009
      vertex -2.7655273536663856 -5.438016502112646 7.200000000000001
      vertex -2.6629582456264416 -5.8652475842498575 1.2100000000000009
    endloop
  endfacet
  facet normal 0.9969173337331259 0.07845909572787088 0
    outer loop
      vertex -2.8000000000000114 -5 1.2100000000000009
      vertex -2.8000000000000114 -5 7.200000000000001
      vertex -2.7655273536663856 -5.438016502112646 1.2100000000000009
    endloop
  endfacet
  facet normal 0.9969173337331259 -0.07845909572787088 0
    outer loop
      vertex -2.7655273536663856 -4.561983497887354 1.2100000000000009
      vertex -2.7655273536663856 -4.561983497887354 7.200000000000001
      vertex -2.8000000000000114 -5 1.2100000000000009
    endloop
  endfacet
  facet normal 0.9723699203976833 -0.23344536385587772 0
    outer loop
      vertex -2.6629582456264416 -4.1347524157501425 1.2100000000000009
      vertex -2.6629582456264416 -4.1347524157501425 7.200000000000001
      vertex -2.7655273536663856 -4.561983497887354 1.2100000000000009
    endloop
  endfacet
  facet normal 0.9238795325112734 -0.3826834323651219 -2.451088411002409e-18
    outer loop
      vertex -2.6629582456264416 -4.1347524157501425 1.2100000000000009
      vertex -2.4948182677274247 -3.7288266007292634 1.2100000000000009
      vertex -2.4948182677274247 -3.7288266007292634 7.200000000000001
    endloop
  endfacet
  facet normal 0.8526401643541077 -0.5224985647159235 0
    outer loop
      vertex -2.265247584249863 -3.3542012935810703 1.2100000000000009
      vertex -2.265247584249863 -3.3542012935810703 7.200000000000001
      vertex -2.4948182677274247 -3.7288266007292634 1.2100000000000009
    endloop
  endfacet
  facet normal 0.7604059656000224 -0.6494480483301937 0
    outer loop
      vertex -1.9798989873223434 -3.020101012677671 1.2100000000000009
      vertex -1.9798989873223434 -3.020101012677671 7.200000000000001
      vertex -2.265247584249863 -3.3542012935810703 1.2100000000000009
    endloop
  endfacet
  facet normal 0.6494480483301778 -0.760405965600036 -9.66976244274321e-19
    outer loop
      vertex -1.9798989873223434 -3.020101012677671 1.2100000000000009
      vertex -1.6457987064189297 -2.734752415750151 1.2100000000000009
      vertex -1.6457987064189297 -2.734752415750151 7.200000000000001
    endloop
  endfacet
  facet normal 0.522498564715947 -0.8526401643540934 0
    outer loop
      vertex -1.2711733992707366 -2.5051817322725753 1.2100000000000009
      vertex -1.2711733992707366 -2.5051817322725753 7.200000000000001
      vertex -1.6457987064189297 -2.734752415750151 1.2100000000000009
    endloop
  endfacet
  facet normal 0.3826834323650943 -0.9238795325112847 0
    outer loop
      vertex -0.8652475842498575 -2.3370417543735726 1.2100000000000009
      vertex -0.8652475842498575 -2.3370417543735726 7.200000000000001
      vertex -1.2711733992707366 -2.5051817322725753 1.2100000000000009
    endloop
  endfacet
  facet normal 0.2334453638559083 -0.972369920397676 -5.773752472983067e-19
    outer loop
      vertex -0.8652475842498575 -2.3370417543735726 1.2100000000000009
      vertex -0.43801650211264587 -2.2344726463336144 1.2100000000000009
      vertex -0.43801650211264587 -2.2344726463336144 7.200000000000001
    endloop
  endfacet
  facet normal 0.07845909572783874 -0.9969173337331284 -2.5415168889134717e-19
    outer loop
      vertex -0.43801650211264587 -2.2344726463336144 1.2100000000000009
      vertex 0 -2.200000000000003 1.2100000000000009
      vertex 0 -2.200000000000003 7.200000000000001
    endloop
  endfacet
  facet normal -0.07845909572783874 -0.9969173337331284 2.5415168889134717e-19
    outer loop
      vertex 0 -2.200000000000003 1.2100000000000009
      vertex 0.43801650211264587 -2.2344726463336144 1.2100000000000009
      vertex 0.43801650211264587 -2.2344726463336144 7.200000000000001
    endloop
  endfacet
  facet normal -0.7604059656000224 0.6494480483301937 -2.0055738213196857e-18
    outer loop
      vertex 2.265247584249863 -6.64579870641893 1.2100000000000009
      vertex 1.9798989873223434 -6.979898987322329 1.2100000000000009
      vertex 1.9798989873223434 -6.979898987322329 7.200000000000001
    endloop
  endfacet
  facet normal -0.8526401643541077 0.5224985647159235 2.334861063963319e-18
    outer loop
      vertex 2.4948182677274247 -6.271173399270737 1.2100000000000009
      vertex 2.265247584249863 -6.64579870641893 1.2100000000000009
      vertex 2.265247584249863 -6.64579870641893 7.200000000000001
    endloop
  endfacet
  facet normal -0.9238795325112734 0.3826834323651219 -2.451088411002409e-18
    outer loop
      vertex 2.6629582456264416 -5.8652475842498575 1.2100000000000009
      vertex 2.4948182677274247 -6.271173399270737 1.2100000000000009
      vertex 2.4948182677274247 -6.271173399270737 7.200000000000001
    endloop
  endfacet
  facet normal -0.9723699203976833 0.23344536385587772 -4.963184564745812e-19
    outer loop
      vertex 2.7655273536663856 -5.438016502112646 1.2100000000000009
      vertex 2.6629582456264416 -5.8652475842498575 1.2100000000000009
      vertex 2.6629582456264416 -5.8652475842498575 7.200000000000001
    endloop
  endfacet
  facet normal -0.9969173337331259 0.07845909572787088 -1.0177015650055673e-19
    outer loop
      vertex 2.8000000000000114 -5 1.2100000000000009
      vertex 2.7655273536663856 -5.438016502112646 1.2100000000000009
      vertex 2.7655273536663856 -5.438016502112646 7.200000000000001
    endloop
  endfacet
  facet normal -0.9969173337331259 -0.07845909572787088 1.0177015650055673e-19
    outer loop
      vertex 2.7655273536663856 -4.561983497887354 1.2100000000000009
      vertex 2.8000000000000114 -5 1.2100000000000009
      vertex 2.8000000000000114 -5 7.200000000000001
    endloop
  endfacet
  facet normal -0.9723699203976833 -0.23344536385587772 4.963184564745812e-19
    outer loop
      vertex 2.6629582456264416 -4.1347524157501425 1.2100000000000009
      vertex 2.7655273536663856 -4.561983497887354 1.2100000000000009
      vertex 2.7655273536663856 -4.561983497887354 7.200000000000001
    endloop
  endfacet
  facet normal -0.9238795325112734 -0.3826834323651219 2.451088411002409e-18
    outer loop
      vertex 2.4948182677274247 -3.7288266007292634 1.2100000000000009
      vertex 2.6629582456264416 -4.1347524157501425 1.2100000000000009
      vertex 2.6629582456264416 -4.1347524157501425 7.200000000000001
    endloop
  endfacet
  facet normal -0.8526401643541077 -0.5224985647159235 -2.334861063963319e-18
    outer loop
      vertex 2.265247584249863 -3.3542012935810703 1.2100000000000009
      vertex 2.4948182677274247 -3.7288266007292634 1.2100000000000009
      vertex 2.4948182677274247 -3.7288266007292634 7.200000000000001
    endloop
  endfacet
  facet normal -0.522498564715947 -0.8526401643540934 -3.1166738449668885e-19
    outer loop
      vertex 1.2711733992707366 -2.5051817322725753 1.2100000000000009
      vertex 1.6457987064189297 -2.734752415750151 1.2100000000000009
      vertex 1.6457987064189297 -2.734752415750151 7.200000000000001
    endloop
  endfacet
  facet normal -0.3826834323650943 -0.9238795325112847 7.006173316304635e-19
    outer loop
      vertex 0.8652475842498575 -2.3370417543735726 1.2100000000000009
      vertex 1.2711733992707366 -2.5051817322725753 1.2100000000000009
      vertex 1.2711733992707366 -2.5051817322725753 7.200000000000001
    endloop
  endfacet
  facet normal -0.7604059656000224 -0.6494480483301937 2.0055738213196857e-18
    outer loop
      vertex 1.9798989873223434 -3.020101012677671 1.2100000000000009
      vertex 2.265247584249863 -3.3542012935810703 1.2100000000000009
      vertex 2.265247584249863 -3.3542012935810703 7.200000000000001
    endloop
  endfacet
  facet normal -0.6494480483301778 -0.760405965600036 9.66976244274321e-19
    outer loop
      vertex 1.6457987064189297 -2.734752415750151 1.2100000000000009
      vertex 1.9798989873223434 -3.020101012677671 1.2100000000000009
      vertex 1.9798989873223434 -3.020101012677671 7.200000000000001
    endloop
  endfacet
  facet normal -0.2334453638559083 -0.972369920397676 5.773752472983067e-19
    outer loop
      vertex 0.43801650211264587 -2.2344726463336144 1.2100000000000009
      vertex 0.8652475842498575 -2.3370417543735726 1.2100000000000009
      vertex 0.8652475842498575 -2.3370417543735726 7.200000000000001
    endloop
  endfacet
  facet normal 0.3826834323650943 0.9238795325112847 0
    outer loop
      vertex -0.8652475842498575 -7.662958245626427 1.2100000000000009
      vertex -1.2711733992707366 -7.494818267727425 7.200000000000001
      vertex -0.8652475842498575 -7.662958245626427 7.200000000000001
    endloop
  endfacet
  facet normal 0.522498564715947 0.8526401643540934 0
    outer loop
      vertex -1.2711733992707366 -7.494818267727425 1.2100000000000009
      vertex -1.6457987064189297 -7.265247584249849 7.200000000000001
      vertex -1.2711733992707366 -7.494818267727425 7.200000000000001
    endloop
  endfacet
  facet normal 0.6494480483301778 0.760405965600036 0
    outer loop
      vertex -1.6457987064189297 -7.265247584249849 1.2100000000000009
      vertex -1.9798989873223434 -6.979898987322329 7.200000000000001
      vertex -1.6457987064189297 -7.265247584249849 7.200000000000001
    endloop
  endfacet
  facet normal 0.07845909572783874 0.9969173337331284 0
    outer loop
      vertex 0 -7.799999999999997 1.2100000000000009
      vertex -0.43801650211264587 -7.765527353666386 7.200000000000001
      vertex 0 -7.799999999999997 7.200000000000001
    endloop
  endfacet
  facet normal 0.2334453638559083 0.972369920397676 0
    outer loop
      vertex -0.43801650211264587 -7.765527353666386 1.2100000000000009
      vertex -0.8652475842498575 -7.662958245626427 7.200000000000001
      vertex -0.43801650211264587 -7.765527353666386 7.200000000000001
    endloop
  endfacet
  facet normal -0.07845909572783874 0.9969173337331284 0
    outer loop
      vertex 0.43801650211264587 -7.765527353666386 1.2100000000000009
      vertex 0 -7.799999999999997 7.200000000000001
      vertex 0.43801650211264587 -7.765527353666386 7.200000000000001
    endloop
  endfacet
  facet normal -0.2334453638559083 0.972369920397676 0
    outer loop
      vertex 0.8652475842498575 -7.662958245626427 1.2100000000000009
      vertex 0.43801650211264587 -7.765527353666386 7.200000000000001
      vertex 0.8652475842498575 -7.662958245626427 7.200000000000001
    endloop
  endfacet
  facet normal -0.3826834323650943 0.9238795325112847 0
    outer loop
      vertex 1.2711733992707366 -7.494818267727425 1.2100000000000009
      vertex 0.8652475842498575 -7.662958245626427 7.200000000000001
      vertex 1.2711733992707366 -7.494818267727425 7.200000000000001
    endloop
  endfacet
  facet normal -0.522498564715947 0.8526401643540934 0
    outer loop
      vertex 1.6457987064189297 -7.265247584249849 1.2100000000000009
      vertex 1.2711733992707366 -7.494818267727425 7.200000000000001
      vertex 1.6457987064189297 -7.265247584249849 7.200000000000001
    endloop
  endfacet
  facet normal -0.6494480483301778 0.760405965600036 0
    outer loop
      vertex 1.9798989873223434 -6.979898987322329 1.2100000000000009
      vertex 1.6457987064189297 -7.265247584249849 7.200000000000001
      vertex 1.9798989873223434 -6.979898987322329 7.200000000000001
    endloop
  endfacet
  facet normal 0.7604059656000224 0.6494480483301937 0
    outer loop
      vertex -1.9798989873223434 -6.979898987322329 1.2100000000000009
      vertex -2.265247584249863 -6.64579870641893 7.200000000000001
      vertex -1.9798989873223434 -6.979898987322329 7.200000000000001
    endloop
  endfacet
  facet normal 0.9238795325112734 0.3826834323651219 0
    outer loop
      vertex -2.4948182677274247 -6.271173399270737 1.2100000000000009
      vertex -2.6629582456264416 -5.8652475842498575 7.200000000000001
      vertex -2.4948182677274247 -6.271173399270737 7.200000000000001
    endloop
  endfacet
  facet normal 0.8526401643541077 0.5224985647159235 0
    outer loop
      vertex -2.265247584249863 -6.64579870641893 1.2100000000000009
      vertex -2.4948182677274247 -6.271173399270737 7.200000000000001
      vertex -2.265247584249863 -6.64579870641893 7.200000000000001
    endloop
  endfacet
  facet normal 0.9723699203976833 0.23344536385587772 0
    outer loop
      vertex -2.6629582456264416 -5.8652475842498575 1.2100000000000009
      vertex -2.7655273536663856 -5.438016502112646 7.200000000000001
      vertex -2.6629582456264416 -5.8652475842498575 7.200000000000001
    endloop
  endfacet
  facet normal 0.9969173337331259 0.07845909572787088 0
    outer loop
      vertex -2.7655273536663856 -5.438016502112646 1.2100000000000009
      vertex -2.8000000000000114 -5 7.200000000000001
      vertex -2.7655273536663856 -5.438016502112646 7.200000000000001
    endloop
  endfacet
  facet normal 0.9969173337331259 -0.07845909572787088 0
    outer loop
      vertex -2.8000000000000114 -5 1.2100000000000009
      vertex -2.7655273536663856 -4.561983497887354 7.200000000000001
      vertex -2.8000000000000114 -5 7.200000000000001
    endloop
  endfacet
  facet normal 0.9723699203976833 -0.23344536385587772 0
    outer loop
      vertex -2.7655273536663856 -4.561983497887354 1.2100000000000009
      vertex -2.6629582456264416 -4.1347524157501425 7.200000000000001
      vertex -2.7655273536663856 -4.561983497887354 7.200000000000001
    endloop
  endfacet
  facet normal 0.9238795325112734 -0.3826834323651219 0
    outer loop
      vertex -2.6629582456264416 -4.1347524157501425 1.2100000000000009
      vertex -2.4948182677274247 -3.7288266007292634 7.200000000000001
      vertex -2.6629582456264416 -4.1347524157501425 7.200000000000001
    endloop
  endfacet
  facet normal 0.8526401643541077 -0.5224985647159235 0
    outer loop
      vertex -2.4948182677274247 -3.7288266007292634 1.2100000000000009
      vertex -2.265247584249863 -3.3542012935810703 7.200000000000001
      vertex -2.4948182677274247 -3.7288266007292634 7.200000000000001
    endloop
  endfacet
  facet normal 0.7604059656000224 -0.6494480483301937 0
    outer loop
      vertex -2.265247584249863 -3.3542012935810703 1.2100000000000009
      vertex -1.9798989873223434 -3.020101012677671 7.200000000000001
      vertex -2.265247584249863 -3.3542012935810703 7.200000000000001
    endloop
  endfacet
  facet normal 0.6494480483301778 -0.760405965600036 0
    outer loop
      vertex -1.9798989873223434 -3.020101012677671 1.2100000000000009
      vertex -1.6457987064189297 -2.734752415750151 7.200000000000001
      vertex -1.9798989873223434 -3.020101012677671 7.200000000000001
    endloop
  endfacet
  facet normal 0.522498564715947 -0.8526401643540934 0
    outer loop
      vertex -1.6457987064189297 -2.734752415750151 1.2100000000000009
      vertex -1.2711733992707366 -2.5051817322725753 7.200000000000001
      vertex -1.6457987064189297 -2.734752415750151 7.200000000000001
    endloop
  endfacet
  facet normal 0.3826834323650943 -0.9238795325112847 0
    outer loop
      vertex -1.2711733992707366 -2.5051817322725753 1.2100000000000009
      vertex -0.8652475842498575 -2.3370417543735726 7.200000000000001
      vertex -1.2711733992707366 -2.5051817322725753 7.200000000000001
    endloop
  endfacet
  facet normal 0.2334453638559083 -0.972369920397676 0
    outer loop
      vertex -0.8652475842498575 -2.3370417543735726 1.2100000000000009
      vertex -0.43801650211264587 -2.2344726463336144 7.200000000000001
      vertex -0.8652475842498575 -2.3370417543735726 7.200000000000001
    endloop
  endfacet
  facet normal 0.07845909572783874 -0.9969173337331284 0
    outer loop
      vertex -0.43801650211264587 -2.2344726463336144 1.2100000000000009
      vertex 0 -2.200000000000003 7.200000000000001
      vertex -0.43801650211264587 -2.2344726463336144 7.200000000000001
    endloop
  endfacet
  facet normal -0.07845909572783874 -0.9969173337331284 0
    outer loop
      vertex 0 -2.200000000000003 1.2100000000000009
      vertex 0.43801650211264587 -2.2344726463336144 7.200000000000001
      vertex 0 -2.200000000000003 7.200000000000001
    endloop
  endfacet
  facet normal -0.7604059656000224 0.6494480483301937 0
    outer loop
      vertex 2.265247584249863 -6.64579870641893 1.2100000000000009
      vertex 1.9798989873223434 -6.979898987322329 7.200000000000001
      vertex 2.265247584249863 -6.64579870641893 7.200000000000001
    endloop
  endfacet
  facet normal -0.8526401643541077 0.5224985647159235 0
    outer loop
      vertex 2.4948182677274247 -6.271173399270737 1.2100000000000009
      vertex 2.265247584249863 -6.64579870641893 7.200000000000001
      vertex 2.4948182677274247 -6.271173399270737 7.200000000000001
    endloop
  endfacet
  facet normal -0.9238795325112734 0.3826834323651219 0
    outer loop
      vertex 2.6629582456264416 -5.8652475842498575 1.2100000000000009
      vertex 2.4948182677274247 -6.271173399270737 7.200000000000001
      vertex 2.6629582456264416 -5.8652475842498575 7.200000000000001
    endloop
  endfacet
  facet normal -0.9723699203976833 0.23344536385587772 0
    outer loop
      vertex 2.7655273536663856 -5.438016502112646 1.2100000000000009
      vertex 2.6629582456264416 -5.8652475842498575 7.200000000000001
      vertex 2.7655273536663856 -5.438016502112646 7.200000000000001
    endloop
  endfacet
  facet normal -0.9969173337331259 0.07845909572787088 0
    outer loop
      vertex 2.8000000000000114 -5 1.2100000000000009
      vertex 2.7655273536663856 -5.438016502112646 7.200000000000001
      vertex 2.8000000000000114 -5 7.200000000000001
    endloop
  endfacet
  facet normal -0.9969173337331259 -0.07845909572787088 0
    outer loop
      vertex 2.7655273536663856 -4.561983497887354 1.2100000000000009
      vertex 2.8000000000000114 -5 7.200000000000001
      vertex 2.7655273536663856 -4.561983497887354 7.200000000000001
    endloop
  endfacet
  facet normal -0.9723699203976833 -0.23344536385587772 0
    outer loop
      vertex 2.6629582456264416 -4.1347524157501425 1.2100000000000009
      vertex 2.7655273536663856 -4.561983497887354 7.200000000000001
      vertex 2.6629582456264416 -4.1347524157501425 7.200000000000001
    endloop
  endfacet
  facet normal -0.9238795325112734 -0.3826834323651219 0
    outer loop
      vertex 2.4948182677274247 -3.7288266007292634 1.2100000000000009
      vertex 2.6629582456264416 -4.1347524157501425 7.200000000000001
      vertex 2.4948182677274247 -3.7288266007292634 7.200000000000001
    endloop
  endfacet
  facet normal -0.8526401643541077 -0.5224985647159235 0
    outer loop
      vertex 2.265247584249863 -3.3542012935810703 1.2100000000000009
      vertex 2.4948182677274247 -3.7288266007292634 7.200000000000001
      vertex 2.265247584249863 -3.3542012935810703 7.200000000000001
    endloop
  endfacet
  facet normal -0.3826834323650943 -0.9238795325112847 0
    outer loop
      vertex 0.8652475842498575 -2.3370417543735726 1.2100000000000009
      vertex 1.2711733992707366 -2.5051817322725753 7.200000000000001
      vertex 0.8652475842498575 -2.3370417543735726 7.200000000000001
    endloop
  endfacet
  facet normal -0.522498564715947 -0.8526401643540934 0
    outer loop
      vertex 1.2711733992707366 -2.5051817322725753 1.2100000000000009
      vertex 1.6457987064189297 -2.734752415750151 7.200000000000001
      vertex 1.2711733992707366 -2.5051817322725753 7.200000000000001
    endloop
  endfacet
  facet normal -0.7604059656000224 -0.6494480483301937 0
    outer loop
      vertex 1.9798989873223434 -3.020101012677671 1.2100000000000009
      vertex 2.265247584249863 -3.3542012935810703 7.200000000000001
      vertex 1.9798989873223434 -3.020101012677671 7.200000000000001
    endloop
  endfacet
  facet normal -0.6494480483301778 -0.760405965600036 0
    outer loop
      vertex 1.6457987064189297 -2.734752415750151 1.2100000000000009
      vertex 1.9798989873223434 -3.020101012677671 7.200000000000001
      vertex 1.6457987064189297 -2.734752415750151 7.200000000000001
    endloop
  endfacet
  facet normal -0.2334453638559083 -0.972369920397676 0
    outer loop
      vertex 0.43801650211264587 -2.2344726463336144 1.2100000000000009
      vertex 0.8652475842498575 -2.3370417543735726 7.200000000000001
      vertex 0.43801650211264587 -2.2344726463336144 7.200000000000001
    endloop
  endfacet
  facet normal 0.5224985647159618 0.8526401643540843 0
    outer loop
      vertex 57.00076507110279 -8.500328890437409 8.881784197001252e-16
      vertex 57.00076507110279 -8.500328890437409 3.200000000000001
      vertex 57.22821615044276 -8.639711091120226 8.881784197001252e-16
    endloop
  endfacet
  facet normal 0.3826834323650812 0.9238795325112903 0
    outer loop
      vertex 57.22821615044276 -8.639711091120226 8.881784197001252e-16
      vertex 57.22821615044276 -8.639711091120226 3.200000000000001
      vertex 57.47467110956259 -8.741796077701764 8.881784197001252e-16
    endloop
  endfacet
  facet normal 0.6494480483302105 0.7604059656000081 0
    outer loop
      vertex 56.79791847198288 -8.327081528017132 8.881784197001252e-16
      vertex 56.79791847198288 -8.327081528017132 3.200000000000001
      vertex 57.00076507110279 -8.500328890437409 8.881784197001252e-16
    endloop
  endfacet
  facet normal 0.7604059656000286 0.6494480483301864 -3.5281729716193195e-18
    outer loop
      vertex 56.79791847198288 -8.327081528017132 8.881784197001252e-16
      vertex 56.6246711095626 -8.124234928897202 8.881784197001252e-16
      vertex 56.6246711095626 -8.124234928897202 3.200000000000001
    endloop
  endfacet
  facet normal 0.9969173337331345 0.07845909572776211 -2.764098073427088e-19
    outer loop
      vertex 56.320929820988255 -7.390938590568389 8.881784197001252e-16
      vertex 56.30000000000001 -7.125 8.881784197001252e-16
      vertex 56.30000000000001 -7.125 3.200000000000001
    endloop
  endfacet
  facet normal 0.8526401643540605 0.5224985647160005 -1.4430401500085112e-18
    outer loop
      vertex 56.6246711095626 -8.124234928897202 8.881784197001252e-16
      vertex 56.48528890887977 -7.896783849557231 8.881784197001252e-16
      vertex 56.48528890887977 -7.896783849557231 3.200000000000001
    endloop
  endfacet
  facet normal 0.9238795325112957 0.3826834323650678 1.4969242374380453e-18
    outer loop
      vertex 56.48528890887977 -7.896783849557231 8.881784197001252e-16
      vertex 56.383203922298236 -7.650328890437407 8.881784197001252e-16
      vertex 56.383203922298236 -7.650328890437407 3.200000000000001
    endloop
  endfacet
  facet normal 0.9723699203976697 0.23344536385593426 5.3250013146215035e-19
    outer loop
      vertex 56.383203922298236 -7.650328890437407 8.881784197001252e-16
      vertex 56.320929820988255 -7.390938590568389 8.881784197001252e-16
      vertex 56.320929820988255 -7.390938590568389 3.200000000000001
    endloop
  endfacet
  facet normal 0.23344536385588993 0.9723699203976803 0
    outer loop
      vertex 57.47467110956259 -8.741796077701764 8.881784197001252e-16
      vertex 57.47467110956259 -8.741796077701764 3.200000000000001
      vertex 57.734061409431604 -8.804070179011731 8.881784197001252e-16
    endloop
  endfacet
  facet normal 0.07845909572786593 0.9969173337331264 0
    outer loop
      vertex 57.734061409431604 -8.804070179011731 8.881784197001252e-16
      vertex 57.734061409431604 -8.804070179011731 3.200000000000001
      vertex 58 -8.825000000000003 8.881784197001252e-16
    endloop
  endfacet
  facet normal -0.07845909572786593 0.9969173337331264 0
    outer loop
      vertex 58 -8.825000000000003 8.881784197001252e-16
      vertex 58 -8.825000000000003 3.200000000000001
      vertex 58.265938590568396 -8.804070179011731 8.881784197001252e-16
    endloop
  endfacet
  facet normal -0.23344536385588993 0.9723699203976803 0
    outer loop
      vertex 58.265938590568396 -8.804070179011731 8.881784197001252e-16
      vertex 58.265938590568396 -8.804070179011731 3.200000000000001
      vertex 58.52532889043741 -8.741796077701764 8.881784197001252e-16
    endloop
  endfacet
  facet normal -0.3826834323650812 0.9238795325112903 0
    outer loop
      vertex 58.52532889043741 -8.741796077701764 8.881784197001252e-16
      vertex 58.52532889043741 -8.741796077701764 3.200000000000001
      vertex 58.77178384955724 -8.639711091120226 8.881784197001252e-16
    endloop
  endfacet
  facet normal -0.5224985647159618 0.8526401643540843 0
    outer loop
      vertex 58.77178384955724 -8.639711091120226 8.881784197001252e-16
      vertex 58.77178384955724 -8.639711091120226 3.200000000000001
      vertex 58.99923492889721 -8.500328890437409 8.881784197001252e-16
    endloop
  endfacet
  facet normal -0.6494480483302105 0.7604059656000081 0
    outer loop
      vertex 58.99923492889721 -8.500328890437409 8.881784197001252e-16
      vertex 58.99923492889721 -8.500328890437409 3.200000000000001
      vertex 59.20208152801712 -8.327081528017132 8.881784197001252e-16
    endloop
  endfacet
  facet normal -0.7604059656000286 0.6494480483301864 3.5281729716193195e-18
    outer loop
      vertex 59.3753288904374 -8.124234928897202 8.881784197001252e-16
      vertex 59.20208152801712 -8.327081528017132 8.881784197001252e-16
      vertex 59.20208152801712 -8.327081528017132 3.200000000000001
    endloop
  endfacet
  facet normal -0.8526401643540605 0.5224985647160005 1.4430401500085112e-18
    outer loop
      vertex 59.51471109112023 -7.896783849557231 8.881784197001252e-16
      vertex 59.3753288904374 -8.124234928897202 8.881784197001252e-16
      vertex 59.3753288904374 -8.124234928897202 3.200000000000001
    endloop
  endfacet
  facet normal -0.9238795325112957 0.3826834323650678 -1.4969242374380453e-18
    outer loop
      vertex 59.616796077701764 -7.650328890437407 8.881784197001252e-16
      vertex 59.51471109112023 -7.896783849557231 8.881784197001252e-16
      vertex 59.51471109112023 -7.896783849557231 3.200000000000001
    endloop
  endfacet
  facet normal -0.9723699203976697 0.23344536385593426 -5.3250013146215035e-19
    outer loop
      vertex 59.679070179011745 -7.390938590568389 8.881784197001252e-16
      vertex 59.616796077701764 -7.650328890437407 8.881784197001252e-16
      vertex 59.616796077701764 -7.650328890437407 3.200000000000001
    endloop
  endfacet
  facet normal -0.9969173337331345 0.07845909572776211 2.764098073427088e-19
    outer loop
      vertex 59.69999999999999 -7.125 8.881784197001252e-16
      vertex 59.679070179011745 -7.390938590568389 8.881784197001252e-16
      vertex 59.679070179011745 -7.390938590568389 3.200000000000001
    endloop
  endfacet
  facet normal 0.9969173337331345 -0.07845909572776211 2.764098073427088e-19
    outer loop
      vertex 56.30000000000001 -7.125 8.881784197001252e-16
      vertex 56.320929820988255 -6.859061409431611 8.881784197001252e-16
      vertex 56.320929820988255 -6.859061409431611 3.200000000000001
    endloop
  endfacet
  facet normal 0.9723699203976697 -0.23344536385593426 -5.3250013146215035e-19
    outer loop
      vertex 56.320929820988255 -6.859061409431611 8.881784197001252e-16
      vertex 56.383203922298236 -6.599671109562593 8.881784197001252e-16
      vertex 56.383203922298236 -6.599671109562593 3.200000000000001
    endloop
  endfacet
  facet normal 0.9238795325112957 -0.3826834323650678 -1.4969242374380453e-18
    outer loop
      vertex 56.383203922298236 -6.599671109562593 8.881784197001252e-16
      vertex 56.48528890887977 -6.353216150442769 8.881784197001252e-16
      vertex 56.48528890887977 -6.353216150442769 3.200000000000001
    endloop
  endfacet
  facet normal 0.8526401643540605 -0.5224985647160005 1.4430401500085112e-18
    outer loop
      vertex 56.48528890887977 -6.353216150442769 8.881784197001252e-16
      vertex 56.6246711095626 -6.125765071102798 8.881784197001252e-16
      vertex 56.6246711095626 -6.125765071102798 3.200000000000001
    endloop
  endfacet
  facet normal 0.7604059656000286 -0.6494480483301864 3.5281729716193195e-18
    outer loop
      vertex 56.6246711095626 -6.125765071102798 8.881784197001252e-16
      vertex 56.79791847198288 -5.922918471982868 8.881784197001252e-16
      vertex 56.79791847198288 -5.922918471982868 3.200000000000001
    endloop
  endfacet
  facet normal 0.6494480483302105 -0.7604059656000081 0
    outer loop
      vertex 57.00076507110279 -5.749671109562591 8.881784197001252e-16
      vertex 57.00076507110279 -5.749671109562591 3.200000000000001
      vertex 56.79791847198288 -5.922918471982868 8.881784197001252e-16
    endloop
  endfacet
  facet normal 0.5224985647159618 -0.8526401643540843 0
    outer loop
      vertex 57.22821615044276 -5.610288908879774 8.881784197001252e-16
      vertex 57.22821615044276 -5.610288908879774 3.200000000000001
      vertex 57.00076507110279 -5.749671109562591 8.881784197001252e-16
    endloop
  endfacet
  facet normal 0.3826834323650812 -0.9238795325112903 0
    outer loop
      vertex 57.47467110956259 -5.508203922298236 8.881784197001252e-16
      vertex 57.47467110956259 -5.508203922298236 3.200000000000001
      vertex 57.22821615044276 -5.610288908879774 8.881784197001252e-16
    endloop
  endfacet
  facet normal -0.9969173337331345 -0.07845909572776211 -2.764098073427088e-19
    outer loop
      vertex 59.679070179011745 -6.859061409431611 8.881784197001252e-16
      vertex 59.69999999999999 -7.125 8.881784197001252e-16
      vertex 59.69999999999999 -7.125 3.200000000000001
    endloop
  endfacet
  facet normal -0.9723699203976697 -0.23344536385593426 5.3250013146215035e-19
    outer loop
      vertex 59.616796077701764 -6.599671109562593 8.881784197001252e-16
      vertex 59.679070179011745 -6.859061409431611 8.881784197001252e-16
      vertex 59.679070179011745 -6.859061409431611 3.200000000000001
    endloop
  endfacet
  facet normal -0.9238795325112957 -0.3826834323650678 1.4969242374380453e-18
    outer loop
      vertex 59.51471109112023 -6.353216150442769 8.881784197001252e-16
      vertex 59.616796077701764 -6.599671109562593 8.881784197001252e-16
      vertex 59.616796077701764 -6.599671109562593 3.200000000000001
    endloop
  endfacet
  facet normal -0.8526401643540605 -0.5224985647160005 -1.4430401500085112e-18
    outer loop
      vertex 59.3753288904374 -6.125765071102798 8.881784197001252e-16
      vertex 59.51471109112023 -6.353216150442769 8.881784197001252e-16
      vertex 59.51471109112023 -6.353216150442769 3.200000000000001
    endloop
  endfacet
  facet normal 0.23344536385588993 -0.9723699203976803 0
    outer loop
      vertex 57.734061409431604 -5.445929820988269 8.881784197001252e-16
      vertex 57.734061409431604 -5.445929820988269 3.200000000000001
      vertex 57.47467110956259 -5.508203922298236 8.881784197001252e-16
    endloop
  endfacet
  facet normal 0.07845909572786593 -0.9969173337331264 0
    outer loop
      vertex 58 -5.424999999999997 8.881784197001252e-16
      vertex 58 -5.424999999999997 3.200000000000001
      vertex 57.734061409431604 -5.445929820988269 8.881784197001252e-16
    endloop
  endfacet
  facet normal -0.07845909572786593 -0.9969173337331264 0
    outer loop
      vertex 58.265938590568396 -5.445929820988269 8.881784197001252e-16
      vertex 58.265938590568396 -5.445929820988269 3.200000000000001
      vertex 58 -5.424999999999997 8.881784197001252e-16
    endloop
  endfacet
  facet normal -0.23344536385588993 -0.9723699203976803 0
    outer loop
      vertex 58.52532889043741 -5.508203922298236 8.881784197001252e-16
      vertex 58.52532889043741 -5.508203922298236 3.200000000000001
      vertex 58.265938590568396 -5.445929820988269 8.881784197001252e-16
    endloop
  endfacet
  facet normal -0.5224985647159618 -0.8526401643540843 0
    outer loop
      vertex 58.99923492889721 -5.749671109562591 8.881784197001252e-16
      vertex 58.99923492889721 -5.749671109562591 3.200000000000001
      vertex 58.77178384955724 -5.610288908879774 8.881784197001252e-16
    endloop
  endfacet
  facet normal -0.6494480483302105 -0.7604059656000081 0
    outer loop
      vertex 59.20208152801712 -5.922918471982868 8.881784197001252e-16
      vertex 59.20208152801712 -5.922918471982868 3.200000000000001
      vertex 58.99923492889721 -5.749671109562591 8.881784197001252e-16
    endloop
  endfacet
  facet normal -0.7604059656000286 -0.6494480483301864 -3.5281729716193195e-18
    outer loop
      vertex 59.20208152801712 -5.922918471982868 8.881784197001252e-16
      vertex 59.3753288904374 -6.125765071102798 8.881784197001252e-16
      vertex 59.3753288904374 -6.125765071102798 3.200000000000001
    endloop
  endfacet
  facet normal -0.3826834323650812 -0.9238795325112903 0
    outer loop
      vertex 58.77178384955724 -5.610288908879774 8.881784197001252e-16
      vertex 58.77178384955724 -5.610288908879774 3.200000000000001
      vertex 58.52532889043741 -5.508203922298236 8.881784197001252e-16
    endloop
  endfacet
  facet normal 0.5224985647159618 0.8526401643540843 0
    outer loop
      vertex 57.22821615044276 -8.639711091120226 8.881784197001252e-16
      vertex 57.00076507110279 -8.500328890437409 3.200000000000001
      vertex 57.22821615044276 -8.639711091120226 3.200000000000001
    endloop
  endfacet
  facet normal 0.3826834323650812 0.9238795325112903 0
    outer loop
      vertex 57.47467110956259 -8.741796077701764 8.881784197001252e-16
      vertex 57.22821615044276 -8.639711091120226 3.200000000000001
      vertex 57.47467110956259 -8.741796077701764 3.200000000000001
    endloop
  endfacet
  facet normal 0.7604059656000286 0.6494480483301864 0
    outer loop
      vertex 56.79791847198288 -8.327081528017132 8.881784197001252e-16
      vertex 56.6246711095626 -8.124234928897202 3.200000000000001
      vertex 56.79791847198288 -8.327081528017132 3.200000000000001
    endloop
  endfacet
  facet normal 0.8526401643540605 0.5224985647160005 0
    outer loop
      vertex 56.6246711095626 -8.124234928897202 8.881784197001252e-16
      vertex 56.48528890887977 -7.896783849557231 3.200000000000001
      vertex 56.6246711095626 -8.124234928897202 3.200000000000001
    endloop
  endfacet
  facet normal 0.6494480483302105 0.7604059656000081 0
    outer loop
      vertex 57.00076507110279 -8.500328890437409 8.881784197001252e-16
      vertex 56.79791847198288 -8.327081528017132 3.200000000000001
      vertex 57.00076507110279 -8.500328890437409 3.200000000000001
    endloop
  endfacet
  facet normal 0.9238795325112957 0.3826834323650678 0
    outer loop
      vertex 56.48528890887977 -7.896783849557231 8.881784197001252e-16
      vertex 56.383203922298236 -7.650328890437407 3.200000000000001
      vertex 56.48528890887977 -7.896783849557231 3.200000000000001
    endloop
  endfacet
  facet normal 0.9723699203976697 0.23344536385593426 0
    outer loop
      vertex 56.383203922298236 -7.650328890437407 8.881784197001252e-16
      vertex 56.320929820988255 -7.390938590568389 3.200000000000001
      vertex 56.383203922298236 -7.650328890437407 3.200000000000001
    endloop
  endfacet
  facet normal 0.9969173337331345 0.07845909572776211 0
    outer loop
      vertex 56.320929820988255 -7.390938590568389 8.881784197001252e-16
      vertex 56.30000000000001 -7.125 3.200000000000001
      vertex 56.320929820988255 -7.390938590568389 3.200000000000001
    endloop
  endfacet
  facet normal 0.23344536385588993 0.9723699203976803 0
    outer loop
      vertex 57.734061409431604 -8.804070179011731 8.881784197001252e-16
      vertex 57.47467110956259 -8.741796077701764 3.200000000000001
      vertex 57.734061409431604 -8.804070179011731 3.200000000000001
    endloop
  endfacet
  facet normal 0.07845909572786593 0.9969173337331264 0
    outer loop
      vertex 58 -8.825000000000003 8.881784197001252e-16
      vertex 57.734061409431604 -8.804070179011731 3.200000000000001
      vertex 58 -8.825000000000003 3.200000000000001
    endloop
  endfacet
  facet normal -0.07845909572786593 0.9969173337331264 0
    outer loop
      vertex 58.265938590568396 -8.804070179011731 8.881784197001252e-16
      vertex 58 -8.825000000000003 3.200000000000001
      vertex 58.265938590568396 -8.804070179011731 3.200000000000001
    endloop
  endfacet
  facet normal -0.23344536385588993 0.9723699203976803 0
    outer loop
      vertex 58.52532889043741 -8.741796077701764 8.881784197001252e-16
      vertex 58.265938590568396 -8.804070179011731 3.200000000000001
      vertex 58.52532889043741 -8.741796077701764 3.200000000000001
    endloop
  endfacet
  facet normal -0.3826834323650812 0.9238795325112903 0
    outer loop
      vertex 58.77178384955724 -8.639711091120226 8.881784197001252e-16
      vertex 58.52532889043741 -8.741796077701764 3.200000000000001
      vertex 58.77178384955724 -8.639711091120226 3.200000000000001
    endloop
  endfacet
  facet normal -0.5224985647159618 0.8526401643540843 0
    outer loop
      vertex 58.99923492889721 -8.500328890437409 8.881784197001252e-16
      vertex 58.77178384955724 -8.639711091120226 3.200000000000001
      vertex 58.99923492889721 -8.500328890437409 3.200000000000001
    endloop
  endfacet
  facet normal -0.6494480483302105 0.7604059656000081 0
    outer loop
      vertex 59.20208152801712 -8.327081528017132 8.881784197001252e-16
      vertex 58.99923492889721 -8.500328890437409 3.200000000000001
      vertex 59.20208152801712 -8.327081528017132 3.200000000000001
    endloop
  endfacet
  facet normal -0.7604059656000286 0.6494480483301864 0
    outer loop
      vertex 59.3753288904374 -8.124234928897202 8.881784197001252e-16
      vertex 59.20208152801712 -8.327081528017132 3.200000000000001
      vertex 59.3753288904374 -8.124234928897202 3.200000000000001
    endloop
  endfacet
  facet normal -0.8526401643540605 0.5224985647160005 0
    outer loop
      vertex 59.51471109112023 -7.896783849557231 8.881784197001252e-16
      vertex 59.3753288904374 -8.124234928897202 3.200000000000001
      vertex 59.51471109112023 -7.896783849557231 3.200000000000001
    endloop
  endfacet
  facet normal -0.9238795325112957 0.3826834323650678 0
    outer loop
      vertex 59.616796077701764 -7.650328890437407 8.881784197001252e-16
      vertex 59.51471109112023 -7.896783849557231 3.200000000000001
      vertex 59.616796077701764 -7.650328890437407 3.200000000000001
    endloop
  endfacet
  facet normal -0.9723699203976697 0.23344536385593426 0
    outer loop
      vertex 59.679070179011745 -7.390938590568389 8.881784197001252e-16
      vertex 59.616796077701764 -7.650328890437407 3.200000000000001
      vertex 59.679070179011745 -7.390938590568389 3.200000000000001
    endloop
  endfacet
  facet normal -0.9969173337331345 0.07845909572776211 0
    outer loop
      vertex 59.69999999999999 -7.125 3.200000000000001
      vertex 59.69999999999999 -7.125 8.881784197001252e-16
      vertex 59.679070179011745 -7.390938590568389 3.200000000000001
    endloop
  endfacet
  facet normal 0.9969173337331345 -0.07845909572776211 0
    outer loop
      vertex 56.30000000000001 -7.125 8.881784197001252e-16
      vertex 56.320929820988255 -6.859061409431611 3.200000000000001
      vertex 56.30000000000001 -7.125 3.200000000000001
    endloop
  endfacet
  facet normal 0.9723699203976697 -0.23344536385593426 0
    outer loop
      vertex 56.320929820988255 -6.859061409431611 8.881784197001252e-16
      vertex 56.383203922298236 -6.599671109562593 3.200000000000001
      vertex 56.320929820988255 -6.859061409431611 3.200000000000001
    endloop
  endfacet
  facet normal 0.9238795325112957 -0.3826834323650678 0
    outer loop
      vertex 56.383203922298236 -6.599671109562593 8.881784197001252e-16
      vertex 56.48528890887977 -6.353216150442769 3.200000000000001
      vertex 56.383203922298236 -6.599671109562593 3.200000000000001
    endloop
  endfacet
  facet normal 0.8526401643540605 -0.5224985647160005 0
    outer loop
      vertex 56.48528890887977 -6.353216150442769 8.881784197001252e-16
      vertex 56.6246711095626 -6.125765071102798 3.200000000000001
      vertex 56.48528890887977 -6.353216150442769 3.200000000000001
    endloop
  endfacet
  facet normal 0.7604059656000286 -0.6494480483301864 0
    outer loop
      vertex 56.6246711095626 -6.125765071102798 8.881784197001252e-16
      vertex 56.79791847198288 -5.922918471982868 3.200000000000001
      vertex 56.6246711095626 -6.125765071102798 3.200000000000001
    endloop
  endfacet
  facet normal 0.6494480483302105 -0.7604059656000081 -4.03808872868619e-18
    outer loop
      vertex 57.00076507110279 -5.749671109562591 3.200000000000001
      vertex 56.79791847198288 -5.922918471982868 3.200000000000001
      vertex 56.79791847198288 -5.922918471982868 8.881784197001252e-16
    endloop
  endfacet
  facet normal 0.5224985647159618 -0.8526401643540843 0
    outer loop
      vertex 57.00076507110279 -5.749671109562591 8.881784197001252e-16
      vertex 57.22821615044276 -5.610288908879774 3.200000000000001
      vertex 57.00076507110279 -5.749671109562591 3.200000000000001
    endloop
  endfacet
  facet normal 0.3826834323650812 -0.9238795325112903 0
    outer loop
      vertex 57.22821615044276 -5.610288908879774 8.881784197001252e-16
      vertex 57.47467110956259 -5.508203922298236 3.200000000000001
      vertex 57.22821615044276 -5.610288908879774 3.200000000000001
    endloop
  endfacet
  facet normal -0.9969173337331345 -0.07845909572776211 0
    outer loop
      vertex 59.679070179011745 -6.859061409431611 3.200000000000001
      vertex 59.679070179011745 -6.859061409431611 8.881784197001252e-16
      vertex 59.69999999999999 -7.125 3.200000000000001
    endloop
  endfacet
  facet normal -0.9723699203976697 -0.23344536385593426 0
    outer loop
      vertex 59.616796077701764 -6.599671109562593 8.881784197001252e-16
      vertex 59.679070179011745 -6.859061409431611 3.200000000000001
      vertex 59.616796077701764 -6.599671109562593 3.200000000000001
    endloop
  endfacet
  facet normal -0.9238795325112957 -0.3826834323650678 0
    outer loop
      vertex 59.51471109112023 -6.353216150442769 8.881784197001252e-16
      vertex 59.616796077701764 -6.599671109562593 3.200000000000001
      vertex 59.51471109112023 -6.353216150442769 3.200000000000001
    endloop
  endfacet
  facet normal -0.8526401643540605 -0.5224985647160005 0
    outer loop
      vertex 59.3753288904374 -6.125765071102798 8.881784197001252e-16
      vertex 59.51471109112023 -6.353216150442769 3.200000000000001
      vertex 59.3753288904374 -6.125765071102798 3.200000000000001
    endloop
  endfacet
  facet normal 0.23344536385588993 -0.9723699203976803 0
    outer loop
      vertex 57.47467110956259 -5.508203922298236 8.881784197001252e-16
      vertex 57.734061409431604 -5.445929820988269 3.200000000000001
      vertex 57.47467110956259 -5.508203922298236 3.200000000000001
    endloop
  endfacet
  facet normal 0.07845909572786593 -0.9969173337331264 0
    outer loop
      vertex 57.734061409431604 -5.445929820988269 8.881784197001252e-16
      vertex 58 -5.424999999999997 3.200000000000001
      vertex 57.734061409431604 -5.445929820988269 3.200000000000001
    endloop
  endfacet
  facet normal -0.07845909572786593 -0.9969173337331264 0
    outer loop
      vertex 58 -5.424999999999997 8.881784197001252e-16
      vertex 58.265938590568396 -5.445929820988269 3.200000000000001
      vertex 58 -5.424999999999997 3.200000000000001
    endloop
  endfacet
  facet normal -0.23344536385588993 -0.9723699203976803 0
    outer loop
      vertex 58.265938590568396 -5.445929820988269 8.881784197001252e-16
      vertex 58.52532889043741 -5.508203922298236 3.200000000000001
      vertex 58.265938590568396 -5.445929820988269 3.200000000000001
    endloop
  endfacet
  facet normal -0.3826834323650812 -0.9238795325112903 0
    outer loop
      vertex 58.52532889043741 -5.508203922298236 8.881784197001252e-16
      vertex 58.77178384955724 -5.610288908879774 3.200000000000001
      vertex 58.52532889043741 -5.508203922298236 3.200000000000001
    endloop
  endfacet
  facet normal -0.7604059656000286 -0.6494480483301864 0
    outer loop
      vertex 59.20208152801712 -5.922918471982868 3.200000000000001
      vertex 59.20208152801712 -5.922918471982868 8.881784197001252e-16
      vertex 59.3753288904374 -6.125765071102798 3.200000000000001
    endloop
  endfacet
  facet normal -0.5224985647159618 -0.8526401643540843 0
    outer loop
      vertex 58.77178384955724 -5.610288908879774 8.881784197001252e-16
      vertex 58.99923492889721 -5.749671109562591 3.200000000000001
      vertex 58.77178384955724 -5.610288908879774 3.200000000000001
    endloop
  endfacet
  facet normal -0.6494480483302105 -0.7604059656000081 0
    outer loop
      vertex 58.99923492889721 -5.749671109562591 8.881784197001252e-16
      vertex 59.20208152801712 -5.922918471982868 3.200000000000001
      vertex 58.99923492889721 -5.749671109562591 3.200000000000001
    endloop
  endfacet
  facet normal 0.5224985647159618 0.8526401643540843 0
    outer loop
      vertex 81.00076507110279 -8.500328890437409 3.200000000000001
      vertex 81.22821615044276 -8.639711091120226 8.881784197001252e-16
      vertex 81.00076507110279 -8.500328890437409 8.881784197001252e-16
    endloop
  endfacet
  facet normal 0.6494480483302105 0.7604059656000081 0
    outer loop
      vertex 80.79791847198288 -8.327081528017132 3.200000000000001
      vertex 81.00076507110279 -8.500328890437409 8.881784197001252e-16
      vertex 80.79791847198288 -8.327081528017132 8.881784197001252e-16
    endloop
  endfacet
  facet normal 0.7604059656000286 0.6494480483301864 0
    outer loop
      vertex 80.6246711095626 -8.124234928897202 3.200000000000001
      vertex 80.79791847198288 -8.327081528017132 8.881784197001252e-16
      vertex 80.6246711095626 -8.124234928897202 8.881784197001252e-16
    endloop
  endfacet
  facet normal 0.8526401643540605 0.5224985647160005 0
    outer loop
      vertex 80.48528890887977 -7.896783849557231 3.200000000000001
      vertex 80.6246711095626 -8.124234928897202 8.881784197001252e-16
      vertex 80.48528890887977 -7.896783849557231 8.881784197001252e-16
    endloop
  endfacet
  facet normal 0.9238795325112957 0.3826834323650678 0
    outer loop
      vertex 80.38320392229824 -7.650328890437407 3.200000000000001
      vertex 80.48528890887977 -7.896783849557231 8.881784197001252e-16
      vertex 80.38320392229824 -7.650328890437407 8.881784197001252e-16
    endloop
  endfacet
  facet normal 0.9723699203976697 0.23344536385593426 0
    outer loop
      vertex 80.32092982098825 -7.390938590568389 3.200000000000001
      vertex 80.38320392229824 -7.650328890437407 8.881784197001252e-16
      vertex 80.32092982098825 -7.390938590568389 8.881784197001252e-16
    endloop
  endfacet
  facet normal 0.9969173337331345 0.07845909572776211 0
    outer loop
      vertex 80.30000000000001 -7.125 3.200000000000001
      vertex 80.32092982098825 -7.390938590568389 8.881784197001252e-16
      vertex 80.30000000000001 -7.125 8.881784197001252e-16
    endloop
  endfacet
  facet normal 0.23344536385588993 0.9723699203976803 0
    outer loop
      vertex 81.47467110956259 -8.741796077701764 3.200000000000001
      vertex 81.7340614094316 -8.804070179011731 8.881784197001252e-16
      vertex 81.47467110956259 -8.741796077701764 8.881784197001252e-16
    endloop
  endfacet
  facet normal 0.07845909572786593 0.9969173337331264 0
    outer loop
      vertex 81.7340614094316 -8.804070179011731 3.200000000000001
      vertex 82 -8.825000000000003 8.881784197001252e-16
      vertex 81.7340614094316 -8.804070179011731 8.881784197001252e-16
    endloop
  endfacet
  facet normal 0.3826834323650812 0.9238795325112903 0
    outer loop
      vertex 81.22821615044276 -8.639711091120226 3.200000000000001
      vertex 81.47467110956259 -8.741796077701764 8.881784197001252e-16
      vertex 81.22821615044276 -8.639711091120226 8.881784197001252e-16
    endloop
  endfacet
  facet normal -0.07845909572786593 0.9969173337331264 0
    outer loop
      vertex 82 -8.825000000000003 3.200000000000001
      vertex 82.2659385905684 -8.804070179011731 8.881784197001252e-16
      vertex 82 -8.825000000000003 8.881784197001252e-16
    endloop
  endfacet
  facet normal -0.23344536385588993 0.9723699203976803 0
    outer loop
      vertex 82.2659385905684 -8.804070179011731 3.200000000000001
      vertex 82.52532889043741 -8.741796077701764 8.881784197001252e-16
      vertex 82.2659385905684 -8.804070179011731 8.881784197001252e-16
    endloop
  endfacet
  facet normal -0.3826834323650812 0.9238795325112903 0
    outer loop
      vertex 82.52532889043741 -8.741796077701764 3.200000000000001
      vertex 82.77178384955724 -8.639711091120226 8.881784197001252e-16
      vertex 82.52532889043741 -8.741796077701764 8.881784197001252e-16
    endloop
  endfacet
  facet normal -0.5224985647159618 0.8526401643540843 0
    outer loop
      vertex 82.77178384955724 -8.639711091120226 3.200000000000001
      vertex 82.99923492889721 -8.500328890437409 8.881784197001252e-16
      vertex 82.77178384955724 -8.639711091120226 8.881784197001252e-16
    endloop
  endfacet
  facet normal -0.6494480483302105 0.7604059656000081 0
    outer loop
      vertex 82.99923492889721 -8.500328890437409 3.200000000000001
      vertex 83.20208152801712 -8.327081528017132 8.881784197001252e-16
      vertex 82.99923492889721 -8.500328890437409 8.881784197001252e-16
    endloop
  endfacet
  facet normal -0.7604059656000286 0.6494480483301864 0
    outer loop
      vertex 83.20208152801712 -8.327081528017132 3.200000000000001
      vertex 83.3753288904374 -8.124234928897202 8.881784197001252e-16
      vertex 83.20208152801712 -8.327081528017132 8.881784197001252e-16
    endloop
  endfacet
  facet normal -0.8526401643540605 0.5224985647160005 0
    outer loop
      vertex 83.3753288904374 -8.124234928897202 3.200000000000001
      vertex 83.51471109112023 -7.896783849557231 8.881784197001252e-16
      vertex 83.3753288904374 -8.124234928897202 8.881784197001252e-16
    endloop
  endfacet
  facet normal -0.9238795325112957 0.3826834323650678 0
    outer loop
      vertex 83.51471109112023 -7.896783849557231 3.200000000000001
      vertex 83.61679607770176 -7.650328890437407 8.881784197001252e-16
      vertex 83.51471109112023 -7.896783849557231 8.881784197001252e-16
    endloop
  endfacet
  facet normal -0.9723699203976697 0.23344536385593426 0
    outer loop
      vertex 83.61679607770176 -7.650328890437407 3.200000000000001
      vertex 83.67907017901175 -7.390938590568389 8.881784197001252e-16
      vertex 83.61679607770176 -7.650328890437407 8.881784197001252e-16
    endloop
  endfacet
  facet normal -0.9969173337331345 0.07845909572776211 0
    outer loop
      vertex 83.67907017901175 -7.390938590568389 3.200000000000001
      vertex 83.69999999999999 -7.125 8.881784197001252e-16
      vertex 83.67907017901175 -7.390938590568389 8.881784197001252e-16
    endloop
  endfacet
  facet normal 0.9969173337331345 -0.07845909572776211 0
    outer loop
      vertex 80.32092982098825 -6.859061409431611 3.200000000000001
      vertex 80.30000000000001 -7.125 8.881784197001252e-16
      vertex 80.32092982098825 -6.859061409431611 8.881784197001252e-16
    endloop
  endfacet
  facet normal 0.9723699203976697 -0.23344536385593426 0
    outer loop
      vertex 80.38320392229824 -6.599671109562593 3.200000000000001
      vertex 80.32092982098825 -6.859061409431611 8.881784197001252e-16
      vertex 80.38320392229824 -6.599671109562593 8.881784197001252e-16
    endloop
  endfacet
  facet normal 0.9238795325112957 -0.3826834323650678 0
    outer loop
      vertex 80.48528890887977 -6.353216150442769 3.200000000000001
      vertex 80.38320392229824 -6.599671109562593 8.881784197001252e-16
      vertex 80.48528890887977 -6.353216150442769 8.881784197001252e-16
    endloop
  endfacet
  facet normal 0.8526401643540605 -0.5224985647160005 0
    outer loop
      vertex 80.6246711095626 -6.125765071102798 3.200000000000001
      vertex 80.48528890887977 -6.353216150442769 8.881784197001252e-16
      vertex 80.6246711095626 -6.125765071102798 8.881784197001252e-16
    endloop
  endfacet
  facet normal 0.7604059656000286 -0.6494480483301864 0
    outer loop
      vertex 80.79791847198288 -5.922918471982868 3.200000000000001
      vertex 80.6246711095626 -6.125765071102798 8.881784197001252e-16
      vertex 80.79791847198288 -5.922918471982868 8.881784197001252e-16
    endloop
  endfacet
  facet normal 0.6494480483302105 -0.7604059656000081 0
    outer loop
      vertex 81.00076507110279 -5.749671109562591 3.200000000000001
      vertex 80.79791847198288 -5.922918471982868 8.881784197001252e-16
      vertex 81.00076507110279 -5.749671109562591 8.881784197001252e-16
    endloop
  endfacet
  facet normal 0.5224985647159618 -0.8526401643540843 0
    outer loop
      vertex 81.22821615044276 -5.610288908879774 3.200000000000001
      vertex 81.00076507110279 -5.749671109562591 8.881784197001252e-16
      vertex 81.22821615044276 -5.610288908879774 8.881784197001252e-16
    endloop
  endfacet
  facet normal -0.9238795325112957 -0.3826834323650678 0
    outer loop
      vertex 83.61679607770176 -6.599671109562593 3.200000000000001
      vertex 83.51471109112023 -6.353216150442769 8.881784197001252e-16
      vertex 83.61679607770176 -6.599671109562593 8.881784197001252e-16
    endloop
  endfacet
  facet normal -0.8526401643540605 -0.5224985647160005 0
    outer loop
      vertex 83.51471109112023 -6.353216150442769 3.200000000000001
      vertex 83.3753288904374 -6.125765071102798 8.881784197001252e-16
      vertex 83.51471109112023 -6.353216150442769 8.881784197001252e-16
    endloop
  endfacet
  facet normal 0.3826834323650812 -0.9238795325112903 0
    outer loop
      vertex 81.47467110956259 -5.508203922298236 3.200000000000001
      vertex 81.22821615044276 -5.610288908879774 8.881784197001252e-16
      vertex 81.47467110956259 -5.508203922298236 8.881784197001252e-16
    endloop
  endfacet
  facet normal 0.23344536385588993 -0.9723699203976803 0
    outer loop
      vertex 81.7340614094316 -5.445929820988269 3.200000000000001
      vertex 81.47467110956259 -5.508203922298236 8.881784197001252e-16
      vertex 81.7340614094316 -5.445929820988269 8.881784197001252e-16
    endloop
  endfacet
  facet normal 0.07845909572786593 -0.9969173337331264 0
    outer loop
      vertex 82 -5.424999999999997 3.200000000000001
      vertex 81.7340614094316 -5.445929820988269 8.881784197001252e-16
      vertex 82 -5.424999999999997 8.881784197001252e-16
    endloop
  endfacet
  facet normal -0.07845909572786593 -0.9969173337331264 0
    outer loop
      vertex 82.2659385905684 -5.445929820988269 3.200000000000001
      vertex 82 -5.424999999999997 8.881784197001252e-16
      vertex 82.2659385905684 -5.445929820988269 8.881784197001252e-16
    endloop
  endfacet
  facet normal -0.5224985647159618 -0.8526401643540843 0
    outer loop
      vertex 82.99923492889721 -5.749671109562591 3.200000000000001
      vertex 82.77178384955724 -5.610288908879774 8.881784197001252e-16
      vertex 82.99923492889721 -5.749671109562591 8.881784197001252e-16
    endloop
  endfacet
  facet normal -0.7604059656000286 -0.6494480483301864 0
    outer loop
      vertex 83.3753288904374 -6.125765071102798 3.200000000000001
      vertex 83.20208152801712 -5.922918471982868 8.881784197001252e-16
      vertex 83.3753288904374 -6.125765071102798 8.881784197001252e-16
    endloop
  endfacet
  facet normal -0.6494480483302105 -0.7604059656000081 0
    outer loop
      vertex 83.20208152801712 -5.922918471982868 3.200000000000001
      vertex 82.99923492889721 -5.749671109562591 8.881784197001252e-16
      vertex 83.20208152801712 -5.922918471982868 8.881784197001252e-16
    endloop
  endfacet
  facet normal -0.3826834323650812 -0.9238795325112903 0
    outer loop
      vertex 82.77178384955724 -5.610288908879774 3.200000000000001
      vertex 82.52532889043741 -5.508203922298236 8.881784197001252e-16
      vertex 82.77178384955724 -5.610288908879774 8.881784197001252e-16
    endloop
  endfacet
  facet normal -0.23344536385588993 -0.9723699203976803 0
    outer loop
      vertex 82.52532889043741 -5.508203922298236 3.200000000000001
      vertex 82.2659385905684 -5.445929820988269 8.881784197001252e-16
      vertex 82.52532889043741 -5.508203922298236 8.881784197001252e-16
    endloop
  endfacet
  facet normal -0.9969173337331345 -0.07845909572776211 0
    outer loop
      vertex 83.69999999999999 -7.125 3.200000000000001
      vertex 83.67907017901175 -6.859061409431611 8.881784197001252e-16
      vertex 83.69999999999999 -7.125 8.881784197001252e-16
    endloop
  endfacet
  facet normal -0.9723699203976697 -0.23344536385593426 0
    outer loop
      vertex 83.67907017901175 -6.859061409431611 3.200000000000001
      vertex 83.61679607770176 -6.599671109562593 8.881784197001252e-16
      vertex 83.67907017901175 -6.859061409431611 8.881784197001252e-16
    endloop
  endfacet
  facet normal 0.5224985647159618 0.8526401643540843 0
    outer loop
      vertex 81.22821615044276 -8.639711091120226 3.200000000000001
      vertex 81.22821615044276 -8.639711091120226 8.881784197001252e-16
      vertex 81.00076507110279 -8.500328890437409 3.200000000000001
    endloop
  endfacet
  facet normal 0.8526401643540605 0.5224985647160005 -1.4430401500085112e-18
    outer loop
      vertex 80.48528890887977 -7.896783849557231 3.200000000000001
      vertex 80.6246711095626 -8.124234928897202 3.200000000000001
      vertex 80.6246711095626 -8.124234928897202 8.881784197001252e-16
    endloop
  endfacet
  facet normal 0.6494480483302105 0.7604059656000081 0
    outer loop
      vertex 81.00076507110279 -8.500328890437409 3.200000000000001
      vertex 81.00076507110279 -8.500328890437409 8.881784197001252e-16
      vertex 80.79791847198288 -8.327081528017132 3.200000000000001
    endloop
  endfacet
  facet normal 0.7604059656000286 0.6494480483301864 -3.5281729716193195e-18
    outer loop
      vertex 80.6246711095626 -8.124234928897202 3.200000000000001
      vertex 80.79791847198288 -8.327081528017132 3.200000000000001
      vertex 80.79791847198288 -8.327081528017132 8.881784197001252e-16
    endloop
  endfacet
  facet normal 0.9238795325112957 0.3826834323650678 1.4969242374380453e-18
    outer loop
      vertex 80.38320392229824 -7.650328890437407 3.200000000000001
      vertex 80.48528890887977 -7.896783849557231 3.200000000000001
      vertex 80.48528890887977 -7.896783849557231 8.881784197001252e-16
    endloop
  endfacet
  facet normal 0.9723699203976697 0.23344536385593426 5.3250013146215035e-19
    outer loop
      vertex 80.32092982098825 -7.390938590568389 3.200000000000001
      vertex 80.38320392229824 -7.650328890437407 3.200000000000001
      vertex 80.38320392229824 -7.650328890437407 8.881784197001252e-16
    endloop
  endfacet
  facet normal 0.9969173337331345 0.07845909572776211 -2.764098073427088e-19
    outer loop
      vertex 80.30000000000001 -7.125 3.200000000000001
      vertex 80.32092982098825 -7.390938590568389 3.200000000000001
      vertex 80.32092982098825 -7.390938590568389 8.881784197001252e-16
    endloop
  endfacet
  facet normal 0.23344536385588993 0.9723699203976803 0
    outer loop
      vertex 81.7340614094316 -8.804070179011731 3.200000000000001
      vertex 81.7340614094316 -8.804070179011731 8.881784197001252e-16
      vertex 81.47467110956259 -8.741796077701764 3.200000000000001
    endloop
  endfacet
  facet normal 0.3826834323650812 0.9238795325112903 0
    outer loop
      vertex 81.47467110956259 -8.741796077701764 3.200000000000001
      vertex 81.47467110956259 -8.741796077701764 8.881784197001252e-16
      vertex 81.22821615044276 -8.639711091120226 3.200000000000001
    endloop
  endfacet
  facet normal 0.07845909572786593 0.9969173337331264 0
    outer loop
      vertex 82 -8.825000000000003 3.200000000000001
      vertex 82 -8.825000000000003 8.881784197001252e-16
      vertex 81.7340614094316 -8.804070179011731 3.200000000000001
    endloop
  endfacet
  facet normal -0.07845909572786593 0.9969173337331264 0
    outer loop
      vertex 82.2659385905684 -8.804070179011731 3.200000000000001
      vertex 82.2659385905684 -8.804070179011731 8.881784197001252e-16
      vertex 82 -8.825000000000003 3.200000000000001
    endloop
  endfacet
  facet normal -0.23344536385588993 0.9723699203976803 0
    outer loop
      vertex 82.52532889043741 -8.741796077701764 3.200000000000001
      vertex 82.52532889043741 -8.741796077701764 8.881784197001252e-16
      vertex 82.2659385905684 -8.804070179011731 3.200000000000001
    endloop
  endfacet
  facet normal -0.3826834323650812 0.9238795325112903 0
    outer loop
      vertex 82.77178384955724 -8.639711091120226 3.200000000000001
      vertex 82.77178384955724 -8.639711091120226 8.881784197001252e-16
      vertex 82.52532889043741 -8.741796077701764 3.200000000000001
    endloop
  endfacet
  facet normal -0.5224985647159618 0.8526401643540843 0
    outer loop
      vertex 82.99923492889721 -8.500328890437409 3.200000000000001
      vertex 82.99923492889721 -8.500328890437409 8.881784197001252e-16
      vertex 82.77178384955724 -8.639711091120226 3.200000000000001
    endloop
  endfacet
  facet normal -0.6494480483302105 0.7604059656000081 0
    outer loop
      vertex 83.20208152801712 -8.327081528017132 3.200000000000001
      vertex 83.20208152801712 -8.327081528017132 8.881784197001252e-16
      vertex 82.99923492889721 -8.500328890437409 3.200000000000001
    endloop
  endfacet
  facet normal -0.7604059656000286 0.6494480483301864 3.5281729716193195e-18
    outer loop
      vertex 83.20208152801712 -8.327081528017132 3.200000000000001
      vertex 83.3753288904374 -8.124234928897202 3.200000000000001
      vertex 83.3753288904374 -8.124234928897202 8.881784197001252e-16
    endloop
  endfacet
  facet normal -0.8526401643540605 0.5224985647160005 1.4430401500085112e-18
    outer loop
      vertex 83.3753288904374 -8.124234928897202 3.200000000000001
      vertex 83.51471109112023 -7.896783849557231 3.200000000000001
      vertex 83.51471109112023 -7.896783849557231 8.881784197001252e-16
    endloop
  endfacet
  facet normal -0.9238795325112957 0.3826834323650678 -1.4969242374380453e-18
    outer loop
      vertex 83.51471109112023 -7.896783849557231 3.200000000000001
      vertex 83.61679607770176 -7.650328890437407 3.200000000000001
      vertex 83.61679607770176 -7.650328890437407 8.881784197001252e-16
    endloop
  endfacet
  facet normal -0.9723699203976697 0.23344536385593426 -5.3250013146215035e-19
    outer loop
      vertex 83.61679607770176 -7.650328890437407 3.200000000000001
      vertex 83.67907017901175 -7.390938590568389 3.200000000000001
      vertex 83.67907017901175 -7.390938590568389 8.881784197001252e-16
    endloop
  endfacet
  facet normal -0.9969173337331345 0.07845909572776211 0
    outer loop
      vertex 83.69999999999999 -7.125 3.200000000000001
      vertex 83.69999999999999 -7.125 8.881784197001252e-16
      vertex 83.67907017901175 -7.390938590568389 3.200000000000001
    endloop
  endfacet
  facet normal 0.9969173337331345 -0.07845909572776211 2.764098073427088e-19
    outer loop
      vertex 80.32092982098825 -6.859061409431611 3.200000000000001
      vertex 80.30000000000001 -7.125 3.200000000000001
      vertex 80.30000000000001 -7.125 8.881784197001252e-16
    endloop
  endfacet
  facet normal 0.9723699203976697 -0.23344536385593426 -5.3250013146215035e-19
    outer loop
      vertex 80.38320392229824 -6.599671109562593 3.200000000000001
      vertex 80.32092982098825 -6.859061409431611 3.200000000000001
      vertex 80.32092982098825 -6.859061409431611 8.881784197001252e-16
    endloop
  endfacet
  facet normal 0.9238795325112957 -0.3826834323650678 -1.4969242374380453e-18
    outer loop
      vertex 80.48528890887977 -6.353216150442769 3.200000000000001
      vertex 80.38320392229824 -6.599671109562593 3.200000000000001
      vertex 80.38320392229824 -6.599671109562593 8.881784197001252e-16
    endloop
  endfacet
  facet normal 0.8526401643540605 -0.5224985647160005 1.4430401500085112e-18
    outer loop
      vertex 80.6246711095626 -6.125765071102798 3.200000000000001
      vertex 80.48528890887977 -6.353216150442769 3.200000000000001
      vertex 80.48528890887977 -6.353216150442769 8.881784197001252e-16
    endloop
  endfacet
  facet normal 0.7604059656000286 -0.6494480483301864 3.5281729716193195e-18
    outer loop
      vertex 80.79791847198288 -5.922918471982868 3.200000000000001
      vertex 80.6246711095626 -6.125765071102798 3.200000000000001
      vertex 80.6246711095626 -6.125765071102798 8.881784197001252e-16
    endloop
  endfacet
  facet normal 0.6494480483302105 -0.7604059656000081 -4.03808872868619e-18
    outer loop
      vertex 81.00076507110279 -5.749671109562591 3.200000000000001
      vertex 80.79791847198288 -5.922918471982868 3.200000000000001
      vertex 80.79791847198288 -5.922918471982868 8.881784197001252e-16
    endloop
  endfacet
  facet normal 0.5224985647159618 -0.8526401643540843 0
    outer loop
      vertex 81.00076507110279 -5.749671109562591 3.200000000000001
      vertex 81.00076507110279 -5.749671109562591 8.881784197001252e-16
      vertex 81.22821615044276 -5.610288908879774 3.200000000000001
    endloop
  endfacet
  facet normal -0.9238795325112957 -0.3826834323650678 1.4969242374380453e-18
    outer loop
      vertex 83.61679607770176 -6.599671109562593 3.200000000000001
      vertex 83.51471109112023 -6.353216150442769 3.200000000000001
      vertex 83.51471109112023 -6.353216150442769 8.881784197001252e-16
    endloop
  endfacet
  facet normal -0.8526401643540605 -0.5224985647160005 -1.4430401500085112e-18
    outer loop
      vertex 83.51471109112023 -6.353216150442769 3.200000000000001
      vertex 83.3753288904374 -6.125765071102798 3.200000000000001
      vertex 83.3753288904374 -6.125765071102798 8.881784197001252e-16
    endloop
  endfacet
  facet normal 0.3826834323650812 -0.9238795325112903 0
    outer loop
      vertex 81.22821615044276 -5.610288908879774 3.200000000000001
      vertex 81.22821615044276 -5.610288908879774 8.881784197001252e-16
      vertex 81.47467110956259 -5.508203922298236 3.200000000000001
    endloop
  endfacet
  facet normal 0.23344536385588993 -0.9723699203976803 0
    outer loop
      vertex 81.47467110956259 -5.508203922298236 3.200000000000001
      vertex 81.47467110956259 -5.508203922298236 8.881784197001252e-16
      vertex 81.7340614094316 -5.445929820988269 3.200000000000001
    endloop
  endfacet
  facet normal 0.07845909572786593 -0.9969173337331264 0
    outer loop
      vertex 81.7340614094316 -5.445929820988269 3.200000000000001
      vertex 81.7340614094316 -5.445929820988269 8.881784197001252e-16
      vertex 82 -5.424999999999997 3.200000000000001
    endloop
  endfacet
  facet normal -0.07845909572786593 -0.9969173337331264 0
    outer loop
      vertex 82 -5.424999999999997 3.200000000000001
      vertex 82 -5.424999999999997 8.881784197001252e-16
      vertex 82.2659385905684 -5.445929820988269 3.200000000000001
    endloop
  endfacet
  facet normal -0.23344536385588993 -0.9723699203976803 0
    outer loop
      vertex 82.2659385905684 -5.445929820988269 3.200000000000001
      vertex 82.2659385905684 -5.445929820988269 8.881784197001252e-16
      vertex 82.52532889043741 -5.508203922298236 3.200000000000001
    endloop
  endfacet
  facet normal -0.5224985647159618 -0.8526401643540843 0
    outer loop
      vertex 82.77178384955724 -5.610288908879774 3.200000000000001
      vertex 82.77178384955724 -5.610288908879774 8.881784197001252e-16
      vertex 82.99923492889721 -5.749671109562591 3.200000000000001
    endloop
  endfacet
  facet normal -0.7604059656000286 -0.6494480483301864 0
    outer loop
      vertex 83.20208152801712 -5.922918471982868 3.200000000000001
      vertex 83.20208152801712 -5.922918471982868 8.881784197001252e-16
      vertex 83.3753288904374 -6.125765071102798 3.200000000000001
    endloop
  endfacet
  facet normal -0.6494480483302105 -0.7604059656000081 0
    outer loop
      vertex 82.99923492889721 -5.749671109562591 3.200000000000001
      vertex 82.99923492889721 -5.749671109562591 8.881784197001252e-16
      vertex 83.20208152801712 -5.922918471982868 3.200000000000001
    endloop
  endfacet
  facet normal -0.3826834323650812 -0.9238795325112903 0
    outer loop
      vertex 82.52532889043741 -5.508203922298236 3.200000000000001
      vertex 82.52532889043741 -5.508203922298236 8.881784197001252e-16
      vertex 82.77178384955724 -5.610288908879774 3.200000000000001
    endloop
  endfacet
  facet normal -0.9969173337331345 -0.07845909572776211 0
    outer loop
      vertex 83.67907017901175 -6.859061409431611 3.200000000000001
      vertex 83.67907017901175 -6.859061409431611 8.881784197001252e-16
      vertex 83.69999999999999 -7.125 3.200000000000001
    endloop
  endfacet
  facet normal -0.9723699203976697 -0.23344536385593426 5.3250013146215035e-19
    outer loop
      vertex 83.67907017901175 -6.859061409431611 3.200000000000001
      vertex 83.61679607770176 -6.599671109562593 3.200000000000001
      vertex 83.61679607770176 -6.599671109562593 8.881784197001252e-16
    endloop
  endfacet
  facet normal 0 0 -1
    outer loop
      vertex 42 0 8.881784197001252e-16
      vertex 56.383203922298236 -6.599671109562593 8.881784197001252e-16
      vertex 42 -14.25 8.881784197001252e-16
    endloop
  endfacet
  facet normal -1 0 0
    outer loop
      vertex 42 0 3.200000000000001
      vertex 42 0 8.881784197001252e-16
      vertex 42 -14.25 8.881784197001252e-16
    endloop
  endfacet
  facet normal -1 0 0
    outer loop
      vertex 42 0 3.200000000000001
      vertex 42 -14.25 8.881784197001252e-16
      vertex 42 -14.25 3.200000000000001
    endloop
  endfacet
  facet normal 0 0 1
    outer loop
      vertex 42 0 3.200000000000001
      vertex 42 -14.25 3.200000000000001
      vertex 56.30000000000001 -7.125 3.200000000000001
    endloop
  endfacet
  facet normal 0 0 -1
    outer loop
      vertex 42 -14.25 8.881784197001252e-16
      vertex 57.00076507110279 -8.500328890437409 8.881784197001252e-16
      vertex 57.22821615044276 -8.639711091120226 8.881784197001252e-16
    endloop
  endfacet
  facet normal 0 0 -1
    outer loop
      vertex 42 -14.25 8.881784197001252e-16
      vertex 57.734061409431604 -8.804070179011731 8.881784197001252e-16
      vertex 58 -8.825000000000003 8.881784197001252e-16
    endloop
  endfacet
  facet normal 0 0 -1
    outer loop
      vertex 42 -14.25 8.881784197001252e-16
      vertex 57.22821615044276 -8.639711091120226 8.881784197001252e-16
      vertex 57.47467110956259 -8.741796077701764 8.881784197001252e-16
    endloop
  endfacet
  facet normal 0 0 -1
    outer loop
      vertex 42 -14.25 8.881784197001252e-16
      vertex 57.47467110956259 -8.741796077701764 8.881784197001252e-16
      vertex 57.734061409431604 -8.804070179011731 8.881784197001252e-16
    endloop
  endfacet
  facet normal 0 0 -1
    outer loop
      vertex 42 -14.25 8.881784197001252e-16
      vertex 56.6246711095626 -8.124234928897202 8.881784197001252e-16
      vertex 56.79791847198288 -8.327081528017132 8.881784197001252e-16
    endloop
  endfacet
  facet normal 0 0 -1
    outer loop
      vertex 42 -14.25 8.881784197001252e-16
      vertex 56.79791847198288 -8.327081528017132 8.881784197001252e-16
      vertex 57.00076507110279 -8.500328890437409 8.881784197001252e-16
    endloop
  endfacet
  facet normal 0 0 -1
    outer loop
      vertex 42 -14.25 8.881784197001252e-16
      vertex 56.48528890887977 -7.896783849557231 8.881784197001252e-16
      vertex 56.6246711095626 -8.124234928897202 8.881784197001252e-16
    endloop
  endfacet
  facet normal 0 0 -1
    outer loop
      vertex 42 -14.25 8.881784197001252e-16
      vertex 56.383203922298236 -7.650328890437407 8.881784197001252e-16
      vertex 56.48528890887977 -7.896783849557231 8.881784197001252e-16
    endloop
  endfacet
  facet normal 0 0 -1
    outer loop
      vertex 42 -14.25 8.881784197001252e-16
      vertex 56.30000000000001 -7.125 8.881784197001252e-16
      vertex 56.320929820988255 -7.390938590568389 8.881784197001252e-16
    endloop
  endfacet
  facet normal 0 0 -1
    outer loop
      vertex 42 -14.25 8.881784197001252e-16
      vertex 56.320929820988255 -6.859061409431611 8.881784197001252e-16
      vertex 56.30000000000001 -7.125 8.881784197001252e-16
    endloop
  endfacet
  facet normal 0 0 -1
    outer loop
      vertex 42 -14.25 8.881784197001252e-16
      vertex 56.320929820988255 -7.390938590568389 8.881784197001252e-16
      vertex 56.383203922298236 -7.650328890437407 8.881784197001252e-16
    endloop
  endfacet
  facet normal 0 0 -1
    outer loop
      vertex 42 -14.25 8.881784197001252e-16
      vertex 56.383203922298236 -6.599671109562593 8.881784197001252e-16
      vertex 56.320929820988255 -6.859061409431611 8.881784197001252e-16
    endloop
  endfacet
  facet normal 0 0 -1
    outer loop
      vertex 42 -14.25 8.881784197001252e-16
      vertex 58 -8.825000000000003 8.881784197001252e-16
      vertex 58.265938590568396 -8.804070179011731 8.881784197001252e-16
    endloop
  endfacet
  facet normal 0 0 -1
    outer loop
      vertex 42 -14.25 8.881784197001252e-16
      vertex 58.265938590568396 -8.804070179011731 8.881784197001252e-16
      vertex 98 0 8.881784197001252e-16
    endloop
  endfacet
  facet normal 0 0 -1
    outer loop
      vertex 42 0 8.881784197001252e-16
      vertex 56.48528890887977 -6.353216150442769 8.881784197001252e-16
      vertex 56.383203922298236 -6.599671109562593 8.881784197001252e-16
    endloop
  endfacet
  facet normal 0 0 -1
    outer loop
      vertex 42 0 8.881784197001252e-16
      vertex 56.6246711095626 -6.125765071102798 8.881784197001252e-16
      vertex 56.48528890887977 -6.353216150442769 8.881784197001252e-16
    endloop
  endfacet
  facet normal 0 0 -1
    outer loop
      vertex 42 0 8.881784197001252e-16
      vertex 56.79791847198288 -5.922918471982868 8.881784197001252e-16
      vertex 56.6246711095626 -6.125765071102798 8.881784197001252e-16
    endloop
  endfacet
  facet normal 0 0 -1
    outer loop
      vertex 42 0 8.881784197001252e-16
      vertex 57.00076507110279 -5.749671109562591 8.881784197001252e-16
      vertex 56.79791847198288 -5.922918471982868 8.881784197001252e-16
    endloop
  endfacet
  facet normal 0 0 -1
    outer loop
      vertex 42 0 8.881784197001252e-16
      vertex 57.22821615044276 -5.610288908879774 8.881784197001252e-16
      vertex 57.00076507110279 -5.749671109562591 8.881784197001252e-16
    endloop
  endfacet
  facet normal 0 0 -1
    outer loop
      vertex 42 0 8.881784197001252e-16
      vertex 57.47467110956259 -5.508203922298236 8.881784197001252e-16
      vertex 57.22821615044276 -5.610288908879774 8.881784197001252e-16
    endloop
  endfacet
  facet normal 0 0 -1
    outer loop
      vertex 42 0 8.881784197001252e-16
      vertex 57.734061409431604 -5.445929820988269 8.881784197001252e-16
      vertex 57.47467110956259 -5.508203922298236 8.881784197001252e-16
    endloop
  endfacet
  facet normal 0 0 -1
    outer loop
      vertex 42 0 8.881784197001252e-16
      vertex 58 -5.424999999999997 8.881784197001252e-16
      vertex 57.734061409431604 -5.445929820988269 8.881784197001252e-16
    endloop
  endfacet
  facet normal 0 0 -1
    outer loop
      vertex 42 0 8.881784197001252e-16
      vertex 58.52532889043741 -5.508203922298236 8.881784197001252e-16
      vertex 58.265938590568396 -5.445929820988269 8.881784197001252e-16
    endloop
  endfacet
  facet normal 0 0 -1
    outer loop
      vertex 42 0 8.881784197001252e-16
      vertex 58.265938590568396 -5.445929820988269 8.881784197001252e-16
      vertex 58 -5.424999999999997 8.881784197001252e-16
    endloop
  endfacet
  facet normal 0 0 -1
    outer loop
      vertex 42 0 8.881784197001252e-16
      vertex 98 0 8.881784197001252e-16
      vertex 58.52532889043741 -5.508203922298236 8.881784197001252e-16
    endloop
  endfacet
  facet normal 0 1 0
    outer loop
      vertex 42 0 3.200000000000001
      vertex 98 0 8.881784197001252e-16
      vertex 42 0 8.881784197001252e-16
    endloop
  endfacet
  facet normal 0 0 -1
    outer loop
      vertex 42 -14.25 8.881784197001252e-16
      vertex 82.2659385905684 -8.804070179011731 8.881784197001252e-16
      vertex 98 -14.25 8.881784197001252e-16
    endloop
  endfacet
  facet normal 0 0 -1
    outer loop
      vertex 42 -14.25 8.881784197001252e-16
      vertex 81.00076507110279 -8.500328890437409 8.881784197001252e-16
      vertex 81.22821615044276 -8.639711091120226 8.881784197001252e-16
    endloop
  endfacet
  facet normal 0 0 -1
    outer loop
      vertex 42 -14.25 8.881784197001252e-16
      vertex 80.6246711095626 -8.124234928897202 8.881784197001252e-16
      vertex 80.79791847198288 -8.327081528017132 8.881784197001252e-16
    endloop
  endfacet
  facet normal 0 0 -1
    outer loop
      vertex 42 -14.25 8.881784197001252e-16
      vertex 80.79791847198288 -8.327081528017132 8.881784197001252e-16
      vertex 81.00076507110279 -8.500328890437409 8.881784197001252e-16
    endloop
  endfacet
  facet normal 0 0 -1
    outer loop
      vertex 42 -14.25 8.881784197001252e-16
      vertex 80.48528890887977 -7.896783849557231 8.881784197001252e-16
      vertex 80.6246711095626 -8.124234928897202 8.881784197001252e-16
    endloop
  endfacet
  facet normal 0 0 -1
    outer loop
      vertex 42 -14.25 8.881784197001252e-16
      vertex 80.38320392229824 -7.650328890437407 8.881784197001252e-16
      vertex 80.48528890887977 -7.896783849557231 8.881784197001252e-16
    endloop
  endfacet
  facet normal 0 0 -1
    outer loop
      vertex 42 -14.25 8.881784197001252e-16
      vertex 81.7340614094316 -8.804070179011731 8.881784197001252e-16
      vertex 82 -8.825000000000003 8.881784197001252e-16
    endloop
  endfacet
  facet normal 0 0 -1
    outer loop
      vertex 42 -14.25 8.881784197001252e-16
      vertex 82 -8.825000000000003 8.881784197001252e-16
      vertex 82.2659385905684 -8.804070179011731 8.881784197001252e-16
    endloop
  endfacet
  facet normal 0 0 -1
    outer loop
      vertex 42 -14.25 8.881784197001252e-16
      vertex 81.22821615044276 -8.639711091120226 8.881784197001252e-16
      vertex 81.47467110956259 -8.741796077701764 8.881784197001252e-16
    endloop
  endfacet
  facet normal 0 0 -1
    outer loop
      vertex 42 -14.25 8.881784197001252e-16
      vertex 81.47467110956259 -8.741796077701764 8.881784197001252e-16
      vertex 81.7340614094316 -8.804070179011731 8.881784197001252e-16
    endloop
  endfacet
  facet normal 0 0 -1
    outer loop
      vertex 42 -14.25 8.881784197001252e-16
      vertex 80.32092982098825 -7.390938590568389 8.881784197001252e-16
      vertex 80.38320392229824 -7.650328890437407 8.881784197001252e-16
    endloop
  endfacet
  facet normal 0 0 -1
    outer loop
      vertex 42 -14.25 8.881784197001252e-16
      vertex 80.30000000000001 -7.125 8.881784197001252e-16
      vertex 80.32092982098825 -7.390938590568389 8.881784197001252e-16
    endloop
  endfacet
  facet normal 0 0 -1
    outer loop
      vertex 42 -14.25 8.881784197001252e-16
      vertex 80.32092982098825 -6.859061409431611 8.881784197001252e-16
      vertex 80.30000000000001 -7.125 8.881784197001252e-16
    endloop
  endfacet
  facet normal 0 0 -1
    outer loop
      vertex 42 -14.25 8.881784197001252e-16
      vertex 80.38320392229824 -6.599671109562593 8.881784197001252e-16
      vertex 80.32092982098825 -6.859061409431611 8.881784197001252e-16
    endloop
  endfacet
  facet normal 0 0 -1
    outer loop
      vertex 42 -14.25 8.881784197001252e-16
      vertex 80.48528890887977 -6.353216150442769 8.881784197001252e-16
      vertex 80.38320392229824 -6.599671109562593 8.881784197001252e-16
    endloop
  endfacet
  facet normal 0 0 -1
    outer loop
      vertex 42 -14.25 8.881784197001252e-16
      vertex 80.6246711095626 -6.125765071102798 8.881784197001252e-16
      vertex 80.48528890887977 -6.353216150442769 8.881784197001252e-16
    endloop
  endfacet
  facet normal 0 0 -1
    outer loop
      vertex 42 -14.25 8.881784197001252e-16
      vertex 80.79791847198288 -5.922918471982868 8.881784197001252e-16
      vertex 80.6246711095626 -6.125765071102798 8.881784197001252e-16
    endloop
  endfacet
  facet normal 0 0 -1
    outer loop
      vertex 42 -14.25 8.881784197001252e-16
      vertex 81.00076507110279 -5.749671109562591 8.881784197001252e-16
      vertex 80.79791847198288 -5.922918471982868 8.881784197001252e-16
    endloop
  endfacet
  facet normal 0 0 -1
    outer loop
      vertex 42 -14.25 8.881784197001252e-16
      vertex 81.22821615044276 -5.610288908879774 8.881784197001252e-16
      vertex 81.00076507110279 -5.749671109562591 8.881784197001252e-16
    endloop
  endfacet
  facet normal 0 0 -1
    outer loop
      vertex 42 -14.25 8.881784197001252e-16
      vertex 81.47467110956259 -5.508203922298236 8.881784197001252e-16
      vertex 81.22821615044276 -5.610288908879774 8.881784197001252e-16
    endloop
  endfacet
  facet normal 0 0 -1
    outer loop
      vertex 42 -14.25 8.881784197001252e-16
      vertex 81.7340614094316 -5.445929820988269 8.881784197001252e-16
      vertex 81.47467110956259 -5.508203922298236 8.881784197001252e-16
    endloop
  endfacet
  facet normal 0 -1 0
    outer loop
      vertex 42 -14.25 8.881784197001252e-16
      vertex 98 -14.25 8.881784197001252e-16
      vertex 98 -14.25 3.200000000000001
    endloop
  endfacet
  facet normal 0 0 -1
    outer loop
      vertex 98 0 8.881784197001252e-16
      vertex 58.265938590568396 -8.804070179011731 8.881784197001252e-16
      vertex 58.52532889043741 -8.741796077701764 8.881784197001252e-16
    endloop
  endfacet
  facet normal 0 0 -1
    outer loop
      vertex 42 -14.25 8.881784197001252e-16
      vertex 98 0 8.881784197001252e-16
      vertex 81.7340614094316 -5.445929820988269 8.881784197001252e-16
    endloop
  endfacet
  facet normal 0 0 -1
    outer loop
      vertex 98 0 8.881784197001252e-16
      vertex 58.52532889043741 -8.741796077701764 8.881784197001252e-16
      vertex 58.77178384955724 -8.639711091120226 8.881784197001252e-16
    endloop
  endfacet
  facet normal 0 0 -1
    outer loop
      vertex 98 0 8.881784197001252e-16
      vertex 58.77178384955724 -8.639711091120226 8.881784197001252e-16
      vertex 58.99923492889721 -8.500328890437409 8.881784197001252e-16
    endloop
  endfacet
  facet normal 0 0 -1
    outer loop
      vertex 98 0 8.881784197001252e-16
      vertex 58.99923492889721 -8.500328890437409 8.881784197001252e-16
      vertex 59.20208152801712 -8.327081528017132 8.881784197001252e-16
    endloop
  endfacet
  facet normal 0 0 -1
    outer loop
      vertex 98 0 8.881784197001252e-16
      vertex 59.20208152801712 -8.327081528017132 8.881784197001252e-16
      vertex 59.3753288904374 -8.124234928897202 8.881784197001252e-16
    endloop
  endfacet
  facet normal 0 0 -1
    outer loop
      vertex 98 0 8.881784197001252e-16
      vertex 59.3753288904374 -8.124234928897202 8.881784197001252e-16
      vertex 59.51471109112023 -7.896783849557231 8.881784197001252e-16
    endloop
  endfacet
  facet normal 0 0 -1
    outer loop
      vertex 98 0 8.881784197001252e-16
      vertex 59.51471109112023 -7.896783849557231 8.881784197001252e-16
      vertex 59.616796077701764 -7.650328890437407 8.881784197001252e-16
    endloop
  endfacet
  facet normal 0 0 -1
    outer loop
      vertex 98 0 8.881784197001252e-16
      vertex 59.616796077701764 -7.650328890437407 8.881784197001252e-16
      vertex 59.679070179011745 -7.390938590568389 8.881784197001252e-16
    endloop
  endfacet
  facet normal 0 0 -1
    outer loop
      vertex 98 0 8.881784197001252e-16
      vertex 59.679070179011745 -7.390938590568389 8.881784197001252e-16
      vertex 59.69999999999999 -7.125 8.881784197001252e-16
    endloop
  endfacet
  facet normal 0 0 -1
    outer loop
      vertex 98 0 8.881784197001252e-16
      vertex 59.69999999999999 -7.125 8.881784197001252e-16
      vertex 59.679070179011745 -6.859061409431611 8.881784197001252e-16
    endloop
  endfacet
  facet normal 0 0 -1
    outer loop
      vertex 98 0 8.881784197001252e-16
      vertex 59.679070179011745 -6.859061409431611 8.881784197001252e-16
      vertex 59.616796077701764 -6.599671109562593 8.881784197001252e-16
    endloop
  endfacet
  facet normal 0 0 -1
    outer loop
      vertex 98 0 8.881784197001252e-16
      vertex 59.616796077701764 -6.599671109562593 8.881784197001252e-16
      vertex 59.51471109112023 -6.353216150442769 8.881784197001252e-16
    endloop
  endfacet
  facet normal 0 0 -1
    outer loop
      vertex 98 0 8.881784197001252e-16
      vertex 59.51471109112023 -6.353216150442769 8.881784197001252e-16
      vertex 59.3753288904374 -6.125765071102798 8.881784197001252e-16
    endloop
  endfacet
  facet normal 0 0 -1
    outer loop
      vertex 98 0 8.881784197001252e-16
      vertex 59.3753288904374 -6.125765071102798 8.881784197001252e-16
      vertex 59.20208152801712 -5.922918471982868 8.881784197001252e-16
    endloop
  endfacet
  facet normal 0 0 -1
    outer loop
      vertex 98 0 8.881784197001252e-16
      vertex 58.99923492889721 -5.749671109562591 8.881784197001252e-16
      vertex 58.77178384955724 -5.610288908879774 8.881784197001252e-16
    endloop
  endfacet
  facet normal 0 0 -1
    outer loop
      vertex 98 0 8.881784197001252e-16
      vertex 59.20208152801712 -5.922918471982868 8.881784197001252e-16
      vertex 58.99923492889721 -5.749671109562591 8.881784197001252e-16
    endloop
  endfacet
  facet normal 0 0 -1
    outer loop
      vertex 98 0 8.881784197001252e-16
      vertex 58.77178384955724 -5.610288908879774 8.881784197001252e-16
      vertex 58.52532889043741 -5.508203922298236 8.881784197001252e-16
    endloop
  endfacet
  facet normal 0 -1 0
    outer loop
      vertex 42 -14.25 3.200000000000001
      vertex 42 -14.25 8.881784197001252e-16
      vertex 98 -14.25 3.200000000000001
    endloop
  endfacet
  facet normal 0 0 1
    outer loop
      vertex 42 -14.25 3.200000000000001
      vertex 57.22821615044276 -8.639711091120226 3.200000000000001
      vertex 57.00076507110279 -8.500328890437409 3.200000000000001
    endloop
  endfacet
  facet normal 0 0 1
    outer loop
      vertex 42 -14.25 3.200000000000001
      vertex 57.47467110956259 -8.741796077701764 3.200000000000001
      vertex 57.22821615044276 -8.639711091120226 3.200000000000001
    endloop
  endfacet
  facet normal 0 0 1
    outer loop
      vertex 42 -14.25 3.200000000000001
      vertex 57.734061409431604 -8.804070179011731 3.200000000000001
      vertex 57.47467110956259 -8.741796077701764 3.200000000000001
    endloop
  endfacet
  facet normal 0 0 1
    outer loop
      vertex 42 -14.25 3.200000000000001
      vertex 56.79791847198288 -8.327081528017132 3.200000000000001
      vertex 56.6246711095626 -8.124234928897202 3.200000000000001
    endloop
  endfacet
  facet normal 0 0 1
    outer loop
      vertex 42 -14.25 3.200000000000001
      vertex 57.00076507110279 -8.500328890437409 3.200000000000001
      vertex 56.79791847198288 -8.327081528017132 3.200000000000001
    endloop
  endfacet
  facet normal 0 0 1
    outer loop
      vertex 42 -14.25 3.200000000000001
      vertex 56.6246711095626 -8.124234928897202 3.200000000000001
      vertex 56.48528890887977 -7.896783849557231 3.200000000000001
    endloop
  endfacet
  facet normal 0 0 1
    outer loop
      vertex 42 -14.25 3.200000000000001
      vertex 56.48528890887977 -7.896783849557231 3.200000000000001
      vertex 56.383203922298236 -7.650328890437407 3.200000000000001
    endloop
  endfacet
  facet normal 0 0 1
    outer loop
      vertex 42 -14.25 3.200000000000001
      vertex 56.320929820988255 -7.390938590568389 3.200000000000001
      vertex 56.30000000000001 -7.125 3.200000000000001
    endloop
  endfacet
  facet normal 0 0 1
    outer loop
      vertex 42 -14.25 3.200000000000001
      vertex 56.383203922298236 -7.650328890437407 3.200000000000001
      vertex 56.320929820988255 -7.390938590568389 3.200000000000001
    endloop
  endfacet
  facet normal 0 0 1
    outer loop
      vertex 42 -14.25 3.200000000000001
      vertex 98 -14.25 3.200000000000001
      vertex 57.734061409431604 -8.804070179011731 3.200000000000001
    endloop
  endfacet
  facet normal 0 0 1
    outer loop
      vertex 42 0 3.200000000000001
      vertex 56.30000000000001 -7.125 3.200000000000001
      vertex 56.320929820988255 -6.859061409431611 3.200000000000001
    endloop
  endfacet
  facet normal 0 0 1
    outer loop
      vertex 42 0 3.200000000000001
      vertex 56.320929820988255 -6.859061409431611 3.200000000000001
      vertex 56.383203922298236 -6.599671109562593 3.200000000000001
    endloop
  endfacet
  facet normal 0 0 1
    outer loop
      vertex 42 0 3.200000000000001
      vertex 56.383203922298236 -6.599671109562593 3.200000000000001
      vertex 56.48528890887977 -6.353216150442769 3.200000000000001
    endloop
  endfacet
  facet normal 0 0 1
    outer loop
      vertex 42 0 3.200000000000001
      vertex 56.48528890887977 -6.353216150442769 3.200000000000001
      vertex 56.6246711095626 -6.125765071102798 3.200000000000001
    endloop
  endfacet
  facet normal 0 0 1
    outer loop
      vertex 42 0 3.200000000000001
      vertex 56.6246711095626 -6.125765071102798 3.200000000000001
      vertex 56.79791847198288 -5.922918471982868 3.200000000000001
    endloop
  endfacet
  facet normal 0 0 1
    outer loop
      vertex 42 0 3.200000000000001
      vertex 56.79791847198288 -5.922918471982868 3.200000000000001
      vertex 57.00076507110279 -5.749671109562591 3.200000000000001
    endloop
  endfacet
  facet normal 0 0 1
    outer loop
      vertex 42 0 3.200000000000001
      vertex 57.00076507110279 -5.749671109562591 3.200000000000001
      vertex 57.22821615044276 -5.610288908879774 3.200000000000001
    endloop
  endfacet
  facet normal 0 0 1
    outer loop
      vertex 42 0 3.200000000000001
      vertex 57.22821615044276 -5.610288908879774 3.200000000000001
      vertex 57.47467110956259 -5.508203922298236 3.200000000000001
    endloop
  endfacet
  facet normal 0 0 1
    outer loop
      vertex 42 0 3.200000000000001
      vertex 57.47467110956259 -5.508203922298236 3.200000000000001
      vertex 57.734061409431604 -5.445929820988269 3.200000000000001
    endloop
  endfacet
  facet normal 0 0 1
    outer loop
      vertex 42 0 3.200000000000001
      vertex 57.734061409431604 -5.445929820988269 3.200000000000001
      vertex 58 -5.424999999999997 3.200000000000001
    endloop
  endfacet
  facet normal 0 0 1
    outer loop
      vertex 42 0 3.200000000000001
      vertex 58 -5.424999999999997 3.200000000000001
      vertex 58.265938590568396 -5.445929820988269 3.200000000000001
    endloop
  endfacet
  facet normal 0 0 1
    outer loop
      vertex 42 0 3.200000000000001
      vertex 58.265938590568396 -5.445929820988269 3.200000000000001
      vertex 98 -14.25 3.200000000000001
    endloop
  endfacet
  facet normal 0 0 1
    outer loop
      vertex 98 -14.25 3.200000000000001
      vertex 58 -8.825000000000003 3.200000000000001
      vertex 57.734061409431604 -8.804070179011731 3.200000000000001
    endloop
  endfacet
  facet normal 0 0 1
    outer loop
      vertex 98 -14.25 3.200000000000001
      vertex 58.265938590568396 -8.804070179011731 3.200000000000001
      vertex 58 -8.825000000000003 3.200000000000001
    endloop
  endfacet
  facet normal 0 0 1
    outer loop
      vertex 98 -14.25 3.200000000000001
      vertex 58.52532889043741 -8.741796077701764 3.200000000000001
      vertex 58.265938590568396 -8.804070179011731 3.200000000000001
    endloop
  endfacet
  facet normal 0 0 1
    outer loop
      vertex 98 -14.25 3.200000000000001
      vertex 58.265938590568396 -5.445929820988269 3.200000000000001
      vertex 58.52532889043741 -5.508203922298236 3.200000000000001
    endloop
  endfacet
  facet normal 0 0 1
    outer loop
      vertex 98 -14.25 3.200000000000001
      vertex 58.77178384955724 -8.639711091120226 3.200000000000001
      vertex 58.52532889043741 -8.741796077701764 3.200000000000001
    endloop
  endfacet
  facet normal 0 0 1
    outer loop
      vertex 98 -14.25 3.200000000000001
      vertex 58.99923492889721 -8.500328890437409 3.200000000000001
      vertex 58.77178384955724 -8.639711091120226 3.200000000000001
    endloop
  endfacet
  facet normal 0 0 1
    outer loop
      vertex 98 -14.25 3.200000000000001
      vertex 59.20208152801712 -8.327081528017132 3.200000000000001
      vertex 58.99923492889721 -8.500328890437409 3.200000000000001
    endloop
  endfacet
  facet normal 0 0 1
    outer loop
      vertex 98 -14.25 3.200000000000001
      vertex 59.3753288904374 -8.124234928897202 3.200000000000001
      vertex 59.20208152801712 -8.327081528017132 3.200000000000001
    endloop
  endfacet
  facet normal 0 0 1
    outer loop
      vertex 98 -14.25 3.200000000000001
      vertex 59.51471109112023 -7.896783849557231 3.200000000000001
      vertex 59.3753288904374 -8.124234928897202 3.200000000000001
    endloop
  endfacet
  facet normal 0 0 1
    outer loop
      vertex 98 -14.25 3.200000000000001
      vertex 59.616796077701764 -7.650328890437407 3.200000000000001
      vertex 59.51471109112023 -7.896783849557231 3.200000000000001
    endloop
  endfacet
  facet normal 0 0 1
    outer loop
      vertex 98 -14.25 3.200000000000001
      vertex 59.679070179011745 -7.390938590568389 3.200000000000001
      vertex 59.616796077701764 -7.650328890437407 3.200000000000001
    endloop
  endfacet
  facet normal 0 0 1
    outer loop
      vertex 98 -14.25 3.200000000000001
      vertex 59.69999999999999 -7.125 3.200000000000001
      vertex 59.679070179011745 -7.390938590568389 3.200000000000001
    endloop
  endfacet
  facet normal 0 0 1
    outer loop
      vertex 98 -14.25 3.200000000000001
      vertex 59.679070179011745 -6.859061409431611 3.200000000000001
      vertex 59.69999999999999 -7.125 3.200000000000001
    endloop
  endfacet
  facet normal 0 0 1
    outer loop
      vertex 98 -14.25 3.200000000000001
      vertex 59.616796077701764 -6.599671109562593 3.200000000000001
      vertex 59.679070179011745 -6.859061409431611 3.200000000000001
    endloop
  endfacet
  facet normal 0 0 1
    outer loop
      vertex 98 -14.25 3.200000000000001
      vertex 59.51471109112023 -6.353216150442769 3.200000000000001
      vertex 59.616796077701764 -6.599671109562593 3.200000000000001
    endloop
  endfacet
  facet normal 0 0 1
    outer loop
      vertex 98 -14.25 3.200000000000001
      vertex 59.3753288904374 -6.125765071102798 3.200000000000001
      vertex 59.51471109112023 -6.353216150442769 3.200000000000001
    endloop
  endfacet
  facet normal 0 0 1
    outer loop
      vertex 98 -14.25 3.200000000000001
      vertex 59.20208152801712 -5.922918471982868 3.200000000000001
      vertex 59.3753288904374 -6.125765071102798 3.200000000000001
    endloop
  endfacet
  facet normal 0 0 1
    outer loop
      vertex 98 -14.25 3.200000000000001
      vertex 58.77178384955724 -5.610288908879774 3.200000000000001
      vertex 58.99923492889721 -5.749671109562591 3.200000000000001
    endloop
  endfacet
  facet normal 0 0 1
    outer loop
      vertex 98 -14.25 3.200000000000001
      vertex 58.99923492889721 -5.749671109562591 3.200000000000001
      vertex 59.20208152801712 -5.922918471982868 3.200000000000001
    endloop
  endfacet
  facet normal 0 0 1
    outer loop
      vertex 98 -14.25 3.200000000000001
      vertex 58.52532889043741 -5.508203922298236 3.200000000000001
      vertex 58.77178384955724 -5.610288908879774 3.200000000000001
    endloop
  endfacet
  facet normal 0 0 1
    outer loop
      vertex 42 0 3.200000000000001
      vertex 98 -14.25 3.200000000000001
      vertex 81.7340614094316 -8.804070179011731 3.200000000000001
    endloop
  endfacet
  facet normal 0 1 0
    outer loop
      vertex 42 0 3.200000000000001
      vertex 98 0 3.200000000000001
      vertex 98 0 8.881784197001252e-16
    endloop
  endfacet
  facet normal 0 0 1
    outer loop
      vertex 42 0 3.200000000000001
      vertex 81.22821615044276 -8.639711091120226 3.200000000000001
      vertex 81.00076507110279 -8.500328890437409 3.200000000000001
    endloop
  endfacet
  facet normal 0 0 1
    outer loop
      vertex 42 0 3.200000000000001
      vertex 80.79791847198288 -8.327081528017132 3.200000000000001
      vertex 80.6246711095626 -8.124234928897202 3.200000000000001
    endloop
  endfacet
  facet normal 0 0 1
    outer loop
      vertex 42 0 3.200000000000001
      vertex 81.00076507110279 -8.500328890437409 3.200000000000001
      vertex 80.79791847198288 -8.327081528017132 3.200000000000001
    endloop
  endfacet
  facet normal 0 0 1
    outer loop
      vertex 42 0 3.200000000000001
      vertex 80.6246711095626 -8.124234928897202 3.200000000000001
      vertex 80.48528890887977 -7.896783849557231 3.200000000000001
    endloop
  endfacet
  facet normal 0 0 1
    outer loop
      vertex 42 0 3.200000000000001
      vertex 80.48528890887977 -7.896783849557231 3.200000000000001
      vertex 80.38320392229824 -7.650328890437407 3.200000000000001
    endloop
  endfacet
  facet normal 0 0 1
    outer loop
      vertex 42 0 3.200000000000001
      vertex 81.47467110956259 -8.741796077701764 3.200000000000001
      vertex 81.22821615044276 -8.639711091120226 3.200000000000001
    endloop
  endfacet
  facet normal 0 0 1
    outer loop
      vertex 42 0 3.200000000000001
      vertex 81.7340614094316 -8.804070179011731 3.200000000000001
      vertex 81.47467110956259 -8.741796077701764 3.200000000000001
    endloop
  endfacet
  facet normal 0 0 1
    outer loop
      vertex 42 0 3.200000000000001
      vertex 80.38320392229824 -7.650328890437407 3.200000000000001
      vertex 80.32092982098825 -7.390938590568389 3.200000000000001
    endloop
  endfacet
  facet normal 0 0 1
    outer loop
      vertex 42 0 3.200000000000001
      vertex 80.32092982098825 -7.390938590568389 3.200000000000001
      vertex 80.30000000000001 -7.125 3.200000000000001
    endloop
  endfacet
  facet normal 0 0 1
    outer loop
      vertex 42 0 3.200000000000001
      vertex 80.30000000000001 -7.125 3.200000000000001
      vertex 80.32092982098825 -6.859061409431611 3.200000000000001
    endloop
  endfacet
  facet normal 0 0 1
    outer loop
      vertex 42 0 3.200000000000001
      vertex 80.32092982098825 -6.859061409431611 3.200000000000001
      vertex 80.38320392229824 -6.599671109562593 3.200000000000001
    endloop
  endfacet
  facet normal 0 0 1
    outer loop
      vertex 42 0 3.200000000000001
      vertex 80.38320392229824 -6.599671109562593 3.200000000000001
      vertex 80.48528890887977 -6.353216150442769 3.200000000000001
    endloop
  endfacet
  facet normal 0 0 1
    outer loop
      vertex 42 0 3.200000000000001
      vertex 80.48528890887977 -6.353216150442769 3.200000000000001
      vertex 80.6246711095626 -6.125765071102798 3.200000000000001
    endloop
  endfacet
  facet normal 0 0 1
    outer loop
      vertex 42 0 3.200000000000001
      vertex 80.6246711095626 -6.125765071102798 3.200000000000001
      vertex 80.79791847198288 -5.922918471982868 3.200000000000001
    endloop
  endfacet
  facet normal 0 0 1
    outer loop
      vertex 42 0 3.200000000000001
      vertex 80.79791847198288 -5.922918471982868 3.200000000000001
      vertex 81.00076507110279 -5.749671109562591 3.200000000000001
    endloop
  endfacet
  facet normal 0 0 1
    outer loop
      vertex 42 0 3.200000000000001
      vertex 81.00076507110279 -5.749671109562591 3.200000000000001
      vertex 81.22821615044276 -5.610288908879774 3.200000000000001
    endloop
  endfacet
  facet normal 0 0 1
    outer loop
      vertex 42 0 3.200000000000001
      vertex 81.22821615044276 -5.610288908879774 3.200000000000001
      vertex 81.47467110956259 -5.508203922298236 3.200000000000001
    endloop
  endfacet
  facet normal 0 0 1
    outer loop
      vertex 42 0 3.200000000000001
      vertex 81.47467110956259 -5.508203922298236 3.200000000000001
      vertex 98 0 3.200000000000001
    endloop
  endfacet
  facet normal 0 0 -1
    outer loop
      vertex 98 -14.25 8.881784197001252e-16
      vertex 82.2659385905684 -8.804070179011731 8.881784197001252e-16
      vertex 82.52532889043741 -8.741796077701764 8.881784197001252e-16
    endloop
  endfacet
  facet normal 0 0 -1
    outer loop
      vertex 98 -14.25 8.881784197001252e-16
      vertex 82.52532889043741 -8.741796077701764 8.881784197001252e-16
      vertex 82.77178384955724 -8.639711091120226 8.881784197001252e-16
    endloop
  endfacet
  facet normal 0 0 -1
    outer loop
      vertex 98 -14.25 8.881784197001252e-16
      vertex 82.77178384955724 -8.639711091120226 8.881784197001252e-16
      vertex 82.99923492889721 -8.500328890437409 8.881784197001252e-16
    endloop
  endfacet
  facet normal 0 0 -1
    outer loop
      vertex 98 -14.25 8.881784197001252e-16
      vertex 82.99923492889721 -8.500328890437409 8.881784197001252e-16
      vertex 83.20208152801712 -8.327081528017132 8.881784197001252e-16
    endloop
  endfacet
  facet normal 0 0 -1
    outer loop
      vertex 98 -14.25 8.881784197001252e-16
      vertex 83.20208152801712 -8.327081528017132 8.881784197001252e-16
      vertex 83.3753288904374 -8.124234928897202 8.881784197001252e-16
    endloop
  endfacet
  facet normal 0 0 -1
    outer loop
      vertex 98 -14.25 8.881784197001252e-16
      vertex 83.3753288904374 -8.124234928897202 8.881784197001252e-16
      vertex 83.51471109112023 -7.896783849557231 8.881784197001252e-16
    endloop
  endfacet
  facet normal 0 0 -1
    outer loop
      vertex 98 -14.25 8.881784197001252e-16
      vertex 83.51471109112023 -7.896783849557231 8.881784197001252e-16
      vertex 83.61679607770176 -7.650328890437407 8.881784197001252e-16
    endloop
  endfacet
  facet normal 0 0 -1
    outer loop
      vertex 98 -14.25 8.881784197001252e-16
      vertex 83.61679607770176 -7.650328890437407 8.881784197001252e-16
      vertex 83.67907017901175 -7.390938590568389 8.881784197001252e-16
    endloop
  endfacet
  facet normal 0 0 -1
    outer loop
      vertex 98 -14.25 8.881784197001252e-16
      vertex 83.67907017901175 -7.390938590568389 8.881784197001252e-16
      vertex 83.69999999999999 -7.125 8.881784197001252e-16
    endloop
  endfacet
  facet normal 0 0 -1
    outer loop
      vertex 98 0 8.881784197001252e-16
      vertex 98 -14.25 8.881784197001252e-16
      vertex 83.69999999999999 -7.125 8.881784197001252e-16
    endloop
  endfacet
  facet normal 1 0 0
    outer loop
      vertex 98 0 8.881784197001252e-16
      vertex 98 -14.25 3.200000000000001
      vertex 98 -14.25 8.881784197001252e-16
    endloop
  endfacet
  facet normal 0 0 -1
    outer loop
      vertex 98 0 8.881784197001252e-16
      vertex 83.51471109112023 -6.353216150442769 8.881784197001252e-16
      vertex 83.3753288904374 -6.125765071102798 8.881784197001252e-16
    endloop
  endfacet
  facet normal 0 0 -1
    outer loop
      vertex 98 0 8.881784197001252e-16
      vertex 83.3753288904374 -6.125765071102798 8.881784197001252e-16
      vertex 83.20208152801712 -5.922918471982868 8.881784197001252e-16
    endloop
  endfacet
  facet normal 0 0 -1
    outer loop
      vertex 98 0 8.881784197001252e-16
      vertex 83.20208152801712 -5.922918471982868 8.881784197001252e-16
      vertex 82.99923492889721 -5.749671109562591 8.881784197001252e-16
    endloop
  endfacet
  facet normal 0 0 -1
    outer loop
      vertex 98 0 8.881784197001252e-16
      vertex 82.99923492889721 -5.749671109562591 8.881784197001252e-16
      vertex 82.77178384955724 -5.610288908879774 8.881784197001252e-16
    endloop
  endfacet
  facet normal 0 0 -1
    outer loop
      vertex 98 0 8.881784197001252e-16
      vertex 82 -5.424999999999997 8.881784197001252e-16
      vertex 81.7340614094316 -5.445929820988269 8.881784197001252e-16
    endloop
  endfacet
  facet normal 0 0 -1
    outer loop
      vertex 98 0 8.881784197001252e-16
      vertex 82.2659385905684 -5.445929820988269 8.881784197001252e-16
      vertex 82 -5.424999999999997 8.881784197001252e-16
    endloop
  endfacet
  facet normal 0 0 -1
    outer loop
      vertex 98 0 8.881784197001252e-16
      vertex 82.52532889043741 -5.508203922298236 8.881784197001252e-16
      vertex 82.2659385905684 -5.445929820988269 8.881784197001252e-16
    endloop
  endfacet
  facet normal 0 0 -1
    outer loop
      vertex 98 0 8.881784197001252e-16
      vertex 82.77178384955724 -5.610288908879774 8.881784197001252e-16
      vertex 82.52532889043741 -5.508203922298236 8.881784197001252e-16
    endloop
  endfacet
  facet normal 0 0 -1
    outer loop
      vertex 98 0 8.881784197001252e-16
      vertex 83.69999999999999 -7.125 8.881784197001252e-16
      vertex 83.67907017901175 -6.859061409431611 8.881784197001252e-16
    endloop
  endfacet
  facet normal 0 0 -1
    outer loop
      vertex 98 0 8.881784197001252e-16
      vertex 83.67907017901175 -6.859061409431611 8.881784197001252e-16
      vertex 83.61679607770176 -6.599671109562593 8.881784197001252e-16
    endloop
  endfacet
  facet normal 0 0 -1
    outer loop
      vertex 98 0 8.881784197001252e-16
      vertex 83.61679607770176 -6.599671109562593 8.881784197001252e-16
      vertex 83.51471109112023 -6.353216150442769 8.881784197001252e-16
    endloop
  endfacet
  facet normal 0 0 1
    outer loop
      vertex 98 -14.25 3.200000000000001
      vertex 82 -8.825000000000003 3.200000000000001
      vertex 81.7340614094316 -8.804070179011731 3.200000000000001
    endloop
  endfacet
  facet normal 0 0 1
    outer loop
      vertex 98 -14.25 3.200000000000001
      vertex 82.2659385905684 -8.804070179011731 3.200000000000001
      vertex 82 -8.825000000000003 3.200000000000001
    endloop
  endfacet
  facet normal 0 0 1
    outer loop
      vertex 98 -14.25 3.200000000000001
      vertex 82.52532889043741 -8.741796077701764 3.200000000000001
      vertex 82.2659385905684 -8.804070179011731 3.200000000000001
    endloop
  endfacet
  facet normal 0 0 1
    outer loop
      vertex 98 -14.25 3.200000000000001
      vertex 82.77178384955724 -8.639711091120226 3.200000000000001
      vertex 82.52532889043741 -8.741796077701764 3.200000000000001
    endloop
  endfacet
  facet normal 0 0 1
    outer loop
      vertex 98 -14.25 3.200000000000001
      vertex 82.99923492889721 -8.500328890437409 3.200000000000001
      vertex 82.77178384955724 -8.639711091120226 3.200000000000001
    endloop
  endfacet
  facet normal 0 0 1
    outer loop
      vertex 98 -14.25 3.200000000000001
      vertex 83.20208152801712 -8.327081528017132 3.200000000000001
      vertex 82.99923492889721 -8.500328890437409 3.200000000000001
    endloop
  endfacet
  facet normal 0 0 1
    outer loop
      vertex 98 -14.25 3.200000000000001
      vertex 83.3753288904374 -8.124234928897202 3.200000000000001
      vertex 83.20208152801712 -8.327081528017132 3.200000000000001
    endloop
  endfacet
  facet normal 0 0 1
    outer loop
      vertex 98 -14.25 3.200000000000001
      vertex 83.51471109112023 -7.896783849557231 3.200000000000001
      vertex 83.3753288904374 -8.124234928897202 3.200000000000001
    endloop
  endfacet
  facet normal 0 0 1
    outer loop
      vertex 98 -14.25 3.200000000000001
      vertex 83.61679607770176 -7.650328890437407 3.200000000000001
      vertex 83.51471109112023 -7.896783849557231 3.200000000000001
    endloop
  endfacet
  facet normal 0 0 1
    outer loop
      vertex 98 -14.25 3.200000000000001
      vertex 83.67907017901175 -7.390938590568389 3.200000000000001
      vertex 83.61679607770176 -7.650328890437407 3.200000000000001
    endloop
  endfacet
  facet normal 0 0 1
    outer loop
      vertex 98 -14.25 3.200000000000001
      vertex 83.69999999999999 -7.125 3.200000000000001
      vertex 83.67907017901175 -7.390938590568389 3.200000000000001
    endloop
  endfacet
  facet normal 0 0 1
    outer loop
      vertex 98 -14.25 3.200000000000001
      vertex 83.67907017901175 -6.859061409431611 3.200000000000001
      vertex 83.69999999999999 -7.125 3.200000000000001
    endloop
  endfacet
  facet normal 0 0 1
    outer loop
      vertex 98 -14.25 3.200000000000001
      vertex 83.61679607770176 -6.599671109562593 3.200000000000001
      vertex 83.67907017901175 -6.859061409431611 3.200000000000001
    endloop
  endfacet
  facet normal 1 0 0
    outer loop
      vertex 98 0 3.200000000000001
      vertex 98 -14.25 3.200000000000001
      vertex 98 0 8.881784197001252e-16
    endloop
  endfacet
  facet normal 0 0 1
    outer loop
      vertex 98 0 3.200000000000001
      vertex 81.47467110956259 -5.508203922298236 3.200000000000001
      vertex 81.7340614094316 -5.445929820988269 3.200000000000001
    endloop
  endfacet
  facet normal 0 0 1
    outer loop
      vertex 98 0 3.200000000000001
      vertex 83.3753288904374 -6.125765071102798 3.200000000000001
      vertex 83.51471109112023 -6.353216150442769 3.200000000000001
    endloop
  endfacet
  facet normal 0 0 1
    outer loop
      vertex 98 0 3.200000000000001
      vertex 83.20208152801712 -5.922918471982868 3.200000000000001
      vertex 83.3753288904374 -6.125765071102798 3.200000000000001
    endloop
  endfacet
  facet normal 0 0 1
    outer loop
      vertex 98 0 3.200000000000001
      vertex 82.99923492889721 -5.749671109562591 3.200000000000001
      vertex 83.20208152801712 -5.922918471982868 3.200000000000001
    endloop
  endfacet
  facet normal 0 0 1
    outer loop
      vertex 98 0 3.200000000000001
      vertex 82.77178384955724 -5.610288908879774 3.200000000000001
      vertex 82.99923492889721 -5.749671109562591 3.200000000000001
    endloop
  endfacet
  facet normal 0 0 1
    outer loop
      vertex 98 0 3.200000000000001
      vertex 81.7340614094316 -5.445929820988269 3.200000000000001
      vertex 82 -5.424999999999997 3.200000000000001
    endloop
  endfacet
  facet normal 0 0 1
    outer loop
      vertex 98 0 3.200000000000001
      vertex 82 -5.424999999999997 3.200000000000001
      vertex 82.2659385905684 -5.445929820988269 3.200000000000001
    endloop
  endfacet
  facet normal 0 0 1
    outer loop
      vertex 98 0 3.200000000000001
      vertex 82.2659385905684 -5.445929820988269 3.200000000000001
      vertex 82.52532889043741 -5.508203922298236 3.200000000000001
    endloop
  endfacet
  facet normal 0 0 1
    outer loop
      vertex 98 0 3.200000000000001
      vertex 82.52532889043741 -5.508203922298236 3.200000000000001
      vertex 82.77178384955724 -5.610288908879774 3.200000000000001
    endloop
  endfacet
  facet normal 0 0 1
    outer loop
      vertex 98 0 3.200000000000001
      vertex 83.51471109112023 -6.353216150442769 3.200000000000001
      vertex 83.61679607770176 -6.599671109562593 3.200000000000001
    endloop
  endfacet
  facet normal 0 0 1
    outer loop
      vertex 98 0 3.200000000000001
      vertex 83.61679607770176 -6.599671109562593 3.200000000000001
      vertex 98 -14.25 3.200000000000001
    endloop
  endfacet
  facet normal 0 -1 0
    outer loop
      vertex 114 -60 1.6
      vertex 110 -60 0
      vertex 114 -60 0
    endloop
  endfacet
  facet normal 0 -1 0
    outer loop
      vertex 110 -60 0
      vertex 114 -60 1.6
      vertex 110 -60 1.6
    endloop
  endfacet
  facet normal 0 0 -1
    outer loop
      vertex 110 -60 0
      vertex 114 -13.75 0
      vertex 114 -60 0
    endloop
  endfacet
  facet normal 1 0 0
    outer loop
      vertex 114 -13.75 0
      vertex 114 -60 1.6
      vertex 114 -60 0
    endloop
  endfacet
  facet normal -1 0 0
    outer loop
      vertex 110 -13.75 1.6
      vertex 110 -60 0
      vertex 110 -60 1.6
    endloop
  endfacet
  facet normal 0 0 1
    outer loop
      vertex 114 -60 1.6
      vertex 110 -13.75 1.6
      vertex 110 -60 1.6
    endloop
  endfacet
  facet normal 0 0 -1
    outer loop
      vertex 114 -13.75 0
      vertex 110 -60 0
      vertex 110 -13.75 0
    endloop
  endfacet
  facet normal -1 0 0
    outer loop
      vertex 110 -60 0
      vertex 110 -13.75 1.6
      vertex 110 -13.75 0
    endloop
  endfacet
  facet normal 1 0 0
    outer loop
      vertex 114 -60 1.6
      vertex 114 -13.75 0
      vertex 114 -13.75 1.6
    endloop
  endfacet
  facet normal 0 0 1
    outer loop
      vertex 110 -13.75 1.6
      vertex 114 -60 1.6
      vertex 114 -13.75 1.6
    endloop
  endfacet
  facet normal 0 1 0
    outer loop
      vertex 110 -13.75 1.6
      vertex 114 -13.75 0
      vertex 110 -13.75 0
    endloop
  endfacet
  facet normal 0 1 0
    outer loop
      vertex 114 -13.75 0
      vertex 110 -13.75 1.6
      vertex 114 -13.75 1.6
    endloop
  endfacet
  facet normal 0 -1 0
    outer loop
      vertex 124 -60 1.6
      vertex 120 -60 0
      vertex 124 -60 0
    endloop
  endfacet
  facet normal 0 -1 0
    outer loop
      vertex 120 -60 0
      vertex 124 -60 1.6
      vertex 120 -60 1.6
    endloop
  endfacet
  facet normal 0 0 -1
    outer loop
      vertex 120 -60 0
      vertex 124 -15.699999999999989 0
      vertex 124 -60 0
    endloop
  endfacet
  facet normal 1 0 0
    outer loop
      vertex 124 -15.699999999999989 0
      vertex 124 -60 1.6
      vertex 124 -60 0
    endloop
  endfacet
  facet normal -1 0 0
    outer loop
      vertex 120 -15.699999999999989 1.6
      vertex 120 -60 0
      vertex 120 -60 1.6
    endloop
  endfacet
  facet normal 0 0 1
    outer loop
      vertex 124 -60 1.6
      vertex 120 -15.699999999999989 1.6
      vertex 120 -60 1.6
    endloop
  endfacet
  facet normal 0 0 -1
    outer loop
      vertex 124 -15.699999999999989 0
      vertex 120 -60 0
      vertex 120 -15.699999999999989 0
    endloop
  endfacet
  facet normal -1 0 0
    outer loop
      vertex 120 -60 0
      vertex 120 -15.699999999999989 1.6
      vertex 120 -15.699999999999989 0
    endloop
  endfacet
  facet normal 1 0 0
    outer loop
      vertex 124 -60 1.6
      vertex 124 -15.699999999999989 0
      vertex 124 -15.699999999999989 1.6
    endloop
  endfacet
  facet normal 0 0 1
    outer loop
      vertex 120 -15.699999999999989 1.6
      vertex 124 -60 1.6
      vertex 124 -15.699999999999989 1.6
    endloop
  endfacet
  facet normal 0 1 0
    outer loop
      vertex 120 -15.699999999999989 1.6
      vertex 124 -15.699999999999989 0
      vertex 120 -15.699999999999989 0
    endloop
  endfacet
  facet normal 0 1 0
    outer loop
      vertex 124 -15.699999999999989 0
      vertex 120 -15.699999999999989 1.6
      vertex 124 -15.699999999999989 1.6
    endloop
  endfacet
endsolid OpenSCAD_Model
