solid OpenSCAD_Model
  facet normal 0 0 1
    outer loop
      vertex -296.04999999701977 2.399999998509884 5.6
      vertex -296.04999999701977 20.7 5.6
      vertex -300.025 3 5.6
    endloop
  endfacet
  facet normal 0 0 1
    outer loop
      vertex -300.025 3 5.6
      vertex -296.04999999701977 20.7 5.6
      vertex -300.025 17 5.6
    endloop
  endfacet
  facet normal 0 0 1
    outer loop
      vertex -296.04999999701977 2.399999998509884 5.6
      vertex -300.025 3 5.6
      vertex -331.025 2.399999998509884 5.6
    endloop
  endfacet
  facet normal 0 -1 0
    outer loop
      vertex -296.04999999701977 0 5.6
      vertex -298.25 0 3.7
      vertex -296.04999999701977 0 3.7
    endloop
  endfacet
  facet normal 0 0 1
    outer loop
      vertex -288.04999999701977 32 5.6
      vertex -307.85 28.829016319029165 5.6
      vertex -296.04999999701977 24 5.6
    endloop
  endfacet
  facet normal 0 0 1
    outer loop
      vertex -288.04999999701977 32 5.6
      vertex -305.35 30.27239199200323 5.6
      vertex -307.85 28.829016319029165 5.6
    endloop
  endfacet
  facet normal 0 0 -1
    outer loop
      vertex -289.46449085915003 32 0
      vertex -296.75724542957505 24.707245429575014 0
      vertex -292.54999999701977 32 0
    endloop
  endfacet
  facet normal 0 -1 0
    outer loop
      vertex -296.04999999701977 0 1.19
      vertex -296.04999999701977 0 1.9000000000000001
      vertex -298.25 0 1.9000000000000001
    endloop
  endfacet
  facet normal -9.47717337150518e-16 -0.7041420109526249 -0.7100591724719804
    outer loop
      vertex -296.04999999701977 0 1.19
      vertex -296.06 0.19159663913129757 1
      vertex -296.04999999701977 0.19159663913129757 1
    endloop
  endfacet
  facet normal 0 0 -1
    outer loop
      vertex -297.0501960784314 1.2000000029802322 0
      vertex -316.39176607422047 7.639249401354356 0
      vertex -316.0795061152652 8.393111629250274 0
    endloop
  endfacet
  facet normal 0 0 -1
    outer loop
      vertex -297.0501960784314 1.2000000029802322 0
      vertex -316.0795061152652 8.393111629250274 0
      vertex -315.88902062890526 9.1865407817908 0
    endloop
  endfacet
  facet normal 0 0 -1
    outer loop
      vertex -297.0501960784314 1.2000000029802322 0
      vertex -315.88902062890526 9.1865407817908 0
      vertex -315.825 10 0
    endloop
  endfacet
  facet normal 0 0 -1
    outer loop
      vertex -297.0501960784314 1.2000000029802322 0
      vertex -315.825 10 0
      vertex -315.88902062890526 10.8134592182092 0
    endloop
  endfacet
  facet normal 0 0 -1
    outer loop
      vertex -297.0501960784314 1.2000000029802322 0
      vertex -315.88902062890526 10.8134592182092 0
      vertex -316.0795061152652 11.606888370749726 0
    endloop
  endfacet
  facet normal 0 0 -1
    outer loop
      vertex -297.0501960784314 1.2000000029802322 0
      vertex -316.0795061152652 11.606888370749726 0
      vertex -297.0501960784314 19.199756097560975 0
    endloop
  endfacet
  facet normal 0 0 -1
    outer loop
      vertex -297.0501960784314 19.199756097560975 0
      vertex -316.0795061152652 11.606888370749726 0
      vertex -316.39176607422047 12.360750598645645 0
    endloop
  endfacet
  facet normal 0 0 -1
    outer loop
      vertex -292.54999999701977 32 0
      vertex -296.75724542957505 24.707245429575014 0
      vertex -305.35 33.159143337951356 0
    endloop
  endfacet
  facet normal 0 0 -1
    outer loop
      vertex -297.0501960784314 24 0
      vertex -305.35 30.27239199200323 0
      vertex -296.75724542957505 24.707245429575014 0
    endloop
  endfacet
  facet normal 0 0 -1
    outer loop
      vertex -297.0501960784314 20.800243902439025 0
      vertex -305.35 30.27239199200323 0
      vertex -297.0501960784314 24 0
    endloop
  endfacet
  facet normal 0 0 -1
    outer loop
      vertex -296.75724542957505 24.707245429575014 0
      vertex -305.35 30.27239199200323 0
      vertex -305.35 33.159143337951356 0
    endloop
  endfacet
  facet normal 0 0 -1
    outer loop
      vertex -297.0501960784314 20.800243902439025 0
      vertex -307.85 28.829016319029165 0
      vertex -305.35 30.27239199200323 0
    endloop
  endfacet
  facet normal 0 0 -1
    outer loop
      vertex -297.0501960784314 20.800243902439025 0
      vertex -310.35 30.27239199200323 0
      vertex -307.85 28.829016319029165 0
    endloop
  endfacet
  facet normal 0 0 -1
    outer loop
      vertex -297.0501960784314 20.800243902439025 0
      vertex -314.45000000000005 28.829016319029165 0
      vertex -310.35 30.27239199200323 0
    endloop
  endfacet
  facet normal 0 0 1
    outer loop
      vertex -288.04999999701977 32 5.6
      vertex -288.04999999701977 49.780039237844846 5.6
      vertex -305.35 30.27239199200323 5.6
    endloop
  endfacet
  facet normal 0 0 1
    outer loop
      vertex -288.04999999701977 49.780039237844846 5.6
      vertex -295.27016261237515 41.70687244495656 5.6
      vertex -295.4943650813896 41.4443650813896 5.6
    endloop
  endfacet
  facet normal 0 0 1
    outer loop
      vertex -288.04999999701977 49.780039237844846 5.6
      vertex -295.08978564678563 42.001220900572996 5.6
      vertex -295.27016261237515 41.70687244495656 5.6
    endloop
  endfacet
  facet normal 0 0 1
    outer loop
      vertex -288.04999999701977 49.780039237844846 5.6
      vertex -294.95767566415066 42.320162612375114 5.6
      vertex -295.08978564678563 42.001220900572996 5.6
    endloop
  endfacet
  facet normal 0 0 1
    outer loop
      vertex -288.04999999701977 49.780039237844846 5.6
      vertex -294.87708565069073 42.65584417691149 5.6
      vertex -294.95767566415066 42.320162612375114 5.6
    endloop
  endfacet
  facet normal 0 0 1
    outer loop
      vertex -288.04999999701977 49.780039237844846 5.6
      vertex -294.85 43 5.6
      vertex -294.87708565069073 42.65584417691149 5.6
    endloop
  endfacet
  facet normal 0 0 1
    outer loop
      vertex -288.04999999701977 49.780039237844846 5.6
      vertex -294.87708565069073 43.34415582308851 5.6
      vertex -294.85 43 5.6
    endloop
  endfacet
  facet normal 0 0 1
    outer loop
      vertex -288.04999999701977 49.780039237844846 5.6
      vertex -294.95767566415066 43.679837387624886 5.6
      vertex -294.87708565069073 43.34415582308851 5.6
    endloop
  endfacet
  facet normal 0 0 1
    outer loop
      vertex -288.04999999701977 49.780039237844846 5.6
      vertex -295.08978564678563 43.998779099427004 5.6
      vertex -294.95767566415066 43.679837387624886 5.6
    endloop
  endfacet
  facet normal 0 0 1
    outer loop
      vertex -288.04999999701977 49.780039237844846 5.6
      vertex -295.27016261237515 44.29312755504344 5.6
      vertex -295.08978564678563 43.998779099427004 5.6
    endloop
  endfacet
  facet normal 0 0 1
    outer loop
      vertex -288.04999999701977 49.780039237844846 5.6
      vertex -295.4943650813896 44.5556349186104 5.6
      vertex -295.27016261237515 44.29312755504344 5.6
    endloop
  endfacet
  facet normal 0 0 1
    outer loop
      vertex -288.04999999701977 49.780039237844846 5.6
      vertex -295.75687244495657 44.77983738762489 5.6
      vertex -295.4943650813896 44.5556349186104 5.6
    endloop
  endfacet
  facet normal 0 0 1
    outer loop
      vertex -288.04999999701977 49.780039237844846 5.6
      vertex -296.051220900573 44.96021435321441 5.6
      vertex -295.75687244495657 44.77983738762489 5.6
    endloop
  endfacet
  facet normal 0 0 1
    outer loop
      vertex -288.04999999701977 49.780039237844846 5.6
      vertex -296.3701626123751 45.09232433584934 5.6
      vertex -296.051220900573 44.96021435321441 5.6
    endloop
  endfacet
  facet normal 0 0 1
    outer loop
      vertex -288.04999999701977 49.780039237844846 5.6
      vertex -296.7058441769115 45.1729143493093 5.6
      vertex -296.3701626123751 45.09232433584934 5.6
    endloop
  endfacet
  facet normal 0 0 1
    outer loop
      vertex -288.04999999701977 49.780039237844846 5.6
      vertex -297.05 45.2 5.6
      vertex -296.7058441769115 45.1729143493093 5.6
    endloop
  endfacet
  facet normal 0 0 1
    outer loop
      vertex -288.04999999701977 49.780039237844846 5.6
      vertex -297.3941558230885 45.1729143493093 5.6
      vertex -297.05 45.2 5.6
    endloop
  endfacet
  facet normal 0 0 1
    outer loop
      vertex -288.04999999701977 49.780039237844846 5.6
      vertex -297.7298373876249 45.09232433584934 5.6
      vertex -297.3941558230885 45.1729143493093 5.6
    endloop
  endfacet
  facet normal 0 0 1
    outer loop
      vertex -288.04999999701977 49.780039237844846 5.6
      vertex -298.048779099427 44.96021435321441 5.6
      vertex -297.7298373876249 45.09232433584934 5.6
    endloop
  endfacet
  facet normal 0 0 1
    outer loop
      vertex -305.35 30.27239199200323 5.6
      vertex -288.04999999701977 49.780039237844846 5.6
      vertex -295.4943650813896 41.4443650813896 5.6
    endloop
  endfacet
  facet normal 0 0 1
    outer loop
      vertex -305.35 30.27239199200323 5.6
      vertex -295.75687244495657 41.22016261237511 5.6
      vertex -296.051220900573 41.03978564678559 5.6
    endloop
  endfacet
  facet normal 0 0 1
    outer loop
      vertex -305.35 30.27239199200323 5.6
      vertex -296.051220900573 41.03978564678559 5.6
      vertex -296.3701626123751 40.90767566415066 5.6
    endloop
  endfacet
  facet normal 0 0 1
    outer loop
      vertex -305.35 30.27239199200323 5.6
      vertex -296.3701626123751 40.90767566415066 5.6
      vertex -296.7058441769115 40.8270856506907 5.6
    endloop
  endfacet
  facet normal 0 0 1
    outer loop
      vertex -305.35 30.27239199200323 5.6
      vertex -296.7058441769115 40.8270856506907 5.6
      vertex -297.05 40.8 5.6
    endloop
  endfacet
  facet normal 0 0 1
    outer loop
      vertex -305.35 30.27239199200323 5.6
      vertex -295.4943650813896 41.4443650813896 5.6
      vertex -295.75687244495657 41.22016261237511 5.6
    endloop
  endfacet
  facet normal 0 0 1
    outer loop
      vertex -305.35 30.27239199200323 5.6
      vertex -297.05 40.8 5.6
      vertex -297.3941558230885 40.8270856506907 5.6
    endloop
  endfacet
  facet normal 0 0 1
    outer loop
      vertex -305.35 33.159143337951356 5.6
      vertex -297.3941558230885 40.8270856506907 5.6
      vertex -297.7298373876249 40.90767566415066 5.6
    endloop
  endfacet
  facet normal 0 0 1
    outer loop
      vertex -305.35 33.159143337951356 5.6
      vertex -297.7298373876249 40.90767566415066 5.6
      vertex -298.048779099427 41.03978564678559 5.6
    endloop
  endfacet
  facet normal 0 0 1
    outer loop
      vertex -305.35 33.159143337951356 5.6
      vertex -298.048779099427 41.03978564678559 5.6
      vertex -298.34312755504345 41.22016261237511 5.6
    endloop
  endfacet
  facet normal 0 0 1
    outer loop
      vertex -305.35 33.159143337951356 5.6
      vertex -298.34312755504345 41.22016261237511 5.6
      vertex -298.6056349186104 41.4443650813896 5.6
    endloop
  endfacet
  facet normal 0 0 1
    outer loop
      vertex -305.35 33.159143337951356 5.6
      vertex -298.6056349186104 41.4443650813896 5.6
      vertex -298.8298373876249 41.70687244495656 5.6
    endloop
  endfacet
  facet normal 0 0 1
    outer loop
      vertex -308.65000000000003 35.98815965698052 5.6
      vertex -298.8298373876249 41.70687244495656 5.6
      vertex -299.0102143532144 42.001220900572996 5.6
    endloop
  endfacet
  facet normal 0 0 1
    outer loop
      vertex -308.65000000000003 35.98815965698052 5.6
      vertex -299.0102143532144 42.001220900572996 5.6
      vertex -299.14232433584937 42.320162612375114 5.6
    endloop
  endfacet
  facet normal 0 0 1
    outer loop
      vertex -308.65000000000003 35.98815965698052 5.6
      vertex -299.14232433584937 42.320162612375114 5.6
      vertex -299.2229143493093 42.65584417691149 5.6
    endloop
  endfacet
  facet normal 0 0 1
    outer loop
      vertex -288.04999999701977 49.780039237844846 5.6
      vertex -307.85 40.26055164898376 5.6
      vertex -298.048779099427 44.96021435321441 5.6
    endloop
  endfacet
  facet normal 0 0 1
    outer loop
      vertex -288.04999999701977 49.780039237844846 5.6
      vertex -305.35 41.70392732195782 5.6
      vertex -307.85 40.26055164898376 5.6
    endloop
  endfacet
  facet normal 0 0 1
    outer loop
      vertex -308.65000000000003 38.87491100292865 5.6
      vertex -299.2229143493093 42.65584417691149 5.6
      vertex -299.25 43 5.6
    endloop
  endfacet
  facet normal 0 0 1
    outer loop
      vertex -308.65000000000003 38.87491100292865 5.6
      vertex -299.25 43 5.6
      vertex -299.2229143493093 43.34415582308851 5.6
    endloop
  endfacet
  facet normal 0 0 1
    outer loop
      vertex -308.65000000000003 38.87491100292865 5.6
      vertex -299.2229143493093 43.34415582308851 5.6
      vertex -299.14232433584937 43.679837387624886 5.6
    endloop
  endfacet
  facet normal 0 0 1
    outer loop
      vertex -308.65000000000003 38.87491100292865 5.6
      vertex -299.14232433584937 43.679837387624886 5.6
      vertex -299.0102143532144 43.998779099427004 5.6
    endloop
  endfacet
  facet normal 0 0 1
    outer loop
      vertex -307.85 40.26055164898376 5.6
      vertex -298.34312755504345 44.77983738762489 5.6
      vertex -298.048779099427 44.96021435321441 5.6
    endloop
  endfacet
  facet normal 0 0 1
    outer loop
      vertex -307.85 40.26055164898376 5.6
      vertex -298.6056349186104 44.5556349186104 5.6
      vertex -298.34312755504345 44.77983738762489 5.6
    endloop
  endfacet
  facet normal 0 0 1
    outer loop
      vertex -307.85 40.26055164898376 5.6
      vertex -298.8298373876249 44.29312755504344 5.6
      vertex -298.6056349186104 44.5556349186104 5.6
    endloop
  endfacet
  facet normal 0 0 1
    outer loop
      vertex -307.85 40.26055164898376 5.6
      vertex -299.0102143532144 43.998779099427004 5.6
      vertex -298.8298373876249 44.29312755504344 5.6
    endloop
  endfacet
  facet normal 0 0 1
    outer loop
      vertex -288.04999999701977 49.780039237844846 5.6
      vertex -305.35 44.59067866790595 5.6
      vertex -305.35 41.70392732195782 5.6
    endloop
  endfacet
  facet normal 0 0 1
    outer loop
      vertex -305.35 30.27239199200323 5.6
      vertex -297.3941558230885 40.8270856506907 5.6
      vertex -305.35 33.159143337951356 5.6
    endloop
  endfacet
  facet normal 0 0 1
    outer loop
      vertex -305.35 33.159143337951356 5.6
      vertex -298.8298373876249 41.70687244495656 5.6
      vertex -308.65000000000003 35.98815965698052 5.6
    endloop
  endfacet
  facet normal 0 0 1
    outer loop
      vertex -308.65000000000003 35.98815965698052 5.6
      vertex -299.2229143493093 42.65584417691149 5.6
      vertex -308.65000000000003 38.87491100292865 5.6
    endloop
  endfacet
  facet normal 0 0 1
    outer loop
      vertex -305.35 33.159143337951356 5.6
      vertex -308.65000000000003 35.98815965698052 5.6
      vertex -307.85 34.60251901092542 5.6
    endloop
  endfacet
  facet normal 0 0 1
    outer loop
      vertex -307.85 34.60251901092542 5.6
      vertex -311.15000000000003 34.54478398400646 5.6
      vertex -310.35 33.159143337951356 5.6
    endloop
  endfacet
  facet normal 0 0 1
    outer loop
      vertex -307.85 34.60251901092542 5.6
      vertex -308.65000000000003 35.98815965698052 5.6
      vertex -311.15000000000003 34.54478398400646 5.6
    endloop
  endfacet
  facet normal 0 0 1
    outer loop
      vertex -307.85 40.26055164898376 5.6
      vertex -310.35 41.70392732195782 5.6
      vertex -308.65000000000003 38.87491100292865 5.6
    endloop
  endfacet
  facet normal 0 0 1
    outer loop
      vertex -307.85 40.26055164898376 5.6
      vertex -308.65000000000003 38.87491100292865 5.6
      vertex -299.0102143532144 43.998779099427004 5.6
    endloop
  endfacet
  facet normal 0 0 1
    outer loop
      vertex -305.35 44.59067866790595 5.6
      vertex -305.35 53.135462651912405 5.6
      vertex -307.85 46.03405434088001 5.6
    endloop
  endfacet
  facet normal 0 0 1
    outer loop
      vertex -307.85 46.03405434088001 5.6
      vertex -311.15000000000003 45.97631931396105 5.6
      vertex -310.35 44.59067866790595 5.6
    endloop
  endfacet
  facet normal 0 0 1
    outer loop
      vertex -307.85 46.03405434088001 5.6
      vertex -308.65000000000003 47.41969498693511 5.6
      vertex -311.15000000000003 45.97631931396105 5.6
    endloop
  endfacet
  facet normal 0 0 1
    outer loop
      vertex -288.04999999701977 49.780039237844846 5.6
      vertex -305.35 53.135462651912405 5.6
      vertex -305.35 44.59067866790595 5.6
    endloop
  endfacet
  facet normal 0 0 1
    outer loop
      vertex -288.04999999701977 49.780039237844846 5.6
      vertex -305.35 56.02221399786053 5.6
      vertex -305.35 53.135462651912405 5.6
    endloop
  endfacet
  facet normal 0 0 1
    outer loop
      vertex -288.04999999701977 49.780039237844846 5.6
      vertex -308.65000000000003 58.851230316889705 5.6
      vertex -305.35 56.02221399786053 5.6
    endloop
  endfacet
  facet normal 0 0 1
    outer loop
      vertex -288.04999999701977 49.780039237844846 5.6
      vertex -308.65000000000003 61.73798166283783 5.6
      vertex -308.65000000000003 58.851230316889705 5.6
    endloop
  endfacet
  facet normal 0 0 1
    outer loop
      vertex -288.04999999701977 49.780039237844846 5.6
      vertex -305.35 67.45374932781513 5.6
      vertex -305.35 64.56699798186699 5.6
    endloop
  endfacet
  facet normal 0 0 1
    outer loop
      vertex -288.04999999701977 49.780039237844846 5.6
      vertex -305.35 64.56699798186699 5.6
      vertex -307.85 63.123622308892934 5.6
    endloop
  endfacet
  facet normal 0 0 1
    outer loop
      vertex -288.04999999701977 49.780039237844846 5.6
      vertex -307.85 63.123622308892934 5.6
      vertex -308.65000000000003 61.73798166283783 5.6
    endloop
  endfacet
  facet normal 0 0 1
    outer loop
      vertex -307.85 46.03405434088001 5.6
      vertex -305.35 53.135462651912405 5.6
      vertex -308.65000000000003 47.41969498693511 5.6
    endloop
  endfacet
  facet normal 0 0 1
    outer loop
      vertex -308.65000000000003 47.41969498693511 5.6
      vertex -305.35 53.135462651912405 5.6
      vertex -308.65000000000003 50.30644633288324 5.6
    endloop
  endfacet
  facet normal 0 0 1
    outer loop
      vertex -305.35 53.135462651912405 5.6
      vertex -307.85 51.69208697893834 5.6
      vertex -308.65000000000003 50.30644633288324 5.6
    endloop
  endfacet
  facet normal 0 0 1
    outer loop
      vertex -307.85 51.69208697893834 5.6
      vertex -310.35 53.135462651912405 5.6
      vertex -308.65000000000003 50.30644633288324 5.6
    endloop
  endfacet
  facet normal 0 0 1
    outer loop
      vertex -305.35 56.02221399786053 5.6
      vertex -308.65000000000003 58.851230316889705 5.6
      vertex -307.85 57.465589670834596 5.6
    endloop
  endfacet
  facet normal 0 0 1
    outer loop
      vertex -307.85 57.465589670834596 5.6
      vertex -308.65000000000003 58.851230316889705 5.6
      vertex -310.35 56.02221399786053 5.6
    endloop
  endfacet
  facet normal 0 0 1
    outer loop
      vertex -307.85 63.123622308892934 5.6
      vertex -310.35 64.56699798186699 5.6
      vertex -308.65000000000003 61.73798166283783 5.6
    endloop
  endfacet
  facet normal 0 0 -1
    outer loop
      vertex -292.54999999701977 32 0
      vertex -305.35 33.159143337951356 0
      vertex -307.85 34.60251901092542 0
    endloop
  endfacet
  facet normal 0 0 -1
    outer loop
      vertex -292.54999999701977 32 0
      vertex -308.65000000000003 35.98815965698052 0
      vertex -305.35 41.70392732195782 0
    endloop
  endfacet
  facet normal 0 0 -1
    outer loop
      vertex -292.54999999701977 32 0
      vertex -305.35 41.70392732195782 0
      vertex -305.35 44.59067866790595 0
    endloop
  endfacet
  facet normal 0 0 -1
    outer loop
      vertex -292.54999999701977 32 0
      vertex -305.35 44.59067866790595 0
      vertex -305.35 53.135462651912405 0
    endloop
  endfacet
  facet normal 0 0 -1
    outer loop
      vertex -292.54999999701977 32 0
      vertex -305.35 53.135462651912405 0
      vertex -305.35 56.02221399786053 0
    endloop
  endfacet
  facet normal 0 0 -1
    outer loop
      vertex -292.54999999701977 32 0
      vertex -307.85 34.60251901092542 0
      vertex -308.65000000000003 35.98815965698052 0
    endloop
  endfacet
  facet normal 0 0 -1
    outer loop
      vertex -307.85 34.60251901092542 0
      vertex -310.35 33.159143337951356 0
      vertex -308.65000000000003 35.98815965698052 0
    endloop
  endfacet
  facet normal 0 0 -1
    outer loop
      vertex -308.65000000000003 35.98815965698052 0
      vertex -308.65000000000003 38.87491100292865 0
      vertex -305.35 41.70392732195782 0
    endloop
  endfacet
  facet normal 0 0 -1
    outer loop
      vertex -307.85 40.26055164898376 0
      vertex -305.35 41.70392732195782 0
      vertex -308.65000000000003 38.87491100292865 0
    endloop
  endfacet
  facet normal 0 0 -1
    outer loop
      vertex -307.85 40.26055164898376 0
      vertex -308.65000000000003 38.87491100292865 0
      vertex -311.15000000000003 40.31828667590271 0
    endloop
  endfacet
  facet normal 0 0 -1
    outer loop
      vertex -305.35 44.59067866790595 0
      vertex -307.85 46.03405434088001 0
      vertex -305.35 53.135462651912405 0
    endloop
  endfacet
  facet normal 0 0 -1
    outer loop
      vertex -307.85 40.26055164898376 0
      vertex -311.15000000000003 40.31828667590271 0
      vertex -310.35 41.70392732195782 0
    endloop
  endfacet
  facet normal 0 0 -1
    outer loop
      vertex -307.85 46.03405434088001 0
      vertex -310.35 44.59067866790595 0
      vertex -308.65000000000003 47.41969498693511 0
    endloop
  endfacet
  facet normal 0 0 -1
    outer loop
      vertex -307.85 46.03405434088001 0
      vertex -308.65000000000003 47.41969498693511 0
      vertex -308.65000000000003 50.30644633288324 0
    endloop
  endfacet
  facet normal 0 0 -1
    outer loop
      vertex -292.54999999701977 32 0
      vertex -305.35 56.02221399786053 0
      vertex -305.35 64.56699798186699 0
    endloop
  endfacet
  facet normal 0 0 -1
    outer loop
      vertex -292.54999999701977 32 0
      vertex -305.35 64.56699798186699 0
      vertex -305.35 67.45374932781513 0
    endloop
  endfacet
  facet normal 0 0 -1
    outer loop
      vertex -307.85 46.03405434088001 0
      vertex -308.65000000000003 50.30644633288324 0
      vertex -305.35 53.135462651912405 0
    endloop
  endfacet
  facet normal 0 0 -1
    outer loop
      vertex -305.35 53.135462651912405 0
      vertex -308.65000000000003 50.30644633288324 0
      vertex -307.85 51.69208697893834 0
    endloop
  endfacet
  facet normal 0 0 -1
    outer loop
      vertex -307.85 51.69208697893834 0
      vertex -308.65000000000003 50.30644633288324 0
      vertex -311.15000000000003 51.749822005857304 0
    endloop
  endfacet
  facet normal 0 0 -1
    outer loop
      vertex -307.85 51.69208697893834 0
      vertex -311.15000000000003 51.749822005857304 0
      vertex -310.35 53.135462651912405 0
    endloop
  endfacet
  facet normal 0 0 -1
    outer loop
      vertex -305.35 56.02221399786053 0
      vertex -307.85 57.465589670834596 0
      vertex -305.35 64.56699798186699 0
    endloop
  endfacet
  facet normal 0 0 -1
    outer loop
      vertex -305.35 64.56699798186699 0
      vertex -307.85 57.465589670834596 0
      vertex -308.65000000000003 58.851230316889705 0
    endloop
  endfacet
  facet normal 0 0 -1
    outer loop
      vertex -307.85 57.465589670834596 0
      vertex -311.15000000000003 57.40785464391564 0
      vertex -308.65000000000003 58.851230316889705 0
    endloop
  endfacet
  facet normal 0 0 -1
    outer loop
      vertex -305.35 64.56699798186699 0
      vertex -308.65000000000003 58.851230316889705 0
      vertex -308.65000000000003 61.73798166283783 0
    endloop
  endfacet
  facet normal 0 0 -1
    outer loop
      vertex -305.35 64.56699798186699 0
      vertex -308.65000000000003 61.73798166283783 0
      vertex -307.85 63.123622308892934 0
    endloop
  endfacet
  facet normal 0 0 -1
    outer loop
      vertex -307.85 63.123622308892934 0
      vertex -308.65000000000003 61.73798166283783 0
      vertex -311.15000000000003 63.181357335811896 0
    endloop
  endfacet
  facet normal 0 0 -1
    outer loop
      vertex -307.85 63.123622308892934 0
      vertex -311.15000000000003 63.181357335811896 0
      vertex -310.35 64.56699798186699 0
    endloop
  endfacet
  facet normal 0 0 1
    outer loop
      vertex -300.025 3 5.6
      vertex -330.025 3 5.6
      vertex -331.025 2.399999998509884 5.6
    endloop
  endfacet
  facet normal 0 0 1
    outer loop
      vertex -307.85 28.829016319029165 5.6
      vertex -310.35 30.27239199200323 5.6
      vertex -314.45000000000005 28.829016319029165 5.6
    endloop
  endfacet
  facet normal 0 0 1
    outer loop
      vertex -310.35 30.27239199200323 5.6
      vertex -310.35 33.159143337951356 5.6
      vertex -311.95000000000005 30.27239199200323 5.6
    endloop
  endfacet
  facet normal 0 0 1
    outer loop
      vertex -311.95000000000005 30.27239199200323 5.6
      vertex -310.35 33.159143337951356 5.6
      vertex -311.95000000000005 33.159143337951356 5.6
    endloop
  endfacet
  facet normal 0 0 1
    outer loop
      vertex -310.35 30.27239199200323 5.6
      vertex -311.95000000000005 30.27239199200323 5.6
      vertex -314.45000000000005 28.829016319029165 5.6
    endloop
  endfacet
  facet normal 0 0 1
    outer loop
      vertex -314.45000000000005 28.829016319029165 5.6
      vertex -316.95000000000005 30.27239199200323 5.6
      vertex -321.05 28.829016319029165 5.6
    endloop
  endfacet
  facet normal 0 0 1
    outer loop
      vertex -316.95000000000005 30.27239199200323 5.6
      vertex -316.95000000000005 33.159143337951356 5.6
      vertex -318.55 30.27239199200323 5.6
    endloop
  endfacet
  facet normal 0 0 1
    outer loop
      vertex -316.95000000000005 30.27239199200323 5.6
      vertex -318.55 30.27239199200323 5.6
      vertex -321.05 28.829016319029165 5.6
    endloop
  endfacet
  facet normal 0 0 1
    outer loop
      vertex -318.55 30.27239199200323 5.6
      vertex -316.95000000000005 33.159143337951356 5.6
      vertex -318.55 33.159143337951356 5.6
    endloop
  endfacet
  facet normal 0 0 1
    outer loop
      vertex -321.05 28.829016319029165 5.6
      vertex -323.55 30.27239199200323 5.6
      vertex -327.65000000000003 28.829016319029165 5.6
    endloop
  endfacet
  facet normal 0 0 1
    outer loop
      vertex -323.55 30.27239199200323 5.6
      vertex -323.55 33.159143337951356 5.6
      vertex -325.15000000000003 30.27239199200323 5.6
    endloop
  endfacet
  facet normal 0 0 1
    outer loop
      vertex -325.15000000000003 30.27239199200323 5.6
      vertex -323.55 33.159143337951356 5.6
      vertex -325.15000000000003 33.159143337951356 5.6
    endloop
  endfacet
  facet normal 0 0 1
    outer loop
      vertex -330.025 3 5.6
      vertex -330.025 17 5.6
      vertex -331.025 2.399999998509884 5.6
    endloop
  endfacet
  facet normal 0 -1 0
    outer loop
      vertex -296.04999999701977 0 5.6
      vertex -394.04999999701977 0 1.19
      vertex -298.25 0 3.7
    endloop
  endfacet
  facet normal 0 0 1
    outer loop
      vertex -296.04999999701977 20.7 5.6
      vertex -397.65 20.7 5.6
      vertex -300.025 17 5.6
    endloop
  endfacet
  facet normal 0 0 1
    outer loop
      vertex -296.04999999701977 22.3 5.6
      vertex -296.04999999701977 24 5.6
      vertex -397.65 22.3 5.6
    endloop
  endfacet
  facet normal 0 0 1
    outer loop
      vertex -323.55 30.27239199200323 5.6
      vertex -325.15000000000003 30.27239199200323 5.6
      vertex -327.65000000000003 28.829016319029165 5.6
    endloop
  endfacet
  facet normal 0 0 1
    outer loop
      vertex -327.65000000000003 28.829016319029165 5.6
      vertex -330.15000000000003 30.27239199200323 5.6
      vertex -334.25 28.829016319029165 5.6
    endloop
  endfacet
  facet normal 0 0 1
    outer loop
      vertex -330.15000000000003 30.27239199200323 5.6
      vertex -331.75 30.27239199200323 5.6
      vertex -334.25 28.829016319029165 5.6
    endloop
  endfacet
  facet normal 0 0 1
    outer loop
      vertex -330.15000000000003 30.27239199200323 5.6
      vertex -330.15000000000003 33.159143337951356 5.6
      vertex -331.75 30.27239199200323 5.6
    endloop
  endfacet
  facet normal 0 0 1
    outer loop
      vertex -331.75 30.27239199200323 5.6
      vertex -330.15000000000003 33.159143337951356 5.6
      vertex -331.75 33.159143337951356 5.6
    endloop
  endfacet
  facet normal 0 0 1
    outer loop
      vertex -296.04999999701977 24 5.6
      vertex -307.85 28.829016319029165 5.6
      vertex -397.65 22.3 5.6
    endloop
  endfacet
  facet normal 0 0 1
    outer loop
      vertex -307.85 28.829016319029165 5.6
      vertex -314.45000000000005 28.829016319029165 5.6
      vertex -397.65 22.3 5.6
    endloop
  endfacet
  facet normal 0 0 1
    outer loop
      vertex -334.25 28.829016319029165 5.6
      vertex -336.75 30.27239199200323 5.6
      vertex -340.85 28.829016319029165 5.6
    endloop
  endfacet
  facet normal 0 0 1
    outer loop
      vertex -336.75 30.27239199200323 5.6
      vertex -336.75 33.159143337951356 5.6
      vertex -338.35 30.27239199200323 5.6
    endloop
  endfacet
  facet normal 0 0 1
    outer loop
      vertex -338.35 30.27239199200323 5.6
      vertex -336.75 33.159143337951356 5.6
      vertex -338.35 33.159143337951356 5.6
    endloop
  endfacet
  facet normal 0 0 1
    outer loop
      vertex -336.75 30.27239199200323 5.6
      vertex -338.35 30.27239199200323 5.6
      vertex -340.85 28.829016319029165 5.6
    endloop
  endfacet
  facet normal 0 0 -1
    outer loop
      vertex -297.0501960784314 1.2000000029802322 0
      vertex -319.41811162925023 5.054506115265202 0
      vertex -318.6642494013543 5.366766074220487 0
    endloop
  endfacet
  facet normal 0 0 -1
    outer loop
      vertex -297.0501960784314 1.2000000029802322 0
      vertex -320.2115407817908 4.864020628905283 0
      vertex -319.41811162925023 5.054506115265202 0
    endloop
  endfacet
  facet normal 0 0 -1
    outer loop
      vertex -297.0501960784314 1.2000000029802322 0
      vertex -321.025 4.8 0
      vertex -320.2115407817908 4.864020628905283 0
    endloop
  endfacet
  facet normal 0 0 -1
    outer loop
      vertex -297.0501960784314 1.2000000029802322 0
      vertex -321.83845921820915 4.864020628905283 0
      vertex -321.025 4.8 0
    endloop
  endfacet
  facet normal 0 0 -1
    outer loop
      vertex -297.0501960784314 1.2000000029802322 0
      vertex -317.3480447378299 6.323044737829953 0
      vertex -316.81811162925027 6.943516688079139 0
    endloop
  endfacet
  facet normal 0 0 -1
    outer loop
      vertex -297.0501960784314 1.2000000029802322 0
      vertex -317.9685166880791 5.793111629250273 0
      vertex -317.3480447378299 6.323044737829953 0
    endloop
  endfacet
  facet normal 0 0 -1
    outer loop
      vertex -297.0501960784314 1.2000000029802322 0
      vertex -316.81811162925027 6.943516688079139 0
      vertex -316.39176607422047 7.639249401354356 0
    endloop
  endfacet
  facet normal 0 0 -1
    outer loop
      vertex -297.0501960784314 1.2000000029802322 0
      vertex -318.6642494013543 5.366766074220487 0
      vertex -317.9685166880791 5.793111629250273 0
    endloop
  endfacet
  facet normal 0 0 -1
    outer loop
      vertex -297.0501960784314 19.199756097560975 0
      vertex -316.39176607422047 12.360750598645645 0
      vertex -316.81811162925027 13.05648331192086 0
    endloop
  endfacet
  facet normal 0 0 -1
    outer loop
      vertex -297.0501960784314 19.199756097560975 0
      vertex -316.81811162925027 13.05648331192086 0
      vertex -317.3480447378299 13.676955262170047 0
    endloop
  endfacet
  facet normal 0 0 -1
    outer loop
      vertex -297.0501960784314 19.199756097560975 0
      vertex -317.3480447378299 13.676955262170047 0
      vertex -317.9685166880791 14.206888370749727 0
    endloop
  endfacet
  facet normal 0 0 -1
    outer loop
      vertex -297.0501960784314 19.199756097560975 0
      vertex -317.9685166880791 14.206888370749727 0
      vertex -318.6642494013543 14.633233925779514 0
    endloop
  endfacet
  facet normal 0 0 -1
    outer loop
      vertex -297.0501960784314 19.199756097560975 0
      vertex -318.6642494013543 14.633233925779514 0
      vertex -319.41811162925023 14.945493884734798 0
    endloop
  endfacet
  facet normal 0 0 -1
    outer loop
      vertex -297.0501960784314 19.199756097560975 0
      vertex -319.41811162925023 14.945493884734798 0
      vertex -320.2115407817908 15.135979371094717 0
    endloop
  endfacet
  facet normal 0 0 -1
    outer loop
      vertex -297.0501960784314 19.199756097560975 0
      vertex -320.2115407817908 15.135979371094717 0
      vertex -321.025 15.2 0
    endloop
  endfacet
  facet normal 0 0 -1
    outer loop
      vertex -297.0501960784314 19.199756097560975 0
      vertex -321.025 15.2 0
      vertex -321.83845921820915 15.135979371094717 0
    endloop
  endfacet
  facet normal 0 0 -1
    outer loop
      vertex -297.0501960784314 20.800243902439025 0
      vertex -321.05 28.829016319029165 0
      vertex -314.45000000000005 28.829016319029165 0
    endloop
  endfacet
  facet normal 0 0 -1
    outer loop
      vertex -310.35 30.27239199200323 0
      vertex -311.95000000000005 33.159143337951356 0
      vertex -310.35 33.159143337951356 0
    endloop
  endfacet
  facet normal 0 0 -1
    outer loop
      vertex -310.35 30.27239199200323 0
      vertex -311.95000000000005 30.27239199200323 0
      vertex -311.95000000000005 33.159143337951356 0
    endloop
  endfacet
  facet normal 0 0 -1
    outer loop
      vertex -310.35 30.27239199200323 0
      vertex -314.45000000000005 28.829016319029165 0
      vertex -311.95000000000005 30.27239199200323 0
    endloop
  endfacet
  facet normal 0 0 -1
    outer loop
      vertex -297.0501960784314 20.800243902439025 0
      vertex -327.65000000000003 28.829016319029165 0
      vertex -321.05 28.829016319029165 0
    endloop
  endfacet
  facet normal 0 0 -1
    outer loop
      vertex -314.45000000000005 28.829016319029165 0
      vertex -318.55 30.27239199200323 0
      vertex -316.95000000000005 30.27239199200323 0
    endloop
  endfacet
  facet normal 0 0 -1
    outer loop
      vertex -316.95000000000005 30.27239199200323 0
      vertex -318.55 33.159143337951356 0
      vertex -316.95000000000005 33.159143337951356 0
    endloop
  endfacet
  facet normal 0 0 -1
    outer loop
      vertex -297.0501960784314 20.800243902439025 0
      vertex -334.25 28.829016319029165 0
      vertex -327.65000000000003 28.829016319029165 0
    endloop
  endfacet
  facet normal 0 0 -1
    outer loop
      vertex -314.45000000000005 28.829016319029165 0
      vertex -321.05 28.829016319029165 0
      vertex -318.55 30.27239199200323 0
    endloop
  endfacet
  facet normal 0 0 -1
    outer loop
      vertex -316.95000000000005 30.27239199200323 0
      vertex -318.55 30.27239199200323 0
      vertex -318.55 33.159143337951356 0
    endloop
  endfacet
  facet normal 0 0 -1
    outer loop
      vertex -297.0501960784314 20.800243902439025 0
      vertex -340.85 28.829016319029165 0
      vertex -334.25 28.829016319029165 0
    endloop
  endfacet
  facet normal 0 0 -1
    outer loop
      vertex -321.05 28.829016319029165 0
      vertex -325.15000000000003 30.27239199200323 0
      vertex -323.55 30.27239199200323 0
    endloop
  endfacet
  facet normal 0 0 -1
    outer loop
      vertex -321.05 28.829016319029165 0
      vertex -327.65000000000003 28.829016319029165 0
      vertex -325.15000000000003 30.27239199200323 0
    endloop
  endfacet
  facet normal 0 0 -1
    outer loop
      vertex -323.55 30.27239199200323 0
      vertex -325.15000000000003 33.159143337951356 0
      vertex -323.55 33.159143337951356 0
    endloop
  endfacet
  facet normal 0 0 -1
    outer loop
      vertex -323.55 30.27239199200323 0
      vertex -325.15000000000003 30.27239199200323 0
      vertex -325.15000000000003 33.159143337951356 0
    endloop
  endfacet
  facet normal 0 -1 0
    outer loop
      vertex -394.04999999701977 0 1.19
      vertex -298.25 0 1.9000000000000001
      vertex -298.25 0 3.7
    endloop
  endfacet
  facet normal 0 -0.7041420109526247 -0.7100591724719805
    outer loop
      vertex -296.04999999701977 0 1.19
      vertex -394.04999999701977 0 1.19
      vertex -296.06 0.19159663913129757 1
    endloop
  endfacet
  facet normal 0 -1 0
    outer loop
      vertex -296.04999999701977 0 1.19
      vertex -298.25 0 1.9000000000000001
      vertex -394.04999999701977 0 1.19
    endloop
  endfacet
  facet normal 1.9906536603956632e-19 -0.7041420109526247 -0.7100591724719802
    outer loop
      vertex -296.06 0.19159663913129757 1
      vertex -394.04999999701977 0 1.19
      vertex -297.0501960784314 1.2000000029802322 0
    endloop
  endfacet
  facet normal 0 0 -1
    outer loop
      vertex -297.0501960784314 1.2000000029802322 0
      vertex -393.5529437214136 1.2000000029802322 0
      vertex -321.83845921820915 4.864020628905283 0
    endloop
  endfacet
  facet normal 0 0 -1
    outer loop
      vertex -324.08148331192086 14.206888370749727 0
      vertex -324.70195526217003 13.676955262170047 0
      vertex -360.05 19.199756097560975 0
    endloop
  endfacet
  facet normal 0 0 -1
    outer loop
      vertex -324.08148331192086 14.206888370749727 0
      vertex -360.05 19.199756097560975 0
      vertex -323.38575059864564 14.633233925779514 0
    endloop
  endfacet
  facet normal 0 0 -1
    outer loop
      vertex -326.22499999999997 10 0
      vertex -360.05 19.199756097560975 0
      vertex -326.1609793710947 10.8134592182092 0
    endloop
  endfacet
  facet normal 0 0 -1
    outer loop
      vertex -325.97049388473476 11.606888370749726 0
      vertex -326.1609793710947 10.8134592182092 0
      vertex -360.05 19.199756097560975 0
    endloop
  endfacet
  facet normal 0 0 -1
    outer loop
      vertex -325.97049388473476 11.606888370749726 0
      vertex -360.05 19.199756097560975 0
      vertex -325.6582339257795 12.360750598645645 0
    endloop
  endfacet
  facet normal 0 0 -1
    outer loop
      vertex -325.2318883707497 13.05648331192086 0
      vertex -325.6582339257795 12.360750598645645 0
      vertex -360.05 19.199756097560975 0
    endloop
  endfacet
  facet normal 0 0 -1
    outer loop
      vertex -324.70195526217003 13.676955262170047 0
      vertex -325.2318883707497 13.05648331192086 0
      vertex -360.05 19.199756097560975 0
    endloop
  endfacet
  facet normal 0 0 -1
    outer loop
      vertex -297.0501960784314 19.199756097560975 0
      vertex -321.83845921820915 15.135979371094717 0
      vertex -360.05 19.199756097560975 0
    endloop
  endfacet
  facet normal 0 0 -1
    outer loop
      vertex -297.0501960784314 20.800243902439025 0
      vertex -347.45 28.829016319029165 0
      vertex -340.85 28.829016319029165 0
    endloop
  endfacet
  facet normal 0 0 -1
    outer loop
      vertex -327.65000000000003 28.829016319029165 0
      vertex -331.75 30.27239199200323 0
      vertex -330.15000000000003 30.27239199200323 0
    endloop
  endfacet
  facet normal 0 0 -1
    outer loop
      vertex -327.65000000000003 28.829016319029165 0
      vertex -334.25 28.829016319029165 0
      vertex -331.75 30.27239199200323 0
    endloop
  endfacet
  facet normal 0 0 -1
    outer loop
      vertex -330.15000000000003 30.27239199200323 0
      vertex -331.75 30.27239199200323 0
      vertex -331.75 33.159143337951356 0
    endloop
  endfacet
  facet normal 0 0 -1
    outer loop
      vertex -330.15000000000003 30.27239199200323 0
      vertex -331.75 33.159143337951356 0
      vertex -330.15000000000003 33.159143337951356 0
    endloop
  endfacet
  facet normal 0 0 -1
    outer loop
      vertex -321.83845921820915 15.135979371094717 0
      vertex -322.6318883707497 14.945493884734798 0
      vertex -360.05 19.199756097560975 0
    endloop
  endfacet
  facet normal 0 0 -1
    outer loop
      vertex -322.6318883707497 14.945493884734798 0
      vertex -323.38575059864564 14.633233925779514 0
      vertex -360.05 19.199756097560975 0
    endloop
  endfacet
  facet normal 0 0 -1
    outer loop
      vertex -297.0501960784314 20.800243902439025 0
      vertex -360.05 20.800243902439025 0
      vertex -347.45 28.829016319029165 0
    endloop
  endfacet
  facet normal 0 0 -1
    outer loop
      vertex -334.25 28.829016319029165 0
      vertex -338.35 30.27239199200323 0
      vertex -336.75 30.27239199200323 0
    endloop
  endfacet
  facet normal 0 0 -1
    outer loop
      vertex -334.25 28.829016319029165 0
      vertex -340.85 28.829016319029165 0
      vertex -338.35 30.27239199200323 0
    endloop
  endfacet
  facet normal 0 0 -1
    outer loop
      vertex -336.75 30.27239199200323 0
      vertex -338.35 30.27239199200323 0
      vertex -338.35 33.159143337951356 0
    endloop
  endfacet
  facet normal 0 0 -1
    outer loop
      vertex -336.75 30.27239199200323 0
      vertex -338.35 33.159143337951356 0
      vertex -336.75 33.159143337951356 0
    endloop
  endfacet
  facet normal 0 0 1
    outer loop
      vertex -310.35 33.159143337951356 5.6
      vertex -311.15000000000003 34.54478398400646 5.6
      vertex -311.95000000000005 33.159143337951356 5.6
    endloop
  endfacet
  facet normal 0 0 1
    outer loop
      vertex -311.15000000000003 34.54478398400646 5.6
      vertex -313.65000000000003 35.98815965698052 5.6
      vertex -311.95000000000005 33.159143337951356 5.6
    endloop
  endfacet
  facet normal 0 0 1
    outer loop
      vertex -311.95000000000005 33.159143337951356 5.6
      vertex -313.65000000000003 35.98815965698052 5.6
      vertex -314.45000000000005 34.60251901092542 5.6
    endloop
  endfacet
  facet normal 0 0 1
    outer loop
      vertex -308.65000000000003 38.87491100292865 5.6
      vertex -310.35 41.70392732195782 5.6
      vertex -311.15000000000003 40.31828667590271 5.6
    endloop
  endfacet
  facet normal 0 0 1
    outer loop
      vertex -311.15000000000003 40.31828667590271 5.6
      vertex -314.45000000000005 40.26055164898376 5.6
      vertex -313.65000000000003 38.87491100292865 5.6
    endloop
  endfacet
  facet normal 0 0 1
    outer loop
      vertex -313.65000000000003 35.98815965698052 5.6
      vertex -315.25 35.98815965698052 5.6
      vertex -314.45000000000005 34.60251901092542 5.6
    endloop
  endfacet
  facet normal 0 0 1
    outer loop
      vertex -314.45000000000005 34.60251901092542 5.6
      vertex -317.75 34.54478398400646 5.6
      vertex -316.95000000000005 33.159143337951356 5.6
    endloop
  endfacet
  facet normal 0 0 1
    outer loop
      vertex -314.45000000000005 34.60251901092542 5.6
      vertex -315.25 35.98815965698052 5.6
      vertex -317.75 34.54478398400646 5.6
    endloop
  endfacet
  facet normal 0 0 1
    outer loop
      vertex -313.65000000000003 35.98815965698052 5.6
      vertex -313.65000000000003 38.87491100292865 5.6
      vertex -315.25 35.98815965698052 5.6
    endloop
  endfacet
  facet normal 0 0 1
    outer loop
      vertex -313.65000000000003 38.87491100292865 5.6
      vertex -315.25 38.87491100292865 5.6
      vertex -315.25 35.98815965698052 5.6
    endloop
  endfacet
  facet normal 0 0 1
    outer loop
      vertex -313.65000000000003 38.87491100292865 5.6
      vertex -314.45000000000005 40.26055164898376 5.6
      vertex -315.25 38.87491100292865 5.6
    endloop
  endfacet
  facet normal 0 0 1
    outer loop
      vertex -314.45000000000005 40.26055164898376 5.6
      vertex -316.95000000000005 41.70392732195782 5.6
      vertex -315.25 38.87491100292865 5.6
    endloop
  endfacet
  facet normal 0 0 1
    outer loop
      vertex -315.25 38.87491100292865 5.6
      vertex -316.95000000000005 41.70392732195782 5.6
      vertex -317.75 40.31828667590271 5.6
    endloop
  endfacet
  facet normal 0 0 1
    outer loop
      vertex -311.15000000000003 40.31828667590271 5.6
      vertex -310.35 41.70392732195782 5.6
      vertex -311.95000000000005 41.70392732195782 5.6
    endloop
  endfacet
  facet normal 0 0 1
    outer loop
      vertex -310.35 41.70392732195782 5.6
      vertex -310.35 44.59067866790595 5.6
      vertex -311.95000000000005 41.70392732195782 5.6
    endloop
  endfacet
  facet normal 0 0 1
    outer loop
      vertex -310.35 44.59067866790595 5.6
      vertex -311.95000000000005 44.59067866790595 5.6
      vertex -311.95000000000005 41.70392732195782 5.6
    endloop
  endfacet
  facet normal 0 0 1
    outer loop
      vertex -311.15000000000003 40.31828667590271 5.6
      vertex -311.95000000000005 41.70392732195782 5.6
      vertex -314.45000000000005 40.26055164898376 5.6
    endloop
  endfacet
  facet normal 0 0 1
    outer loop
      vertex -310.35 44.59067866790595 5.6
      vertex -311.15000000000003 45.97631931396105 5.6
      vertex -311.95000000000005 44.59067866790595 5.6
    endloop
  endfacet
  facet normal 0 0 1
    outer loop
      vertex -311.95000000000005 44.59067866790595 5.6
      vertex -311.15000000000003 45.97631931396105 5.6
      vertex -313.65000000000003 47.41969498693511 5.6
    endloop
  endfacet
  facet normal 0 0 1
    outer loop
      vertex -311.95000000000005 44.59067866790595 5.6
      vertex -313.65000000000003 47.41969498693511 5.6
      vertex -314.45000000000005 46.03405434088001 5.6
    endloop
  endfacet
  facet normal 0 0 1
    outer loop
      vertex -316.95000000000005 41.70392732195782 5.6
      vertex -316.95000000000005 44.59067866790595 5.6
      vertex -318.55 41.70392732195782 5.6
    endloop
  endfacet
  facet normal 0 0 1
    outer loop
      vertex -313.65000000000003 47.41969498693511 5.6
      vertex -315.25 47.41969498693511 5.6
      vertex -314.45000000000005 46.03405434088001 5.6
    endloop
  endfacet
  facet normal 0 0 1
    outer loop
      vertex -313.65000000000003 47.41969498693511 5.6
      vertex -313.65000000000003 50.30644633288324 5.6
      vertex -315.25 47.41969498693511 5.6
    endloop
  endfacet
  facet normal 0 0 1
    outer loop
      vertex -316.95000000000005 44.59067866790595 5.6
      vertex -314.45000000000005 46.03405434088001 5.6
      vertex -317.75 45.97631931396105 5.6
    endloop
  endfacet
  facet normal 0 0 1
    outer loop
      vertex -314.45000000000005 46.03405434088001 5.6
      vertex -315.25 47.41969498693511 5.6
      vertex -317.75 45.97631931396105 5.6
    endloop
  endfacet
  facet normal 0 0 1
    outer loop
      vertex -316.95000000000005 33.159143337951356 5.6
      vertex -317.75 34.54478398400646 5.6
      vertex -318.55 33.159143337951356 5.6
    endloop
  endfacet
  facet normal 0 0 1
    outer loop
      vertex -318.55 33.159143337951356 5.6
      vertex -317.75 34.54478398400646 5.6
      vertex -320.25 35.98815965698052 5.6
    endloop
  endfacet
  facet normal 0 0 1
    outer loop
      vertex -318.55 33.159143337951356 5.6
      vertex -320.25 35.98815965698052 5.6
      vertex -321.05 34.60251901092542 5.6
    endloop
  endfacet
  facet normal 0 0 1
    outer loop
      vertex -320.25 35.98815965698052 5.6
      vertex -321.85 35.98815965698052 5.6
      vertex -321.05 34.60251901092542 5.6
    endloop
  endfacet
  facet normal 0 0 1
    outer loop
      vertex -320.25 35.98815965698052 5.6
      vertex -320.25 38.87491100292865 5.6
      vertex -321.85 35.98815965698052 5.6
    endloop
  endfacet
  facet normal 0 0 1
    outer loop
      vertex -317.75 40.31828667590271 5.6
      vertex -321.05 40.26055164898376 5.6
      vertex -320.25 38.87491100292865 5.6
    endloop
  endfacet
  facet normal 0 0 1
    outer loop
      vertex -320.25 38.87491100292865 5.6
      vertex -321.05 40.26055164898376 5.6
      vertex -321.85 38.87491100292865 5.6
    endloop
  endfacet
  facet normal 0 0 1
    outer loop
      vertex -321.05 34.60251901092542 5.6
      vertex -324.35 34.54478398400646 5.6
      vertex -323.55 33.159143337951356 5.6
    endloop
  endfacet
  facet normal 0 0 1
    outer loop
      vertex -321.05 34.60251901092542 5.6
      vertex -321.85 35.98815965698052 5.6
      vertex -324.35 34.54478398400646 5.6
    endloop
  endfacet
  facet normal 0 0 1
    outer loop
      vertex -323.55 33.159143337951356 5.6
      vertex -324.35 34.54478398400646 5.6
      vertex -325.15000000000003 33.159143337951356 5.6
    endloop
  endfacet
  facet normal 0 0 1
    outer loop
      vertex -320.25 38.87491100292865 5.6
      vertex -321.85 38.87491100292865 5.6
      vertex -321.85 35.98815965698052 5.6
    endloop
  endfacet
  facet normal 0 0 1
    outer loop
      vertex -321.05 40.26055164898376 5.6
      vertex -323.55 41.70392732195782 5.6
      vertex -321.85 38.87491100292865 5.6
    endloop
  endfacet
  facet normal 0 0 1
    outer loop
      vertex -321.85 38.87491100292865 5.6
      vertex -323.55 41.70392732195782 5.6
      vertex -324.35 40.31828667590271 5.6
    endloop
  endfacet
  facet normal 0 0 1
    outer loop
      vertex -316.95000000000005 41.70392732195782 5.6
      vertex -318.55 41.70392732195782 5.6
      vertex -317.75 40.31828667590271 5.6
    endloop
  endfacet
  facet normal 0 0 1
    outer loop
      vertex -317.75 40.31828667590271 5.6
      vertex -318.55 41.70392732195782 5.6
      vertex -321.05 40.26055164898376 5.6
    endloop
  endfacet
  facet normal 0 0 1
    outer loop
      vertex -316.95000000000005 44.59067866790595 5.6
      vertex -318.55 44.59067866790595 5.6
      vertex -318.55 41.70392732195782 5.6
    endloop
  endfacet
  facet normal 0 0 1
    outer loop
      vertex -316.95000000000005 44.59067866790595 5.6
      vertex -317.75 45.97631931396105 5.6
      vertex -318.55 44.59067866790595 5.6
    endloop
  endfacet
  facet normal 0 0 1
    outer loop
      vertex -318.55 44.59067866790595 5.6
      vertex -317.75 45.97631931396105 5.6
      vertex -320.25 47.41969498693511 5.6
    endloop
  endfacet
  facet normal 0 0 1
    outer loop
      vertex -318.55 44.59067866790595 5.6
      vertex -320.25 47.41969498693511 5.6
      vertex -321.05 46.03405434088001 5.6
    endloop
  endfacet
  facet normal 0 0 1
    outer loop
      vertex -321.05 46.03405434088001 5.6
      vertex -320.25 47.41969498693511 5.6
      vertex -321.85 47.41969498693511 5.6
    endloop
  endfacet
  facet normal 0 0 1
    outer loop
      vertex -320.25 47.41969498693511 5.6
      vertex -320.25 50.30644633288324 5.6
      vertex -321.85 47.41969498693511 5.6
    endloop
  endfacet
  facet normal 0 0 1
    outer loop
      vertex -324.35 40.31828667590271 5.6
      vertex -323.55 41.70392732195782 5.6
      vertex -325.15000000000003 41.70392732195782 5.6
    endloop
  endfacet
  facet normal 0 0 1
    outer loop
      vertex -323.55 41.70392732195782 5.6
      vertex -323.55 44.59067866790595 5.6
      vertex -325.15000000000003 41.70392732195782 5.6
    endloop
  endfacet
  facet normal 0 0 1
    outer loop
      vertex -323.55 44.59067866790595 5.6
      vertex -325.15000000000003 44.59067866790595 5.6
      vertex -325.15000000000003 41.70392732195782 5.6
    endloop
  endfacet
  facet normal 0 0 1
    outer loop
      vertex -321.05 46.03405434088001 5.6
      vertex -324.35 45.97631931396105 5.6
      vertex -323.55 44.59067866790595 5.6
    endloop
  endfacet
  facet normal 0 0 1
    outer loop
      vertex -321.05 46.03405434088001 5.6
      vertex -321.85 47.41969498693511 5.6
      vertex -324.35 45.97631931396105 5.6
    endloop
  endfacet
  facet normal 0 0 1
    outer loop
      vertex -323.55 44.59067866790595 5.6
      vertex -324.35 45.97631931396105 5.6
      vertex -325.15000000000003 44.59067866790595 5.6
    endloop
  endfacet
  facet normal 0 0 1
    outer loop
      vertex -308.65000000000003 50.30644633288324 5.6
      vertex -311.95000000000005 53.135462651912405 5.6
      vertex -311.15000000000003 51.749822005857304 5.6
    endloop
  endfacet
  facet normal 0 0 1
    outer loop
      vertex -308.65000000000003 50.30644633288324 5.6
      vertex -310.35 53.135462651912405 5.6
      vertex -311.95000000000005 53.135462651912405 5.6
    endloop
  endfacet
  facet normal 0 0 1
    outer loop
      vertex -311.15000000000003 51.749822005857304 5.6
      vertex -311.95000000000005 53.135462651912405 5.6
      vertex -314.45000000000005 51.69208697893834 5.6
    endloop
  endfacet
  facet normal 0 0 1
    outer loop
      vertex -311.15000000000003 51.749822005857304 5.6
      vertex -315.25 50.30644633288324 5.6
      vertex -313.65000000000003 50.30644633288324 5.6
    endloop
  endfacet
  facet normal 0 0 1
    outer loop
      vertex -311.15000000000003 51.749822005857304 5.6
      vertex -314.45000000000005 51.69208697893834 5.6
      vertex -315.25 50.30644633288324 5.6
    endloop
  endfacet
  facet normal 0 0 1
    outer loop
      vertex -310.35 53.135462651912405 5.6
      vertex -310.35 56.02221399786053 5.6
      vertex -311.95000000000005 53.135462651912405 5.6
    endloop
  endfacet
  facet normal 0 0 1
    outer loop
      vertex -310.35 56.02221399786053 5.6
      vertex -311.95000000000005 56.02221399786053 5.6
      vertex -311.95000000000005 53.135462651912405 5.6
    endloop
  endfacet
  facet normal 0 0 1
    outer loop
      vertex -310.35 56.02221399786053 5.6
      vertex -314.45000000000005 57.465589670834596 5.6
      vertex -311.95000000000005 56.02221399786053 5.6
    endloop
  endfacet
  facet normal 0 0 1
    outer loop
      vertex -315.25 47.41969498693511 5.6
      vertex -313.65000000000003 50.30644633288324 5.6
      vertex -315.25 50.30644633288324 5.6
    endloop
  endfacet
  facet normal 0 0 1
    outer loop
      vertex -315.25 50.30644633288324 5.6
      vertex -314.45000000000005 51.69208697893834 5.6
      vertex -316.95000000000005 53.135462651912405 5.6
    endloop
  endfacet
  facet normal 0 0 1
    outer loop
      vertex -315.25 50.30644633288324 5.6
      vertex -318.55 53.135462651912405 5.6
      vertex -317.75 51.749822005857304 5.6
    endloop
  endfacet
  facet normal 0 0 1
    outer loop
      vertex -315.25 50.30644633288324 5.6
      vertex -316.95000000000005 53.135462651912405 5.6
      vertex -318.55 53.135462651912405 5.6
    endloop
  endfacet
  facet normal 0 0 1
    outer loop
      vertex -316.95000000000005 53.135462651912405 5.6
      vertex -316.95000000000005 56.02221399786053 5.6
      vertex -318.55 53.135462651912405 5.6
    endloop
  endfacet
  facet normal 0 0 1
    outer loop
      vertex -308.65000000000003 58.851230316889705 5.6
      vertex -311.15000000000003 57.40785464391564 5.6
      vertex -310.35 56.02221399786053 5.6
    endloop
  endfacet
  facet normal 0 0 1
    outer loop
      vertex -310.35 56.02221399786053 5.6
      vertex -311.15000000000003 57.40785464391564 5.6
      vertex -314.45000000000005 57.465589670834596 5.6
    endloop
  endfacet
  facet normal 0 0 1
    outer loop
      vertex -311.15000000000003 57.40785464391564 5.6
      vertex -313.65000000000003 58.851230316889705 5.6
      vertex -315.25 58.851230316889705 5.6
    endloop
  endfacet
  facet normal 0 0 1
    outer loop
      vertex -311.15000000000003 57.40785464391564 5.6
      vertex -315.25 58.851230316889705 5.6
      vertex -314.45000000000005 57.465589670834596 5.6
    endloop
  endfacet
  facet normal 0 0 1
    outer loop
      vertex -308.65000000000003 61.73798166283783 5.6
      vertex -310.35 64.56699798186699 5.6
      vertex -311.15000000000003 63.181357335811896 5.6
    endloop
  endfacet
  facet normal 0 0 1
    outer loop
      vertex -310.35 64.56699798186699 5.6
      vertex -311.95000000000005 64.56699798186699 5.6
      vertex -311.15000000000003 63.181357335811896 5.6
    endloop
  endfacet
  facet normal 0 0 1
    outer loop
      vertex -311.15000000000003 63.181357335811896 5.6
      vertex -314.45000000000005 63.123622308892934 5.6
      vertex -313.65000000000003 61.73798166283783 5.6
    endloop
  endfacet
  facet normal 0 0 1
    outer loop
      vertex -311.15000000000003 63.181357335811896 5.6
      vertex -311.95000000000005 64.56699798186699 5.6
      vertex -314.45000000000005 63.123622308892934 5.6
    endloop
  endfacet
  facet normal 0 0 1
    outer loop
      vertex -316.95000000000005 56.02221399786053 5.6
      vertex -314.45000000000005 57.465589670834596 5.6
      vertex -315.25 58.851230316889705 5.6
    endloop
  endfacet
  facet normal 0 0 1
    outer loop
      vertex -313.65000000000003 58.851230316889705 5.6
      vertex -313.65000000000003 61.73798166283783 5.6
      vertex -315.25 58.851230316889705 5.6
    endloop
  endfacet
  facet normal 0 0 1
    outer loop
      vertex -313.65000000000003 61.73798166283783 5.6
      vertex -315.25 61.73798166283783 5.6
      vertex -315.25 58.851230316889705 5.6
    endloop
  endfacet
  facet normal 0 0 1
    outer loop
      vertex -316.95000000000005 56.02221399786053 5.6
      vertex -315.25 58.851230316889705 5.6
      vertex -317.75 57.40785464391564 5.6
    endloop
  endfacet
  facet normal 0 0 1
    outer loop
      vertex -313.65000000000003 61.73798166283783 5.6
      vertex -314.45000000000005 63.123622308892934 5.6
      vertex -318.55 64.56699798186699 5.6
    endloop
  endfacet
  facet normal 0 0 1
    outer loop
      vertex -313.65000000000003 61.73798166283783 5.6
      vertex -318.55 64.56699798186699 5.6
      vertex -315.25 61.73798166283783 5.6
    endloop
  endfacet
  facet normal 0 0 1
    outer loop
      vertex -315.25 61.73798166283783 5.6
      vertex -318.55 64.56699798186699 5.6
      vertex -317.75 63.181357335811896 5.6
    endloop
  endfacet
  facet normal 0 0 1
    outer loop
      vertex -314.45000000000005 63.123622308892934 5.6
      vertex -316.95000000000005 64.56699798186699 5.6
      vertex -318.55 64.56699798186699 5.6
    endloop
  endfacet
  facet normal 0 0 1
    outer loop
      vertex -317.75 51.749822005857304 5.6
      vertex -318.55 53.135462651912405 5.6
      vertex -321.05 51.69208697893834 5.6
    endloop
  endfacet
  facet normal 0 0 1
    outer loop
      vertex -317.75 51.749822005857304 5.6
      vertex -321.85 50.30644633288324 5.6
      vertex -320.25 50.30644633288324 5.6
    endloop
  endfacet
  facet normal 0 0 1
    outer loop
      vertex -317.75 51.749822005857304 5.6
      vertex -321.05 51.69208697893834 5.6
      vertex -321.85 50.30644633288324 5.6
    endloop
  endfacet
  facet normal 0 0 1
    outer loop
      vertex -316.95000000000005 56.02221399786053 5.6
      vertex -318.55 56.02221399786053 5.6
      vertex -318.55 53.135462651912405 5.6
    endloop
  endfacet
  facet normal 0 0 1
    outer loop
      vertex -316.95000000000005 56.02221399786053 5.6
      vertex -321.05 57.465589670834596 5.6
      vertex -318.55 56.02221399786053 5.6
    endloop
  endfacet
  facet normal 0 0 1
    outer loop
      vertex -321.85 47.41969498693511 5.6
      vertex -320.25 50.30644633288324 5.6
      vertex -321.85 50.30644633288324 5.6
    endloop
  endfacet
  facet normal 0 0 1
    outer loop
      vertex -321.05 51.69208697893834 5.6
      vertex -323.55 53.135462651912405 5.6
      vertex -321.85 50.30644633288324 5.6
    endloop
  endfacet
  facet normal 0 0 1
    outer loop
      vertex -321.85 50.30644633288324 5.6
      vertex -325.15000000000003 53.135462651912405 5.6
      vertex -324.35 51.749822005857304 5.6
    endloop
  endfacet
  facet normal 0 0 1
    outer loop
      vertex -321.85 50.30644633288324 5.6
      vertex -323.55 53.135462651912405 5.6
      vertex -325.15000000000003 53.135462651912405 5.6
    endloop
  endfacet
  facet normal 0 0 1
    outer loop
      vertex -323.55 53.135462651912405 5.6
      vertex -323.55 56.02221399786053 5.6
      vertex -325.15000000000003 53.135462651912405 5.6
    endloop
  endfacet
  facet normal 0 0 1
    outer loop
      vertex -323.55 56.02221399786053 5.6
      vertex -325.15000000000003 56.02221399786053 5.6
      vertex -325.15000000000003 53.135462651912405 5.6
    endloop
  endfacet
  facet normal 0 0 1
    outer loop
      vertex -316.95000000000005 56.02221399786053 5.6
      vertex -317.75 57.40785464391564 5.6
      vertex -321.05 57.465589670834596 5.6
    endloop
  endfacet
  facet normal 0 0 1
    outer loop
      vertex -317.75 57.40785464391564 5.6
      vertex -320.25 58.851230316889705 5.6
      vertex -321.85 58.851230316889705 5.6
    endloop
  endfacet
  facet normal 0 0 1
    outer loop
      vertex -317.75 57.40785464391564 5.6
      vertex -321.85 58.851230316889705 5.6
      vertex -321.05 57.465589670834596 5.6
    endloop
  endfacet
  facet normal 0 0 1
    outer loop
      vertex -320.25 58.851230316889705 5.6
      vertex -320.25 61.73798166283783 5.6
      vertex -321.85 58.851230316889705 5.6
    endloop
  endfacet
  facet normal 0 0 1
    outer loop
      vertex -317.75 63.181357335811896 5.6
      vertex -318.55 64.56699798186699 5.6
      vertex -321.05 63.123622308892934 5.6
    endloop
  endfacet
  facet normal 0 0 1
    outer loop
      vertex -317.75 63.181357335811896 5.6
      vertex -321.85 61.73798166283783 5.6
      vertex -320.25 61.73798166283783 5.6
    endloop
  endfacet
  facet normal 0 0 1
    outer loop
      vertex -317.75 63.181357335811896 5.6
      vertex -321.05 63.123622308892934 5.6
      vertex -321.85 61.73798166283783 5.6
    endloop
  endfacet
  facet normal 0 0 1
    outer loop
      vertex -323.55 56.02221399786053 5.6
      vertex -321.05 57.465589670834596 5.6
      vertex -321.85 58.851230316889705 5.6
    endloop
  endfacet
  facet normal 0 0 1
    outer loop
      vertex -320.25 61.73798166283783 5.6
      vertex -321.85 61.73798166283783 5.6
      vertex -321.85 58.851230316889705 5.6
    endloop
  endfacet
  facet normal 0 0 1
    outer loop
      vertex -323.55 56.02221399786053 5.6
      vertex -321.85 58.851230316889705 5.6
      vertex -324.35 57.40785464391564 5.6
    endloop
  endfacet
  facet normal 0 0 1
    outer loop
      vertex -321.05 63.123622308892934 5.6
      vertex -323.55 64.56699798186699 5.6
      vertex -321.85 61.73798166283783 5.6
    endloop
  endfacet
  facet normal 0 0 1
    outer loop
      vertex -321.85 61.73798166283783 5.6
      vertex -323.55 64.56699798186699 5.6
      vertex -325.15000000000003 64.56699798186699 5.6
    endloop
  endfacet
  facet normal 0 0 1
    outer loop
      vertex -321.85 61.73798166283783 5.6
      vertex -325.15000000000003 64.56699798186699 5.6
      vertex -324.35 63.181357335811896 5.6
    endloop
  endfacet
  facet normal 0 0 1
    outer loop
      vertex -324.35 34.54478398400646 5.6
      vertex -326.85 35.98815965698052 5.6
      vertex -325.15000000000003 33.159143337951356 5.6
    endloop
  endfacet
  facet normal 0 0 1
    outer loop
      vertex -325.15000000000003 33.159143337951356 5.6
      vertex -326.85 35.98815965698052 5.6
      vertex -327.65000000000003 34.60251901092542 5.6
    endloop
  endfacet
  facet normal 0 0 1
    outer loop
      vertex -326.85 35.98815965698052 5.6
      vertex -328.45 35.98815965698052 5.6
      vertex -327.65000000000003 34.60251901092542 5.6
    endloop
  endfacet
  facet normal 0 0 1
    outer loop
      vertex -324.35 40.31828667590271 5.6
      vertex -327.65000000000003 40.26055164898376 5.6
      vertex -326.85 38.87491100292865 5.6
    endloop
  endfacet
  facet normal 0 0 1
    outer loop
      vertex -326.85 35.98815965698052 5.6
      vertex -326.85 38.87491100292865 5.6
      vertex -328.45 35.98815965698052 5.6
    endloop
  endfacet
  facet normal 0 0 1
    outer loop
      vertex -328.45 35.98815965698052 5.6
      vertex -326.85 38.87491100292865 5.6
      vertex -328.45 38.87491100292865 5.6
    endloop
  endfacet
  facet normal 0 0 1
    outer loop
      vertex -326.85 38.87491100292865 5.6
      vertex -327.65000000000003 40.26055164898376 5.6
      vertex -328.45 38.87491100292865 5.6
    endloop
  endfacet
  facet normal 0 0 1
    outer loop
      vertex -327.65000000000003 40.26055164898376 5.6
      vertex -330.15000000000003 41.70392732195782 5.6
      vertex -328.45 38.87491100292865 5.6
    endloop
  endfacet
  facet normal 0 0 1
    outer loop
      vertex -327.65000000000003 34.60251901092542 5.6
      vertex -330.95 34.54478398400646 5.6
      vertex -330.15000000000003 33.159143337951356 5.6
    endloop
  endfacet
  facet normal 0 0 1
    outer loop
      vertex -327.65000000000003 34.60251901092542 5.6
      vertex -328.45 35.98815965698052 5.6
      vertex -330.95 34.54478398400646 5.6
    endloop
  endfacet
  facet normal 0 0 1
    outer loop
      vertex -330.15000000000003 33.159143337951356 5.6
      vertex -335.05 35.98815965698052 5.6
      vertex -331.75 33.159143337951356 5.6
    endloop
  endfacet
  facet normal 0 0 1
    outer loop
      vertex -330.15000000000003 33.159143337951356 5.6
      vertex -330.95 34.54478398400646 5.6
      vertex -333.45 35.98815965698052 5.6
    endloop
  endfacet
  facet normal 0 0 1
    outer loop
      vertex -328.45 38.87491100292865 5.6
      vertex -330.15000000000003 41.70392732195782 5.6
      vertex -330.95 40.31828667590271 5.6
    endloop
  endfacet
  facet normal 0 0 1
    outer loop
      vertex -324.35 40.31828667590271 5.6
      vertex -325.15000000000003 41.70392732195782 5.6
      vertex -327.65000000000003 40.26055164898376 5.6
    endloop
  endfacet
  facet normal 0 0 1
    outer loop
      vertex -324.35 45.97631931396105 5.6
      vertex -326.85 47.41969498693511 5.6
      vertex -325.15000000000003 44.59067866790595 5.6
    endloop
  endfacet
  facet normal 0 0 1
    outer loop
      vertex -325.15000000000003 44.59067866790595 5.6
      vertex -326.85 47.41969498693511 5.6
      vertex -327.65000000000003 46.03405434088001 5.6
    endloop
  endfacet
  facet normal 0 0 1
    outer loop
      vertex -326.85 47.41969498693511 5.6
      vertex -328.45 47.41969498693511 5.6
      vertex -327.65000000000003 46.03405434088001 5.6
    endloop
  endfacet
  facet normal 0 0 1
    outer loop
      vertex -326.85 47.41969498693511 5.6
      vertex -326.85 50.30644633288324 5.6
      vertex -328.45 47.41969498693511 5.6
    endloop
  endfacet
  facet normal 0 0 1
    outer loop
      vertex -330.95 40.31828667590271 5.6
      vertex -330.15000000000003 41.70392732195782 5.6
      vertex -331.75 41.70392732195782 5.6
    endloop
  endfacet
  facet normal 0 0 1
    outer loop
      vertex -330.95 40.31828667590271 5.6
      vertex -331.75 41.70392732195782 5.6
      vertex -334.25 40.26055164898376 5.6
    endloop
  endfacet
  facet normal 0 0 1
    outer loop
      vertex -330.15000000000003 41.70392732195782 5.6
      vertex -330.15000000000003 44.59067866790595 5.6
      vertex -331.75 41.70392732195782 5.6
    endloop
  endfacet
  facet normal 0 0 1
    outer loop
      vertex -330.15000000000003 44.59067866790595 5.6
      vertex -331.75 44.59067866790595 5.6
      vertex -331.75 41.70392732195782 5.6
    endloop
  endfacet
  facet normal 0 0 1
    outer loop
      vertex -327.65000000000003 46.03405434088001 5.6
      vertex -330.95 45.97631931396105 5.6
      vertex -330.15000000000003 44.59067866790595 5.6
    endloop
  endfacet
  facet normal 0 0 1
    outer loop
      vertex -327.65000000000003 46.03405434088001 5.6
      vertex -328.45 47.41969498693511 5.6
      vertex -330.95 45.97631931396105 5.6
    endloop
  endfacet
  facet normal 0 0 1
    outer loop
      vertex -330.15000000000003 44.59067866790595 5.6
      vertex -330.95 45.97631931396105 5.6
      vertex -331.75 44.59067866790595 5.6
    endloop
  endfacet
  facet normal 0 0 1
    outer loop
      vertex -331.75 44.59067866790595 5.6
      vertex -330.95 45.97631931396105 5.6
      vertex -333.45 47.41969498693511 5.6
    endloop
  endfacet
  facet normal 0 0 1
    outer loop
      vertex -330.15000000000003 33.159143337951356 5.6
      vertex -333.45 35.98815965698052 5.6
      vertex -335.05 35.98815965698052 5.6
    endloop
  endfacet
  facet normal 0 0 1
    outer loop
      vertex -331.75 33.159143337951356 5.6
      vertex -335.05 35.98815965698052 5.6
      vertex -334.25 34.60251901092542 5.6
    endloop
  endfacet
  facet normal 0 0 1
    outer loop
      vertex -334.25 34.60251901092542 5.6
      vertex -335.05 35.98815965698052 5.6
      vertex -337.55 34.54478398400646 5.6
    endloop
  endfacet
  facet normal 0 0 1
    outer loop
      vertex -333.45 35.98815965698052 5.6
      vertex -333.45 38.87491100292865 5.6
      vertex -335.05 35.98815965698052 5.6
    endloop
  endfacet
  facet normal 0 0 1
    outer loop
      vertex -330.95 40.31828667590271 5.6
      vertex -334.25 40.26055164898376 5.6
      vertex -333.45 38.87491100292865 5.6
    endloop
  endfacet
  facet normal 0 0 1
    outer loop
      vertex -333.45 38.87491100292865 5.6
      vertex -334.25 40.26055164898376 5.6
      vertex -335.05 38.87491100292865 5.6
    endloop
  endfacet
  facet normal 0 0 1
    outer loop
      vertex -335.05 35.98815965698052 5.6
      vertex -333.45 38.87491100292865 5.6
      vertex -335.05 38.87491100292865 5.6
    endloop
  endfacet
  facet normal 0 0 1
    outer loop
      vertex -334.25 40.26055164898376 5.6
      vertex -336.75 41.70392732195782 5.6
      vertex -335.05 38.87491100292865 5.6
    endloop
  endfacet
  facet normal 0 0 1
    outer loop
      vertex -334.25 34.60251901092542 5.6
      vertex -338.35 33.159143337951356 5.6
      vertex -336.75 33.159143337951356 5.6
    endloop
  endfacet
  facet normal 0 0 1
    outer loop
      vertex -334.25 34.60251901092542 5.6
      vertex -337.55 34.54478398400646 5.6
      vertex -338.35 33.159143337951356 5.6
    endloop
  endfacet
  facet normal 0 0 1
    outer loop
      vertex -337.55 34.54478398400646 5.6
      vertex -340.05 35.98815965698052 5.6
      vertex -338.35 33.159143337951356 5.6
    endloop
  endfacet
  facet normal 0 0 1
    outer loop
      vertex -338.35 33.159143337951356 5.6
      vertex -340.05 35.98815965698052 5.6
      vertex -341.65 35.98815965698052 5.6
    endloop
  endfacet
  facet normal 0 0 1
    outer loop
      vertex -335.05 38.87491100292865 5.6
      vertex -336.75 41.70392732195782 5.6
      vertex -337.55 40.31828667590271 5.6
    endloop
  endfacet
  facet normal 0 0 1
    outer loop
      vertex -337.55 40.31828667590271 5.6
      vertex -340.85 40.26055164898376 5.6
      vertex -340.05 38.87491100292865 5.6
    endloop
  endfacet
  facet normal 0 0 1
    outer loop
      vertex -331.75 44.59067866790595 5.6
      vertex -333.45 47.41969498693511 5.6
      vertex -334.25 46.03405434088001 5.6
    endloop
  endfacet
  facet normal 0 0 1
    outer loop
      vertex -334.25 46.03405434088001 5.6
      vertex -333.45 47.41969498693511 5.6
      vertex -335.05 47.41969498693511 5.6
    endloop
  endfacet
  facet normal 0 0 1
    outer loop
      vertex -333.45 47.41969498693511 5.6
      vertex -333.45 50.30644633288324 5.6
      vertex -335.05 47.41969498693511 5.6
    endloop
  endfacet
  facet normal 0 0 1
    outer loop
      vertex -334.25 46.03405434088001 5.6
      vertex -337.55 45.97631931396105 5.6
      vertex -336.75 44.59067866790595 5.6
    endloop
  endfacet
  facet normal 0 0 1
    outer loop
      vertex -334.25 46.03405434088001 5.6
      vertex -335.05 47.41969498693511 5.6
      vertex -337.55 45.97631931396105 5.6
    endloop
  endfacet
  facet normal 0 0 1
    outer loop
      vertex -337.55 40.31828667590271 5.6
      vertex -336.75 41.70392732195782 5.6
      vertex -338.35 41.70392732195782 5.6
    endloop
  endfacet
  facet normal 0 0 1
    outer loop
      vertex -336.75 41.70392732195782 5.6
      vertex -336.75 44.59067866790595 5.6
      vertex -338.35 41.70392732195782 5.6
    endloop
  endfacet
  facet normal 0 0 1
    outer loop
      vertex -336.75 44.59067866790595 5.6
      vertex -338.35 44.59067866790595 5.6
      vertex -338.35 41.70392732195782 5.6
    endloop
  endfacet
  facet normal 0 0 1
    outer loop
      vertex -337.55 40.31828667590271 5.6
      vertex -338.35 41.70392732195782 5.6
      vertex -340.85 40.26055164898376 5.6
    endloop
  endfacet
  facet normal 0 0 1
    outer loop
      vertex -336.75 44.59067866790595 5.6
      vertex -337.55 45.97631931396105 5.6
      vertex -338.35 44.59067866790595 5.6
    endloop
  endfacet
  facet normal 0 0 1
    outer loop
      vertex -338.35 44.59067866790595 5.6
      vertex -337.55 45.97631931396105 5.6
      vertex -340.05 47.41969498693511 5.6
    endloop
  endfacet
  facet normal 0 0 1
    outer loop
      vertex -338.35 44.59067866790595 5.6
      vertex -340.05 47.41969498693511 5.6
      vertex -340.85 46.03405434088001 5.6
    endloop
  endfacet
  facet normal 0 0 1
    outer loop
      vertex -324.35 51.749822005857304 5.6
      vertex -325.15000000000003 53.135462651912405 5.6
      vertex -327.65000000000003 51.69208697893834 5.6
    endloop
  endfacet
  facet normal 0 0 1
    outer loop
      vertex -324.35 51.749822005857304 5.6
      vertex -328.45 50.30644633288324 5.6
      vertex -326.85 50.30644633288324 5.6
    endloop
  endfacet
  facet normal 0 0 1
    outer loop
      vertex -324.35 51.749822005857304 5.6
      vertex -327.65000000000003 51.69208697893834 5.6
      vertex -328.45 50.30644633288324 5.6
    endloop
  endfacet
  facet normal 0 0 1
    outer loop
      vertex -328.45 47.41969498693511 5.6
      vertex -326.85 50.30644633288324 5.6
      vertex -328.45 50.30644633288324 5.6
    endloop
  endfacet
  facet normal 0 0 1
    outer loop
      vertex -328.45 50.30644633288324 5.6
      vertex -327.65000000000003 51.69208697893834 5.6
      vertex -330.15000000000003 53.135462651912405 5.6
    endloop
  endfacet
  facet normal 0 0 1
    outer loop
      vertex -323.55 56.02221399786053 5.6
      vertex -327.65000000000003 57.465589670834596 5.6
      vertex -325.15000000000003 56.02221399786053 5.6
    endloop
  endfacet
  facet normal 0 0 1
    outer loop
      vertex -328.45 50.30644633288324 5.6
      vertex -331.75 53.135462651912405 5.6
      vertex -330.95 51.749822005857304 5.6
    endloop
  endfacet
  facet normal 0 0 1
    outer loop
      vertex -328.45 50.30644633288324 5.6
      vertex -330.15000000000003 53.135462651912405 5.6
      vertex -331.75 53.135462651912405 5.6
    endloop
  endfacet
  facet normal 0 0 1
    outer loop
      vertex -330.95 51.749822005857304 5.6
      vertex -331.75 53.135462651912405 5.6
      vertex -334.25 51.69208697893834 5.6
    endloop
  endfacet
  facet normal 0 0 1
    outer loop
      vertex -330.15000000000003 53.135462651912405 5.6
      vertex -330.15000000000003 56.02221399786053 5.6
      vertex -331.75 53.135462651912405 5.6
    endloop
  endfacet
  facet normal 0 0 1
    outer loop
      vertex -330.15000000000003 56.02221399786053 5.6
      vertex -331.75 56.02221399786053 5.6
      vertex -331.75 53.135462651912405 5.6
    endloop
  endfacet
  facet normal 0 0 1
    outer loop
      vertex -330.15000000000003 56.02221399786053 5.6
      vertex -334.25 57.465589670834596 5.6
      vertex -331.75 56.02221399786053 5.6
    endloop
  endfacet
  facet normal 0 0 1
    outer loop
      vertex -323.55 56.02221399786053 5.6
      vertex -324.35 57.40785464391564 5.6
      vertex -327.65000000000003 57.465589670834596 5.6
    endloop
  endfacet
  facet normal 0 0 1
    outer loop
      vertex -324.35 57.40785464391564 5.6
      vertex -326.85 58.851230316889705 5.6
      vertex -328.45 58.851230316889705 5.6
    endloop
  endfacet
  facet normal 0 0 1
    outer loop
      vertex -324.35 57.40785464391564 5.6
      vertex -328.45 58.851230316889705 5.6
      vertex -327.65000000000003 57.465589670834596 5.6
    endloop
  endfacet
  facet normal 0 0 1
    outer loop
      vertex -330.15000000000003 56.02221399786053 5.6
      vertex -327.65000000000003 57.465589670834596 5.6
      vertex -328.45 58.851230316889705 5.6
    endloop
  endfacet
  facet normal 0 0 1
    outer loop
      vertex -326.85 58.851230316889705 5.6
      vertex -326.85 61.73798166283783 5.6
      vertex -328.45 58.851230316889705 5.6
    endloop
  endfacet
  facet normal 0 0 1
    outer loop
      vertex -328.45 58.851230316889705 5.6
      vertex -326.85 61.73798166283783 5.6
      vertex -328.45 61.73798166283783 5.6
    endloop
  endfacet
  facet normal 0 0 1
    outer loop
      vertex -324.35 63.181357335811896 5.6
      vertex -328.45 61.73798166283783 5.6
      vertex -326.85 61.73798166283783 5.6
    endloop
  endfacet
  facet normal 0 0 1
    outer loop
      vertex -324.35 63.181357335811896 5.6
      vertex -327.65000000000003 63.123622308892934 5.6
      vertex -328.45 61.73798166283783 5.6
    endloop
  endfacet
  facet normal 0 0 1
    outer loop
      vertex -324.35 63.181357335811896 5.6
      vertex -325.15000000000003 64.56699798186699 5.6
      vertex -327.65000000000003 63.123622308892934 5.6
    endloop
  endfacet
  facet normal 0 0 1
    outer loop
      vertex -328.45 61.73798166283783 5.6
      vertex -327.65000000000003 63.123622308892934 5.6
      vertex -330.15000000000003 64.56699798186699 5.6
    endloop
  endfacet
  facet normal 0 0 1
    outer loop
      vertex -330.15000000000003 56.02221399786053 5.6
      vertex -328.45 58.851230316889705 5.6
      vertex -330.95 57.40785464391564 5.6
    endloop
  endfacet
  facet normal 0 0 1
    outer loop
      vertex -330.15000000000003 56.02221399786053 5.6
      vertex -330.95 57.40785464391564 5.6
      vertex -334.25 57.465589670834596 5.6
    endloop
  endfacet
  facet normal 0 0 1
    outer loop
      vertex -328.45 61.73798166283783 5.6
      vertex -330.15000000000003 64.56699798186699 5.6
      vertex -331.75 64.56699798186699 5.6
    endloop
  endfacet
  facet normal 0 0 1
    outer loop
      vertex -328.45 61.73798166283783 5.6
      vertex -331.75 64.56699798186699 5.6
      vertex -330.95 63.181357335811896 5.6
    endloop
  endfacet
  facet normal 0 0 1
    outer loop
      vertex -330.95 63.181357335811896 5.6
      vertex -331.75 64.56699798186699 5.6
      vertex -334.25 63.123622308892934 5.6
    endloop
  endfacet
  facet normal 0 0 1
    outer loop
      vertex -330.95 51.749822005857304 5.6
      vertex -335.05 50.30644633288324 5.6
      vertex -333.45 50.30644633288324 5.6
    endloop
  endfacet
  facet normal 0 0 1
    outer loop
      vertex -330.95 51.749822005857304 5.6
      vertex -334.25 51.69208697893834 5.6
      vertex -335.05 50.30644633288324 5.6
    endloop
  endfacet
  facet normal 0 0 1
    outer loop
      vertex -335.05 47.41969498693511 5.6
      vertex -333.45 50.30644633288324 5.6
      vertex -335.05 50.30644633288324 5.6
    endloop
  endfacet
  facet normal 0 0 1
    outer loop
      vertex -334.25 51.69208697893834 5.6
      vertex -336.75 53.135462651912405 5.6
      vertex -335.05 50.30644633288324 5.6
    endloop
  endfacet
  facet normal 0 0 1
    outer loop
      vertex -335.05 50.30644633288324 5.6
      vertex -338.35 53.135462651912405 5.6
      vertex -337.55 51.749822005857304 5.6
    endloop
  endfacet
  facet normal 0 0 1
    outer loop
      vertex -335.05 50.30644633288324 5.6
      vertex -336.75 53.135462651912405 5.6
      vertex -338.35 53.135462651912405 5.6
    endloop
  endfacet
  facet normal 0 0 1
    outer loop
      vertex -337.55 51.749822005857304 5.6
      vertex -338.35 53.135462651912405 5.6
      vertex -340.85 51.69208697893834 5.6
    endloop
  endfacet
  facet normal 0 0 1
    outer loop
      vertex -337.55 51.749822005857304 5.6
      vertex -341.65 50.30644633288324 5.6
      vertex -340.05 50.30644633288324 5.6
    endloop
  endfacet
  facet normal 0 0 1
    outer loop
      vertex -337.55 51.749822005857304 5.6
      vertex -340.85 51.69208697893834 5.6
      vertex -341.65 50.30644633288324 5.6
    endloop
  endfacet
  facet normal 0 0 1
    outer loop
      vertex -336.75 53.135462651912405 5.6
      vertex -336.75 56.02221399786053 5.6
      vertex -338.35 53.135462651912405 5.6
    endloop
  endfacet
  facet normal 0 0 1
    outer loop
      vertex -336.75 56.02221399786053 5.6
      vertex -338.35 56.02221399786053 5.6
      vertex -338.35 53.135462651912405 5.6
    endloop
  endfacet
  facet normal 0 0 1
    outer loop
      vertex -336.75 56.02221399786053 5.6
      vertex -340.85 57.465589670834596 5.6
      vertex -338.35 56.02221399786053 5.6
    endloop
  endfacet
  facet normal 0 0 1
    outer loop
      vertex -330.95 57.40785464391564 5.6
      vertex -333.45 58.851230316889705 5.6
      vertex -335.05 58.851230316889705 5.6
    endloop
  endfacet
  facet normal 0 0 1
    outer loop
      vertex -330.95 57.40785464391564 5.6
      vertex -335.05 58.851230316889705 5.6
      vertex -334.25 57.465589670834596 5.6
    endloop
  endfacet
  facet normal 0 0 1
    outer loop
      vertex -333.45 58.851230316889705 5.6
      vertex -333.45 61.73798166283783 5.6
      vertex -335.05 58.851230316889705 5.6
    endloop
  endfacet
  facet normal 0 0 1
    outer loop
      vertex -336.75 56.02221399786053 5.6
      vertex -334.25 57.465589670834596 5.6
      vertex -335.05 58.851230316889705 5.6
    endloop
  endfacet
  facet normal 0 0 1
    outer loop
      vertex -335.05 58.851230316889705 5.6
      vertex -333.45 61.73798166283783 5.6
      vertex -335.05 61.73798166283783 5.6
    endloop
  endfacet
  facet normal 0 0 1
    outer loop
      vertex -330.95 63.181357335811896 5.6
      vertex -335.05 61.73798166283783 5.6
      vertex -333.45 61.73798166283783 5.6
    endloop
  endfacet
  facet normal 0 0 1
    outer loop
      vertex -330.95 63.181357335811896 5.6
      vertex -334.25 63.123622308892934 5.6
      vertex -335.05 61.73798166283783 5.6
    endloop
  endfacet
  facet normal 0 0 1
    outer loop
      vertex -334.25 63.123622308892934 5.6
      vertex -336.75 64.56699798186699 5.6
      vertex -335.05 61.73798166283783 5.6
    endloop
  endfacet
  facet normal 0 0 1
    outer loop
      vertex -336.75 56.02221399786053 5.6
      vertex -335.05 58.851230316889705 5.6
      vertex -337.55 57.40785464391564 5.6
    endloop
  endfacet
  facet normal 0 0 1
    outer loop
      vertex -336.75 56.02221399786053 5.6
      vertex -337.55 57.40785464391564 5.6
      vertex -340.85 57.465589670834596 5.6
    endloop
  endfacet
  facet normal 0 0 1
    outer loop
      vertex -337.55 57.40785464391564 5.6
      vertex -340.05 58.851230316889705 5.6
      vertex -341.65 58.851230316889705 5.6
    endloop
  endfacet
  facet normal 0 0 1
    outer loop
      vertex -337.55 57.40785464391564 5.6
      vertex -341.65 58.851230316889705 5.6
      vertex -340.85 57.465589670834596 5.6
    endloop
  endfacet
  facet normal 0 0 1
    outer loop
      vertex -335.05 61.73798166283783 5.6
      vertex -336.75 64.56699798186699 5.6
      vertex -338.35 64.56699798186699 5.6
    endloop
  endfacet
  facet normal 0 0 1
    outer loop
      vertex -335.05 61.73798166283783 5.6
      vertex -338.35 64.56699798186699 5.6
      vertex -337.55 63.181357335811896 5.6
    endloop
  endfacet
  facet normal 0 0 1
    outer loop
      vertex -337.55 63.181357335811896 5.6
      vertex -341.65 61.73798166283783 5.6
      vertex -340.05 61.73798166283783 5.6
    endloop
  endfacet
  facet normal 0 0 1
    outer loop
      vertex -337.55 63.181357335811896 5.6
      vertex -340.85 63.123622308892934 5.6
      vertex -341.65 61.73798166283783 5.6
    endloop
  endfacet
  facet normal 0 0 1
    outer loop
      vertex -337.55 63.181357335811896 5.6
      vertex -338.35 64.56699798186699 5.6
      vertex -340.85 63.123622308892934 5.6
    endloop
  endfacet
  facet normal 0 0 -1
    outer loop
      vertex -308.65000000000003 35.98815965698052 0
      vertex -310.35 33.159143337951356 0
      vertex -311.95000000000005 33.159143337951356 0
    endloop
  endfacet
  facet normal 0 0 -1
    outer loop
      vertex -308.65000000000003 35.98815965698052 0
      vertex -311.95000000000005 33.159143337951356 0
      vertex -311.15000000000003 34.54478398400646 0
    endloop
  endfacet
  facet normal 0 0 -1
    outer loop
      vertex -311.15000000000003 34.54478398400646 0
      vertex -311.95000000000005 33.159143337951356 0
      vertex -314.45000000000005 34.60251901092542 0
    endloop
  endfacet
  facet normal 0 0 -1
    outer loop
      vertex -311.15000000000003 34.54478398400646 0
      vertex -314.45000000000005 34.60251901092542 0
      vertex -313.65000000000003 35.98815965698052 0
    endloop
  endfacet
  facet normal 0 0 -1
    outer loop
      vertex -311.15000000000003 40.31828667590271 0
      vertex -313.65000000000003 38.87491100292865 0
      vertex -310.35 41.70392732195782 0
    endloop
  endfacet
  facet normal 0 0 -1
    outer loop
      vertex -313.65000000000003 38.87491100292865 0
      vertex -314.45000000000005 40.26055164898376 0
      vertex -311.95000000000005 41.70392732195782 0
    endloop
  endfacet
  facet normal 0 0 -1
    outer loop
      vertex -313.65000000000003 35.98815965698052 0
      vertex -314.45000000000005 34.60251901092542 0
      vertex -315.25 35.98815965698052 0
    endloop
  endfacet
  facet normal 0 0 -1
    outer loop
      vertex -314.45000000000005 34.60251901092542 0
      vertex -316.95000000000005 33.159143337951356 0
      vertex -315.25 35.98815965698052 0
    endloop
  endfacet
  facet normal 0 0 -1
    outer loop
      vertex -315.25 35.98815965698052 0
      vertex -316.95000000000005 33.159143337951356 0
      vertex -317.75 34.54478398400646 0
    endloop
  endfacet
  facet normal 0 0 -1
    outer loop
      vertex -313.65000000000003 35.98815965698052 0
      vertex -315.25 35.98815965698052 0
      vertex -315.25 38.87491100292865 0
    endloop
  endfacet
  facet normal 0 0 -1
    outer loop
      vertex -313.65000000000003 35.98815965698052 0
      vertex -315.25 38.87491100292865 0
      vertex -313.65000000000003 38.87491100292865 0
    endloop
  endfacet
  facet normal 0 0 -1
    outer loop
      vertex -313.65000000000003 38.87491100292865 0
      vertex -315.25 38.87491100292865 0
      vertex -317.75 40.31828667590271 0
    endloop
  endfacet
  facet normal 0 0 -1
    outer loop
      vertex -313.65000000000003 38.87491100292865 0
      vertex -317.75 40.31828667590271 0
      vertex -314.45000000000005 40.26055164898376 0
    endloop
  endfacet
  facet normal 0 0 -1
    outer loop
      vertex -310.35 41.70392732195782 0
      vertex -311.95000000000005 44.59067866790595 0
      vertex -310.35 44.59067866790595 0
    endloop
  endfacet
  facet normal 0 0 -1
    outer loop
      vertex -310.35 41.70392732195782 0
      vertex -311.95000000000005 41.70392732195782 0
      vertex -311.95000000000005 44.59067866790595 0
    endloop
  endfacet
  facet normal 0 0 -1
    outer loop
      vertex -313.65000000000003 38.87491100292865 0
      vertex -311.95000000000005 41.70392732195782 0
      vertex -310.35 41.70392732195782 0
    endloop
  endfacet
  facet normal 0 0 -1
    outer loop
      vertex -308.65000000000003 47.41969498693511 0
      vertex -310.35 44.59067866790595 0
      vertex -311.15000000000003 45.97631931396105 0
    endloop
  endfacet
  facet normal 0 0 -1
    outer loop
      vertex -310.35 44.59067866790595 0
      vertex -311.95000000000005 44.59067866790595 0
      vertex -311.15000000000003 45.97631931396105 0
    endloop
  endfacet
  facet normal 0 0 -1
    outer loop
      vertex -311.95000000000005 44.59067866790595 0
      vertex -314.45000000000005 46.03405434088001 0
      vertex -311.15000000000003 45.97631931396105 0
    endloop
  endfacet
  facet normal 0 0 -1
    outer loop
      vertex -311.15000000000003 45.97631931396105 0
      vertex -314.45000000000005 46.03405434088001 0
      vertex -313.65000000000003 47.41969498693511 0
    endloop
  endfacet
  facet normal 0 0 -1
    outer loop
      vertex -314.45000000000005 40.26055164898376 0
      vertex -317.75 40.31828667590271 0
      vertex -316.95000000000005 41.70392732195782 0
    endloop
  endfacet
  facet normal 0 0 -1
    outer loop
      vertex -316.95000000000005 41.70392732195782 0
      vertex -318.55 44.59067866790595 0
      vertex -316.95000000000005 44.59067866790595 0
    endloop
  endfacet
  facet normal 0 0 -1
    outer loop
      vertex -316.95000000000005 44.59067866790595 0
      vertex -315.25 47.41969498693511 0
      vertex -314.45000000000005 46.03405434088001 0
    endloop
  endfacet
  facet normal 0 0 -1
    outer loop
      vertex -313.65000000000003 47.41969498693511 0
      vertex -314.45000000000005 46.03405434088001 0
      vertex -315.25 47.41969498693511 0
    endloop
  endfacet
  facet normal 0 0 -1
    outer loop
      vertex -313.65000000000003 47.41969498693511 0
      vertex -315.25 47.41969498693511 0
      vertex -315.25 50.30644633288324 0
    endloop
  endfacet
  facet normal 0 0 -1
    outer loop
      vertex -316.95000000000005 44.59067866790595 0
      vertex -317.75 45.97631931396105 0
      vertex -315.25 47.41969498693511 0
    endloop
  endfacet
  facet normal 0 0 -1
    outer loop
      vertex -316.95000000000005 33.159143337951356 0
      vertex -318.55 33.159143337951356 0
      vertex -317.75 34.54478398400646 0
    endloop
  endfacet
  facet normal 0 0 -1
    outer loop
      vertex -318.55 33.159143337951356 0
      vertex -321.05 34.60251901092542 0
      vertex -317.75 34.54478398400646 0
    endloop
  endfacet
  facet normal 0 0 -1
    outer loop
      vertex -317.75 34.54478398400646 0
      vertex -321.05 34.60251901092542 0
      vertex -320.25 35.98815965698052 0
    endloop
  endfacet
  facet normal 0 0 -1
    outer loop
      vertex -320.25 35.98815965698052 0
      vertex -321.05 34.60251901092542 0
      vertex -321.85 35.98815965698052 0
    endloop
  endfacet
  facet normal 0 0 -1
    outer loop
      vertex -316.95000000000005 41.70392732195782 0
      vertex -317.75 40.31828667590271 0
      vertex -320.25 38.87491100292865 0
    endloop
  endfacet
  facet normal 0 0 -1
    outer loop
      vertex -320.25 35.98815965698052 0
      vertex -321.85 38.87491100292865 0
      vertex -320.25 38.87491100292865 0
    endloop
  endfacet
  facet normal 0 0 -1
    outer loop
      vertex -320.25 38.87491100292865 0
      vertex -321.05 40.26055164898376 0
      vertex -318.55 41.70392732195782 0
    endloop
  endfacet
  facet normal 0 0 -1
    outer loop
      vertex -321.05 34.60251901092542 0
      vertex -323.55 33.159143337951356 0
      vertex -321.85 35.98815965698052 0
    endloop
  endfacet
  facet normal 0 0 -1
    outer loop
      vertex -323.55 33.159143337951356 0
      vertex -325.15000000000003 33.159143337951356 0
      vertex -324.35 34.54478398400646 0
    endloop
  endfacet
  facet normal 0 0 -1
    outer loop
      vertex -321.85 35.98815965698052 0
      vertex -323.55 33.159143337951356 0
      vertex -324.35 34.54478398400646 0
    endloop
  endfacet
  facet normal 0 0 -1
    outer loop
      vertex -320.25 35.98815965698052 0
      vertex -321.85 35.98815965698052 0
      vertex -321.85 38.87491100292865 0
    endloop
  endfacet
  facet normal 0 0 -1
    outer loop
      vertex -320.25 38.87491100292865 0
      vertex -321.85 38.87491100292865 0
      vertex -324.35 40.31828667590271 0
    endloop
  endfacet
  facet normal 0 0 -1
    outer loop
      vertex -320.25 38.87491100292865 0
      vertex -324.35 40.31828667590271 0
      vertex -321.05 40.26055164898376 0
    endloop
  endfacet
  facet normal 0 0 -1
    outer loop
      vertex -324.35 40.31828667590271 0
      vertex -326.85 38.87491100292865 0
      vertex -323.55 41.70392732195782 0
    endloop
  endfacet
  facet normal 0 0 -1
    outer loop
      vertex -316.95000000000005 41.70392732195782 0
      vertex -320.25 38.87491100292865 0
      vertex -318.55 41.70392732195782 0
    endloop
  endfacet
  facet normal 0 0 -1
    outer loop
      vertex -316.95000000000005 41.70392732195782 0
      vertex -318.55 41.70392732195782 0
      vertex -318.55 44.59067866790595 0
    endloop
  endfacet
  facet normal 0 0 -1
    outer loop
      vertex -316.95000000000005 44.59067866790595 0
      vertex -318.55 44.59067866790595 0
      vertex -317.75 45.97631931396105 0
    endloop
  endfacet
  facet normal 0 0 -1
    outer loop
      vertex -318.55 44.59067866790595 0
      vertex -321.05 46.03405434088001 0
      vertex -317.75 45.97631931396105 0
    endloop
  endfacet
  facet normal 0 0 -1
    outer loop
      vertex -317.75 45.97631931396105 0
      vertex -321.05 46.03405434088001 0
      vertex -320.25 47.41969498693511 0
    endloop
  endfacet
  facet normal 0 0 -1
    outer loop
      vertex -321.05 46.03405434088001 0
      vertex -321.85 47.41969498693511 0
      vertex -320.25 47.41969498693511 0
    endloop
  endfacet
  facet normal 0 0 -1
    outer loop
      vertex -321.05 40.26055164898376 0
      vertex -324.35 40.31828667590271 0
      vertex -323.55 41.70392732195782 0
    endloop
  endfacet
  facet normal 0 0 -1
    outer loop
      vertex -323.55 41.70392732195782 0
      vertex -325.15000000000003 44.59067866790595 0
      vertex -323.55 44.59067866790595 0
    endloop
  endfacet
  facet normal 0 0 -1
    outer loop
      vertex -323.55 41.70392732195782 0
      vertex -325.15000000000003 41.70392732195782 0
      vertex -325.15000000000003 44.59067866790595 0
    endloop
  endfacet
  facet normal 0 0 -1
    outer loop
      vertex -321.05 46.03405434088001 0
      vertex -323.55 44.59067866790595 0
      vertex -321.85 47.41969498693511 0
    endloop
  endfacet
  facet normal 0 0 -1
    outer loop
      vertex -320.25 47.41969498693511 0
      vertex -321.85 47.41969498693511 0
      vertex -321.85 50.30644633288324 0
    endloop
  endfacet
  facet normal 0 0 -1
    outer loop
      vertex -323.55 44.59067866790595 0
      vertex -324.35 45.97631931396105 0
      vertex -321.85 47.41969498693511 0
    endloop
  endfacet
  facet normal 0 0 -1
    outer loop
      vertex -323.55 44.59067866790595 0
      vertex -325.15000000000003 44.59067866790595 0
      vertex -324.35 45.97631931396105 0
    endloop
  endfacet
  facet normal 0 0 -1
    outer loop
      vertex -311.15000000000003 51.749822005857304 0
      vertex -311.95000000000005 53.135462651912405 0
      vertex -310.35 53.135462651912405 0
    endloop
  endfacet
  facet normal 0 0 -1
    outer loop
      vertex -311.15000000000003 51.749822005857304 0
      vertex -313.65000000000003 50.30644633288324 0
      vertex -311.95000000000005 53.135462651912405 0
    endloop
  endfacet
  facet normal 0 0 -1
    outer loop
      vertex -313.65000000000003 50.30644633288324 0
      vertex -314.45000000000005 51.69208697893834 0
      vertex -311.95000000000005 53.135462651912405 0
    endloop
  endfacet
  facet normal 0 0 -1
    outer loop
      vertex -310.35 53.135462651912405 0
      vertex -311.95000000000005 53.135462651912405 0
      vertex -311.95000000000005 56.02221399786053 0
    endloop
  endfacet
  facet normal 0 0 -1
    outer loop
      vertex -310.35 53.135462651912405 0
      vertex -311.95000000000005 56.02221399786053 0
      vertex -310.35 56.02221399786053 0
    endloop
  endfacet
  facet normal 0 0 -1
    outer loop
      vertex -307.85 57.465589670834596 0
      vertex -310.35 56.02221399786053 0
      vertex -311.95000000000005 56.02221399786053 0
    endloop
  endfacet
  facet normal 0 0 -1
    outer loop
      vertex -313.65000000000003 47.41969498693511 0
      vertex -315.25 50.30644633288324 0
      vertex -313.65000000000003 50.30644633288324 0
    endloop
  endfacet
  facet normal 0 0 -1
    outer loop
      vertex -313.65000000000003 50.30644633288324 0
      vertex -315.25 50.30644633288324 0
      vertex -314.45000000000005 51.69208697893834 0
    endloop
  endfacet
  facet normal 0 0 -1
    outer loop
      vertex -315.25 50.30644633288324 0
      vertex -317.75 51.749822005857304 0
      vertex -314.45000000000005 51.69208697893834 0
    endloop
  endfacet
  facet normal 0 0 -1
    outer loop
      vertex -314.45000000000005 51.69208697893834 0
      vertex -317.75 51.749822005857304 0
      vertex -316.95000000000005 53.135462651912405 0
    endloop
  endfacet
  facet normal 0 0 -1
    outer loop
      vertex -316.95000000000005 53.135462651912405 0
      vertex -318.55 56.02221399786053 0
      vertex -316.95000000000005 56.02221399786053 0
    endloop
  endfacet
  facet normal 0 0 -1
    outer loop
      vertex -316.95000000000005 56.02221399786053 0
      vertex -318.55 56.02221399786053 0
      vertex -314.45000000000005 57.465589670834596 0
    endloop
  endfacet
  facet normal 0 0 -1
    outer loop
      vertex -307.85 57.465589670834596 0
      vertex -311.95000000000005 56.02221399786053 0
      vertex -311.15000000000003 57.40785464391564 0
    endloop
  endfacet
  facet normal 0 0 -1
    outer loop
      vertex -311.95000000000005 56.02221399786053 0
      vertex -313.65000000000003 58.851230316889705 0
      vertex -311.15000000000003 57.40785464391564 0
    endloop
  endfacet
  facet normal 0 0 -1
    outer loop
      vertex -311.95000000000005 56.02221399786053 0
      vertex -314.45000000000005 57.465589670834596 0
      vertex -313.65000000000003 58.851230316889705 0
    endloop
  endfacet
  facet normal 0 0 -1
    outer loop
      vertex -310.35 64.56699798186699 0
      vertex -311.15000000000003 63.181357335811896 0
      vertex -311.95000000000005 64.56699798186699 0
    endloop
  endfacet
  facet normal 0 0 -1
    outer loop
      vertex -311.15000000000003 63.181357335811896 0
      vertex -313.65000000000003 61.73798166283783 0
      vertex -311.95000000000005 64.56699798186699 0
    endloop
  endfacet
  facet normal 0 0 -1
    outer loop
      vertex -313.65000000000003 61.73798166283783 0
      vertex -314.45000000000005 63.123622308892934 0
      vertex -311.95000000000005 64.56699798186699 0
    endloop
  endfacet
  facet normal 0 0 -1
    outer loop
      vertex -313.65000000000003 58.851230316889705 0
      vertex -314.45000000000005 57.465589670834596 0
      vertex -317.75 57.40785464391564 0
    endloop
  endfacet
  facet normal 0 0 -1
    outer loop
      vertex -313.65000000000003 58.851230316889705 0
      vertex -317.75 57.40785464391564 0
      vertex -315.25 58.851230316889705 0
    endloop
  endfacet
  facet normal 0 0 -1
    outer loop
      vertex -313.65000000000003 58.851230316889705 0
      vertex -315.25 58.851230316889705 0
      vertex -315.25 61.73798166283783 0
    endloop
  endfacet
  facet normal 0 0 -1
    outer loop
      vertex -313.65000000000003 58.851230316889705 0
      vertex -315.25 61.73798166283783 0
      vertex -313.65000000000003 61.73798166283783 0
    endloop
  endfacet
  facet normal 0 0 -1
    outer loop
      vertex -314.45000000000005 57.465589670834596 0
      vertex -318.55 56.02221399786053 0
      vertex -317.75 57.40785464391564 0
    endloop
  endfacet
  facet normal 0 0 -1
    outer loop
      vertex -313.65000000000003 61.73798166283783 0
      vertex -315.25 61.73798166283783 0
      vertex -314.45000000000005 63.123622308892934 0
    endloop
  endfacet
  facet normal 0 0 -1
    outer loop
      vertex -315.25 61.73798166283783 0
      vertex -317.75 63.181357335811896 0
      vertex -314.45000000000005 63.123622308892934 0
    endloop
  endfacet
  facet normal 0 0 -1
    outer loop
      vertex -314.45000000000005 63.123622308892934 0
      vertex -317.75 63.181357335811896 0
      vertex -316.95000000000005 64.56699798186699 0
    endloop
  endfacet
  facet normal 0 0 -1
    outer loop
      vertex -316.95000000000005 53.135462651912405 0
      vertex -317.75 51.749822005857304 0
      vertex -318.55 53.135462651912405 0
    endloop
  endfacet
  facet normal 0 0 -1
    outer loop
      vertex -317.75 51.749822005857304 0
      vertex -320.25 50.30644633288324 0
      vertex -318.55 53.135462651912405 0
    endloop
  endfacet
  facet normal 0 0 -1
    outer loop
      vertex -320.25 47.41969498693511 0
      vertex -321.85 50.30644633288324 0
      vertex -320.25 50.30644633288324 0
    endloop
  endfacet
  facet normal 0 0 -1
    outer loop
      vertex -320.25 50.30644633288324 0
      vertex -321.85 50.30644633288324 0
      vertex -321.05 51.69208697893834 0
    endloop
  endfacet
  facet normal 0 0 -1
    outer loop
      vertex -320.25 50.30644633288324 0
      vertex -321.05 51.69208697893834 0
      vertex -318.55 53.135462651912405 0
    endloop
  endfacet
  facet normal 0 0 -1
    outer loop
      vertex -316.95000000000005 53.135462651912405 0
      vertex -318.55 53.135462651912405 0
      vertex -318.55 56.02221399786053 0
    endloop
  endfacet
  facet normal 0 0 -1
    outer loop
      vertex -321.05 51.69208697893834 0
      vertex -321.85 50.30644633288324 0
      vertex -324.35 51.749822005857304 0
    endloop
  endfacet
  facet normal 0 0 -1
    outer loop
      vertex -321.05 51.69208697893834 0
      vertex -324.35 51.749822005857304 0
      vertex -323.55 53.135462651912405 0
    endloop
  endfacet
  facet normal 0 0 -1
    outer loop
      vertex -324.35 51.749822005857304 0
      vertex -325.15000000000003 53.135462651912405 0
      vertex -323.55 53.135462651912405 0
    endloop
  endfacet
  facet normal 0 0 -1
    outer loop
      vertex -323.55 53.135462651912405 0
      vertex -325.15000000000003 53.135462651912405 0
      vertex -325.15000000000003 56.02221399786053 0
    endloop
  endfacet
  facet normal 0 0 -1
    outer loop
      vertex -323.55 53.135462651912405 0
      vertex -325.15000000000003 56.02221399786053 0
      vertex -323.55 56.02221399786053 0
    endloop
  endfacet
  facet normal 0 0 -1
    outer loop
      vertex -323.55 56.02221399786053 0
      vertex -325.15000000000003 56.02221399786053 0
      vertex -321.05 57.465589670834596 0
    endloop
  endfacet
  facet normal 0 0 -1
    outer loop
      vertex -318.55 56.02221399786053 0
      vertex -320.25 58.851230316889705 0
      vertex -317.75 57.40785464391564 0
    endloop
  endfacet
  facet normal 0 0 -1
    outer loop
      vertex -318.55 56.02221399786053 0
      vertex -321.05 57.465589670834596 0
      vertex -320.25 58.851230316889705 0
    endloop
  endfacet
  facet normal 0 0 -1
    outer loop
      vertex -320.25 58.851230316889705 0
      vertex -321.85 61.73798166283783 0
      vertex -320.25 61.73798166283783 0
    endloop
  endfacet
  facet normal 0 0 -1
    outer loop
      vertex -316.95000000000005 64.56699798186699 0
      vertex -317.75 63.181357335811896 0
      vertex -318.55 64.56699798186699 0
    endloop
  endfacet
  facet normal 0 0 -1
    outer loop
      vertex -317.75 63.181357335811896 0
      vertex -320.25 61.73798166283783 0
      vertex -318.55 64.56699798186699 0
    endloop
  endfacet
  facet normal 0 0 -1
    outer loop
      vertex -320.25 61.73798166283783 0
      vertex -321.85 61.73798166283783 0
      vertex -321.05 63.123622308892934 0
    endloop
  endfacet
  facet normal 0 0 -1
    outer loop
      vertex -318.55 64.56699798186699 0
      vertex -320.25 61.73798166283783 0
      vertex -321.05 63.123622308892934 0
    endloop
  endfacet
  facet normal 0 0 -1
    outer loop
      vertex -320.25 58.851230316889705 0
      vertex -321.05 57.465589670834596 0
      vertex -324.35 57.40785464391564 0
    endloop
  endfacet
  facet normal 0 0 -1
    outer loop
      vertex -320.25 58.851230316889705 0
      vertex -324.35 57.40785464391564 0
      vertex -321.85 58.851230316889705 0
    endloop
  endfacet
  facet normal 0 0 -1
    outer loop
      vertex -320.25 58.851230316889705 0
      vertex -321.85 58.851230316889705 0
      vertex -321.85 61.73798166283783 0
    endloop
  endfacet
  facet normal 0 0 -1
    outer loop
      vertex -321.05 57.465589670834596 0
      vertex -325.15000000000003 56.02221399786053 0
      vertex -324.35 57.40785464391564 0
    endloop
  endfacet
  facet normal 0 0 -1
    outer loop
      vertex -321.05 63.123622308892934 0
      vertex -321.85 61.73798166283783 0
      vertex -324.35 63.181357335811896 0
    endloop
  endfacet
  facet normal 0 0 -1
    outer loop
      vertex -321.05 63.123622308892934 0
      vertex -324.35 63.181357335811896 0
      vertex -323.55 64.56699798186699 0
    endloop
  endfacet
  facet normal 0 0 -1
    outer loop
      vertex -323.55 64.56699798186699 0
      vertex -324.35 63.181357335811896 0
      vertex -325.15000000000003 64.56699798186699 0
    endloop
  endfacet
  facet normal 0 0 -1
    outer loop
      vertex -324.35 34.54478398400646 0
      vertex -325.15000000000003 33.159143337951356 0
      vertex -327.65000000000003 34.60251901092542 0
    endloop
  endfacet
  facet normal 0 0 -1
    outer loop
      vertex -324.35 34.54478398400646 0
      vertex -327.65000000000003 34.60251901092542 0
      vertex -326.85 35.98815965698052 0
    endloop
  endfacet
  facet normal 0 0 -1
    outer loop
      vertex -326.85 35.98815965698052 0
      vertex -327.65000000000003 34.60251901092542 0
      vertex -328.45 35.98815965698052 0
    endloop
  endfacet
  facet normal 0 0 -1
    outer loop
      vertex -327.65000000000003 34.60251901092542 0
      vertex -330.15000000000003 33.159143337951356 0
      vertex -328.45 35.98815965698052 0
    endloop
  endfacet
  facet normal 0 0 -1
    outer loop
      vertex -326.85 38.87491100292865 0
      vertex -327.65000000000003 40.26055164898376 0
      vertex -325.15000000000003 41.70392732195782 0
    endloop
  endfacet
  facet normal 0 0 -1
    outer loop
      vertex -326.85 35.98815965698052 0
      vertex -328.45 38.87491100292865 0
      vertex -326.85 38.87491100292865 0
    endloop
  endfacet
  facet normal 0 0 -1
    outer loop
      vertex -326.85 35.98815965698052 0
      vertex -328.45 35.98815965698052 0
      vertex -328.45 38.87491100292865 0
    endloop
  endfacet
  facet normal 0 0 -1
    outer loop
      vertex -326.85 38.87491100292865 0
      vertex -328.45 38.87491100292865 0
      vertex -330.95 40.31828667590271 0
    endloop
  endfacet
  facet normal 0 0 -1
    outer loop
      vertex -326.85 38.87491100292865 0
      vertex -330.95 40.31828667590271 0
      vertex -327.65000000000003 40.26055164898376 0
    endloop
  endfacet
  facet normal 0 0 -1
    outer loop
      vertex -328.45 35.98815965698052 0
      vertex -330.15000000000003 33.159143337951356 0
      vertex -330.95 34.54478398400646 0
    endloop
  endfacet
  facet normal 0 0 -1
    outer loop
      vertex -330.15000000000003 33.159143337951356 0
      vertex -331.75 33.159143337951356 0
      vertex -330.95 34.54478398400646 0
    endloop
  endfacet
  facet normal 0 0 -1
    outer loop
      vertex -331.75 33.159143337951356 0
      vertex -334.25 34.60251901092542 0
      vertex -330.95 34.54478398400646 0
    endloop
  endfacet
  facet normal 0 0 -1
    outer loop
      vertex -330.95 40.31828667590271 0
      vertex -333.45 38.87491100292865 0
      vertex -330.15000000000003 41.70392732195782 0
    endloop
  endfacet
  facet normal 0 0 -1
    outer loop
      vertex -323.55 41.70392732195782 0
      vertex -326.85 38.87491100292865 0
      vertex -325.15000000000003 41.70392732195782 0
    endloop
  endfacet
  facet normal 0 0 -1
    outer loop
      vertex -324.35 45.97631931396105 0
      vertex -325.15000000000003 44.59067866790595 0
      vertex -327.65000000000003 46.03405434088001 0
    endloop
  endfacet
  facet normal 0 0 -1
    outer loop
      vertex -324.35 45.97631931396105 0
      vertex -327.65000000000003 46.03405434088001 0
      vertex -326.85 47.41969498693511 0
    endloop
  endfacet
  facet normal 0 0 -1
    outer loop
      vertex -327.65000000000003 46.03405434088001 0
      vertex -330.15000000000003 44.59067866790595 0
      vertex -328.45 47.41969498693511 0
    endloop
  endfacet
  facet normal 0 0 -1
    outer loop
      vertex -326.85 47.41969498693511 0
      vertex -327.65000000000003 46.03405434088001 0
      vertex -328.45 47.41969498693511 0
    endloop
  endfacet
  facet normal 0 0 -1
    outer loop
      vertex -326.85 47.41969498693511 0
      vertex -328.45 47.41969498693511 0
      vertex -328.45 50.30644633288324 0
    endloop
  endfacet
  facet normal 0 0 -1
    outer loop
      vertex -327.65000000000003 40.26055164898376 0
      vertex -330.95 40.31828667590271 0
      vertex -330.15000000000003 41.70392732195782 0
    endloop
  endfacet
  facet normal 0 0 -1
    outer loop
      vertex -330.15000000000003 41.70392732195782 0
      vertex -333.45 38.87491100292865 0
      vertex -331.75 41.70392732195782 0
    endloop
  endfacet
  facet normal 0 0 -1
    outer loop
      vertex -330.15000000000003 41.70392732195782 0
      vertex -331.75 44.59067866790595 0
      vertex -330.15000000000003 44.59067866790595 0
    endloop
  endfacet
  facet normal 0 0 -1
    outer loop
      vertex -330.15000000000003 41.70392732195782 0
      vertex -331.75 41.70392732195782 0
      vertex -331.75 44.59067866790595 0
    endloop
  endfacet
  facet normal 0 0 -1
    outer loop
      vertex -328.45 47.41969498693511 0
      vertex -330.15000000000003 44.59067866790595 0
      vertex -330.95 45.97631931396105 0
    endloop
  endfacet
  facet normal 0 0 -1
    outer loop
      vertex -330.15000000000003 44.59067866790595 0
      vertex -331.75 44.59067866790595 0
      vertex -330.95 45.97631931396105 0
    endloop
  endfacet
  facet normal 0 0 -1
    outer loop
      vertex -331.75 44.59067866790595 0
      vertex -334.25 46.03405434088001 0
      vertex -330.95 45.97631931396105 0
    endloop
  endfacet
  facet normal 0 0 -1
    outer loop
      vertex -330.95 34.54478398400646 0
      vertex -334.25 34.60251901092542 0
      vertex -333.45 35.98815965698052 0
    endloop
  endfacet
  facet normal 0 0 -1
    outer loop
      vertex -333.45 35.98815965698052 0
      vertex -334.25 34.60251901092542 0
      vertex -335.05 35.98815965698052 0
    endloop
  endfacet
  facet normal 0 0 -1
    outer loop
      vertex -334.25 34.60251901092542 0
      vertex -336.75 33.159143337951356 0
      vertex -335.05 35.98815965698052 0
    endloop
  endfacet
  facet normal 0 0 -1
    outer loop
      vertex -333.45 35.98815965698052 0
      vertex -335.05 38.87491100292865 0
      vertex -333.45 38.87491100292865 0
    endloop
  endfacet
  facet normal 0 0 -1
    outer loop
      vertex -331.75 41.70392732195782 0
      vertex -333.45 38.87491100292865 0
      vertex -334.25 40.26055164898376 0
    endloop
  endfacet
  facet normal 0 0 -1
    outer loop
      vertex -333.45 35.98815965698052 0
      vertex -335.05 35.98815965698052 0
      vertex -335.05 38.87491100292865 0
    endloop
  endfacet
  facet normal 0 0 -1
    outer loop
      vertex -333.45 38.87491100292865 0
      vertex -335.05 38.87491100292865 0
      vertex -337.55 40.31828667590271 0
    endloop
  endfacet
  facet normal 0 0 -1
    outer loop
      vertex -333.45 38.87491100292865 0
      vertex -337.55 40.31828667590271 0
      vertex -334.25 40.26055164898376 0
    endloop
  endfacet
  facet normal 0 0 -1
    outer loop
      vertex -336.75 33.159143337951356 0
      vertex -338.35 33.159143337951356 0
      vertex -337.55 34.54478398400646 0
    endloop
  endfacet
  facet normal 0 0 -1
    outer loop
      vertex -335.05 35.98815965698052 0
      vertex -336.75 33.159143337951356 0
      vertex -337.55 34.54478398400646 0
    endloop
  endfacet
  facet normal 0 0 -1
    outer loop
      vertex -337.55 34.54478398400646 0
      vertex -338.35 33.159143337951356 0
      vertex -340.85 34.60251901092542 0
    endloop
  endfacet
  facet normal 0 0 -1
    outer loop
      vertex -337.55 34.54478398400646 0
      vertex -340.85 34.60251901092542 0
      vertex -340.05 35.98815965698052 0
    endloop
  endfacet
  facet normal 0 0 -1
    outer loop
      vertex -337.55 40.31828667590271 0
      vertex -340.05 38.87491100292865 0
      vertex -336.75 41.70392732195782 0
    endloop
  endfacet
  facet normal 0 0 -1
    outer loop
      vertex -338.35 41.70392732195782 0
      vertex -340.05 38.87491100292865 0
      vertex -340.85 40.26055164898376 0
    endloop
  endfacet
  facet normal 0 0 -1
    outer loop
      vertex -334.25 40.26055164898376 0
      vertex -337.55 40.31828667590271 0
      vertex -336.75 41.70392732195782 0
    endloop
  endfacet
  facet normal 0 0 -1
    outer loop
      vertex -330.95 45.97631931396105 0
      vertex -334.25 46.03405434088001 0
      vertex -333.45 47.41969498693511 0
    endloop
  endfacet
  facet normal 0 0 -1
    outer loop
      vertex -334.25 46.03405434088001 0
      vertex -335.05 47.41969498693511 0
      vertex -333.45 47.41969498693511 0
    endloop
  endfacet
  facet normal 0 0 -1
    outer loop
      vertex -334.25 46.03405434088001 0
      vertex -336.75 44.59067866790595 0
      vertex -335.05 47.41969498693511 0
    endloop
  endfacet
  facet normal 0 0 -1
    outer loop
      vertex -333.45 47.41969498693511 0
      vertex -335.05 47.41969498693511 0
      vertex -335.05 50.30644633288324 0
    endloop
  endfacet
  facet normal 0 0 -1
    outer loop
      vertex -336.75 41.70392732195782 0
      vertex -338.35 44.59067866790595 0
      vertex -336.75 44.59067866790595 0
    endloop
  endfacet
  facet normal 0 0 -1
    outer loop
      vertex -336.75 41.70392732195782 0
      vertex -338.35 41.70392732195782 0
      vertex -338.35 44.59067866790595 0
    endloop
  endfacet
  facet normal 0 0 -1
    outer loop
      vertex -336.75 41.70392732195782 0
      vertex -340.05 38.87491100292865 0
      vertex -338.35 41.70392732195782 0
    endloop
  endfacet
  facet normal 0 0 -1
    outer loop
      vertex -335.05 47.41969498693511 0
      vertex -336.75 44.59067866790595 0
      vertex -337.55 45.97631931396105 0
    endloop
  endfacet
  facet normal 0 0 -1
    outer loop
      vertex -336.75 44.59067866790595 0
      vertex -338.35 44.59067866790595 0
      vertex -337.55 45.97631931396105 0
    endloop
  endfacet
  facet normal 0 0 -1
    outer loop
      vertex -338.35 44.59067866790595 0
      vertex -340.85 46.03405434088001 0
      vertex -337.55 45.97631931396105 0
    endloop
  endfacet
  facet normal 0 0 -1
    outer loop
      vertex -337.55 45.97631931396105 0
      vertex -340.85 46.03405434088001 0
      vertex -340.05 47.41969498693511 0
    endloop
  endfacet
  facet normal 0 0 -1
    outer loop
      vertex -324.35 51.749822005857304 0
      vertex -326.85 50.30644633288324 0
      vertex -325.15000000000003 53.135462651912405 0
    endloop
  endfacet
  facet normal 0 0 -1
    outer loop
      vertex -326.85 50.30644633288324 0
      vertex -327.65000000000003 51.69208697893834 0
      vertex -325.15000000000003 53.135462651912405 0
    endloop
  endfacet
  facet normal 0 0 -1
    outer loop
      vertex -326.85 47.41969498693511 0
      vertex -328.45 50.30644633288324 0
      vertex -326.85 50.30644633288324 0
    endloop
  endfacet
  facet normal 0 0 -1
    outer loop
      vertex -326.85 50.30644633288324 0
      vertex -328.45 50.30644633288324 0
      vertex -327.65000000000003 51.69208697893834 0
    endloop
  endfacet
  facet normal 0 0 -1
    outer loop
      vertex -328.45 50.30644633288324 0
      vertex -330.95 51.749822005857304 0
      vertex -327.65000000000003 51.69208697893834 0
    endloop
  endfacet
  facet normal 0 0 -1
    outer loop
      vertex -327.65000000000003 51.69208697893834 0
      vertex -330.95 51.749822005857304 0
      vertex -330.15000000000003 53.135462651912405 0
    endloop
  endfacet
  facet normal 0 0 -1
    outer loop
      vertex -330.95 51.749822005857304 0
      vertex -331.75 53.135462651912405 0
      vertex -330.15000000000003 53.135462651912405 0
    endloop
  endfacet
  facet normal 0 0 -1
    outer loop
      vertex -330.95 51.749822005857304 0
      vertex -333.45 50.30644633288324 0
      vertex -331.75 53.135462651912405 0
    endloop
  endfacet
  facet normal 0 0 -1
    outer loop
      vertex -330.15000000000003 56.02221399786053 0
      vertex -331.75 56.02221399786053 0
      vertex -327.65000000000003 57.465589670834596 0
    endloop
  endfacet
  facet normal 0 0 -1
    outer loop
      vertex -330.15000000000003 53.135462651912405 0
      vertex -331.75 53.135462651912405 0
      vertex -331.75 56.02221399786053 0
    endloop
  endfacet
  facet normal 0 0 -1
    outer loop
      vertex -330.15000000000003 53.135462651912405 0
      vertex -331.75 56.02221399786053 0
      vertex -330.15000000000003 56.02221399786053 0
    endloop
  endfacet
  facet normal 0 0 -1
    outer loop
      vertex -324.35 57.40785464391564 0
      vertex -325.15000000000003 56.02221399786053 0
      vertex -326.85 58.851230316889705 0
    endloop
  endfacet
  facet normal 0 0 -1
    outer loop
      vertex -325.15000000000003 56.02221399786053 0
      vertex -327.65000000000003 57.465589670834596 0
      vertex -326.85 58.851230316889705 0
    endloop
  endfacet
  facet normal 0 0 -1
    outer loop
      vertex -326.85 58.851230316889705 0
      vertex -327.65000000000003 57.465589670834596 0
      vertex -330.95 57.40785464391564 0
    endloop
  endfacet
  facet normal 0 0 -1
    outer loop
      vertex -326.85 58.851230316889705 0
      vertex -330.95 57.40785464391564 0
      vertex -328.45 58.851230316889705 0
    endloop
  endfacet
  facet normal 0 0 -1
    outer loop
      vertex -326.85 58.851230316889705 0
      vertex -328.45 61.73798166283783 0
      vertex -326.85 61.73798166283783 0
    endloop
  endfacet
  facet normal 0 0 -1
    outer loop
      vertex -326.85 58.851230316889705 0
      vertex -328.45 58.851230316889705 0
      vertex -328.45 61.73798166283783 0
    endloop
  endfacet
  facet normal 0 0 -1
    outer loop
      vertex -324.35 63.181357335811896 0
      vertex -326.85 61.73798166283783 0
      vertex -325.15000000000003 64.56699798186699 0
    endloop
  endfacet
  facet normal 0 0 -1
    outer loop
      vertex -326.85 61.73798166283783 0
      vertex -327.65000000000003 63.123622308892934 0
      vertex -325.15000000000003 64.56699798186699 0
    endloop
  endfacet
  facet normal 0 0 -1
    outer loop
      vertex -326.85 61.73798166283783 0
      vertex -328.45 61.73798166283783 0
      vertex -327.65000000000003 63.123622308892934 0
    endloop
  endfacet
  facet normal 0 0 -1
    outer loop
      vertex -331.75 56.02221399786053 0
      vertex -330.95 57.40785464391564 0
      vertex -327.65000000000003 57.465589670834596 0
    endloop
  endfacet
  facet normal 0 0 -1
    outer loop
      vertex -331.75 56.02221399786053 0
      vertex -333.45 58.851230316889705 0
      vertex -330.95 57.40785464391564 0
    endloop
  endfacet
  facet normal 0 0 -1
    outer loop
      vertex -328.45 61.73798166283783 0
      vertex -330.95 63.181357335811896 0
      vertex -327.65000000000003 63.123622308892934 0
    endloop
  endfacet
  facet normal 0 0 -1
    outer loop
      vertex -327.65000000000003 63.123622308892934 0
      vertex -330.95 63.181357335811896 0
      vertex -330.15000000000003 64.56699798186699 0
    endloop
  endfacet
  facet normal 0 0 -1
    outer loop
      vertex -330.15000000000003 64.56699798186699 0
      vertex -330.95 63.181357335811896 0
      vertex -331.75 64.56699798186699 0
    endloop
  endfacet
  facet normal 0 0 -1
    outer loop
      vertex -330.95 63.181357335811896 0
      vertex -333.45 61.73798166283783 0
      vertex -331.75 64.56699798186699 0
    endloop
  endfacet
  facet normal 0 0 -1
    outer loop
      vertex -333.45 47.41969498693511 0
      vertex -335.05 50.30644633288324 0
      vertex -333.45 50.30644633288324 0
    endloop
  endfacet
  facet normal 0 0 -1
    outer loop
      vertex -333.45 50.30644633288324 0
      vertex -335.05 50.30644633288324 0
      vertex -334.25 51.69208697893834 0
    endloop
  endfacet
  facet normal 0 0 -1
    outer loop
      vertex -331.75 53.135462651912405 0
      vertex -333.45 50.30644633288324 0
      vertex -334.25 51.69208697893834 0
    endloop
  endfacet
  facet normal 0 0 -1
    outer loop
      vertex -334.25 51.69208697893834 0
      vertex -335.05 50.30644633288324 0
      vertex -337.55 51.749822005857304 0
    endloop
  endfacet
  facet normal 0 0 -1
    outer loop
      vertex -334.25 51.69208697893834 0
      vertex -337.55 51.749822005857304 0
      vertex -336.75 53.135462651912405 0
    endloop
  endfacet
  facet normal 0 0 -1
    outer loop
      vertex -337.55 51.749822005857304 0
      vertex -338.35 53.135462651912405 0
      vertex -336.75 53.135462651912405 0
    endloop
  endfacet
  facet normal 0 0 -1
    outer loop
      vertex -337.55 51.749822005857304 0
      vertex -340.05 50.30644633288324 0
      vertex -338.35 53.135462651912405 0
    endloop
  endfacet
  facet normal 0 0 -1
    outer loop
      vertex -338.35 53.135462651912405 0
      vertex -340.05 50.30644633288324 0
      vertex -340.85 51.69208697893834 0
    endloop
  endfacet
  facet normal 0 0 -1
    outer loop
      vertex -336.75 53.135462651912405 0
      vertex -338.35 53.135462651912405 0
      vertex -338.35 56.02221399786053 0
    endloop
  endfacet
  facet normal 0 0 -1
    outer loop
      vertex -336.75 56.02221399786053 0
      vertex -338.35 56.02221399786053 0
      vertex -334.25 57.465589670834596 0
    endloop
  endfacet
  facet normal 0 0 -1
    outer loop
      vertex -336.75 53.135462651912405 0
      vertex -338.35 56.02221399786053 0
      vertex -336.75 56.02221399786053 0
    endloop
  endfacet
  facet normal 0 0 -1
    outer loop
      vertex -331.75 56.02221399786053 0
      vertex -334.25 57.465589670834596 0
      vertex -333.45 58.851230316889705 0
    endloop
  endfacet
  facet normal 0 0 -1
    outer loop
      vertex -333.45 58.851230316889705 0
      vertex -335.05 61.73798166283783 0
      vertex -333.45 61.73798166283783 0
    endloop
  endfacet
  facet normal 0 0 -1
    outer loop
      vertex -333.45 58.851230316889705 0
      vertex -334.25 57.465589670834596 0
      vertex -337.55 57.40785464391564 0
    endloop
  endfacet
  facet normal 0 0 -1
    outer loop
      vertex -333.45 58.851230316889705 0
      vertex -337.55 57.40785464391564 0
      vertex -335.05 58.851230316889705 0
    endloop
  endfacet
  facet normal 0 0 -1
    outer loop
      vertex -333.45 58.851230316889705 0
      vertex -335.05 58.851230316889705 0
      vertex -335.05 61.73798166283783 0
    endloop
  endfacet
  facet normal 0 0 -1
    outer loop
      vertex -333.45 61.73798166283783 0
      vertex -335.05 61.73798166283783 0
      vertex -334.25 63.123622308892934 0
    endloop
  endfacet
  facet normal 0 0 -1
    outer loop
      vertex -331.75 64.56699798186699 0
      vertex -333.45 61.73798166283783 0
      vertex -334.25 63.123622308892934 0
    endloop
  endfacet
  facet normal 0 0 -1
    outer loop
      vertex -334.25 63.123622308892934 0
      vertex -335.05 61.73798166283783 0
      vertex -337.55 63.181357335811896 0
    endloop
  endfacet
  facet normal 0 0 -1
    outer loop
      vertex -334.25 63.123622308892934 0
      vertex -337.55 63.181357335811896 0
      vertex -336.75 64.56699798186699 0
    endloop
  endfacet
  facet normal 0 0 -1
    outer loop
      vertex -338.35 56.02221399786053 0
      vertex -337.55 57.40785464391564 0
      vertex -334.25 57.465589670834596 0
    endloop
  endfacet
  facet normal 0 0 -1
    outer loop
      vertex -338.35 56.02221399786053 0
      vertex -340.05 58.851230316889705 0
      vertex -337.55 57.40785464391564 0
    endloop
  endfacet
  facet normal 0 0 -1
    outer loop
      vertex -338.35 56.02221399786053 0
      vertex -340.85 57.465589670834596 0
      vertex -340.05 58.851230316889705 0
    endloop
  endfacet
  facet normal 0 0 -1
    outer loop
      vertex -336.75 64.56699798186699 0
      vertex -337.55 63.181357335811896 0
      vertex -338.35 64.56699798186699 0
    endloop
  endfacet
  facet normal 0 0 -1
    outer loop
      vertex -337.55 63.181357335811896 0
      vertex -340.05 61.73798166283783 0
      vertex -338.35 64.56699798186699 0
    endloop
  endfacet
  facet normal 0 0 -1
    outer loop
      vertex -338.35 64.56699798186699 0
      vertex -340.05 61.73798166283783 0
      vertex -340.85 63.123622308892934 0
    endloop
  endfacet
  facet normal 0 0 1
    outer loop
      vertex -288.04999999701977 49.780039237844846 5.6
      vertex -288.04999999701977 89.61187321039881 5.6
      vertex -305.35 67.45374932781513 5.6
    endloop
  endfacet
  facet normal 0 0 1
    outer loop
      vertex -288.04999999701977 89.61187321039881 5.6
      vertex -294.95767566415066 86.32016261237511 5.6
      vertex -295.08978564678563 86.001220900573 5.6
    endloop
  endfacet
  facet normal 0 0 1
    outer loop
      vertex -288.04999999701977 89.61187321039881 5.6
      vertex -295.4943650813896 85.44436508138959 5.6
      vertex -295.75687244495657 85.22016261237512 5.6
    endloop
  endfacet
  facet normal 0 0 1
    outer loop
      vertex -288.04999999701977 89.61187321039881 5.6
      vertex -295.27016261237515 85.70687244495656 5.6
      vertex -295.4943650813896 85.44436508138959 5.6
    endloop
  endfacet
  facet normal 0 0 1
    outer loop
      vertex -288.04999999701977 89.61187321039881 5.6
      vertex -295.08978564678563 86.001220900573 5.6
      vertex -295.27016261237515 85.70687244495656 5.6
    endloop
  endfacet
  facet normal 0 0 1
    outer loop
      vertex -288.04999999701977 89.61187321039881 5.6
      vertex -294.87708565069073 86.65584417691149 5.6
      vertex -294.95767566415066 86.32016261237511 5.6
    endloop
  endfacet
  facet normal 0 0 1
    outer loop
      vertex -288.04999999701977 89.61187321039881 5.6
      vertex -294.85 87 5.6
      vertex -294.87708565069073 86.65584417691149 5.6
    endloop
  endfacet
  facet normal 0 0 1
    outer loop
      vertex -288.04999999701977 89.61187321039881 5.6
      vertex -294.87708565069073 87.34415582308851 5.6
      vertex -294.85 87 5.6
    endloop
  endfacet
  facet normal 0 0 1
    outer loop
      vertex -288.04999999701977 89.61187321039881 5.6
      vertex -294.95767566415066 87.67983738762489 5.6
      vertex -294.87708565069073 87.34415582308851 5.6
    endloop
  endfacet
  facet normal 0 0 1
    outer loop
      vertex -288.04999999701977 89.61187321039881 5.6
      vertex -295.08978564678563 87.998779099427 5.6
      vertex -294.95767566415066 87.67983738762489 5.6
    endloop
  endfacet
  facet normal 0 0 1
    outer loop
      vertex -288.04999999701977 89.61187321039881 5.6
      vertex -295.27016261237515 88.29312755504344 5.6
      vertex -295.08978564678563 87.998779099427 5.6
    endloop
  endfacet
  facet normal 0 0 1
    outer loop
      vertex -288.04999999701977 89.61187321039881 5.6
      vertex -295.4943650813896 88.55563491861041 5.6
      vertex -295.27016261237515 88.29312755504344 5.6
    endloop
  endfacet
  facet normal 0 0 1
    outer loop
      vertex -288.04999999701977 89.61187321039881 5.6
      vertex -295.75687244495657 88.77983738762488 5.6
      vertex -295.4943650813896 88.55563491861041 5.6
    endloop
  endfacet
  facet normal 0 0 1
    outer loop
      vertex -288.04999999701977 89.61187321039881 5.6
      vertex -296.051220900573 88.96021435321441 5.6
      vertex -295.75687244495657 88.77983738762488 5.6
    endloop
  endfacet
  facet normal 0 0 1
    outer loop
      vertex -288.04999999701977 89.61187321039881 5.6
      vertex -296.3701626123751 89.09232433584934 5.6
      vertex -296.051220900573 88.96021435321441 5.6
    endloop
  endfacet
  facet normal 0 0 1
    outer loop
      vertex -288.04999999701977 89.61187321039881 5.6
      vertex -296.7058441769115 89.17291434930931 5.6
      vertex -296.3701626123751 89.09232433584934 5.6
    endloop
  endfacet
  facet normal 0 0 1
    outer loop
      vertex -288.04999999701977 89.61187321039881 5.6
      vertex -288.04999999701977 98 5.6
      vertex -307.85 97.4182282987567 5.6
    endloop
  endfacet
  facet normal 0 0 1
    outer loop
      vertex -288.04999999701977 89.61187321039881 5.6
      vertex -308.65000000000003 70.28276564684428 5.6
      vertex -305.35 67.45374932781513 5.6
    endloop
  endfacet
  facet normal 0 0 1
    outer loop
      vertex -288.04999999701977 89.61187321039881 5.6
      vertex -308.65000000000003 73.16951699279242 5.6
      vertex -308.65000000000003 70.28276564684428 5.6
    endloop
  endfacet
  facet normal 0 0 1
    outer loop
      vertex -288.04999999701977 89.61187321039881 5.6
      vertex -305.35 75.99853331182157 5.6
      vertex -308.65000000000003 73.16951699279242 5.6
    endloop
  endfacet
  facet normal 0 0 1
    outer loop
      vertex -305.35 67.45374932781513 5.6
      vertex -308.65000000000003 70.28276564684428 5.6
      vertex -307.85 68.89712500078919 5.6
    endloop
  endfacet
  facet normal 0 0 1
    outer loop
      vertex -307.85 68.89712500078919 5.6
      vertex -311.15000000000003 68.83938997387023 5.6
      vertex -310.35 67.45374932781513 5.6
    endloop
  endfacet
  facet normal 0 0 1
    outer loop
      vertex -307.85 68.89712500078919 5.6
      vertex -308.65000000000003 70.28276564684428 5.6
      vertex -311.15000000000003 68.83938997387023 5.6
    endloop
  endfacet
  facet normal 0 0 1
    outer loop
      vertex -305.35 75.99853331182157 5.6
      vertex -307.85 74.55515763884752 5.6
      vertex -308.65000000000003 73.16951699279242 5.6
    endloop
  endfacet
  facet normal 0 0 1
    outer loop
      vertex -307.85 74.55515763884752 5.6
      vertex -310.35 75.99853331182157 5.6
      vertex -308.65000000000003 73.16951699279242 5.6
    endloop
  endfacet
  facet normal 0 0 1
    outer loop
      vertex -305.35 78.88528465776972 5.6
      vertex -308.65000000000003 81.71430097679887 5.6
      vertex -307.85 80.32866033074377 5.6
    endloop
  endfacet
  facet normal 0 0 1
    outer loop
      vertex -307.85 80.32866033074377 5.6
      vertex -311.15000000000003 80.27092530382481 5.6
      vertex -310.35 78.88528465776972 5.6
    endloop
  endfacet
  facet normal 0 0 1
    outer loop
      vertex -307.85 80.32866033074377 5.6
      vertex -308.65000000000003 81.71430097679887 5.6
      vertex -311.15000000000003 80.27092530382481 5.6
    endloop
  endfacet
  facet normal 0 0 1
    outer loop
      vertex -288.04999999701977 89.61187321039881 5.6
      vertex -295.75687244495657 85.22016261237512 5.6
      vertex -305.35 78.88528465776972 5.6
    endloop
  endfacet
  facet normal 0 0 1
    outer loop
      vertex -288.04999999701977 89.61187321039881 5.6
      vertex -305.35 78.88528465776972 5.6
      vertex -305.35 75.99853331182157 5.6
    endloop
  endfacet
  facet normal 0 0 1
    outer loop
      vertex -305.35 78.88528465776972 5.6
      vertex -296.051220900573 85.03978564678559 5.6
      vertex -296.3701626123751 84.90767566415066 5.6
    endloop
  endfacet
  facet normal 0 0 1
    outer loop
      vertex -305.35 78.88528465776972 5.6
      vertex -295.75687244495657 85.22016261237512 5.6
      vertex -296.051220900573 85.03978564678559 5.6
    endloop
  endfacet
  facet normal 0 0 1
    outer loop
      vertex -305.35 78.88528465776972 5.6
      vertex -296.3701626123751 84.90767566415066 5.6
      vertex -296.7058441769115 84.82708565069069 5.6
    endloop
  endfacet
  facet normal 0 0 1
    outer loop
      vertex -305.35 78.88528465776972 5.6
      vertex -296.7058441769115 84.82708565069069 5.6
      vertex -297.05 84.8 5.6
    endloop
  endfacet
  facet normal 0 0 1
    outer loop
      vertex -305.35 78.88528465776972 5.6
      vertex -297.05 84.8 5.6
      vertex -297.3941558230885 84.82708565069069 5.6
    endloop
  endfacet
  facet normal 0 0 1
    outer loop
      vertex -305.35 78.88528465776972 5.6
      vertex -297.3941558230885 84.82708565069069 5.6
      vertex -297.7298373876249 84.90767566415066 5.6
    endloop
  endfacet
  facet normal 0 0 1
    outer loop
      vertex -305.35 78.88528465776972 5.6
      vertex -297.7298373876249 84.90767566415066 5.6
      vertex -298.048779099427 85.03978564678559 5.6
    endloop
  endfacet
  facet normal 0 0 1
    outer loop
      vertex -305.35 78.88528465776972 5.6
      vertex -298.048779099427 85.03978564678559 5.6
      vertex -298.34312755504345 85.22016261237512 5.6
    endloop
  endfacet
  facet normal 0 0 1
    outer loop
      vertex -305.35 78.88528465776972 5.6
      vertex -298.34312755504345 85.22016261237512 5.6
      vertex -298.6056349186104 85.44436508138959 5.6
    endloop
  endfacet
  facet normal 0 0 1
    outer loop
      vertex -305.35 78.88528465776972 5.6
      vertex -298.6056349186104 85.44436508138959 5.6
      vertex -298.8298373876249 85.70687244495656 5.6
    endloop
  endfacet
  facet normal 0 0 1
    outer loop
      vertex -305.35 90.3168199877243 5.6
      vertex -298.34312755504345 88.77983738762488 5.6
      vertex -298.048779099427 88.96021435321441 5.6
    endloop
  endfacet
  facet normal 0 0 1
    outer loop
      vertex -308.65000000000003 84.60105232274701 5.6
      vertex -298.8298373876249 85.70687244495656 5.6
      vertex -299.0102143532144 86.001220900573 5.6
    endloop
  endfacet
  facet normal 0 0 1
    outer loop
      vertex -308.65000000000003 84.60105232274701 5.6
      vertex -299.0102143532144 86.001220900573 5.6
      vertex -299.14232433584937 86.32016261237511 5.6
    endloop
  endfacet
  facet normal 0 0 1
    outer loop
      vertex -308.65000000000003 84.60105232274701 5.6
      vertex -299.14232433584937 86.32016261237511 5.6
      vertex -299.2229143493093 86.65584417691149 5.6
    endloop
  endfacet
  facet normal 0 0 1
    outer loop
      vertex -308.65000000000003 84.60105232274701 5.6
      vertex -299.2229143493093 86.65584417691149 5.6
      vertex -299.25 87 5.6
    endloop
  endfacet
  facet normal 0 0 1
    outer loop
      vertex -307.85 85.9866929688021 5.6
      vertex -299.2229143493093 87.34415582308851 5.6
      vertex -299.14232433584937 87.67983738762489 5.6
    endloop
  endfacet
  facet normal 0 0 1
    outer loop
      vertex -307.85 85.9866929688021 5.6
      vertex -299.25 87 5.6
      vertex -299.2229143493093 87.34415582308851 5.6
    endloop
  endfacet
  facet normal 0 0 1
    outer loop
      vertex -305.35 87.43006864177616 5.6
      vertex -299.0102143532144 87.998779099427 5.6
      vertex -298.8298373876249 88.29312755504344 5.6
    endloop
  endfacet
  facet normal 0 0 1
    outer loop
      vertex -305.35 87.43006864177616 5.6
      vertex -299.14232433584937 87.67983738762489 5.6
      vertex -299.0102143532144 87.998779099427 5.6
    endloop
  endfacet
  facet normal 0 0 1
    outer loop
      vertex -305.35 90.3168199877243 5.6
      vertex -298.6056349186104 88.55563491861041 5.6
      vertex -298.34312755504345 88.77983738762488 5.6
    endloop
  endfacet
  facet normal 0 0 1
    outer loop
      vertex -305.35 90.3168199877243 5.6
      vertex -298.8298373876249 88.29312755504344 5.6
      vertex -298.6056349186104 88.55563491861041 5.6
    endloop
  endfacet
  facet normal 0 0 1
    outer loop
      vertex -288.04999999701977 89.61187321039881 5.6
      vertex -305.35 90.3168199877243 5.6
      vertex -296.7058441769115 89.17291434930931 5.6
    endloop
  endfacet
  facet normal 0 0 1
    outer loop
      vertex -305.35 90.3168199877243 5.6
      vertex -297.05 89.2 5.6
      vertex -296.7058441769115 89.17291434930931 5.6
    endloop
  endfacet
  facet normal 0 0 1
    outer loop
      vertex -305.35 90.3168199877243 5.6
      vertex -297.3941558230885 89.17291434930931 5.6
      vertex -297.05 89.2 5.6
    endloop
  endfacet
  facet normal 0 0 1
    outer loop
      vertex -305.35 90.3168199877243 5.6
      vertex -297.7298373876249 89.09232433584934 5.6
      vertex -297.3941558230885 89.17291434930931 5.6
    endloop
  endfacet
  facet normal 0 0 1
    outer loop
      vertex -305.35 90.3168199877243 5.6
      vertex -298.048779099427 88.96021435321441 5.6
      vertex -297.7298373876249 89.09232433584934 5.6
    endloop
  endfacet
  facet normal 0 0 1
    outer loop
      vertex -288.04999999701977 89.61187321039881 5.6
      vertex -308.65000000000003 93.14583630675347 5.6
      vertex -305.35 90.3168199877243 5.6
    endloop
  endfacet
  facet normal 0 0 1
    outer loop
      vertex -288.04999999701977 89.61187321039881 5.6
      vertex -308.65000000000003 96.03258765270161 5.6
      vertex -308.65000000000003 93.14583630675347 5.6
    endloop
  endfacet
  facet normal 0 0 1
    outer loop
      vertex -288.04999999701977 89.61187321039881 5.6
      vertex -307.85 97.4182282987567 5.6
      vertex -311.15000000000003 97.47596332567566 5.6
    endloop
  endfacet
  facet normal 0 0 1
    outer loop
      vertex -305.35 78.88528465776972 5.6
      vertex -298.8298373876249 85.70687244495656 5.6
      vertex -308.65000000000003 81.71430097679887 5.6
    endloop
  endfacet
  facet normal 0 0 1
    outer loop
      vertex -308.65000000000003 81.71430097679887 5.6
      vertex -298.8298373876249 85.70687244495656 5.6
      vertex -308.65000000000003 84.60105232274701 5.6
    endloop
  endfacet
  facet normal 0 0 1
    outer loop
      vertex -305.35 87.43006864177616 5.6
      vertex -307.85 85.9866929688021 5.6
      vertex -299.14232433584937 87.67983738762489 5.6
    endloop
  endfacet
  facet normal 0 0 1
    outer loop
      vertex -305.35 87.43006864177616 5.6
      vertex -298.8298373876249 88.29312755504344 5.6
      vertex -305.35 90.3168199877243 5.6
    endloop
  endfacet
  facet normal 0 0 1
    outer loop
      vertex -308.65000000000003 84.60105232274701 5.6
      vertex -299.25 87 5.6
      vertex -307.85 85.9866929688021 5.6
    endloop
  endfacet
  facet normal 0 0 1
    outer loop
      vertex -308.65000000000003 84.60105232274701 5.6
      vertex -307.85 85.9866929688021 5.6
      vertex -310.35 87.43006864177616 5.6
    endloop
  endfacet
  facet normal 0 0 1
    outer loop
      vertex -288.04999999701977 89.61187321039881 5.6
      vertex -311.15000000000003 97.47596332567566 5.6
      vertex -308.65000000000003 96.03258765270161 5.6
    endloop
  endfacet
  facet normal 0 0 1
    outer loop
      vertex -305.35 90.3168199877243 5.6
      vertex -308.65000000000003 93.14583630675347 5.6
      vertex -307.85 91.76019566069836 5.6
    endloop
  endfacet
  facet normal 0 0 1
    outer loop
      vertex -307.85 91.76019566069836 5.6
      vertex -308.65000000000003 93.14583630675347 5.6
      vertex -311.15000000000003 91.70246063377941 5.6
    endloop
  endfacet
  facet normal 0 0 -1
    outer loop
      vertex -292.54999999701977 32 0
      vertex -305.35 67.45374932781513 0
      vertex -292.54999999701977 98 0
    endloop
  endfacet
  facet normal 0 0 -1
    outer loop
      vertex -305.35 67.45374932781513 0
      vertex -305.35 75.99853331182157 0
      vertex -292.54999999701977 98 0
    endloop
  endfacet
  facet normal 0 0 -1
    outer loop
      vertex -305.35 67.45374932781513 0
      vertex -307.85 68.89712500078919 0
      vertex -305.35 75.99853331182157 0
    endloop
  endfacet
  facet normal 0 0 -1
    outer loop
      vertex -307.85 68.89712500078919 0
      vertex -310.35 67.45374932781513 0
      vertex -308.65000000000003 70.28276564684428 0
    endloop
  endfacet
  facet normal 0 0 -1
    outer loop
      vertex -307.85 68.89712500078919 0
      vertex -308.65000000000003 70.28276564684428 0
      vertex -305.35 75.99853331182157 0
    endloop
  endfacet
  facet normal 0 0 -1
    outer loop
      vertex -308.65000000000003 70.28276564684428 0
      vertex -308.65000000000003 73.16951699279242 0
      vertex -305.35 75.99853331182157 0
    endloop
  endfacet
  facet normal 0 0 -1
    outer loop
      vertex -305.35 75.99853331182157 0
      vertex -308.65000000000003 73.16951699279242 0
      vertex -307.85 74.55515763884752 0
    endloop
  endfacet
  facet normal 0 0 -1
    outer loop
      vertex -307.85 74.55515763884752 0
      vertex -308.65000000000003 73.16951699279242 0
      vertex -311.15000000000003 74.61289266576648 0
    endloop
  endfacet
  facet normal 0 0 -1
    outer loop
      vertex -307.85 74.55515763884752 0
      vertex -311.15000000000003 74.61289266576648 0
      vertex -310.35 75.99853331182157 0
    endloop
  endfacet
  facet normal 0 0 -1
    outer loop
      vertex -307.85 80.32866033074377 0
      vertex -310.35 78.88528465776972 0
      vertex -308.65000000000003 81.71430097679887 0
    endloop
  endfacet
  facet normal 0 0 -1
    outer loop
      vertex -305.35 75.99853331182157 0
      vertex -305.35 78.88528465776972 0
      vertex -292.54999999701977 98 0
    endloop
  endfacet
  facet normal 0 0 -1
    outer loop
      vertex -305.35 78.88528465776972 0
      vertex -305.35 87.43006864177616 0
      vertex -292.54999999701977 98 0
    endloop
  endfacet
  facet normal 0 0 -1
    outer loop
      vertex -305.35 87.43006864177616 0
      vertex -305.35 90.3168199877243 0
      vertex -292.54999999701977 98 0
    endloop
  endfacet
  facet normal 0 0 -1
    outer loop
      vertex -305.35 90.3168199877243 0
      vertex -305.35 98.86160397173076 0
      vertex -292.54999999701977 98 0
    endloop
  endfacet
  facet normal 0 0 -1
    outer loop
      vertex -305.35 78.88528465776972 0
      vertex -307.85 80.32866033074377 0
      vertex -305.35 87.43006864177616 0
    endloop
  endfacet
  facet normal 0 0 -1
    outer loop
      vertex -307.85 80.32866033074377 0
      vertex -307.85 85.9866929688021 0
      vertex -305.35 87.43006864177616 0
    endloop
  endfacet
  facet normal 0 0 -1
    outer loop
      vertex -307.85 80.32866033074377 0
      vertex -308.65000000000003 84.60105232274701 0
      vertex -307.85 85.9866929688021 0
    endloop
  endfacet
  facet normal 0 0 -1
    outer loop
      vertex -307.85 80.32866033074377 0
      vertex -308.65000000000003 81.71430097679887 0
      vertex -308.65000000000003 84.60105232274701 0
    endloop
  endfacet
  facet normal 0 0 -1
    outer loop
      vertex -308.65000000000003 84.60105232274701 0
      vertex -311.15000000000003 86.04442799572107 0
      vertex -307.85 85.9866929688021 0
    endloop
  endfacet
  facet normal 0 0 -1
    outer loop
      vertex -307.85 85.9866929688021 0
      vertex -311.15000000000003 86.04442799572107 0
      vertex -310.35 87.43006864177616 0
    endloop
  endfacet
  facet normal 0 0 -1
    outer loop
      vertex -305.35 90.3168199877243 0
      vertex -307.85 91.76019566069836 0
      vertex -305.35 98.86160397173076 0
    endloop
  endfacet
  facet normal 0 0 -1
    outer loop
      vertex -307.85 91.76019566069836 0
      vertex -310.35 90.3168199877243 0
      vertex -308.65000000000003 93.14583630675347 0
    endloop
  endfacet
  facet normal 0 0 -1
    outer loop
      vertex -307.85 91.76019566069836 0
      vertex -308.65000000000003 96.03258765270161 0
      vertex -305.35 98.86160397173076 0
    endloop
  endfacet
  facet normal 0 0 -1
    outer loop
      vertex -307.85 97.4182282987567 0
      vertex -305.35 98.86160397173076 0
      vertex -308.65000000000003 96.03258765270161 0
    endloop
  endfacet
  facet normal 0 0 -1
    outer loop
      vertex -307.85 91.76019566069836 0
      vertex -308.65000000000003 93.14583630675347 0
      vertex -308.65000000000003 96.03258765270161 0
    endloop
  endfacet
  facet normal 0 0 -1
    outer loop
      vertex -307.85 97.4182282987567 0
      vertex -308.65000000000003 96.03258765270161 0
      vertex -311.15000000000003 97.47596332567566 0
    endloop
  endfacet
  facet normal 0 0 1
    outer loop
      vertex -280.04999999701977 106 5.6
      vertex -305.35 98.86160397173076 5.6
      vertex -288.04999999701977 98 5.6
    endloop
  endfacet
  facet normal 0 0 1
    outer loop
      vertex -280.04999999701977 109.3 5.6
      vertex -280.04999999701977 127.60000000149012 5.6
      vertex -314.78795433068143 116.82206650182317 5.6
    endloop
  endfacet
  facet normal 0 1 0
    outer loop
      vertex -280.04999999701977 130 5.6
      vertex -280.04999999701977 130 3.7
      vertex -282.25 130 3.7
    endloop
  endfacet
  facet normal 0 0 1
    outer loop
      vertex -280.04999999701977 106 5.6
      vertex -305.35 101.7483553176789 5.6
      vertex -305.35 98.86160397173076 5.6
    endloop
  endfacet
  facet normal 0 0 1
    outer loop
      vertex -280.04999999701977 106 5.6
      vertex -307.85 103.19173099065296 5.6
      vertex -305.35 101.7483553176789 5.6
    endloop
  endfacet
  facet normal 0 0 1
    outer loop
      vertex -307.85 97.4182282987567 5.6
      vertex -288.04999999701977 98 5.6
      vertex -305.35 98.86160397173076 5.6
    endloop
  endfacet
  facet normal 0 0 1
    outer loop
      vertex -280.04999999701977 106 5.6
      vertex -314.45000000000005 103.19173099065296 5.6
      vertex -307.85 103.19173099065296 5.6
    endloop
  endfacet
  facet normal 0 0 1
    outer loop
      vertex -280.04999999701977 106 5.6
      vertex -321.05 103.19173099065296 5.6
      vertex -314.45000000000005 103.19173099065296 5.6
    endloop
  endfacet
  facet normal 0 0 1
    outer loop
      vertex -280.04999999701977 106 5.6
      vertex -327.65000000000003 103.19173099065296 5.6
      vertex -321.05 103.19173099065296 5.6
    endloop
  endfacet
  facet normal 0 0 1
    outer loop
      vertex -280.04999999701977 106 5.6
      vertex -280.04999999701977 107.7 5.6
      vertex -354.05 103.19173099065296 5.6
    endloop
  endfacet
  facet normal 0 0 1
    outer loop
      vertex -280.04999999701977 109.3 5.6
      vertex -315.36188103937536 115.88550323395269 5.6
      vertex -316.07525253169416 115.05025253169417 5.6
    endloop
  endfacet
  facet normal 0 0 1
    outer loop
      vertex -280.04999999701977 109.3 5.6
      vertex -316.07525253169416 115.05025253169417 5.6
      vertex -316.9105032339527 114.33688103937537 5.6
    endloop
  endfacet
  facet normal 0 0 1
    outer loop
      vertex -280.04999999701977 109.3 5.6
      vertex -316.9105032339527 114.33688103937537 5.6
      vertex -317.8470665018231 113.76295433068142 5.6
    endloop
  endfacet
  facet normal 0 0 1
    outer loop
      vertex -280.04999999701977 109.3 5.6
      vertex -317.8470665018231 113.76295433068142 5.6
      vertex -318.86188103937536 113.34260438593392 5.6
    endloop
  endfacet
  facet normal 0 0 1
    outer loop
      vertex -280.04999999701977 109.3 5.6
      vertex -318.86188103937536 113.34260438593392 5.6
      vertex -319.92995874471836 113.08618161583404 5.6
    endloop
  endfacet
  facet normal 0 0 1
    outer loop
      vertex -280.04999999701977 109.3 5.6
      vertex -319.92995874471836 113.08618161583404 5.6
      vertex -321.025 113 5.6
    endloop
  endfacet
  facet normal 0 1 0
    outer loop
      vertex -280.04999999701977 130 5.6
      vertex -282.25 130 3.7
      vertex -331.025 130 5.6
    endloop
  endfacet
  facet normal 0 0 1
    outer loop
      vertex -280.04999999701977 109.3 5.6
      vertex -314.78795433068143 116.82206650182317 5.6
      vertex -315.36188103937536 115.88550323395269 5.6
    endloop
  endfacet
  facet normal 0 0 1
    outer loop
      vertex -280.04999999701977 127.60000000149012 5.6
      vertex -314.36760438593393 117.83688103937537 5.6
      vertex -314.78795433068143 116.82206650182317 5.6
    endloop
  endfacet
  facet normal 0 0 1
    outer loop
      vertex -280.04999999701977 127.60000000149012 5.6
      vertex -314.111181615834 118.90495874471839 5.6
      vertex -314.36760438593393 117.83688103937537 5.6
    endloop
  endfacet
  facet normal 0 0 1
    outer loop
      vertex -280.04999999701977 127.60000000149012 5.6
      vertex -314.025 120 5.6
      vertex -314.111181615834 118.90495874471839 5.6
    endloop
  endfacet
  facet normal 0 0 1
    outer loop
      vertex -280.04999999701977 127.60000000149012 5.6
      vertex -314.111181615834 121.09504125528161 5.6
      vertex -314.025 120 5.6
    endloop
  endfacet
  facet normal 0 0 1
    outer loop
      vertex -280.04999999701977 127.60000000149012 5.6
      vertex -314.36760438593393 122.16311896062463 5.6
      vertex -314.111181615834 121.09504125528161 5.6
    endloop
  endfacet
  facet normal 0 0 1
    outer loop
      vertex -280.04999999701977 127.60000000149012 5.6
      vertex -314.78795433068143 123.17793349817683 5.6
      vertex -314.36760438593393 122.16311896062463 5.6
    endloop
  endfacet
  facet normal 0 0 1
    outer loop
      vertex -280.04999999701977 127.60000000149012 5.6
      vertex -315.36188103937536 124.11449676604731 5.6
      vertex -314.78795433068143 123.17793349817683 5.6
    endloop
  endfacet
  facet normal 0 0 1
    outer loop
      vertex -280.04999999701977 127.60000000149012 5.6
      vertex -316.07525253169416 124.94974746830583 5.6
      vertex -315.36188103937536 124.11449676604731 5.6
    endloop
  endfacet
  facet normal 0 0 1
    outer loop
      vertex -280.04999999701977 127.60000000149012 5.6
      vertex -316.9105032339527 125.66311896062463 5.6
      vertex -316.07525253169416 124.94974746830583 5.6
    endloop
  endfacet
  facet normal 0 0 1
    outer loop
      vertex -280.04999999701977 127.60000000149012 5.6
      vertex -317.8470665018231 126.23704566931858 5.6
      vertex -316.9105032339527 125.66311896062463 5.6
    endloop
  endfacet
  facet normal 0 0 1
    outer loop
      vertex -280.04999999701977 127.60000000149012 5.6
      vertex -318.86188103937536 126.65739561406608 5.6
      vertex -317.8470665018231 126.23704566931858 5.6
    endloop
  endfacet
  facet normal 0 0 1
    outer loop
      vertex -280.04999999701977 127.60000000149012 5.6
      vertex -319.92995874471836 126.91381838416596 5.6
      vertex -318.86188103937536 126.65739561406608 5.6
    endloop
  endfacet
  facet normal 0 0 1
    outer loop
      vertex -280.04999999701977 127.60000000149012 5.6
      vertex -321.025 127 5.6
      vertex -319.92995874471836 126.91381838416596 5.6
    endloop
  endfacet
  facet normal 0 1 0
    outer loop
      vertex -331.025 130 5.6
      vertex -282.25 130 3.7
      vertex -282.25 130 1.9000000000000001
    endloop
  endfacet
  facet normal 0 0 -1
    outer loop
      vertex -281.0501960784314 106.41429478071868 0
      vertex -288.75724542957505 98.70724542957502 0
      vertex -281.0501960784314 109.19975609756098 0
    endloop
  endfacet
  facet normal 0 0 -1
    outer loop
      vertex -281.0501960784314 109.19975609756098 0
      vertex -288.75724542957505 98.70724542957502 0
      vertex -292.54999999701977 98 0
    endloop
  endfacet
  facet normal 0 0 -1
    outer loop
      vertex -289.0501960784314 98 0
      vertex -292.54999999701977 98 0
      vertex -288.75724542957505 98.70724542957502 0
    endloop
  endfacet
  facet normal 0 0 -1
    outer loop
      vertex -281.0501960784314 109.19975609756098 0
      vertex -292.54999999701977 98 0
      vertex -307.85 103.19173099065296 0
    endloop
  endfacet
  facet normal 0 1 0
    outer loop
      vertex -280.04999999701977 130 1.19
      vertex -282.25 130 1.9000000000000001
      vertex -280.04999999701977 130 1.9000000000000001
    endloop
  endfacet
  facet normal 0 0 -1
    outer loop
      vertex -281.0501960784314 110.80024390243902 0
      vertex -315.825 120 0
      vertex -281.0501960784314 128.79999999701977 0
    endloop
  endfacet
  facet normal 0 0 -1
    outer loop
      vertex -292.54999999701977 98 0
      vertex -305.35 98.86160397173076 0
      vertex -305.35 101.7483553176789 0
    endloop
  endfacet
  facet normal 0 0 -1
    outer loop
      vertex -292.54999999701977 98 0
      vertex -305.35 101.7483553176789 0
      vertex -307.85 103.19173099065296 0
    endloop
  endfacet
  facet normal 0 0 -1
    outer loop
      vertex -281.0501960784314 109.19975609756098 0
      vertex -307.85 103.19173099065296 0
      vertex -314.45000000000005 103.19173099065296 0
    endloop
  endfacet
  facet normal 0 0 -1
    outer loop
      vertex -281.0501960784314 109.19975609756098 0
      vertex -314.45000000000005 103.19173099065296 0
      vertex -321.05 103.19173099065296 0
    endloop
  endfacet
  facet normal 0 0 -1
    outer loop
      vertex -307.85 97.4182282987567 0
      vertex -311.15000000000003 97.47596332567566 0
      vertex -310.35 98.86160397173076 0
    endloop
  endfacet
  facet normal 0 0 -1
    outer loop
      vertex -281.0501960784314 109.19975609756098 0
      vertex -321.05 103.19173099065296 0
      vertex -327.65000000000003 103.19173099065296 0
    endloop
  endfacet
  facet normal 0 0 -1
    outer loop
      vertex -281.0501960784314 110.80024390243902 0
      vertex -319.41811162925023 115.0545061152652 0
      vertex -318.6642494013543 115.3667660742205 0
    endloop
  endfacet
  facet normal 0 0 -1
    outer loop
      vertex -281.0501960784314 110.80024390243902 0
      vertex -320.2115407817908 114.86402062890528 0
      vertex -319.41811162925023 115.0545061152652 0
    endloop
  endfacet
  facet normal 0 1 0
    outer loop
      vertex -280.04999999701977 130 1.19
      vertex -331.025 130 5.6
      vertex -282.25 130 1.9000000000000001
    endloop
  endfacet
  facet normal 0 0 -1
    outer loop
      vertex -281.0501960784314 110.80024390243902 0
      vertex -316.0795061152652 118.39311162925027 0
      vertex -315.88902062890526 119.1865407817908 0
    endloop
  endfacet
  facet normal 0 0 -1
    outer loop
      vertex -281.0501960784314 110.80024390243902 0
      vertex -315.88902062890526 119.1865407817908 0
      vertex -315.825 120 0
    endloop
  endfacet
  facet normal 0 0 -1
    outer loop
      vertex -281.0501960784314 110.80024390243902 0
      vertex -317.3480447378299 116.32304473782995 0
      vertex -316.81811162925027 116.94351668807914 0
    endloop
  endfacet
  facet normal 0 0 -1
    outer loop
      vertex -281.0501960784314 110.80024390243902 0
      vertex -316.81811162925027 116.94351668807914 0
      vertex -316.39176607422047 117.63924940135436 0
    endloop
  endfacet
  facet normal 0 0 -1
    outer loop
      vertex -281.0501960784314 110.80024390243902 0
      vertex -316.39176607422047 117.63924940135436 0
      vertex -316.0795061152652 118.39311162925027 0
    endloop
  endfacet
  facet normal 0 0 -1
    outer loop
      vertex -281.0501960784314 110.80024390243902 0
      vertex -317.9685166880791 115.79311162925028 0
      vertex -317.3480447378299 116.32304473782995 0
    endloop
  endfacet
  facet normal 0 0 -1
    outer loop
      vertex -281.0501960784314 110.80024390243902 0
      vertex -318.6642494013543 115.3667660742205 0
      vertex -317.9685166880791 115.79311162925028 0
    endloop
  endfacet
  facet normal 0 0 -1
    outer loop
      vertex -281.0501960784314 128.79999999701977 0
      vertex -315.825 120 0
      vertex -315.88902062890526 120.8134592182092 0
    endloop
  endfacet
  facet normal 0 0 -1
    outer loop
      vertex -281.0501960784314 128.79999999701977 0
      vertex -315.88902062890526 120.8134592182092 0
      vertex -316.0795061152652 121.60688837074973 0
    endloop
  endfacet
  facet normal 0 0 -1
    outer loop
      vertex -281.0501960784314 128.79999999701977 0
      vertex -316.0795061152652 121.60688837074973 0
      vertex -316.39176607422047 122.36075059864564 0
    endloop
  endfacet
  facet normal 0 0 -1
    outer loop
      vertex -281.0501960784314 128.79999999701977 0
      vertex -316.39176607422047 122.36075059864564 0
      vertex -316.81811162925027 123.05648331192086 0
    endloop
  endfacet
  facet normal 0 0 -1
    outer loop
      vertex -281.0501960784314 128.79999999701977 0
      vertex -316.81811162925027 123.05648331192086 0
      vertex -317.3480447378299 123.67695526217005 0
    endloop
  endfacet
  facet normal 0 0 -1
    outer loop
      vertex -281.0501960784314 128.79999999701977 0
      vertex -317.3480447378299 123.67695526217005 0
      vertex -317.9685166880791 124.20688837074972 0
    endloop
  endfacet
  facet normal 0 0 -1
    outer loop
      vertex -281.0501960784314 128.79999999701977 0
      vertex -317.9685166880791 124.20688837074972 0
      vertex -318.6642494013543 124.6332339257795 0
    endloop
  endfacet
  facet normal 0 0 -1
    outer loop
      vertex -281.0501960784314 128.79999999701977 0
      vertex -318.6642494013543 124.6332339257795 0
      vertex -319.41811162925023 124.9454938847348 0
    endloop
  endfacet
  facet normal 0 0 -1
    outer loop
      vertex -281.0501960784314 128.79999999701977 0
      vertex -319.41811162925023 124.9454938847348 0
      vertex -320.2115407817908 125.13597937109472 0
    endloop
  endfacet
  facet normal 0 0 -1
    outer loop
      vertex -281.0501960784314 128.79999999701977 0
      vertex -320.2115407817908 125.13597937109472 0
      vertex -321.025 125.2 0
    endloop
  endfacet
  facet normal 0 0 -1
    outer loop
      vertex -281.0501960784314 128.79999999701977 0
      vertex -321.025 125.2 0
      vertex -321.83845921820915 125.13597937109472 0
    endloop
  endfacet
  facet normal 0 0 1
    outer loop
      vertex -310.35 64.56699798186699 5.6
      vertex -310.35 67.45374932781513 5.6
      vertex -311.95000000000005 64.56699798186699 5.6
    endloop
  endfacet
  facet normal 0 0 1
    outer loop
      vertex -311.95000000000005 64.56699798186699 5.6
      vertex -310.35 67.45374932781513 5.6
      vertex -311.95000000000005 67.45374932781513 5.6
    endloop
  endfacet
  facet normal 0 0 1
    outer loop
      vertex -310.35 67.45374932781513 5.6
      vertex -311.15000000000003 68.83938997387023 5.6
      vertex -313.65000000000003 70.28276564684428 5.6
    endloop
  endfacet
  facet normal 0 0 1
    outer loop
      vertex -310.35 67.45374932781513 5.6
      vertex -315.25 70.28276564684428 5.6
      vertex -311.95000000000005 67.45374932781513 5.6
    endloop
  endfacet
  facet normal 0 0 1
    outer loop
      vertex -310.35 67.45374932781513 5.6
      vertex -313.65000000000003 70.28276564684428 5.6
      vertex -315.25 70.28276564684428 5.6
    endloop
  endfacet
  facet normal 0 0 1
    outer loop
      vertex -311.95000000000005 67.45374932781513 5.6
      vertex -315.25 70.28276564684428 5.6
      vertex -314.45000000000005 68.89712500078919 5.6
    endloop
  endfacet
  facet normal 0 0 1
    outer loop
      vertex -316.95000000000005 64.56699798186699 5.6
      vertex -316.95000000000005 67.45374932781513 5.6
      vertex -318.55 64.56699798186699 5.6
    endloop
  endfacet
  facet normal 0 0 1
    outer loop
      vertex -314.45000000000005 68.89712500078919 5.6
      vertex -317.75 68.83938997387023 5.6
      vertex -316.95000000000005 67.45374932781513 5.6
    endloop
  endfacet
  facet normal 0 0 1
    outer loop
      vertex -313.65000000000003 70.28276564684428 5.6
      vertex -313.65000000000003 73.16951699279242 5.6
      vertex -315.25 70.28276564684428 5.6
    endloop
  endfacet
  facet normal 0 0 1
    outer loop
      vertex -315.25 70.28276564684428 5.6
      vertex -313.65000000000003 73.16951699279242 5.6
      vertex -315.25 73.16951699279242 5.6
    endloop
  endfacet
  facet normal 0 0 1
    outer loop
      vertex -314.45000000000005 68.89712500078919 5.6
      vertex -315.25 70.28276564684428 5.6
      vertex -317.75 68.83938997387023 5.6
    endloop
  endfacet
  facet normal 0 0 1
    outer loop
      vertex -308.65000000000003 73.16951699279242 5.6
      vertex -310.35 75.99853331182157 5.6
      vertex -311.95000000000005 75.99853331182157 5.6
    endloop
  endfacet
  facet normal 0 0 1
    outer loop
      vertex -308.65000000000003 73.16951699279242 5.6
      vertex -311.95000000000005 75.99853331182157 5.6
      vertex -311.15000000000003 74.61289266576648 5.6
    endloop
  endfacet
  facet normal 0 0 1
    outer loop
      vertex -310.35 75.99853331182157 5.6
      vertex -310.35 78.88528465776972 5.6
      vertex -311.95000000000005 75.99853331182157 5.6
    endloop
  endfacet
  facet normal 0 0 1
    outer loop
      vertex -311.15000000000003 74.61289266576648 5.6
      vertex -311.95000000000005 75.99853331182157 5.6
      vertex -314.45000000000005 74.55515763884752 5.6
    endloop
  endfacet
  facet normal 0 0 1
    outer loop
      vertex -311.15000000000003 74.61289266576648 5.6
      vertex -314.45000000000005 74.55515763884752 5.6
      vertex -313.65000000000003 73.16951699279242 5.6
    endloop
  endfacet
  facet normal 0 0 1
    outer loop
      vertex -311.95000000000005 75.99853331182157 5.6
      vertex -310.35 78.88528465776972 5.6
      vertex -311.95000000000005 78.88528465776972 5.6
    endloop
  endfacet
  facet normal 0 0 1
    outer loop
      vertex -310.35 78.88528465776972 5.6
      vertex -311.15000000000003 80.27092530382481 5.6
      vertex -311.95000000000005 78.88528465776972 5.6
    endloop
  endfacet
  facet normal 0 0 1
    outer loop
      vertex -311.15000000000003 80.27092530382481 5.6
      vertex -313.65000000000003 81.71430097679887 5.6
      vertex -311.95000000000005 78.88528465776972 5.6
    endloop
  endfacet
  facet normal 0 0 1
    outer loop
      vertex -311.95000000000005 78.88528465776972 5.6
      vertex -313.65000000000003 81.71430097679887 5.6
      vertex -314.45000000000005 80.32866033074377 5.6
    endloop
  endfacet
  facet normal 0 0 1
    outer loop
      vertex -313.65000000000003 73.16951699279242 5.6
      vertex -314.45000000000005 74.55515763884752 5.6
      vertex -316.95000000000005 75.99853331182157 5.6
    endloop
  endfacet
  facet normal 0 0 1
    outer loop
      vertex -313.65000000000003 73.16951699279242 5.6
      vertex -318.55 75.99853331182157 5.6
      vertex -315.25 73.16951699279242 5.6
    endloop
  endfacet
  facet normal 0 0 1
    outer loop
      vertex -313.65000000000003 73.16951699279242 5.6
      vertex -316.95000000000005 75.99853331182157 5.6
      vertex -318.55 75.99853331182157 5.6
    endloop
  endfacet
  facet normal 0 0 1
    outer loop
      vertex -315.25 73.16951699279242 5.6
      vertex -318.55 75.99853331182157 5.6
      vertex -317.75 74.61289266576648 5.6
    endloop
  endfacet
  facet normal 0 0 1
    outer loop
      vertex -316.95000000000005 75.99853331182157 5.6
      vertex -316.95000000000005 78.88528465776972 5.6
      vertex -318.55 75.99853331182157 5.6
    endloop
  endfacet
  facet normal 0 0 1
    outer loop
      vertex -314.45000000000005 80.32866033074377 5.6
      vertex -317.75 80.27092530382481 5.6
      vertex -316.95000000000005 78.88528465776972 5.6
    endloop
  endfacet
  facet normal 0 0 1
    outer loop
      vertex -314.45000000000005 80.32866033074377 5.6
      vertex -315.25 81.71430097679887 5.6
      vertex -317.75 80.27092530382481 5.6
    endloop
  endfacet
  facet normal 0 0 1
    outer loop
      vertex -318.55 64.56699798186699 5.6
      vertex -316.95000000000005 67.45374932781513 5.6
      vertex -318.55 67.45374932781513 5.6
    endloop
  endfacet
  facet normal 0 0 1
    outer loop
      vertex -316.95000000000005 67.45374932781513 5.6
      vertex -317.75 68.83938997387023 5.6
      vertex -320.25 70.28276564684428 5.6
    endloop
  endfacet
  facet normal 0 0 1
    outer loop
      vertex -316.95000000000005 67.45374932781513 5.6
      vertex -321.85 70.28276564684428 5.6
      vertex -318.55 67.45374932781513 5.6
    endloop
  endfacet
  facet normal 0 0 1
    outer loop
      vertex -318.55 67.45374932781513 5.6
      vertex -321.85 70.28276564684428 5.6
      vertex -321.05 68.89712500078919 5.6
    endloop
  endfacet
  facet normal 0 0 1
    outer loop
      vertex -316.95000000000005 67.45374932781513 5.6
      vertex -320.25 70.28276564684428 5.6
      vertex -321.85 70.28276564684428 5.6
    endloop
  endfacet
  facet normal 0 0 1
    outer loop
      vertex -320.25 70.28276564684428 5.6
      vertex -320.25 73.16951699279242 5.6
      vertex -321.85 70.28276564684428 5.6
    endloop
  endfacet
  facet normal 0 0 1
    outer loop
      vertex -321.05 68.89712500078919 5.6
      vertex -321.85 70.28276564684428 5.6
      vertex -323.55 67.45374932781513 5.6
    endloop
  endfacet
  facet normal 0 0 1
    outer loop
      vertex -323.55 64.56699798186699 5.6
      vertex -323.55 67.45374932781513 5.6
      vertex -325.15000000000003 64.56699798186699 5.6
    endloop
  endfacet
  facet normal 0 0 1
    outer loop
      vertex -325.15000000000003 64.56699798186699 5.6
      vertex -323.55 67.45374932781513 5.6
      vertex -325.15000000000003 67.45374932781513 5.6
    endloop
  endfacet
  facet normal 0 0 1
    outer loop
      vertex -323.55 67.45374932781513 5.6
      vertex -321.85 70.28276564684428 5.6
      vertex -324.35 68.83938997387023 5.6
    endloop
  endfacet
  facet normal 0 0 1
    outer loop
      vertex -321.85 70.28276564684428 5.6
      vertex -320.25 73.16951699279242 5.6
      vertex -321.85 73.16951699279242 5.6
    endloop
  endfacet
  facet normal 0 0 1
    outer loop
      vertex -317.75 74.61289266576648 5.6
      vertex -318.55 75.99853331182157 5.6
      vertex -320.25 73.16951699279242 5.6
    endloop
  endfacet
  facet normal 0 0 1
    outer loop
      vertex -318.55 75.99853331182157 5.6
      vertex -321.05 74.55515763884752 5.6
      vertex -320.25 73.16951699279242 5.6
    endloop
  endfacet
  facet normal 0 0 1
    outer loop
      vertex -316.95000000000005 78.88528465776972 5.6
      vertex -318.55 78.88528465776972 5.6
      vertex -318.55 75.99853331182157 5.6
    endloop
  endfacet
  facet normal 0 0 1
    outer loop
      vertex -316.95000000000005 78.88528465776972 5.6
      vertex -317.75 80.27092530382481 5.6
      vertex -318.55 78.88528465776972 5.6
    endloop
  endfacet
  facet normal 0 0 1
    outer loop
      vertex -318.55 78.88528465776972 5.6
      vertex -317.75 80.27092530382481 5.6
      vertex -320.25 81.71430097679887 5.6
    endloop
  endfacet
  facet normal 0 0 1
    outer loop
      vertex -318.55 78.88528465776972 5.6
      vertex -320.25 81.71430097679887 5.6
      vertex -321.05 80.32866033074377 5.6
    endloop
  endfacet
  facet normal 0 0 1
    outer loop
      vertex -320.25 73.16951699279242 5.6
      vertex -324.35 74.61289266576648 5.6
      vertex -321.85 73.16951699279242 5.6
    endloop
  endfacet
  facet normal 0 0 1
    outer loop
      vertex -320.25 73.16951699279242 5.6
      vertex -321.05 74.55515763884752 5.6
      vertex -325.15000000000003 75.99853331182157 5.6
    endloop
  endfacet
  facet normal 0 0 1
    outer loop
      vertex -320.25 73.16951699279242 5.6
      vertex -325.15000000000003 75.99853331182157 5.6
      vertex -324.35 74.61289266576648 5.6
    endloop
  endfacet
  facet normal 0 0 1
    outer loop
      vertex -321.05 74.55515763884752 5.6
      vertex -323.55 75.99853331182157 5.6
      vertex -325.15000000000003 75.99853331182157 5.6
    endloop
  endfacet
  facet normal 0 0 1
    outer loop
      vertex -323.55 75.99853331182157 5.6
      vertex -325.15000000000003 78.88528465776972 5.6
      vertex -325.15000000000003 75.99853331182157 5.6
    endloop
  endfacet
  facet normal 0 0 1
    outer loop
      vertex -321.05 80.32866033074377 5.6
      vertex -324.35 80.27092530382481 5.6
      vertex -323.55 78.88528465776972 5.6
    endloop
  endfacet
  facet normal 0 0 1
    outer loop
      vertex -321.05 80.32866033074377 5.6
      vertex -321.85 81.71430097679887 5.6
      vertex -324.35 80.27092530382481 5.6
    endloop
  endfacet
  facet normal 0 0 1
    outer loop
      vertex -323.55 75.99853331182157 5.6
      vertex -323.55 78.88528465776972 5.6
      vertex -324.35 80.27092530382481 5.6
    endloop
  endfacet
  facet normal 0 0 1
    outer loop
      vertex -323.55 75.99853331182157 5.6
      vertex -324.35 80.27092530382481 5.6
      vertex -325.15000000000003 78.88528465776972 5.6
    endloop
  endfacet
  facet normal 0 0 1
    outer loop
      vertex -308.65000000000003 84.60105232274701 5.6
      vertex -310.35 87.43006864177616 5.6
      vertex -311.15000000000003 86.04442799572107 5.6
    endloop
  endfacet
  facet normal 0 0 1
    outer loop
      vertex -311.15000000000003 86.04442799572107 5.6
      vertex -310.35 87.43006864177616 5.6
      vertex -311.95000000000005 87.43006864177616 5.6
    endloop
  endfacet
  facet normal 0 0 1
    outer loop
      vertex -310.35 87.43006864177616 5.6
      vertex -310.35 90.3168199877243 5.6
      vertex -311.95000000000005 87.43006864177616 5.6
    endloop
  endfacet
  facet normal 0 0 1
    outer loop
      vertex -311.95000000000005 87.43006864177616 5.6
      vertex -310.35 90.3168199877243 5.6
      vertex -311.95000000000005 90.3168199877243 5.6
    endloop
  endfacet
  facet normal 0 0 1
    outer loop
      vertex -311.15000000000003 86.04442799572107 5.6
      vertex -311.95000000000005 87.43006864177616 5.6
      vertex -314.45000000000005 85.9866929688021 5.6
    endloop
  endfacet
  facet normal 0 0 1
    outer loop
      vertex -313.65000000000003 84.60105232274701 5.6
      vertex -311.15000000000003 86.04442799572107 5.6
      vertex -314.45000000000005 85.9866929688021 5.6
    endloop
  endfacet
  facet normal 0 0 1
    outer loop
      vertex -314.45000000000005 80.32866033074377 5.6
      vertex -313.65000000000003 81.71430097679887 5.6
      vertex -315.25 81.71430097679887 5.6
    endloop
  endfacet
  facet normal 0 0 1
    outer loop
      vertex -313.65000000000003 81.71430097679887 5.6
      vertex -313.65000000000003 84.60105232274701 5.6
      vertex -315.25 81.71430097679887 5.6
    endloop
  endfacet
  facet normal 0 0 1
    outer loop
      vertex -313.65000000000003 84.60105232274701 5.6
      vertex -315.25 84.60105232274701 5.6
      vertex -315.25 81.71430097679887 5.6
    endloop
  endfacet
  facet normal 0 0 1
    outer loop
      vertex -313.65000000000003 84.60105232274701 5.6
      vertex -314.45000000000005 85.9866929688021 5.6
      vertex -315.25 84.60105232274701 5.6
    endloop
  endfacet
  facet normal 0 0 1
    outer loop
      vertex -315.25 84.60105232274701 5.6
      vertex -314.45000000000005 85.9866929688021 5.6
      vertex -316.95000000000005 87.43006864177616 5.6
    endloop
  endfacet
  facet normal 0 0 1
    outer loop
      vertex -315.25 84.60105232274701 5.6
      vertex -316.95000000000005 87.43006864177616 5.6
      vertex -317.75 86.04442799572107 5.6
    endloop
  endfacet
  facet normal 0 0 1
    outer loop
      vertex -316.95000000000005 87.43006864177616 5.6
      vertex -316.95000000000005 90.3168199877243 5.6
      vertex -318.55 87.43006864177616 5.6
    endloop
  endfacet
  facet normal 0 0 1
    outer loop
      vertex -307.85 91.76019566069836 5.6
      vertex -311.95000000000005 90.3168199877243 5.6
      vertex -310.35 90.3168199877243 5.6
    endloop
  endfacet
  facet normal 0 0 1
    outer loop
      vertex -307.85 91.76019566069836 5.6
      vertex -311.15000000000003 91.70246063377941 5.6
      vertex -311.95000000000005 90.3168199877243 5.6
    endloop
  endfacet
  facet normal 0 0 1
    outer loop
      vertex -311.15000000000003 91.70246063377941 5.6
      vertex -313.65000000000003 93.14583630675347 5.6
      vertex -311.95000000000005 90.3168199877243 5.6
    endloop
  endfacet
  facet normal 0 0 1
    outer loop
      vertex -311.95000000000005 90.3168199877243 5.6
      vertex -313.65000000000003 93.14583630675347 5.6
      vertex -315.25 93.14583630675347 5.6
    endloop
  endfacet
  facet normal 0 0 1
    outer loop
      vertex -311.15000000000003 97.47596332567566 5.6
      vertex -311.95000000000005 98.86160397173076 5.6
      vertex -313.65000000000003 96.03258765270161 5.6
    endloop
  endfacet
  facet normal 0 0 1
    outer loop
      vertex -313.65000000000003 96.03258765270161 5.6
      vertex -311.95000000000005 98.86160397173076 5.6
      vertex -314.45000000000005 97.4182282987567 5.6
    endloop
  endfacet
  facet normal 0 0 1
    outer loop
      vertex -311.95000000000005 90.3168199877243 5.6
      vertex -315.25 93.14583630675347 5.6
      vertex -314.45000000000005 91.76019566069836 5.6
    endloop
  endfacet
  facet normal 0 0 1
    outer loop
      vertex -314.45000000000005 91.76019566069836 5.6
      vertex -318.55 90.3168199877243 5.6
      vertex -316.95000000000005 90.3168199877243 5.6
    endloop
  endfacet
  facet normal 0 0 1
    outer loop
      vertex -314.45000000000005 91.76019566069836 5.6
      vertex -317.75 91.70246063377941 5.6
      vertex -318.55 90.3168199877243 5.6
    endloop
  endfacet
  facet normal 0 0 1
    outer loop
      vertex -314.45000000000005 91.76019566069836 5.6
      vertex -315.25 93.14583630675347 5.6
      vertex -317.75 91.70246063377941 5.6
    endloop
  endfacet
  facet normal 0 0 1
    outer loop
      vertex -313.65000000000003 93.14583630675347 5.6
      vertex -313.65000000000003 96.03258765270161 5.6
      vertex -315.25 93.14583630675347 5.6
    endloop
  endfacet
  facet normal 0 0 1
    outer loop
      vertex -313.65000000000003 96.03258765270161 5.6
      vertex -315.25 96.03258765270161 5.6
      vertex -315.25 93.14583630675347 5.6
    endloop
  endfacet
  facet normal 0 0 1
    outer loop
      vertex -313.65000000000003 96.03258765270161 5.6
      vertex -314.45000000000005 97.4182282987567 5.6
      vertex -317.75 97.47596332567566 5.6
    endloop
  endfacet
  facet normal 0 0 1
    outer loop
      vertex -313.65000000000003 96.03258765270161 5.6
      vertex -317.75 97.47596332567566 5.6
      vertex -315.25 96.03258765270161 5.6
    endloop
  endfacet
  facet normal 0 0 1
    outer loop
      vertex -321.05 80.32866033074377 5.6
      vertex -320.25 81.71430097679887 5.6
      vertex -321.85 81.71430097679887 5.6
    endloop
  endfacet
  facet normal 0 0 1
    outer loop
      vertex -320.25 81.71430097679887 5.6
      vertex -320.25 84.60105232274701 5.6
      vertex -321.85 81.71430097679887 5.6
    endloop
  endfacet
  facet normal 0 0 1
    outer loop
      vertex -320.25 84.60105232274701 5.6
      vertex -321.05 85.9866929688021 5.6
      vertex -321.85 84.60105232274701 5.6
    endloop
  endfacet
  facet normal 0 0 1
    outer loop
      vertex -316.95000000000005 87.43006864177616 5.6
      vertex -318.55 87.43006864177616 5.6
      vertex -317.75 86.04442799572107 5.6
    endloop
  endfacet
  facet normal 0 0 1
    outer loop
      vertex -317.75 86.04442799572107 5.6
      vertex -318.55 87.43006864177616 5.6
      vertex -321.05 85.9866929688021 5.6
    endloop
  endfacet
  facet normal 0 0 1
    outer loop
      vertex -316.95000000000005 90.3168199877243 5.6
      vertex -318.55 90.3168199877243 5.6
      vertex -318.55 87.43006864177616 5.6
    endloop
  endfacet
  facet normal 0 0 1
    outer loop
      vertex -320.25 84.60105232274701 5.6
      vertex -317.75 86.04442799572107 5.6
      vertex -321.05 85.9866929688021 5.6
    endloop
  endfacet
  facet normal 0 0 1
    outer loop
      vertex -320.25 84.60105232274701 5.6
      vertex -321.85 84.60105232274701 5.6
      vertex -321.85 81.71430097679887 5.6
    endloop
  endfacet
  facet normal 0 0 1
    outer loop
      vertex -321.05 85.9866929688021 5.6
      vertex -323.55 87.43006864177616 5.6
      vertex -321.85 84.60105232274701 5.6
    endloop
  endfacet
  facet normal 0 0 1
    outer loop
      vertex -321.85 84.60105232274701 5.6
      vertex -323.55 87.43006864177616 5.6
      vertex -324.35 86.04442799572107 5.6
    endloop
  endfacet
  facet normal 0 0 1
    outer loop
      vertex -324.35 86.04442799572107 5.6
      vertex -323.55 87.43006864177616 5.6
      vertex -325.15000000000003 87.43006864177616 5.6
    endloop
  endfacet
  facet normal 0 0 1
    outer loop
      vertex -323.55 87.43006864177616 5.6
      vertex -323.55 90.3168199877243 5.6
      vertex -325.15000000000003 87.43006864177616 5.6
    endloop
  endfacet
  facet normal 0 0 1
    outer loop
      vertex -323.55 90.3168199877243 5.6
      vertex -325.15000000000003 90.3168199877243 5.6
      vertex -325.15000000000003 87.43006864177616 5.6
    endloop
  endfacet
  facet normal 0 0 1
    outer loop
      vertex -318.55 90.3168199877243 5.6
      vertex -317.75 91.70246063377941 5.6
      vertex -320.25 93.14583630675347 5.6
    endloop
  endfacet
  facet normal 0 0 1
    outer loop
      vertex -318.55 90.3168199877243 5.6
      vertex -320.25 93.14583630675347 5.6
      vertex -321.85 93.14583630675347 5.6
    endloop
  endfacet
  facet normal 0 0 1
    outer loop
      vertex -318.55 90.3168199877243 5.6
      vertex -321.85 93.14583630675347 5.6
      vertex -321.05 91.76019566069836 5.6
    endloop
  endfacet
  facet normal 0 0 1
    outer loop
      vertex -317.75 97.47596332567566 5.6
      vertex -318.55 98.86160397173076 5.6
      vertex -320.25 96.03258765270161 5.6
    endloop
  endfacet
  facet normal 0 0 1
    outer loop
      vertex -320.25 93.14583630675347 5.6
      vertex -320.25 96.03258765270161 5.6
      vertex -321.85 93.14583630675347 5.6
    endloop
  endfacet
  facet normal 0 0 1
    outer loop
      vertex -320.25 96.03258765270161 5.6
      vertex -318.55 98.86160397173076 5.6
      vertex -321.05 97.4182282987567 5.6
    endloop
  endfacet
  facet normal 0 0 1
    outer loop
      vertex -321.05 91.76019566069836 5.6
      vertex -321.85 93.14583630675347 5.6
      vertex -324.35 91.70246063377941 5.6
    endloop
  endfacet
  facet normal 0 0 1
    outer loop
      vertex -321.05 91.76019566069836 5.6
      vertex -325.15000000000003 90.3168199877243 5.6
      vertex -323.55 90.3168199877243 5.6
    endloop
  endfacet
  facet normal 0 0 1
    outer loop
      vertex -321.05 91.76019566069836 5.6
      vertex -324.35 91.70246063377941 5.6
      vertex -325.15000000000003 90.3168199877243 5.6
    endloop
  endfacet
  facet normal 0 0 1
    outer loop
      vertex -320.25 96.03258765270161 5.6
      vertex -321.85 96.03258765270161 5.6
      vertex -321.85 93.14583630675347 5.6
    endloop
  endfacet
  facet normal 0 0 1
    outer loop
      vertex -320.25 96.03258765270161 5.6
      vertex -321.05 97.4182282987567 5.6
      vertex -324.35 97.47596332567566 5.6
    endloop
  endfacet
  facet normal 0 0 1
    outer loop
      vertex -320.25 96.03258765270161 5.6
      vertex -324.35 97.47596332567566 5.6
      vertex -321.85 96.03258765270161 5.6
    endloop
  endfacet
  facet normal 0 0 1
    outer loop
      vertex -323.55 67.45374932781513 5.6
      vertex -324.35 68.83938997387023 5.6
      vertex -328.45 70.28276564684428 5.6
    endloop
  endfacet
  facet normal 0 0 1
    outer loop
      vertex -323.55 67.45374932781513 5.6
      vertex -328.45 70.28276564684428 5.6
      vertex -325.15000000000003 67.45374932781513 5.6
    endloop
  endfacet
  facet normal 0 0 1
    outer loop
      vertex -325.15000000000003 67.45374932781513 5.6
      vertex -328.45 70.28276564684428 5.6
      vertex -327.65000000000003 68.89712500078919 5.6
    endloop
  endfacet
  facet normal 0 0 1
    outer loop
      vertex -324.35 68.83938997387023 5.6
      vertex -326.85 70.28276564684428 5.6
      vertex -328.45 70.28276564684428 5.6
    endloop
  endfacet
  facet normal 0 0 1
    outer loop
      vertex -326.85 70.28276564684428 5.6
      vertex -326.85 73.16951699279242 5.6
      vertex -328.45 70.28276564684428 5.6
    endloop
  endfacet
  facet normal 0 0 1
    outer loop
      vertex -328.45 70.28276564684428 5.6
      vertex -326.85 73.16951699279242 5.6
      vertex -328.45 73.16951699279242 5.6
    endloop
  endfacet
  facet normal 0 0 1
    outer loop
      vertex -327.65000000000003 68.89712500078919 5.6
      vertex -331.75 67.45374932781513 5.6
      vertex -330.15000000000003 67.45374932781513 5.6
    endloop
  endfacet
  facet normal 0 0 1
    outer loop
      vertex -327.65000000000003 68.89712500078919 5.6
      vertex -330.95 68.83938997387023 5.6
      vertex -331.75 67.45374932781513 5.6
    endloop
  endfacet
  facet normal 0 0 1
    outer loop
      vertex -330.15000000000003 64.56699798186699 5.6
      vertex -330.15000000000003 67.45374932781513 5.6
      vertex -331.75 64.56699798186699 5.6
    endloop
  endfacet
  facet normal 0 0 1
    outer loop
      vertex -331.75 64.56699798186699 5.6
      vertex -330.15000000000003 67.45374932781513 5.6
      vertex -331.75 67.45374932781513 5.6
    endloop
  endfacet
  facet normal 0 0 1
    outer loop
      vertex -330.95 68.83938997387023 5.6
      vertex -333.45 70.28276564684428 5.6
      vertex -331.75 67.45374932781513 5.6
    endloop
  endfacet
  facet normal 0 0 1
    outer loop
      vertex -327.65000000000003 68.89712500078919 5.6
      vertex -328.45 70.28276564684428 5.6
      vertex -330.95 68.83938997387023 5.6
    endloop
  endfacet
  facet normal 0 0 1
    outer loop
      vertex -324.35 74.61289266576648 5.6
      vertex -325.15000000000003 75.99853331182157 5.6
      vertex -326.85 73.16951699279242 5.6
    endloop
  endfacet
  facet normal 0 0 1
    outer loop
      vertex -326.85 73.16951699279242 5.6
      vertex -325.15000000000003 75.99853331182157 5.6
      vertex -328.45 73.16951699279242 5.6
    endloop
  endfacet
  facet normal 0 0 1
    outer loop
      vertex -325.15000000000003 75.99853331182157 5.6
      vertex -327.65000000000003 74.55515763884752 5.6
      vertex -328.45 73.16951699279242 5.6
    endloop
  endfacet
  facet normal 0 0 1
    outer loop
      vertex -327.65000000000003 74.55515763884752 5.6
      vertex -330.15000000000003 75.99853331182157 5.6
      vertex -328.45 73.16951699279242 5.6
    endloop
  endfacet
  facet normal 0 0 1
    outer loop
      vertex -324.35 80.27092530382481 5.6
      vertex -326.85 81.71430097679887 5.6
      vertex -325.15000000000003 78.88528465776972 5.6
    endloop
  endfacet
  facet normal 0 0 1
    outer loop
      vertex -325.15000000000003 78.88528465776972 5.6
      vertex -326.85 81.71430097679887 5.6
      vertex -328.45 81.71430097679887 5.6
    endloop
  endfacet
  facet normal 0 0 1
    outer loop
      vertex -325.15000000000003 78.88528465776972 5.6
      vertex -328.45 81.71430097679887 5.6
      vertex -327.65000000000003 80.32866033074377 5.6
    endloop
  endfacet
  facet normal 0 0 1
    outer loop
      vertex -328.45 73.16951699279242 5.6
      vertex -330.15000000000003 75.99853331182157 5.6
      vertex -330.95 74.61289266576648 5.6
    endloop
  endfacet
  facet normal 0 0 1
    outer loop
      vertex -330.15000000000003 75.99853331182157 5.6
      vertex -334.25 74.55515763884752 5.6
      vertex -330.95 74.61289266576648 5.6
    endloop
  endfacet
  facet normal 0 0 1
    outer loop
      vertex -330.15000000000003 75.99853331182157 5.6
      vertex -330.15000000000003 78.88528465776972 5.6
      vertex -331.75 75.99853331182157 5.6
    endloop
  endfacet
  facet normal 0 0 1
    outer loop
      vertex -330.15000000000003 75.99853331182157 5.6
      vertex -331.75 75.99853331182157 5.6
      vertex -334.25 74.55515763884752 5.6
    endloop
  endfacet
  facet normal 0 0 1
    outer loop
      vertex -327.65000000000003 80.32866033074377 5.6
      vertex -330.95 80.27092530382481 5.6
      vertex -330.15000000000003 78.88528465776972 5.6
    endloop
  endfacet
  facet normal 0 0 1
    outer loop
      vertex -327.65000000000003 80.32866033074377 5.6
      vertex -328.45 81.71430097679887 5.6
      vertex -330.95 80.27092530382481 5.6
    endloop
  endfacet
  facet normal 0 0 1
    outer loop
      vertex -331.75 75.99853331182157 5.6
      vertex -330.15000000000003 78.88528465776972 5.6
      vertex -331.75 78.88528465776972 5.6
    endloop
  endfacet
  facet normal 0 0 1
    outer loop
      vertex -330.15000000000003 78.88528465776972 5.6
      vertex -330.95 80.27092530382481 5.6
      vertex -333.45 81.71430097679887 5.6
    endloop
  endfacet
  facet normal 0 0 1
    outer loop
      vertex -330.15000000000003 78.88528465776972 5.6
      vertex -335.05 81.71430097679887 5.6
      vertex -331.75 78.88528465776972 5.6
    endloop
  endfacet
  facet normal 0 0 1
    outer loop
      vertex -331.75 67.45374932781513 5.6
      vertex -335.05 70.28276564684428 5.6
      vertex -334.25 68.89712500078919 5.6
    endloop
  endfacet
  facet normal 0 0 1
    outer loop
      vertex -331.75 67.45374932781513 5.6
      vertex -333.45 70.28276564684428 5.6
      vertex -335.05 70.28276564684428 5.6
    endloop
  endfacet
  facet normal 0 0 1
    outer loop
      vertex -333.45 70.28276564684428 5.6
      vertex -333.45 73.16951699279242 5.6
      vertex -335.05 70.28276564684428 5.6
    endloop
  endfacet
  facet normal 0 0 1
    outer loop
      vertex -334.25 68.89712500078919 5.6
      vertex -335.05 70.28276564684428 5.6
      vertex -337.55 68.83938997387023 5.6
    endloop
  endfacet
  facet normal 0 0 1
    outer loop
      vertex -335.05 70.28276564684428 5.6
      vertex -333.45 73.16951699279242 5.6
      vertex -335.05 73.16951699279242 5.6
    endloop
  endfacet
  facet normal 0 0 1
    outer loop
      vertex -336.75 64.56699798186699 5.6
      vertex -336.75 67.45374932781513 5.6
      vertex -338.35 64.56699798186699 5.6
    endloop
  endfacet
  facet normal 0 0 1
    outer loop
      vertex -338.35 64.56699798186699 5.6
      vertex -336.75 67.45374932781513 5.6
      vertex -338.35 67.45374932781513 5.6
    endloop
  endfacet
  facet normal 0 0 1
    outer loop
      vertex -334.25 68.89712500078919 5.6
      vertex -338.35 67.45374932781513 5.6
      vertex -336.75 67.45374932781513 5.6
    endloop
  endfacet
  facet normal 0 0 1
    outer loop
      vertex -334.25 68.89712500078919 5.6
      vertex -337.55 68.83938997387023 5.6
      vertex -338.35 67.45374932781513 5.6
    endloop
  endfacet
  facet normal 0 0 1
    outer loop
      vertex -337.55 68.83938997387023 5.6
      vertex -340.05 70.28276564684428 5.6
      vertex -338.35 67.45374932781513 5.6
    endloop
  endfacet
  facet normal 0 0 1
    outer loop
      vertex -338.35 67.45374932781513 5.6
      vertex -340.05 70.28276564684428 5.6
      vertex -341.65 70.28276564684428 5.6
    endloop
  endfacet
  facet normal 0 0 1
    outer loop
      vertex -330.95 74.61289266576648 5.6
      vertex -334.25 74.55515763884752 5.6
      vertex -333.45 73.16951699279242 5.6
    endloop
  endfacet
  facet normal 0 0 1
    outer loop
      vertex -333.45 73.16951699279242 5.6
      vertex -334.25 74.55515763884752 5.6
      vertex -336.75 75.99853331182157 5.6
    endloop
  endfacet
  facet normal 0 0 1
    outer loop
      vertex -333.45 73.16951699279242 5.6
      vertex -338.35 75.99853331182157 5.6
      vertex -335.05 73.16951699279242 5.6
    endloop
  endfacet
  facet normal 0 0 1
    outer loop
      vertex -333.45 73.16951699279242 5.6
      vertex -336.75 75.99853331182157 5.6
      vertex -338.35 75.99853331182157 5.6
    endloop
  endfacet
  facet normal 0 0 1
    outer loop
      vertex -330.15000000000003 78.88528465776972 5.6
      vertex -333.45 81.71430097679887 5.6
      vertex -335.05 81.71430097679887 5.6
    endloop
  endfacet
  facet normal 0 0 1
    outer loop
      vertex -331.75 78.88528465776972 5.6
      vertex -335.05 81.71430097679887 5.6
      vertex -334.25 80.32866033074377 5.6
    endloop
  endfacet
  facet normal 0 0 1
    outer loop
      vertex -334.25 80.32866033074377 5.6
      vertex -337.55 80.27092530382481 5.6
      vertex -336.75 78.88528465776972 5.6
    endloop
  endfacet
  facet normal 0 0 1
    outer loop
      vertex -334.25 80.32866033074377 5.6
      vertex -335.05 81.71430097679887 5.6
      vertex -337.55 80.27092530382481 5.6
    endloop
  endfacet
  facet normal 0 0 1
    outer loop
      vertex -335.05 73.16951699279242 5.6
      vertex -338.35 75.99853331182157 5.6
      vertex -337.55 74.61289266576648 5.6
    endloop
  endfacet
  facet normal 0 0 1
    outer loop
      vertex -336.75 75.99853331182157 5.6
      vertex -336.75 78.88528465776972 5.6
      vertex -338.35 75.99853331182157 5.6
    endloop
  endfacet
  facet normal 0 0 1
    outer loop
      vertex -337.55 74.61289266576648 5.6
      vertex -338.35 75.99853331182157 5.6
      vertex -340.85 74.55515763884752 5.6
    endloop
  endfacet
  facet normal 0 0 1
    outer loop
      vertex -337.55 74.61289266576648 5.6
      vertex -341.65 73.16951699279242 5.6
      vertex -340.05 73.16951699279242 5.6
    endloop
  endfacet
  facet normal 0 0 1
    outer loop
      vertex -337.55 74.61289266576648 5.6
      vertex -340.85 74.55515763884752 5.6
      vertex -341.65 73.16951699279242 5.6
    endloop
  endfacet
  facet normal 0 0 1
    outer loop
      vertex -338.35 75.99853331182157 5.6
      vertex -336.75 78.88528465776972 5.6
      vertex -338.35 78.88528465776972 5.6
    endloop
  endfacet
  facet normal 0 0 1
    outer loop
      vertex -336.75 78.88528465776972 5.6
      vertex -337.55 80.27092530382481 5.6
      vertex -340.05 81.71430097679887 5.6
    endloop
  endfacet
  facet normal 0 0 1
    outer loop
      vertex -336.75 78.88528465776972 5.6
      vertex -340.85 80.32866033074377 5.6
      vertex -338.35 78.88528465776972 5.6
    endloop
  endfacet
  facet normal 0 0 1
    outer loop
      vertex -336.75 78.88528465776972 5.6
      vertex -340.05 81.71430097679887 5.6
      vertex -341.65 81.71430097679887 5.6
    endloop
  endfacet
  facet normal 0 0 1
    outer loop
      vertex -336.75 78.88528465776972 5.6
      vertex -341.65 81.71430097679887 5.6
      vertex -340.85 80.32866033074377 5.6
    endloop
  endfacet
  facet normal 0 0 1
    outer loop
      vertex -326.85 81.71430097679887 5.6
      vertex -326.85 84.60105232274701 5.6
      vertex -328.45 81.71430097679887 5.6
    endloop
  endfacet
  facet normal 0 0 1
    outer loop
      vertex -326.85 84.60105232274701 5.6
      vertex -328.45 84.60105232274701 5.6
      vertex -328.45 81.71430097679887 5.6
    endloop
  endfacet
  facet normal 0 0 1
    outer loop
      vertex -326.85 84.60105232274701 5.6
      vertex -330.95 86.04442799572107 5.6
      vertex -328.45 84.60105232274701 5.6
    endloop
  endfacet
  facet normal 0 0 1
    outer loop
      vertex -324.35 86.04442799572107 5.6
      vertex -325.15000000000003 87.43006864177616 5.6
      vertex -327.65000000000003 85.9866929688021 5.6
    endloop
  endfacet
  facet normal 0 0 1
    outer loop
      vertex -324.35 86.04442799572107 5.6
      vertex -327.65000000000003 85.9866929688021 5.6
      vertex -326.85 84.60105232274701 5.6
    endloop
  endfacet
  facet normal 0 0 1
    outer loop
      vertex -326.85 84.60105232274701 5.6
      vertex -327.65000000000003 85.9866929688021 5.6
      vertex -330.15000000000003 87.43006864177616 5.6
    endloop
  endfacet
  facet normal 0 0 1
    outer loop
      vertex -326.85 84.60105232274701 5.6
      vertex -330.15000000000003 87.43006864177616 5.6
      vertex -331.75 87.43006864177616 5.6
    endloop
  endfacet
  facet normal 0 0 1
    outer loop
      vertex -326.85 84.60105232274701 5.6
      vertex -331.75 87.43006864177616 5.6
      vertex -330.95 86.04442799572107 5.6
    endloop
  endfacet
  facet normal 0 0 1
    outer loop
      vertex -330.95 86.04442799572107 5.6
      vertex -331.75 87.43006864177616 5.6
      vertex -333.45 84.60105232274701 5.6
    endloop
  endfacet
  facet normal 0 0 1
    outer loop
      vertex -330.15000000000003 87.43006864177616 5.6
      vertex -330.15000000000003 90.3168199877243 5.6
      vertex -331.75 87.43006864177616 5.6
    endloop
  endfacet
  facet normal 0 0 1
    outer loop
      vertex -331.75 87.43006864177616 5.6
      vertex -330.15000000000003 90.3168199877243 5.6
      vertex -331.75 90.3168199877243 5.6
    endloop
  endfacet
  facet normal 0 0 1
    outer loop
      vertex -324.35 91.70246063377941 5.6
      vertex -326.85 93.14583630675347 5.6
      vertex -325.15000000000003 90.3168199877243 5.6
    endloop
  endfacet
  facet normal 0 0 1
    outer loop
      vertex -325.15000000000003 90.3168199877243 5.6
      vertex -326.85 93.14583630675347 5.6
      vertex -328.45 93.14583630675347 5.6
    endloop
  endfacet
  facet normal 0 0 1
    outer loop
      vertex -325.15000000000003 90.3168199877243 5.6
      vertex -328.45 93.14583630675347 5.6
      vertex -327.65000000000003 91.76019566069836 5.6
    endloop
  endfacet
  facet normal 0 0 1
    outer loop
      vertex -324.35 97.47596332567566 5.6
      vertex -325.15000000000003 98.86160397173076 5.6
      vertex -326.85 96.03258765270161 5.6
    endloop
  endfacet
  facet normal 0 0 1
    outer loop
      vertex -326.85 96.03258765270161 5.6
      vertex -325.15000000000003 98.86160397173076 5.6
      vertex -327.65000000000003 97.4182282987567 5.6
    endloop
  endfacet
  facet normal 0 0 1
    outer loop
      vertex -326.85 93.14583630675347 5.6
      vertex -326.85 96.03258765270161 5.6
      vertex -328.45 93.14583630675347 5.6
    endloop
  endfacet
  facet normal 0 0 1
    outer loop
      vertex -328.45 93.14583630675347 5.6
      vertex -326.85 96.03258765270161 5.6
      vertex -328.45 96.03258765270161 5.6
    endloop
  endfacet
  facet normal 0 0 1
    outer loop
      vertex -326.85 96.03258765270161 5.6
      vertex -330.95 97.47596332567566 5.6
      vertex -328.45 96.03258765270161 5.6
    endloop
  endfacet
  facet normal 0 0 1
    outer loop
      vertex -326.85 96.03258765270161 5.6
      vertex -327.65000000000003 97.4182282987567 5.6
      vertex -331.75 98.86160397173076 5.6
    endloop
  endfacet
  facet normal 0 0 1
    outer loop
      vertex -327.65000000000003 91.76019566069836 5.6
      vertex -331.75 90.3168199877243 5.6
      vertex -330.15000000000003 90.3168199877243 5.6
    endloop
  endfacet
  facet normal 0 0 1
    outer loop
      vertex -327.65000000000003 91.76019566069836 5.6
      vertex -330.95 91.70246063377941 5.6
      vertex -331.75 90.3168199877243 5.6
    endloop
  endfacet
  facet normal 0 0 1
    outer loop
      vertex -327.65000000000003 91.76019566069836 5.6
      vertex -328.45 93.14583630675347 5.6
      vertex -330.95 91.70246063377941 5.6
    endloop
  endfacet
  facet normal 0 0 1
    outer loop
      vertex -331.75 90.3168199877243 5.6
      vertex -330.95 91.70246063377941 5.6
      vertex -333.45 93.14583630675347 5.6
    endloop
  endfacet
  facet normal 0 0 1
    outer loop
      vertex -326.85 96.03258765270161 5.6
      vertex -331.75 98.86160397173076 5.6
      vertex -330.95 97.47596332567566 5.6
    endloop
  endfacet
  facet normal 0 0 1
    outer loop
      vertex -333.45 81.71430097679887 5.6
      vertex -333.45 84.60105232274701 5.6
      vertex -335.05 81.71430097679887 5.6
    endloop
  endfacet
  facet normal 0 0 1
    outer loop
      vertex -333.45 84.60105232274701 5.6
      vertex -335.05 84.60105232274701 5.6
      vertex -335.05 81.71430097679887 5.6
    endloop
  endfacet
  facet normal 0 0 1
    outer loop
      vertex -331.75 87.43006864177616 5.6
      vertex -334.25 85.9866929688021 5.6
      vertex -333.45 84.60105232274701 5.6
    endloop
  endfacet
  facet normal 0 0 1
    outer loop
      vertex -333.45 84.60105232274701 5.6
      vertex -334.25 85.9866929688021 5.6
      vertex -336.75 87.43006864177616 5.6
    endloop
  endfacet
  facet normal 0 0 1
    outer loop
      vertex -333.45 84.60105232274701 5.6
      vertex -338.35 87.43006864177616 5.6
      vertex -335.05 84.60105232274701 5.6
    endloop
  endfacet
  facet normal 0 0 1
    outer loop
      vertex -333.45 84.60105232274701 5.6
      vertex -336.75 87.43006864177616 5.6
      vertex -338.35 87.43006864177616 5.6
    endloop
  endfacet
  facet normal 0 0 1
    outer loop
      vertex -335.05 84.60105232274701 5.6
      vertex -338.35 87.43006864177616 5.6
      vertex -337.55 86.04442799572107 5.6
    endloop
  endfacet
  facet normal 0 0 1
    outer loop
      vertex -336.75 87.43006864177616 5.6
      vertex -336.75 90.3168199877243 5.6
      vertex -338.35 87.43006864177616 5.6
    endloop
  endfacet
  facet normal 0 0 1
    outer loop
      vertex -338.35 87.43006864177616 5.6
      vertex -336.75 90.3168199877243 5.6
      vertex -338.35 90.3168199877243 5.6
    endloop
  endfacet
  facet normal 0 0 1
    outer loop
      vertex -337.55 86.04442799572107 5.6
      vertex -338.35 87.43006864177616 5.6
      vertex -340.85 85.9866929688021 5.6
    endloop
  endfacet
  facet normal 0 0 1
    outer loop
      vertex -337.55 86.04442799572107 5.6
      vertex -340.85 85.9866929688021 5.6
      vertex -340.05 84.60105232274701 5.6
    endloop
  endfacet
  facet normal 0 0 1
    outer loop
      vertex -331.75 90.3168199877243 5.6
      vertex -333.45 93.14583630675347 5.6
      vertex -335.05 93.14583630675347 5.6
    endloop
  endfacet
  facet normal 0 0 1
    outer loop
      vertex -331.75 90.3168199877243 5.6
      vertex -335.05 93.14583630675347 5.6
      vertex -334.25 91.76019566069836 5.6
    endloop
  endfacet
  facet normal 0 0 1
    outer loop
      vertex -334.25 91.76019566069836 5.6
      vertex -337.55 91.70246063377941 5.6
      vertex -336.75 90.3168199877243 5.6
    endloop
  endfacet
  facet normal 0 0 1
    outer loop
      vertex -334.25 91.76019566069836 5.6
      vertex -335.05 93.14583630675347 5.6
      vertex -337.55 91.70246063377941 5.6
    endloop
  endfacet
  facet normal 0 0 1
    outer loop
      vertex -333.45 93.14583630675347 5.6
      vertex -333.45 96.03258765270161 5.6
      vertex -335.05 93.14583630675347 5.6
    endloop
  endfacet
  facet normal 0 0 1
    outer loop
      vertex -330.95 97.47596332567566 5.6
      vertex -335.05 96.03258765270161 5.6
      vertex -333.45 96.03258765270161 5.6
    endloop
  endfacet
  facet normal 0 0 1
    outer loop
      vertex -330.95 97.47596332567566 5.6
      vertex -334.25 97.4182282987567 5.6
      vertex -335.05 96.03258765270161 5.6
    endloop
  endfacet
  facet normal 0 0 1
    outer loop
      vertex -335.05 93.14583630675347 5.6
      vertex -333.45 96.03258765270161 5.6
      vertex -335.05 96.03258765270161 5.6
    endloop
  endfacet
  facet normal 0 0 1
    outer loop
      vertex -334.25 97.4182282987567 5.6
      vertex -336.75 98.86160397173076 5.6
      vertex -335.05 96.03258765270161 5.6
    endloop
  endfacet
  facet normal 0 0 1
    outer loop
      vertex -336.75 90.3168199877243 5.6
      vertex -337.55 91.70246063377941 5.6
      vertex -340.05 93.14583630675347 5.6
    endloop
  endfacet
  facet normal 0 0 1
    outer loop
      vertex -336.75 90.3168199877243 5.6
      vertex -340.85 91.76019566069836 5.6
      vertex -338.35 90.3168199877243 5.6
    endloop
  endfacet
  facet normal 0 0 1
    outer loop
      vertex -336.75 90.3168199877243 5.6
      vertex -340.05 93.14583630675347 5.6
      vertex -341.65 93.14583630675347 5.6
    endloop
  endfacet
  facet normal 0 0 1
    outer loop
      vertex -336.75 90.3168199877243 5.6
      vertex -341.65 93.14583630675347 5.6
      vertex -340.85 91.76019566069836 5.6
    endloop
  endfacet
  facet normal 0 0 1
    outer loop
      vertex -335.05 96.03258765270161 5.6
      vertex -338.35 98.86160397173076 5.6
      vertex -337.55 97.47596332567566 5.6
    endloop
  endfacet
  facet normal 0 0 1
    outer loop
      vertex -337.55 97.47596332567566 5.6
      vertex -341.65 96.03258765270161 5.6
      vertex -340.05 96.03258765270161 5.6
    endloop
  endfacet
  facet normal 0 0 1
    outer loop
      vertex -337.55 97.47596332567566 5.6
      vertex -340.85 97.4182282987567 5.6
      vertex -341.65 96.03258765270161 5.6
    endloop
  endfacet
  facet normal 0 0 -1
    outer loop
      vertex -310.35 64.56699798186699 0
      vertex -311.95000000000005 67.45374932781513 0
      vertex -310.35 67.45374932781513 0
    endloop
  endfacet
  facet normal 0 0 -1
    outer loop
      vertex -310.35 64.56699798186699 0
      vertex -311.95000000000005 64.56699798186699 0
      vertex -311.95000000000005 67.45374932781513 0
    endloop
  endfacet
  facet normal 0 0 -1
    outer loop
      vertex -308.65000000000003 70.28276564684428 0
      vertex -310.35 67.45374932781513 0
      vertex -311.15000000000003 68.83938997387023 0
    endloop
  endfacet
  facet normal 0 0 -1
    outer loop
      vertex -310.35 67.45374932781513 0
      vertex -311.95000000000005 67.45374932781513 0
      vertex -314.45000000000005 68.89712500078919 0
    endloop
  endfacet
  facet normal 0 0 -1
    outer loop
      vertex -310.35 67.45374932781513 0
      vertex -314.45000000000005 68.89712500078919 0
      vertex -311.15000000000003 68.83938997387023 0
    endloop
  endfacet
  facet normal 0 0 -1
    outer loop
      vertex -311.15000000000003 68.83938997387023 0
      vertex -314.45000000000005 68.89712500078919 0
      vertex -313.65000000000003 70.28276564684428 0
    endloop
  endfacet
  facet normal 0 0 -1
    outer loop
      vertex -313.65000000000003 70.28276564684428 0
      vertex -314.45000000000005 68.89712500078919 0
      vertex -316.95000000000005 67.45374932781513 0
    endloop
  endfacet
  facet normal 0 0 -1
    outer loop
      vertex -316.95000000000005 64.56699798186699 0
      vertex -318.55 67.45374932781513 0
      vertex -316.95000000000005 67.45374932781513 0
    endloop
  endfacet
  facet normal 0 0 -1
    outer loop
      vertex -316.95000000000005 67.45374932781513 0
      vertex -317.75 68.83938997387023 0
      vertex -315.25 70.28276564684428 0
    endloop
  endfacet
  facet normal 0 0 -1
    outer loop
      vertex -313.65000000000003 70.28276564684428 0
      vertex -316.95000000000005 67.45374932781513 0
      vertex -315.25 70.28276564684428 0
    endloop
  endfacet
  facet normal 0 0 -1
    outer loop
      vertex -313.65000000000003 70.28276564684428 0
      vertex -315.25 70.28276564684428 0
      vertex -315.25 73.16951699279242 0
    endloop
  endfacet
  facet normal 0 0 -1
    outer loop
      vertex -313.65000000000003 70.28276564684428 0
      vertex -315.25 73.16951699279242 0
      vertex -313.65000000000003 73.16951699279242 0
    endloop
  endfacet
  facet normal 0 0 -1
    outer loop
      vertex -311.15000000000003 74.61289266576648 0
      vertex -311.95000000000005 75.99853331182157 0
      vertex -310.35 75.99853331182157 0
    endloop
  endfacet
  facet normal 0 0 -1
    outer loop
      vertex -310.35 75.99853331182157 0
      vertex -311.95000000000005 75.99853331182157 0
      vertex -311.95000000000005 78.88528465776972 0
    endloop
  endfacet
  facet normal 0 0 -1
    outer loop
      vertex -311.15000000000003 74.61289266576648 0
      vertex -313.65000000000003 73.16951699279242 0
      vertex -311.95000000000005 75.99853331182157 0
    endloop
  endfacet
  facet normal 0 0 -1
    outer loop
      vertex -313.65000000000003 73.16951699279242 0
      vertex -314.45000000000005 74.55515763884752 0
      vertex -311.95000000000005 75.99853331182157 0
    endloop
  endfacet
  facet normal 0 0 -1
    outer loop
      vertex -310.35 75.99853331182157 0
      vertex -311.95000000000005 78.88528465776972 0
      vertex -310.35 78.88528465776972 0
    endloop
  endfacet
  facet normal 0 0 -1
    outer loop
      vertex -308.65000000000003 81.71430097679887 0
      vertex -310.35 78.88528465776972 0
      vertex -311.15000000000003 80.27092530382481 0
    endloop
  endfacet
  facet normal 0 0 -1
    outer loop
      vertex -310.35 78.88528465776972 0
      vertex -311.95000000000005 78.88528465776972 0
      vertex -311.15000000000003 80.27092530382481 0
    endloop
  endfacet
  facet normal 0 0 -1
    outer loop
      vertex -311.15000000000003 80.27092530382481 0
      vertex -311.95000000000005 78.88528465776972 0
      vertex -314.45000000000005 80.32866033074377 0
    endloop
  endfacet
  facet normal 0 0 -1
    outer loop
      vertex -311.15000000000003 80.27092530382481 0
      vertex -314.45000000000005 80.32866033074377 0
      vertex -313.65000000000003 81.71430097679887 0
    endloop
  endfacet
  facet normal 0 0 -1
    outer loop
      vertex -313.65000000000003 73.16951699279242 0
      vertex -315.25 73.16951699279242 0
      vertex -314.45000000000005 74.55515763884752 0
    endloop
  endfacet
  facet normal 0 0 -1
    outer loop
      vertex -314.45000000000005 74.55515763884752 0
      vertex -315.25 73.16951699279242 0
      vertex -317.75 74.61289266576648 0
    endloop
  endfacet
  facet normal 0 0 -1
    outer loop
      vertex -314.45000000000005 74.55515763884752 0
      vertex -317.75 74.61289266576648 0
      vertex -316.95000000000005 75.99853331182157 0
    endloop
  endfacet
  facet normal 0 0 -1
    outer loop
      vertex -314.45000000000005 80.32866033074377 0
      vertex -316.95000000000005 78.88528465776972 0
      vertex -315.25 81.71430097679887 0
    endloop
  endfacet
  facet normal 0 0 -1
    outer loop
      vertex -316.95000000000005 75.99853331182157 0
      vertex -318.55 78.88528465776972 0
      vertex -316.95000000000005 78.88528465776972 0
    endloop
  endfacet
  facet normal 0 0 -1
    outer loop
      vertex -316.95000000000005 78.88528465776972 0
      vertex -317.75 80.27092530382481 0
      vertex -315.25 81.71430097679887 0
    endloop
  endfacet
  facet normal 0 0 -1
    outer loop
      vertex -316.95000000000005 64.56699798186699 0
      vertex -318.55 64.56699798186699 0
      vertex -318.55 67.45374932781513 0
    endloop
  endfacet
  facet normal 0 0 -1
    outer loop
      vertex -316.95000000000005 67.45374932781513 0
      vertex -318.55 67.45374932781513 0
      vertex -321.05 68.89712500078919 0
    endloop
  endfacet
  facet normal 0 0 -1
    outer loop
      vertex -316.95000000000005 67.45374932781513 0
      vertex -321.05 68.89712500078919 0
      vertex -317.75 68.83938997387023 0
    endloop
  endfacet
  facet normal 0 0 -1
    outer loop
      vertex -317.75 68.83938997387023 0
      vertex -321.05 68.89712500078919 0
      vertex -320.25 70.28276564684428 0
    endloop
  endfacet
  facet normal 0 0 -1
    outer loop
      vertex -320.25 70.28276564684428 0
      vertex -321.85 73.16951699279242 0
      vertex -320.25 73.16951699279242 0
    endloop
  endfacet
  facet normal 0 0 -1
    outer loop
      vertex -321.05 68.89712500078919 0
      vertex -323.55 67.45374932781513 0
      vertex -320.25 70.28276564684428 0
    endloop
  endfacet
  facet normal 0 0 -1
    outer loop
      vertex -323.55 64.56699798186699 0
      vertex -325.15000000000003 67.45374932781513 0
      vertex -323.55 67.45374932781513 0
    endloop
  endfacet
  facet normal 0 0 -1
    outer loop
      vertex -323.55 64.56699798186699 0
      vertex -325.15000000000003 64.56699798186699 0
      vertex -325.15000000000003 67.45374932781513 0
    endloop
  endfacet
  facet normal 0 0 -1
    outer loop
      vertex -323.55 67.45374932781513 0
      vertex -324.35 68.83938997387023 0
      vertex -321.85 70.28276564684428 0
    endloop
  endfacet
  facet normal 0 0 -1
    outer loop
      vertex -320.25 70.28276564684428 0
      vertex -323.55 67.45374932781513 0
      vertex -321.85 70.28276564684428 0
    endloop
  endfacet
  facet normal 0 0 -1
    outer loop
      vertex -320.25 70.28276564684428 0
      vertex -321.85 70.28276564684428 0
      vertex -321.85 73.16951699279242 0
    endloop
  endfacet
  facet normal 0 0 -1
    outer loop
      vertex -317.75 74.61289266576648 0
      vertex -320.25 73.16951699279242 0
      vertex -318.55 75.99853331182157 0
    endloop
  endfacet
  facet normal 0 0 -1
    outer loop
      vertex -316.95000000000005 75.99853331182157 0
      vertex -317.75 74.61289266576648 0
      vertex -318.55 75.99853331182157 0
    endloop
  endfacet
  facet normal 0 0 -1
    outer loop
      vertex -316.95000000000005 75.99853331182157 0
      vertex -318.55 75.99853331182157 0
      vertex -318.55 78.88528465776972 0
    endloop
  endfacet
  facet normal 0 0 -1
    outer loop
      vertex -318.55 75.99853331182157 0
      vertex -320.25 73.16951699279242 0
      vertex -321.05 74.55515763884752 0
    endloop
  endfacet
  facet normal 0 0 -1
    outer loop
      vertex -320.25 73.16951699279242 0
      vertex -321.85 73.16951699279242 0
      vertex -321.05 74.55515763884752 0
    endloop
  endfacet
  facet normal 0 0 -1
    outer loop
      vertex -316.95000000000005 78.88528465776972 0
      vertex -318.55 78.88528465776972 0
      vertex -317.75 80.27092530382481 0
    endloop
  endfacet
  facet normal 0 0 -1
    outer loop
      vertex -318.55 78.88528465776972 0
      vertex -321.05 80.32866033074377 0
      vertex -317.75 80.27092530382481 0
    endloop
  endfacet
  facet normal 0 0 -1
    outer loop
      vertex -317.75 80.27092530382481 0
      vertex -321.05 80.32866033074377 0
      vertex -320.25 81.71430097679887 0
    endloop
  endfacet
  facet normal 0 0 -1
    outer loop
      vertex -321.05 74.55515763884752 0
      vertex -321.85 73.16951699279242 0
      vertex -324.35 74.61289266576648 0
    endloop
  endfacet
  facet normal 0 0 -1
    outer loop
      vertex -321.05 74.55515763884752 0
      vertex -324.35 74.61289266576648 0
      vertex -323.55 75.99853331182157 0
    endloop
  endfacet
  facet normal 0 0 -1
    outer loop
      vertex -324.35 74.61289266576648 0
      vertex -325.15000000000003 75.99853331182157 0
      vertex -323.55 75.99853331182157 0
    endloop
  endfacet
  facet normal 0 0 -1
    outer loop
      vertex -323.55 75.99853331182157 0
      vertex -325.15000000000003 75.99853331182157 0
      vertex -325.15000000000003 78.88528465776972 0
    endloop
  endfacet
  facet normal 0 0 -1
    outer loop
      vertex -321.05 80.32866033074377 0
      vertex -323.55 78.88528465776972 0
      vertex -321.85 81.71430097679887 0
    endloop
  endfacet
  facet normal 0 0 -1
    outer loop
      vertex -323.55 75.99853331182157 0
      vertex -325.15000000000003 78.88528465776972 0
      vertex -323.55 78.88528465776972 0
    endloop
  endfacet
  facet normal 0 0 -1
    outer loop
      vertex -323.55 78.88528465776972 0
      vertex -324.35 80.27092530382481 0
      vertex -321.85 81.71430097679887 0
    endloop
  endfacet
  facet normal 0 0 -1
    outer loop
      vertex -323.55 78.88528465776972 0
      vertex -325.15000000000003 78.88528465776972 0
      vertex -324.35 80.27092530382481 0
    endloop
  endfacet
  facet normal 0 0 -1
    outer loop
      vertex -311.15000000000003 86.04442799572107 0
      vertex -311.95000000000005 87.43006864177616 0
      vertex -310.35 87.43006864177616 0
    endloop
  endfacet
  facet normal 0 0 -1
    outer loop
      vertex -310.35 87.43006864177616 0
      vertex -311.95000000000005 90.3168199877243 0
      vertex -310.35 90.3168199877243 0
    endloop
  endfacet
  facet normal 0 0 -1
    outer loop
      vertex -310.35 87.43006864177616 0
      vertex -311.95000000000005 87.43006864177616 0
      vertex -311.95000000000005 90.3168199877243 0
    endloop
  endfacet
  facet normal 0 0 -1
    outer loop
      vertex -313.65000000000003 84.60105232274701 0
      vertex -311.95000000000005 87.43006864177616 0
      vertex -311.15000000000003 86.04442799572107 0
    endloop
  endfacet
  facet normal 0 0 -1
    outer loop
      vertex -313.65000000000003 84.60105232274701 0
      vertex -314.45000000000005 85.9866929688021 0
      vertex -311.95000000000005 87.43006864177616 0
    endloop
  endfacet
  facet normal 0 0 -1
    outer loop
      vertex -314.45000000000005 80.32866033074377 0
      vertex -315.25 81.71430097679887 0
      vertex -313.65000000000003 81.71430097679887 0
    endloop
  endfacet
  facet normal 0 0 -1
    outer loop
      vertex -313.65000000000003 81.71430097679887 0
      vertex -315.25 81.71430097679887 0
      vertex -315.25 84.60105232274701 0
    endloop
  endfacet
  facet normal 0 0 -1
    outer loop
      vertex -313.65000000000003 81.71430097679887 0
      vertex -315.25 84.60105232274701 0
      vertex -313.65000000000003 84.60105232274701 0
    endloop
  endfacet
  facet normal 0 0 -1
    outer loop
      vertex -313.65000000000003 84.60105232274701 0
      vertex -315.25 84.60105232274701 0
      vertex -314.45000000000005 85.9866929688021 0
    endloop
  endfacet
  facet normal 0 0 -1
    outer loop
      vertex -315.25 84.60105232274701 0
      vertex -317.75 86.04442799572107 0
      vertex -314.45000000000005 85.9866929688021 0
    endloop
  endfacet
  facet normal 0 0 -1
    outer loop
      vertex -314.45000000000005 85.9866929688021 0
      vertex -317.75 86.04442799572107 0
      vertex -316.95000000000005 87.43006864177616 0
    endloop
  endfacet
  facet normal 0 0 -1
    outer loop
      vertex -316.95000000000005 87.43006864177616 0
      vertex -318.55 90.3168199877243 0
      vertex -316.95000000000005 90.3168199877243 0
    endloop
  endfacet
  facet normal 0 0 -1
    outer loop
      vertex -310.35 90.3168199877243 0
      vertex -311.95000000000005 90.3168199877243 0
      vertex -311.15000000000003 91.70246063377941 0
    endloop
  endfacet
  facet normal 0 0 -1
    outer loop
      vertex -308.65000000000003 93.14583630675347 0
      vertex -310.35 90.3168199877243 0
      vertex -311.15000000000003 91.70246063377941 0
    endloop
  endfacet
  facet normal 0 0 -1
    outer loop
      vertex -311.15000000000003 91.70246063377941 0
      vertex -311.95000000000005 90.3168199877243 0
      vertex -314.45000000000005 91.76019566069836 0
    endloop
  endfacet
  facet normal 0 0 -1
    outer loop
      vertex -311.15000000000003 91.70246063377941 0
      vertex -314.45000000000005 91.76019566069836 0
      vertex -313.65000000000003 93.14583630675347 0
    endloop
  endfacet
  facet normal 0 0 -1
    outer loop
      vertex -311.15000000000003 97.47596332567566 0
      vertex -313.65000000000003 96.03258765270161 0
      vertex -311.95000000000005 98.86160397173076 0
    endloop
  endfacet
  facet normal 0 0 -1
    outer loop
      vertex -313.65000000000003 96.03258765270161 0
      vertex -314.45000000000005 97.4182282987567 0
      vertex -311.95000000000005 98.86160397173076 0
    endloop
  endfacet
  facet normal 0 0 -1
    outer loop
      vertex -313.65000000000003 93.14583630675347 0
      vertex -314.45000000000005 91.76019566069836 0
      vertex -315.25 93.14583630675347 0
    endloop
  endfacet
  facet normal 0 0 -1
    outer loop
      vertex -314.45000000000005 91.76019566069836 0
      vertex -316.95000000000005 90.3168199877243 0
      vertex -315.25 93.14583630675347 0
    endloop
  endfacet
  facet normal 0 0 -1
    outer loop
      vertex -315.25 93.14583630675347 0
      vertex -316.95000000000005 90.3168199877243 0
      vertex -317.75 91.70246063377941 0
    endloop
  endfacet
  facet normal 0 0 -1
    outer loop
      vertex -313.65000000000003 93.14583630675347 0
      vertex -315.25 93.14583630675347 0
      vertex -315.25 96.03258765270161 0
    endloop
  endfacet
  facet normal 0 0 -1
    outer loop
      vertex -313.65000000000003 93.14583630675347 0
      vertex -315.25 96.03258765270161 0
      vertex -313.65000000000003 96.03258765270161 0
    endloop
  endfacet
  facet normal 0 0 -1
    outer loop
      vertex -313.65000000000003 96.03258765270161 0
      vertex -315.25 96.03258765270161 0
      vertex -314.45000000000005 97.4182282987567 0
    endloop
  endfacet
  facet normal 0 0 -1
    outer loop
      vertex -314.45000000000005 97.4182282987567 0
      vertex -315.25 96.03258765270161 0
      vertex -317.75 97.47596332567566 0
    endloop
  endfacet
  facet normal 0 0 -1
    outer loop
      vertex -321.05 80.32866033074377 0
      vertex -321.85 81.71430097679887 0
      vertex -320.25 81.71430097679887 0
    endloop
  endfacet
  facet normal 0 0 -1
    outer loop
      vertex -320.25 81.71430097679887 0
      vertex -321.85 84.60105232274701 0
      vertex -320.25 84.60105232274701 0
    endloop
  endfacet
  facet normal 0 0 -1
    outer loop
      vertex -320.25 84.60105232274701 0
      vertex -321.85 84.60105232274701 0
      vertex -321.05 85.9866929688021 0
    endloop
  endfacet
  facet normal 0 0 -1
    outer loop
      vertex -316.95000000000005 87.43006864177616 0
      vertex -317.75 86.04442799572107 0
      vertex -318.55 87.43006864177616 0
    endloop
  endfacet
  facet normal 0 0 -1
    outer loop
      vertex -320.25 84.60105232274701 0
      vertex -318.55 87.43006864177616 0
      vertex -317.75 86.04442799572107 0
    endloop
  endfacet
  facet normal 0 0 -1
    outer loop
      vertex -316.95000000000005 87.43006864177616 0
      vertex -318.55 87.43006864177616 0
      vertex -318.55 90.3168199877243 0
    endloop
  endfacet
  facet normal 0 0 -1
    outer loop
      vertex -320.25 84.60105232274701 0
      vertex -321.05 85.9866929688021 0
      vertex -318.55 87.43006864177616 0
    endloop
  endfacet
  facet normal 0 0 -1
    outer loop
      vertex -320.25 81.71430097679887 0
      vertex -321.85 81.71430097679887 0
      vertex -321.85 84.60105232274701 0
    endloop
  endfacet
  facet normal 0 0 -1
    outer loop
      vertex -321.05 85.9866929688021 0
      vertex -321.85 84.60105232274701 0
      vertex -324.35 86.04442799572107 0
    endloop
  endfacet
  facet normal 0 0 -1
    outer loop
      vertex -321.05 85.9866929688021 0
      vertex -324.35 86.04442799572107 0
      vertex -323.55 87.43006864177616 0
    endloop
  endfacet
  facet normal 0 0 -1
    outer loop
      vertex -324.35 86.04442799572107 0
      vertex -325.15000000000003 87.43006864177616 0
      vertex -323.55 87.43006864177616 0
    endloop
  endfacet
  facet normal 0 0 -1
    outer loop
      vertex -323.55 87.43006864177616 0
      vertex -325.15000000000003 90.3168199877243 0
      vertex -323.55 90.3168199877243 0
    endloop
  endfacet
  facet normal 0 0 -1
    outer loop
      vertex -323.55 87.43006864177616 0
      vertex -325.15000000000003 87.43006864177616 0
      vertex -325.15000000000003 90.3168199877243 0
    endloop
  endfacet
  facet normal 0 0 -1
    outer loop
      vertex -316.95000000000005 90.3168199877243 0
      vertex -318.55 90.3168199877243 0
      vertex -317.75 91.70246063377941 0
    endloop
  endfacet
  facet normal 0 0 -1
    outer loop
      vertex -318.55 90.3168199877243 0
      vertex -321.05 91.76019566069836 0
      vertex -317.75 91.70246063377941 0
    endloop
  endfacet
  facet normal 0 0 -1
    outer loop
      vertex -317.75 91.70246063377941 0
      vertex -321.05 91.76019566069836 0
      vertex -320.25 93.14583630675347 0
    endloop
  endfacet
  facet normal 0 0 -1
    outer loop
      vertex -320.25 93.14583630675347 0
      vertex -321.05 91.76019566069836 0
      vertex -321.85 93.14583630675347 0
    endloop
  endfacet
  facet normal 0 0 -1
    outer loop
      vertex -317.75 97.47596332567566 0
      vertex -320.25 96.03258765270161 0
      vertex -318.55 98.86160397173076 0
    endloop
  endfacet
  facet normal 0 0 -1
    outer loop
      vertex -320.25 93.14583630675347 0
      vertex -321.85 96.03258765270161 0
      vertex -320.25 96.03258765270161 0
    endloop
  endfacet
  facet normal 0 0 -1
    outer loop
      vertex -320.25 96.03258765270161 0
      vertex -321.05 97.4182282987567 0
      vertex -318.55 98.86160397173076 0
    endloop
  endfacet
  facet normal 0 0 -1
    outer loop
      vertex -320.25 96.03258765270161 0
      vertex -321.85 96.03258765270161 0
      vertex -321.05 97.4182282987567 0
    endloop
  endfacet
  facet normal 0 0 -1
    outer loop
      vertex -321.05 91.76019566069836 0
      vertex -323.55 90.3168199877243 0
      vertex -321.85 93.14583630675347 0
    endloop
  endfacet
  facet normal 0 0 -1
    outer loop
      vertex -323.55 90.3168199877243 0
      vertex -325.15000000000003 90.3168199877243 0
      vertex -324.35 91.70246063377941 0
    endloop
  endfacet
  facet normal 0 0 -1
    outer loop
      vertex -321.85 93.14583630675347 0
      vertex -323.55 90.3168199877243 0
      vertex -324.35 91.70246063377941 0
    endloop
  endfacet
  facet normal 0 0 -1
    outer loop
      vertex -320.25 93.14583630675347 0
      vertex -321.85 93.14583630675347 0
      vertex -321.85 96.03258765270161 0
    endloop
  endfacet
  facet normal 0 0 -1
    outer loop
      vertex -321.05 97.4182282987567 0
      vertex -321.85 96.03258765270161 0
      vertex -324.35 97.47596332567566 0
    endloop
  endfacet
  facet normal 0 0 -1
    outer loop
      vertex -323.55 67.45374932781513 0
      vertex -325.15000000000003 67.45374932781513 0
      vertex -327.65000000000003 68.89712500078919 0
    endloop
  endfacet
  facet normal 0 0 -1
    outer loop
      vertex -323.55 67.45374932781513 0
      vertex -327.65000000000003 68.89712500078919 0
      vertex -324.35 68.83938997387023 0
    endloop
  endfacet
  facet normal 0 0 -1
    outer loop
      vertex -327.65000000000003 68.89712500078919 0
      vertex -330.15000000000003 67.45374932781513 0
      vertex -326.85 70.28276564684428 0
    endloop
  endfacet
  facet normal 0 0 -1
    outer loop
      vertex -324.35 68.83938997387023 0
      vertex -327.65000000000003 68.89712500078919 0
      vertex -326.85 70.28276564684428 0
    endloop
  endfacet
  facet normal 0 0 -1
    outer loop
      vertex -326.85 70.28276564684428 0
      vertex -330.15000000000003 67.45374932781513 0
      vertex -328.45 70.28276564684428 0
    endloop
  endfacet
  facet normal 0 0 -1
    outer loop
      vertex -326.85 70.28276564684428 0
      vertex -328.45 73.16951699279242 0
      vertex -326.85 73.16951699279242 0
    endloop
  endfacet
  facet normal 0 0 -1
    outer loop
      vertex -326.85 70.28276564684428 0
      vertex -328.45 70.28276564684428 0
      vertex -328.45 73.16951699279242 0
    endloop
  endfacet
  facet normal 0 0 -1
    outer loop
      vertex -328.45 70.28276564684428 0
      vertex -330.15000000000003 67.45374932781513 0
      vertex -330.95 68.83938997387023 0
    endloop
  endfacet
  facet normal 0 0 -1
    outer loop
      vertex -330.15000000000003 64.56699798186699 0
      vertex -331.75 64.56699798186699 0
      vertex -331.75 67.45374932781513 0
    endloop
  endfacet
  facet normal 0 0 -1
    outer loop
      vertex -330.15000000000003 64.56699798186699 0
      vertex -331.75 67.45374932781513 0
      vertex -330.15000000000003 67.45374932781513 0
    endloop
  endfacet
  facet normal 0 0 -1
    outer loop
      vertex -330.15000000000003 67.45374932781513 0
      vertex -331.75 67.45374932781513 0
      vertex -334.25 68.89712500078919 0
    endloop
  endfacet
  facet normal 0 0 -1
    outer loop
      vertex -330.15000000000003 67.45374932781513 0
      vertex -334.25 68.89712500078919 0
      vertex -330.95 68.83938997387023 0
    endloop
  endfacet
  facet normal 0 0 -1
    outer loop
      vertex -324.35 74.61289266576648 0
      vertex -326.85 73.16951699279242 0
      vertex -325.15000000000003 75.99853331182157 0
    endloop
  endfacet
  facet normal 0 0 -1
    outer loop
      vertex -326.85 73.16951699279242 0
      vertex -327.65000000000003 74.55515763884752 0
      vertex -325.15000000000003 75.99853331182157 0
    endloop
  endfacet
  facet normal 0 0 -1
    outer loop
      vertex -326.85 73.16951699279242 0
      vertex -328.45 73.16951699279242 0
      vertex -327.65000000000003 74.55515763884752 0
    endloop
  endfacet
  facet normal 0 0 -1
    outer loop
      vertex -324.35 80.27092530382481 0
      vertex -325.15000000000003 78.88528465776972 0
      vertex -327.65000000000003 80.32866033074377 0
    endloop
  endfacet
  facet normal 0 0 -1
    outer loop
      vertex -324.35 80.27092530382481 0
      vertex -327.65000000000003 80.32866033074377 0
      vertex -326.85 81.71430097679887 0
    endloop
  endfacet
  facet normal 0 0 -1
    outer loop
      vertex -327.65000000000003 80.32866033074377 0
      vertex -330.15000000000003 78.88528465776972 0
      vertex -328.45 81.71430097679887 0
    endloop
  endfacet
  facet normal 0 0 -1
    outer loop
      vertex -327.65000000000003 74.55515763884752 0
      vertex -328.45 73.16951699279242 0
      vertex -330.95 74.61289266576648 0
    endloop
  endfacet
  facet normal 0 0 -1
    outer loop
      vertex -327.65000000000003 74.55515763884752 0
      vertex -330.95 74.61289266576648 0
      vertex -330.15000000000003 75.99853331182157 0
    endloop
  endfacet
  facet normal 0 0 -1
    outer loop
      vertex -330.95 74.61289266576648 0
      vertex -333.45 73.16951699279242 0
      vertex -331.75 75.99853331182157 0
    endloop
  endfacet
  facet normal 0 0 -1
    outer loop
      vertex -330.15000000000003 75.99853331182157 0
      vertex -330.95 74.61289266576648 0
      vertex -331.75 75.99853331182157 0
    endloop
  endfacet
  facet normal 0 0 -1
    outer loop
      vertex -330.15000000000003 75.99853331182157 0
      vertex -331.75 75.99853331182157 0
      vertex -331.75 78.88528465776972 0
    endloop
  endfacet
  facet normal 0 0 -1
    outer loop
      vertex -330.15000000000003 78.88528465776972 0
      vertex -330.95 80.27092530382481 0
      vertex -328.45 81.71430097679887 0
    endloop
  endfacet
  facet normal 0 0 -1
    outer loop
      vertex -330.15000000000003 75.99853331182157 0
      vertex -331.75 78.88528465776972 0
      vertex -330.15000000000003 78.88528465776972 0
    endloop
  endfacet
  facet normal 0 0 -1
    outer loop
      vertex -330.15000000000003 78.88528465776972 0
      vertex -331.75 78.88528465776972 0
      vertex -330.95 80.27092530382481 0
    endloop
  endfacet
  facet normal 0 0 -1
    outer loop
      vertex -331.75 78.88528465776972 0
      vertex -334.25 80.32866033074377 0
      vertex -330.95 80.27092530382481 0
    endloop
  endfacet
  facet normal 0 0 -1
    outer loop
      vertex -334.25 68.89712500078919 0
      vertex -336.75 67.45374932781513 0
      vertex -333.45 70.28276564684428 0
    endloop
  endfacet
  facet normal 0 0 -1
    outer loop
      vertex -330.95 68.83938997387023 0
      vertex -334.25 68.89712500078919 0
      vertex -333.45 70.28276564684428 0
    endloop
  endfacet
  facet normal 0 0 -1
    outer loop
      vertex -333.45 70.28276564684428 0
      vertex -335.05 73.16951699279242 0
      vertex -333.45 73.16951699279242 0
    endloop
  endfacet
  facet normal 0 0 -1
    outer loop
      vertex -333.45 70.28276564684428 0
      vertex -336.75 67.45374932781513 0
      vertex -335.05 70.28276564684428 0
    endloop
  endfacet
  facet normal 0 0 -1
    outer loop
      vertex -333.45 70.28276564684428 0
      vertex -335.05 70.28276564684428 0
      vertex -335.05 73.16951699279242 0
    endloop
  endfacet
  facet normal 0 0 -1
    outer loop
      vertex -336.75 64.56699798186699 0
      vertex -338.35 64.56699798186699 0
      vertex -338.35 67.45374932781513 0
    endloop
  endfacet
  facet normal 0 0 -1
    outer loop
      vertex -336.75 64.56699798186699 0
      vertex -338.35 67.45374932781513 0
      vertex -336.75 67.45374932781513 0
    endloop
  endfacet
  facet normal 0 0 -1
    outer loop
      vertex -335.05 70.28276564684428 0
      vertex -336.75 67.45374932781513 0
      vertex -337.55 68.83938997387023 0
    endloop
  endfacet
  facet normal 0 0 -1
    outer loop
      vertex -336.75 67.45374932781513 0
      vertex -338.35 67.45374932781513 0
      vertex -340.85 68.89712500078919 0
    endloop
  endfacet
  facet normal 0 0 -1
    outer loop
      vertex -336.75 67.45374932781513 0
      vertex -340.85 68.89712500078919 0
      vertex -337.55 68.83938997387023 0
    endloop
  endfacet
  facet normal 0 0 -1
    outer loop
      vertex -337.55 68.83938997387023 0
      vertex -340.85 68.89712500078919 0
      vertex -340.05 70.28276564684428 0
    endloop
  endfacet
  facet normal 0 0 -1
    outer loop
      vertex -331.75 75.99853331182157 0
      vertex -333.45 73.16951699279242 0
      vertex -334.25 74.55515763884752 0
    endloop
  endfacet
  facet normal 0 0 -1
    outer loop
      vertex -333.45 73.16951699279242 0
      vertex -335.05 73.16951699279242 0
      vertex -334.25 74.55515763884752 0
    endloop
  endfacet
  facet normal 0 0 -1
    outer loop
      vertex -334.25 74.55515763884752 0
      vertex -335.05 73.16951699279242 0
      vertex -337.55 74.61289266576648 0
    endloop
  endfacet
  facet normal 0 0 -1
    outer loop
      vertex -334.25 74.55515763884752 0
      vertex -337.55 74.61289266576648 0
      vertex -336.75 75.99853331182157 0
    endloop
  endfacet
  facet normal 0 0 -1
    outer loop
      vertex -330.95 80.27092530382481 0
      vertex -334.25 80.32866033074377 0
      vertex -333.45 81.71430097679887 0
    endloop
  endfacet
  facet normal 0 0 -1
    outer loop
      vertex -334.25 80.32866033074377 0
      vertex -336.75 78.88528465776972 0
      vertex -335.05 81.71430097679887 0
    endloop
  endfacet
  facet normal 0 0 -1
    outer loop
      vertex -337.55 74.61289266576648 0
      vertex -338.35 75.99853331182157 0
      vertex -336.75 75.99853331182157 0
    endloop
  endfacet
  facet normal 0 0 -1
    outer loop
      vertex -336.75 75.99853331182157 0
      vertex -338.35 75.99853331182157 0
      vertex -338.35 78.88528465776972 0
    endloop
  endfacet
  facet normal 0 0 -1
    outer loop
      vertex -337.55 74.61289266576648 0
      vertex -340.05 73.16951699279242 0
      vertex -338.35 75.99853331182157 0
    endloop
  endfacet
  facet normal 0 0 -1
    outer loop
      vertex -338.35 75.99853331182157 0
      vertex -340.05 73.16951699279242 0
      vertex -340.85 74.55515763884752 0
    endloop
  endfacet
  facet normal 0 0 -1
    outer loop
      vertex -336.75 75.99853331182157 0
      vertex -338.35 78.88528465776972 0
      vertex -336.75 78.88528465776972 0
    endloop
  endfacet
  facet normal 0 0 -1
    outer loop
      vertex -336.75 78.88528465776972 0
      vertex -337.55 80.27092530382481 0
      vertex -335.05 81.71430097679887 0
    endloop
  endfacet
  facet normal 0 0 -1
    outer loop
      vertex -336.75 78.88528465776972 0
      vertex -338.35 78.88528465776972 0
      vertex -337.55 80.27092530382481 0
    endloop
  endfacet
  facet normal 0 0 -1
    outer loop
      vertex -337.55 80.27092530382481 0
      vertex -338.35 78.88528465776972 0
      vertex -340.85 80.32866033074377 0
    endloop
  endfacet
  facet normal 0 0 -1
    outer loop
      vertex -337.55 80.27092530382481 0
      vertex -340.85 80.32866033074377 0
      vertex -340.05 81.71430097679887 0
    endloop
  endfacet
  facet normal 0 0 -1
    outer loop
      vertex -327.65000000000003 80.32866033074377 0
      vertex -328.45 81.71430097679887 0
      vertex -326.85 81.71430097679887 0
    endloop
  endfacet
  facet normal 0 0 -1
    outer loop
      vertex -326.85 81.71430097679887 0
      vertex -328.45 81.71430097679887 0
      vertex -328.45 84.60105232274701 0
    endloop
  endfacet
  facet normal 0 0 -1
    outer loop
      vertex -326.85 81.71430097679887 0
      vertex -328.45 84.60105232274701 0
      vertex -326.85 84.60105232274701 0
    endloop
  endfacet
  facet normal 0 0 -1
    outer loop
      vertex -326.85 84.60105232274701 0
      vertex -328.45 84.60105232274701 0
      vertex -327.65000000000003 85.9866929688021 0
    endloop
  endfacet
  facet normal 0 0 -1
    outer loop
      vertex -324.35 86.04442799572107 0
      vertex -326.85 84.60105232274701 0
      vertex -325.15000000000003 87.43006864177616 0
    endloop
  endfacet
  facet normal 0 0 -1
    outer loop
      vertex -326.85 84.60105232274701 0
      vertex -327.65000000000003 85.9866929688021 0
      vertex -325.15000000000003 87.43006864177616 0
    endloop
  endfacet
  facet normal 0 0 -1
    outer loop
      vertex -328.45 84.60105232274701 0
      vertex -330.95 86.04442799572107 0
      vertex -327.65000000000003 85.9866929688021 0
    endloop
  endfacet
  facet normal 0 0 -1
    outer loop
      vertex -327.65000000000003 85.9866929688021 0
      vertex -330.95 86.04442799572107 0
      vertex -330.15000000000003 87.43006864177616 0
    endloop
  endfacet
  facet normal 0 0 -1
    outer loop
      vertex -330.15000000000003 87.43006864177616 0
      vertex -330.95 86.04442799572107 0
      vertex -331.75 87.43006864177616 0
    endloop
  endfacet
  facet normal 0 0 -1
    outer loop
      vertex -330.95 86.04442799572107 0
      vertex -333.45 84.60105232274701 0
      vertex -331.75 87.43006864177616 0
    endloop
  endfacet
  facet normal 0 0 -1
    outer loop
      vertex -330.15000000000003 87.43006864177616 0
      vertex -331.75 90.3168199877243 0
      vertex -330.15000000000003 90.3168199877243 0
    endloop
  endfacet
  facet normal 0 0 -1
    outer loop
      vertex -330.15000000000003 87.43006864177616 0
      vertex -331.75 87.43006864177616 0
      vertex -331.75 90.3168199877243 0
    endloop
  endfacet
  facet normal 0 0 -1
    outer loop
      vertex -324.35 91.70246063377941 0
      vertex -325.15000000000003 90.3168199877243 0
      vertex -327.65000000000003 91.76019566069836 0
    endloop
  endfacet
  facet normal 0 0 -1
    outer loop
      vertex -324.35 91.70246063377941 0
      vertex -327.65000000000003 91.76019566069836 0
      vertex -326.85 93.14583630675347 0
    endloop
  endfacet
  facet normal 0 0 -1
    outer loop
      vertex -326.85 93.14583630675347 0
      vertex -327.65000000000003 91.76019566069836 0
      vertex -328.45 93.14583630675347 0
    endloop
  endfacet
  facet normal 0 0 -1
    outer loop
      vertex -327.65000000000003 91.76019566069836 0
      vertex -330.15000000000003 90.3168199877243 0
      vertex -328.45 93.14583630675347 0
    endloop
  endfacet
  facet normal 0 0 -1
    outer loop
      vertex -324.35 97.47596332567566 0
      vertex -326.85 96.03258765270161 0
      vertex -325.15000000000003 98.86160397173076 0
    endloop
  endfacet
  facet normal 0 0 -1
    outer loop
      vertex -326.85 96.03258765270161 0
      vertex -327.65000000000003 97.4182282987567 0
      vertex -325.15000000000003 98.86160397173076 0
    endloop
  endfacet
  facet normal 0 0 -1
    outer loop
      vertex -326.85 93.14583630675347 0
      vertex -328.45 96.03258765270161 0
      vertex -326.85 96.03258765270161 0
    endloop
  endfacet
  facet normal 0 0 -1
    outer loop
      vertex -326.85 93.14583630675347 0
      vertex -328.45 93.14583630675347 0
      vertex -328.45 96.03258765270161 0
    endloop
  endfacet
  facet normal 0 0 -1
    outer loop
      vertex -326.85 96.03258765270161 0
      vertex -328.45 96.03258765270161 0
      vertex -327.65000000000003 97.4182282987567 0
    endloop
  endfacet
  facet normal 0 0 -1
    outer loop
      vertex -328.45 93.14583630675347 0
      vertex -330.15000000000003 90.3168199877243 0
      vertex -330.95 91.70246063377941 0
    endloop
  endfacet
  facet normal 0 0 -1
    outer loop
      vertex -330.15000000000003 90.3168199877243 0
      vertex -331.75 90.3168199877243 0
      vertex -330.95 91.70246063377941 0
    endloop
  endfacet
  facet normal 0 0 -1
    outer loop
      vertex -331.75 90.3168199877243 0
      vertex -334.25 91.76019566069836 0
      vertex -330.95 91.70246063377941 0
    endloop
  endfacet
  facet normal 0 0 -1
    outer loop
      vertex -327.65000000000003 97.4182282987567 0
      vertex -328.45 96.03258765270161 0
      vertex -330.95 97.47596332567566 0
    endloop
  endfacet
  facet normal 0 0 -1
    outer loop
      vertex -330.95 97.47596332567566 0
      vertex -333.45 96.03258765270161 0
      vertex -331.75 98.86160397173076 0
    endloop
  endfacet
  facet normal 0 0 -1
    outer loop
      vertex -334.25 80.32866033074377 0
      vertex -335.05 81.71430097679887 0
      vertex -333.45 81.71430097679887 0
    endloop
  endfacet
  facet normal 0 0 -1
    outer loop
      vertex -333.45 81.71430097679887 0
      vertex -335.05 84.60105232274701 0
      vertex -333.45 84.60105232274701 0
    endloop
  endfacet
  facet normal 0 0 -1
    outer loop
      vertex -333.45 84.60105232274701 0
      vertex -335.05 84.60105232274701 0
      vertex -334.25 85.9866929688021 0
    endloop
  endfacet
  facet normal 0 0 -1
    outer loop
      vertex -333.45 81.71430097679887 0
      vertex -335.05 81.71430097679887 0
      vertex -335.05 84.60105232274701 0
    endloop
  endfacet
  facet normal 0 0 -1
    outer loop
      vertex -331.75 87.43006864177616 0
      vertex -333.45 84.60105232274701 0
      vertex -334.25 85.9866929688021 0
    endloop
  endfacet
  facet normal 0 0 -1
    outer loop
      vertex -335.05 84.60105232274701 0
      vertex -337.55 86.04442799572107 0
      vertex -334.25 85.9866929688021 0
    endloop
  endfacet
  facet normal 0 0 -1
    outer loop
      vertex -334.25 85.9866929688021 0
      vertex -337.55 86.04442799572107 0
      vertex -336.75 87.43006864177616 0
    endloop
  endfacet
  facet normal 0 0 -1
    outer loop
      vertex -337.55 86.04442799572107 0
      vertex -338.35 87.43006864177616 0
      vertex -336.75 87.43006864177616 0
    endloop
  endfacet
  facet normal 0 0 -1
    outer loop
      vertex -336.75 87.43006864177616 0
      vertex -338.35 90.3168199877243 0
      vertex -336.75 90.3168199877243 0
    endloop
  endfacet
  facet normal 0 0 -1
    outer loop
      vertex -336.75 87.43006864177616 0
      vertex -338.35 87.43006864177616 0
      vertex -338.35 90.3168199877243 0
    endloop
  endfacet
  facet normal 0 0 -1
    outer loop
      vertex -337.55 86.04442799572107 0
      vertex -340.05 84.60105232274701 0
      vertex -338.35 87.43006864177616 0
    endloop
  endfacet
  facet normal 0 0 -1
    outer loop
      vertex -338.35 87.43006864177616 0
      vertex -340.05 84.60105232274701 0
      vertex -340.85 85.9866929688021 0
    endloop
  endfacet
  facet normal 0 0 -1
    outer loop
      vertex -330.95 91.70246063377941 0
      vertex -334.25 91.76019566069836 0
      vertex -333.45 93.14583630675347 0
    endloop
  endfacet
  facet normal 0 0 -1
    outer loop
      vertex -333.45 93.14583630675347 0
      vertex -334.25 91.76019566069836 0
      vertex -335.05 93.14583630675347 0
    endloop
  endfacet
  facet normal 0 0 -1
    outer loop
      vertex -334.25 91.76019566069836 0
      vertex -336.75 90.3168199877243 0
      vertex -335.05 93.14583630675347 0
    endloop
  endfacet
  facet normal 0 0 -1
    outer loop
      vertex -333.45 93.14583630675347 0
      vertex -335.05 96.03258765270161 0
      vertex -333.45 96.03258765270161 0
    endloop
  endfacet
  facet normal 0 0 -1
    outer loop
      vertex -333.45 96.03258765270161 0
      vertex -334.25 97.4182282987567 0
      vertex -331.75 98.86160397173076 0
    endloop
  endfacet
  facet normal 0 0 -1
    outer loop
      vertex -333.45 96.03258765270161 0
      vertex -335.05 96.03258765270161 0
      vertex -334.25 97.4182282987567 0
    endloop
  endfacet
  facet normal 0 0 -1
    outer loop
      vertex -333.45 93.14583630675347 0
      vertex -335.05 93.14583630675347 0
      vertex -335.05 96.03258765270161 0
    endloop
  endfacet
  facet normal 0 0 -1
    outer loop
      vertex -334.25 97.4182282987567 0
      vertex -335.05 96.03258765270161 0
      vertex -337.55 97.47596332567566 0
    endloop
  endfacet
  facet normal 0 0 -1
    outer loop
      vertex -336.75 90.3168199877243 0
      vertex -338.35 90.3168199877243 0
      vertex -337.55 91.70246063377941 0
    endloop
  endfacet
  facet normal 0 0 -1
    outer loop
      vertex -335.05 93.14583630675347 0
      vertex -336.75 90.3168199877243 0
      vertex -337.55 91.70246063377941 0
    endloop
  endfacet
  facet normal 0 0 -1
    outer loop
      vertex -337.55 91.70246063377941 0
      vertex -338.35 90.3168199877243 0
      vertex -340.85 91.76019566069836 0
    endloop
  endfacet
  facet normal 0 0 -1
    outer loop
      vertex -337.55 91.70246063377941 0
      vertex -340.85 91.76019566069836 0
      vertex -340.05 93.14583630675347 0
    endloop
  endfacet
  facet normal 0 0 -1
    outer loop
      vertex -337.55 97.47596332567566 0
      vertex -340.05 96.03258765270161 0
      vertex -338.35 98.86160397173076 0
    endloop
  endfacet
  facet normal 0 0 -1
    outer loop
      vertex -338.35 98.86160397173076 0
      vertex -340.05 96.03258765270161 0
      vertex -340.85 97.4182282987567 0
    endloop
  endfacet
  facet normal 0 0 1
    outer loop
      vertex -307.85 97.4182282987567 5.6
      vertex -311.95000000000005 98.86160397173076 5.6
      vertex -311.15000000000003 97.47596332567566 5.6
    endloop
  endfacet
  facet normal 0 0 1
    outer loop
      vertex -307.85 97.4182282987567 5.6
      vertex -310.35 98.86160397173076 5.6
      vertex -311.95000000000005 98.86160397173076 5.6
    endloop
  endfacet
  facet normal 0 0 1
    outer loop
      vertex -310.35 98.86160397173076 5.6
      vertex -310.35 101.7483553176789 5.6
      vertex -311.95000000000005 98.86160397173076 5.6
    endloop
  endfacet
  facet normal 0 0 1
    outer loop
      vertex -311.95000000000005 98.86160397173076 5.6
      vertex -310.35 101.7483553176789 5.6
      vertex -311.95000000000005 101.7483553176789 5.6
    endloop
  endfacet
  facet normal 0 0 1
    outer loop
      vertex -307.85 103.19173099065296 5.6
      vertex -311.95000000000005 101.7483553176789 5.6
      vertex -310.35 101.7483553176789 5.6
    endloop
  endfacet
  facet normal 0 0 1
    outer loop
      vertex -307.85 103.19173099065296 5.6
      vertex -314.45000000000005 103.19173099065296 5.6
      vertex -311.95000000000005 101.7483553176789 5.6
    endloop
  endfacet
  facet normal 0 0 1
    outer loop
      vertex -314.45000000000005 97.4182282987567 5.6
      vertex -318.55 98.86160397173076 5.6
      vertex -317.75 97.47596332567566 5.6
    endloop
  endfacet
  facet normal 0 0 1
    outer loop
      vertex -314.45000000000005 97.4182282987567 5.6
      vertex -316.95000000000005 98.86160397173076 5.6
      vertex -318.55 98.86160397173076 5.6
    endloop
  endfacet
  facet normal 0 0 1
    outer loop
      vertex -316.95000000000005 98.86160397173076 5.6
      vertex -316.95000000000005 101.7483553176789 5.6
      vertex -318.55 98.86160397173076 5.6
    endloop
  endfacet
  facet normal 0 0 1
    outer loop
      vertex -280.04999999701977 106 5.6
      vertex -334.25 103.19173099065296 5.6
      vertex -327.65000000000003 103.19173099065296 5.6
    endloop
  endfacet
  facet normal 0 0 1
    outer loop
      vertex -314.45000000000005 103.19173099065296 5.6
      vertex -318.55 101.7483553176789 5.6
      vertex -316.95000000000005 101.7483553176789 5.6
    endloop
  endfacet
  facet normal 0 0 1
    outer loop
      vertex -316.95000000000005 101.7483553176789 5.6
      vertex -318.55 101.7483553176789 5.6
      vertex -318.55 98.86160397173076 5.6
    endloop
  endfacet
  facet normal 0 0 1
    outer loop
      vertex -314.45000000000005 103.19173099065296 5.6
      vertex -321.05 103.19173099065296 5.6
      vertex -318.55 101.7483553176789 5.6
    endloop
  endfacet
  facet normal 0 0 1
    outer loop
      vertex -280.04999999701977 106 5.6
      vertex -340.85 103.19173099065296 5.6
      vertex -334.25 103.19173099065296 5.6
    endloop
  endfacet
  facet normal 0 0 1
    outer loop
      vertex -321.05 97.4182282987567 5.6
      vertex -325.15000000000003 98.86160397173076 5.6
      vertex -324.35 97.47596332567566 5.6
    endloop
  endfacet
  facet normal 0 0 1
    outer loop
      vertex -321.05 97.4182282987567 5.6
      vertex -323.55 98.86160397173076 5.6
      vertex -325.15000000000003 98.86160397173076 5.6
    endloop
  endfacet
  facet normal 0 0 1
    outer loop
      vertex -323.55 98.86160397173076 5.6
      vertex -323.55 101.7483553176789 5.6
      vertex -325.15000000000003 98.86160397173076 5.6
    endloop
  endfacet
  facet normal 0 0 1
    outer loop
      vertex -323.55 101.7483553176789 5.6
      vertex -325.15000000000003 101.7483553176789 5.6
      vertex -325.15000000000003 98.86160397173076 5.6
    endloop
  endfacet
  facet normal 0 0 1
    outer loop
      vertex -280.04999999701977 106 5.6
      vertex -347.45 103.19173099065296 5.6
      vertex -340.85 103.19173099065296 5.6
    endloop
  endfacet
  facet normal 0 0 1
    outer loop
      vertex -321.05 103.19173099065296 5.6
      vertex -325.15000000000003 101.7483553176789 5.6
      vertex -323.55 101.7483553176789 5.6
    endloop
  endfacet
  facet normal 0 0 1
    outer loop
      vertex -321.05 103.19173099065296 5.6
      vertex -327.65000000000003 103.19173099065296 5.6
      vertex -325.15000000000003 101.7483553176789 5.6
    endloop
  endfacet
  facet normal 0 0 1
    outer loop
      vertex -280.04999999701977 127.60000000149012 5.6
      vertex -331.025 127.60000000149012 5.6
      vertex -321.025 127 5.6
    endloop
  endfacet
  facet normal 0 0 1
    outer loop
      vertex -321.025 127 5.6
      vertex -331.025 127.60000000149012 5.6
      vertex -322.1200412552816 126.91381838416596 5.6
    endloop
  endfacet
  facet normal 0 0 1
    outer loop
      vertex -280.04999999701977 106 5.6
      vertex -354.05 103.19173099065296 5.6
      vertex -347.45 103.19173099065296 5.6
    endloop
  endfacet
  facet normal 0 0 1
    outer loop
      vertex -327.65000000000003 97.4182282987567 5.6
      vertex -330.15000000000003 98.86160397173076 5.6
      vertex -331.75 98.86160397173076 5.6
    endloop
  endfacet
  facet normal 0 0 1
    outer loop
      vertex -330.95 97.47596332567566 5.6
      vertex -331.75 98.86160397173076 5.6
      vertex -334.25 97.4182282987567 5.6
    endloop
  endfacet
  facet normal 0 0 1
    outer loop
      vertex -330.15000000000003 98.86160397173076 5.6
      vertex -330.15000000000003 101.7483553176789 5.6
      vertex -331.75 98.86160397173076 5.6
    endloop
  endfacet
  facet normal 0 0 1
    outer loop
      vertex -331.75 98.86160397173076 5.6
      vertex -330.15000000000003 101.7483553176789 5.6
      vertex -331.75 101.7483553176789 5.6
    endloop
  endfacet
  facet normal 0 0 1
    outer loop
      vertex -327.65000000000003 103.19173099065296 5.6
      vertex -331.75 101.7483553176789 5.6
      vertex -330.15000000000003 101.7483553176789 5.6
    endloop
  endfacet
  facet normal 0 0 1
    outer loop
      vertex -327.65000000000003 103.19173099065296 5.6
      vertex -334.25 103.19173099065296 5.6
      vertex -331.75 101.7483553176789 5.6
    endloop
  endfacet
  facet normal 0 0 1
    outer loop
      vertex -335.05 96.03258765270161 5.6
      vertex -336.75 98.86160397173076 5.6
      vertex -338.35 98.86160397173076 5.6
    endloop
  endfacet
  facet normal 0 0 1
    outer loop
      vertex -336.75 98.86160397173076 5.6
      vertex -336.75 101.7483553176789 5.6
      vertex -338.35 98.86160397173076 5.6
    endloop
  endfacet
  facet normal 0 0 1
    outer loop
      vertex -338.35 98.86160397173076 5.6
      vertex -336.75 101.7483553176789 5.6
      vertex -338.35 101.7483553176789 5.6
    endloop
  endfacet
  facet normal 0 0 1
    outer loop
      vertex -337.55 97.47596332567566 5.6
      vertex -338.35 98.86160397173076 5.6
      vertex -340.85 97.4182282987567 5.6
    endloop
  endfacet
  facet normal 0 0 1
    outer loop
      vertex -334.25 103.19173099065296 5.6
      vertex -338.35 101.7483553176789 5.6
      vertex -336.75 101.7483553176789 5.6
    endloop
  endfacet
  facet normal 0 0 1
    outer loop
      vertex -334.25 103.19173099065296 5.6
      vertex -340.85 103.19173099065296 5.6
      vertex -338.35 101.7483553176789 5.6
    endloop
  endfacet
  facet normal 0 0 1
    outer loop
      vertex -280.04999999701977 107.7 5.6
      vertex -374.7008134749222 107.7 5.6
      vertex -354.05 103.19173099065296 5.6
    endloop
  endfacet
  facet normal 0 0 1
    outer loop
      vertex -280.04999999701977 109.3 5.6
      vertex -321.025 113 5.6
      vertex -397.65 109.3 5.6
    endloop
  endfacet
  facet normal 0 0 1
    outer loop
      vertex -325.9747474683058 124.94974746830583 5.6
      vertex -331.025 127.60000000149012 5.6
      vertex -326.6881189606246 124.11449676604731 5.6
    endloop
  endfacet
  facet normal 0 0 1
    outer loop
      vertex -322.1200412552816 126.91381838416596 5.6
      vertex -331.025 127.60000000149012 5.6
      vertex -323.1881189606246 126.65739561406608 5.6
    endloop
  endfacet
  facet normal 0 0 1
    outer loop
      vertex -323.1881189606246 126.65739561406608 5.6
      vertex -331.025 127.60000000149012 5.6
      vertex -324.20293349817683 126.23704566931858 5.6
    endloop
  endfacet
  facet normal 0 0 1
    outer loop
      vertex -324.20293349817683 126.23704566931858 5.6
      vertex -331.025 127.60000000149012 5.6
      vertex -325.1394967660473 125.66311896062463 5.6
    endloop
  endfacet
  facet normal 0 0 1
    outer loop
      vertex -325.1394967660473 125.66311896062463 5.6
      vertex -331.025 127.60000000149012 5.6
      vertex -325.9747474683058 124.94974746830583 5.6
    endloop
  endfacet
  facet normal 0 1 0
    outer loop
      vertex -280.04999999701977 130 1.19
      vertex -394.04999999701977 130 5.6
      vertex -331.025 130 5.6
    endloop
  endfacet
  facet normal 0 0 -1
    outer loop
      vertex -311.15000000000003 97.47596332567566 0
      vertex -311.95000000000005 98.86160397173076 0
      vertex -310.35 98.86160397173076 0
    endloop
  endfacet
  facet normal 0 0 -1
    outer loop
      vertex -310.35 98.86160397173076 0
      vertex -311.95000000000005 101.7483553176789 0
      vertex -310.35 101.7483553176789 0
    endloop
  endfacet
  facet normal 0 0 -1
    outer loop
      vertex -310.35 98.86160397173076 0
      vertex -311.95000000000005 98.86160397173076 0
      vertex -311.95000000000005 101.7483553176789 0
    endloop
  endfacet
  facet normal 0 0 -1
    outer loop
      vertex -307.85 103.19173099065296 0
      vertex -310.35 101.7483553176789 0
      vertex -314.45000000000005 103.19173099065296 0
    endloop
  endfacet
  facet normal 0 0 -1
    outer loop
      vertex -310.35 101.7483553176789 0
      vertex -311.95000000000005 101.7483553176789 0
      vertex -314.45000000000005 103.19173099065296 0
    endloop
  endfacet
  facet normal 0 0 -1
    outer loop
      vertex -314.45000000000005 97.4182282987567 0
      vertex -317.75 97.47596332567566 0
      vertex -316.95000000000005 98.86160397173076 0
    endloop
  endfacet
  facet normal 0 0 -1
    outer loop
      vertex -316.95000000000005 98.86160397173076 0
      vertex -318.55 101.7483553176789 0
      vertex -316.95000000000005 101.7483553176789 0
    endloop
  endfacet
  facet normal 0 0 -1
    outer loop
      vertex -314.45000000000005 103.19173099065296 0
      vertex -316.95000000000005 101.7483553176789 0
      vertex -321.05 103.19173099065296 0
    endloop
  endfacet
  facet normal 0 0 -1
    outer loop
      vertex -317.75 97.47596332567566 0
      vertex -318.55 98.86160397173076 0
      vertex -316.95000000000005 98.86160397173076 0
    endloop
  endfacet
  facet normal 0 0 -1
    outer loop
      vertex -316.95000000000005 98.86160397173076 0
      vertex -318.55 98.86160397173076 0
      vertex -318.55 101.7483553176789 0
    endloop
  endfacet
  facet normal 0 0 -1
    outer loop
      vertex -316.95000000000005 101.7483553176789 0
      vertex -318.55 101.7483553176789 0
      vertex -321.05 103.19173099065296 0
    endloop
  endfacet
  facet normal 0 0 -1
    outer loop
      vertex -321.05 97.4182282987567 0
      vertex -324.35 97.47596332567566 0
      vertex -323.55 98.86160397173076 0
    endloop
  endfacet
  facet normal 0 0 -1
    outer loop
      vertex -324.35 97.47596332567566 0
      vertex -325.15000000000003 98.86160397173076 0
      vertex -323.55 98.86160397173076 0
    endloop
  endfacet
  facet normal 0 0 -1
    outer loop
      vertex -323.55 98.86160397173076 0
      vertex -325.15000000000003 101.7483553176789 0
      vertex -323.55 101.7483553176789 0
    endloop
  endfacet
  facet normal 0 0 -1
    outer loop
      vertex -323.55 98.86160397173076 0
      vertex -325.15000000000003 98.86160397173076 0
      vertex -325.15000000000003 101.7483553176789 0
    endloop
  endfacet
  facet normal 0 0 -1
    outer loop
      vertex -321.05 103.19173099065296 0
      vertex -323.55 101.7483553176789 0
      vertex -327.65000000000003 103.19173099065296 0
    endloop
  endfacet
  facet normal 0 0 -1
    outer loop
      vertex -281.0501960784314 110.80024390243902 0
      vertex -360.05 110.80024390243902 0
      vertex -320.2115407817908 114.86402062890528 0
    endloop
  endfacet
  facet normal 0 0 -1
    outer loop
      vertex -281.0501960784314 109.19975609756098 0
      vertex -327.65000000000003 103.19173099065296 0
      vertex -360.05 109.19975609756098 0
    endloop
  endfacet
  facet normal 0 0.7041420109526376 -0.7100591724719677
    outer loop
      vertex -280.04999999701977 130 1.19
      vertex -280.04999999701977 129.8084033608687 1
      vertex -394.04999999701977 130 1.19
    endloop
  endfacet
  facet normal 0 0.7041420109526376 -0.7100591724719677
    outer loop
      vertex -280.06 129.8084033608687 1
      vertex -394.04999999701977 130 1.19
      vertex -280.04999999701977 129.8084033608687 1
    endloop
  endfacet
  facet normal -5.049922234093331e-17 0.7041420109526225 -0.7100591724719828
    outer loop
      vertex -280.06 129.8084033608687 1
      vertex -281.0501960784314 128.79999999701977 0
      vertex -394.04999999701977 130 1.19
    endloop
  endfacet
  facet normal 0 0 -1
    outer loop
      vertex -323.55 101.7483553176789 0
      vertex -325.15000000000003 101.7483553176789 0
      vertex -327.65000000000003 103.19173099065296 0
    endloop
  endfacet
  facet normal 0 0 -1
    outer loop
      vertex -327.65000000000003 97.4182282987567 0
      vertex -330.95 97.47596332567566 0
      vertex -330.15000000000003 98.86160397173076 0
    endloop
  endfacet
  facet normal 0 0 -1
    outer loop
      vertex -330.95 97.47596332567566 0
      vertex -331.75 98.86160397173076 0
      vertex -330.15000000000003 98.86160397173076 0
    endloop
  endfacet
  facet normal 0 0 -1
    outer loop
      vertex -330.15000000000003 98.86160397173076 0
      vertex -331.75 98.86160397173076 0
      vertex -331.75 101.7483553176789 0
    endloop
  endfacet
  facet normal 0 0 -1
    outer loop
      vertex -330.15000000000003 98.86160397173076 0
      vertex -331.75 101.7483553176789 0
      vertex -330.15000000000003 101.7483553176789 0
    endloop
  endfacet
  facet normal 0 0 -1
    outer loop
      vertex -327.65000000000003 103.19173099065296 0
      vertex -330.15000000000003 101.7483553176789 0
      vertex -334.25 103.19173099065296 0
    endloop
  endfacet
  facet normal 0 0 -1
    outer loop
      vertex -330.15000000000003 101.7483553176789 0
      vertex -331.75 101.7483553176789 0
      vertex -334.25 103.19173099065296 0
    endloop
  endfacet
  facet normal 0 0 -1
    outer loop
      vertex -334.25 97.4182282987567 0
      vertex -337.55 97.47596332567566 0
      vertex -336.75 98.86160397173076 0
    endloop
  endfacet
  facet normal 0 0 -1
    outer loop
      vertex -337.55 97.47596332567566 0
      vertex -338.35 98.86160397173076 0
      vertex -336.75 98.86160397173076 0
    endloop
  endfacet
  facet normal 0 0 -1
    outer loop
      vertex -336.75 98.86160397173076 0
      vertex -338.35 98.86160397173076 0
      vertex -338.35 101.7483553176789 0
    endloop
  endfacet
  facet normal 0 0 -1
    outer loop
      vertex -336.75 98.86160397173076 0
      vertex -338.35 101.7483553176789 0
      vertex -336.75 101.7483553176789 0
    endloop
  endfacet
  facet normal 0 0 -1
    outer loop
      vertex -334.25 103.19173099065296 0
      vertex -336.75 101.7483553176789 0
      vertex -340.85 103.19173099065296 0
    endloop
  endfacet
  facet normal 0 0 -1
    outer loop
      vertex -336.75 101.7483553176789 0
      vertex -338.35 101.7483553176789 0
      vertex -340.85 103.19173099065296 0
    endloop
  endfacet
  facet normal 0 0 -1
    outer loop
      vertex -320.2115407817908 114.86402062890528 0
      vertex -360.05 110.80024390243902 0
      vertex -321.025 114.8 0
    endloop
  endfacet
  facet normal 0 0 -1
    outer loop
      vertex -321.025 114.8 0
      vertex -360.05 110.80024390243902 0
      vertex -321.83845921820915 114.86402062890528 0
    endloop
  endfacet
  facet normal 0 0 -1
    outer loop
      vertex -321.83845921820915 114.86402062890528 0
      vertex -360.05 110.80024390243902 0
      vertex -322.6318883707497 115.0545061152652 0
    endloop
  endfacet
  facet normal 0 0 -1
    outer loop
      vertex -322.6318883707497 115.0545061152652 0
      vertex -360.05 110.80024390243902 0
      vertex -323.38575059864564 115.3667660742205 0
    endloop
  endfacet
  facet normal 0 0 -1
    outer loop
      vertex -281.0501960784314 128.79999999701977 0
      vertex -321.83845921820915 125.13597937109472 0
      vertex -393.5529437214136 128.79999999701977 0
    endloop
  endfacet
  facet normal 0 0 1
    outer loop
      vertex -331.025 0 5.6
      vertex -331.025 2.399999998509884 5.6
      vertex -394.04999999701977 0 5.6
    endloop
  endfacet
  facet normal 0 0 1
    outer loop
      vertex -331.025 2.399999998509884 5.6
      vertex -330.025 17 5.6
      vertex -397.65 20.7 5.6
    endloop
  endfacet
  facet normal 0 -1 0
    outer loop
      vertex -296.04999999701977 0 5.6
      vertex -331.025 0 5.6
      vertex -394.04999999701977 0 1.19
    endloop
  endfacet
  facet normal 0 0 1
    outer loop
      vertex -300.025 17 5.6
      vertex -397.65 20.7 5.6
      vertex -330.025 17 5.6
    endloop
  endfacet
  facet normal 0 0 1
    outer loop
      vertex -314.45000000000005 28.829016319029165 5.6
      vertex -321.05 28.829016319029165 5.6
      vertex -397.65 22.3 5.6
    endloop
  endfacet
  facet normal 0 0 1
    outer loop
      vertex -340.85 28.829016319029165 5.6
      vertex -343.35 30.27239199200323 5.6
      vertex -347.45 28.829016319029165 5.6
    endloop
  endfacet
  facet normal 0 0 1
    outer loop
      vertex -343.35 30.27239199200323 5.6
      vertex -344.95 30.27239199200323 5.6
      vertex -347.45 28.829016319029165 5.6
    endloop
  endfacet
  facet normal 0 0 1
    outer loop
      vertex -343.35 30.27239199200323 5.6
      vertex -343.35 33.159143337951356 5.6
      vertex -344.95 30.27239199200323 5.6
    endloop
  endfacet
  facet normal 0 0 1
    outer loop
      vertex -344.95 30.27239199200323 5.6
      vertex -343.35 33.159143337951356 5.6
      vertex -344.95 33.159143337951356 5.6
    endloop
  endfacet
  facet normal 0 0 1
    outer loop
      vertex -321.05 28.829016319029165 5.6
      vertex -327.65000000000003 28.829016319029165 5.6
      vertex -397.65 22.3 5.6
    endloop
  endfacet
  facet normal 0 0 1
    outer loop
      vertex -347.45 28.829016319029165 5.6
      vertex -349.95 30.27239199200323 5.6
      vertex -354.05 28.829016319029165 5.6
    endloop
  endfacet
  facet normal 0 0 1
    outer loop
      vertex -349.95 30.27239199200323 5.6
      vertex -349.95 33.159143337951356 5.6
      vertex -351.55 30.27239199200323 5.6
    endloop
  endfacet
  facet normal 0 0 1
    outer loop
      vertex -351.55 30.27239199200323 5.6
      vertex -349.95 33.159143337951356 5.6
      vertex -351.55 33.159143337951356 5.6
    endloop
  endfacet
  facet normal 0 0 1
    outer loop
      vertex -327.65000000000003 28.829016319029165 5.6
      vertex -334.25 28.829016319029165 5.6
      vertex -397.65 22.3 5.6
    endloop
  endfacet
  facet normal 0 0 1
    outer loop
      vertex -349.95 30.27239199200323 5.6
      vertex -351.55 30.27239199200323 5.6
      vertex -354.05 28.829016319029165 5.6
    endloop
  endfacet
  facet normal 0 0 1
    outer loop
      vertex -334.25 28.829016319029165 5.6
      vertex -340.85 28.829016319029165 5.6
      vertex -397.65 22.3 5.6
    endloop
  endfacet
  facet normal 0 0 1
    outer loop
      vertex -354.05 28.829016319029165 5.6
      vertex -356.55 30.27239199200323 5.6
      vertex -360.65000000000003 28.829016319029165 5.6
    endloop
  endfacet
  facet normal 0 0 1
    outer loop
      vertex -356.55 30.27239199200323 5.6
      vertex -358.15000000000003 30.27239199200323 5.6
      vertex -360.65000000000003 28.829016319029165 5.6
    endloop
  endfacet
  facet normal 0 0 1
    outer loop
      vertex -356.55 30.27239199200323 5.6
      vertex -356.55 33.159143337951356 5.6
      vertex -358.15000000000003 30.27239199200323 5.6
    endloop
  endfacet
  facet normal 0 0 1
    outer loop
      vertex -358.15000000000003 30.27239199200323 5.6
      vertex -356.55 33.159143337951356 5.6
      vertex -358.15000000000003 33.159143337951356 5.6
    endloop
  endfacet
  facet normal 0 0 1
    outer loop
      vertex -340.85 28.829016319029165 5.6
      vertex -347.45 28.829016319029165 5.6
      vertex -397.65 22.3 5.6
    endloop
  endfacet
  facet normal 0 0 1
    outer loop
      vertex -347.45 28.829016319029165 5.6
      vertex -354.05 28.829016319029165 5.6
      vertex -397.65 22.3 5.6
    endloop
  endfacet
  facet normal 0 0 -1
    outer loop
      vertex -321.83845921820915 4.864020628905283 0
      vertex -393.5529437214136 1.2000000029802322 0
      vertex -322.6318883707497 5.054506115265202 0
    endloop
  endfacet
  facet normal 0 0 -1
    outer loop
      vertex -322.6318883707497 5.054506115265202 0
      vertex -393.5529437214136 1.2000000029802322 0
      vertex -323.38575059864564 5.366766074220487 0
    endloop
  endfacet
  facet normal 0 0 -1
    outer loop
      vertex -323.38575059864564 5.366766074220487 0
      vertex -393.5529437214136 1.2000000029802322 0
      vertex -324.08148331192086 5.793111629250273 0
    endloop
  endfacet
  facet normal 0 0 -1
    outer loop
      vertex -324.08148331192086 5.793111629250273 0
      vertex -393.5529437214136 1.2000000029802322 0
      vertex -324.70195526217003 6.323044737829953 0
    endloop
  endfacet
  facet normal 0 0 -1
    outer loop
      vertex -324.70195526217003 6.323044737829953 0
      vertex -393.5529437214136 1.2000000029802322 0
      vertex -325.2318883707497 6.943516688079139 0
    endloop
  endfacet
  facet normal 0 0 -1
    outer loop
      vertex -325.2318883707497 6.943516688079139 0
      vertex -393.5529437214136 1.2000000029802322 0
      vertex -325.6582339257795 7.639249401354356 0
    endloop
  endfacet
  facet normal 0 0 -1
    outer loop
      vertex -325.6582339257795 7.639249401354356 0
      vertex -393.5529437214136 1.2000000029802322 0
      vertex -325.97049388473476 8.393111629250274 0
    endloop
  endfacet
  facet normal 0 0 -1
    outer loop
      vertex -325.97049388473476 8.393111629250274 0
      vertex -393.5529437214136 1.2000000029802322 0
      vertex -326.1609793710947 9.1865407817908 0
    endloop
  endfacet
  facet normal 0 0 -1
    outer loop
      vertex -326.1609793710947 9.1865407817908 0
      vertex -393.5529437214136 1.2000000029802322 0
      vertex -326.22499999999997 10 0
    endloop
  endfacet
  facet normal 0 0 -1
    outer loop
      vertex -340.85 28.829016319029165 0
      vertex -344.95 30.27239199200323 0
      vertex -343.35 30.27239199200323 0
    endloop
  endfacet
  facet normal 0 0 -1
    outer loop
      vertex -340.85 28.829016319029165 0
      vertex -347.45 28.829016319029165 0
      vertex -344.95 30.27239199200323 0
    endloop
  endfacet
  facet normal 0 0 -1
    outer loop
      vertex -343.35 30.27239199200323 0
      vertex -344.95 30.27239199200323 0
      vertex -344.95 33.159143337951356 0
    endloop
  endfacet
  facet normal 0 0 -1
    outer loop
      vertex -343.35 30.27239199200323 0
      vertex -344.95 33.159143337951356 0
      vertex -343.35 33.159143337951356 0
    endloop
  endfacet
  facet normal 0 0 -1
    outer loop
      vertex -347.45 28.829016319029165 0
      vertex -351.55 30.27239199200323 0
      vertex -349.95 30.27239199200323 0
    endloop
  endfacet
  facet normal 0 0 -1
    outer loop
      vertex -347.45 28.829016319029165 0
      vertex -354.05 28.829016319029165 0
      vertex -351.55 30.27239199200323 0
    endloop
  endfacet
  facet normal 0 0 -1
    outer loop
      vertex -349.95 30.27239199200323 0
      vertex -351.55 30.27239199200323 0
      vertex -351.55 33.159143337951356 0
    endloop
  endfacet
  facet normal 0 0 -1
    outer loop
      vertex -349.95 30.27239199200323 0
      vertex -351.55 33.159143337951356 0
      vertex -349.95 33.159143337951356 0
    endloop
  endfacet
  facet normal 0 0 -1
    outer loop
      vertex -347.45 28.829016319029165 0
      vertex -360.05 20.800243902439025 0
      vertex -354.05 28.829016319029165 0
    endloop
  endfacet
  facet normal 0 -0.7041420109526249 -0.7100591724719804
    outer loop
      vertex -297.0501960784314 1.2000000029802322 0
      vertex -394.04999999701977 0 1.19
      vertex -393.5529437214136 1.2000000029802322 0
    endloop
  endfacet
  facet normal 0 0 -1
    outer loop
      vertex -326.22499999999997 10 0
      vertex -393.5529437214136 1.2000000029802322 0
      vertex -360.05 19.199756097560975 0
    endloop
  endfacet
  facet normal 0 0 -1
    outer loop
      vertex -354.05 28.829016319029165 0
      vertex -360.05 20.800243902439025 0
      vertex -360.65000000000003 28.829016319029165 0
    endloop
  endfacet
  facet normal 0 0 -1
    outer loop
      vertex -354.05 28.829016319029165 0
      vertex -358.15000000000003 30.27239199200323 0
      vertex -356.55 30.27239199200323 0
    endloop
  endfacet
  facet normal 0 0 -1
    outer loop
      vertex -354.05 28.829016319029165 0
      vertex -360.65000000000003 28.829016319029165 0
      vertex -358.15000000000003 30.27239199200323 0
    endloop
  endfacet
  facet normal 0 0 -1
    outer loop
      vertex -356.55 30.27239199200323 0
      vertex -358.15000000000003 30.27239199200323 0
      vertex -358.15000000000003 33.159143337951356 0
    endloop
  endfacet
  facet normal 0 0 -1
    outer loop
      vertex -356.55 30.27239199200323 0
      vertex -358.15000000000003 33.159143337951356 0
      vertex -356.55 33.159143337951356 0
    endloop
  endfacet
  facet normal 0 0 -1
    outer loop
      vertex -360.05 20.800243902439025 0
      vertex -360.6158578900179 20.56585789001782 0
      vertex -371.05 27 0
    endloop
  endfacet
  facet normal 0 0 -1
    outer loop
      vertex -360.05 20.800243902439025 0
      vertex -371.05 27 0
      vertex -360.65000000000003 28.829016319029165 0
    endloop
  endfacet
  facet normal 0 0 -1
    outer loop
      vertex -360.65000000000003 28.829016319029165 0
      vertex -371.05 27 0
      vertex -363.15000000000003 30.27239199200323 0
    endloop
  endfacet
  facet normal 0 0 -1
    outer loop
      vertex -363.15000000000003 30.27239199200323 0
      vertex -371.05 33 0
      vertex -363.15000000000003 33.159143337951356 0
    endloop
  endfacet
  facet normal 0 0 -1
    outer loop
      vertex -363.15000000000003 30.27239199200323 0
      vertex -371.05 27 0
      vertex -371.05 33 0
    endloop
  endfacet
  facet normal 0 0 1
    outer loop
      vertex -338.35 33.159143337951356 5.6
      vertex -341.65 35.98815965698052 5.6
      vertex -340.85 34.60251901092542 5.6
    endloop
  endfacet
  facet normal 0 0 1
    outer loop
      vertex -340.85 34.60251901092542 5.6
      vertex -344.95 33.159143337951356 5.6
      vertex -343.35 33.159143337951356 5.6
    endloop
  endfacet
  facet normal 0 0 1
    outer loop
      vertex -340.85 34.60251901092542 5.6
      vertex -344.15 34.54478398400646 5.6
      vertex -344.95 33.159143337951356 5.6
    endloop
  endfacet
  facet normal 0 0 1
    outer loop
      vertex -340.85 34.60251901092542 5.6
      vertex -341.65 35.98815965698052 5.6
      vertex -344.15 34.54478398400646 5.6
    endloop
  endfacet
  facet normal 0 0 1
    outer loop
      vertex -340.05 35.98815965698052 5.6
      vertex -340.05 38.87491100292865 5.6
      vertex -341.65 35.98815965698052 5.6
    endloop
  endfacet
  facet normal 0 0 1
    outer loop
      vertex -341.65 35.98815965698052 5.6
      vertex -340.05 38.87491100292865 5.6
      vertex -341.65 38.87491100292865 5.6
    endloop
  endfacet
  facet normal 0 0 1
    outer loop
      vertex -340.05 38.87491100292865 5.6
      vertex -340.85 40.26055164898376 5.6
      vertex -341.65 38.87491100292865 5.6
    endloop
  endfacet
  facet normal 0 0 1
    outer loop
      vertex -340.85 40.26055164898376 5.6
      vertex -343.35 41.70392732195782 5.6
      vertex -341.65 38.87491100292865 5.6
    endloop
  endfacet
  facet normal 0 0 1
    outer loop
      vertex -341.65 38.87491100292865 5.6
      vertex -343.35 41.70392732195782 5.6
      vertex -344.15 40.31828667590271 5.6
    endloop
  endfacet
  facet normal 0 0 1
    outer loop
      vertex -344.95 33.159143337951356 5.6
      vertex -344.15 34.54478398400646 5.6
      vertex -346.65 35.98815965698052 5.6
    endloop
  endfacet
  facet normal 0 0 1
    outer loop
      vertex -344.95 33.159143337951356 5.6
      vertex -348.25 35.98815965698052 5.6
      vertex -347.45 34.60251901092542 5.6
    endloop
  endfacet
  facet normal 0 0 1
    outer loop
      vertex -344.95 33.159143337951356 5.6
      vertex -346.65 35.98815965698052 5.6
      vertex -348.25 35.98815965698052 5.6
    endloop
  endfacet
  facet normal 0 0 1
    outer loop
      vertex -346.65 35.98815965698052 5.6
      vertex -346.65 38.87491100292865 5.6
      vertex -348.25 35.98815965698052 5.6
    endloop
  endfacet
  facet normal 0 0 1
    outer loop
      vertex -344.15 40.31828667590271 5.6
      vertex -347.45 40.26055164898376 5.6
      vertex -346.65 38.87491100292865 5.6
    endloop
  endfacet
  facet normal 0 0 1
    outer loop
      vertex -346.65 38.87491100292865 5.6
      vertex -347.45 40.26055164898376 5.6
      vertex -348.25 38.87491100292865 5.6
    endloop
  endfacet
  facet normal 0 0 1
    outer loop
      vertex -340.85 46.03405434088001 5.6
      vertex -340.05 47.41969498693511 5.6
      vertex -341.65 47.41969498693511 5.6
    endloop
  endfacet
  facet normal 0 0 1
    outer loop
      vertex -340.05 47.41969498693511 5.6
      vertex -340.05 50.30644633288324 5.6
      vertex -341.65 47.41969498693511 5.6
    endloop
  endfacet
  facet normal 0 0 1
    outer loop
      vertex -343.35 44.59067866790595 5.6
      vertex -340.85 46.03405434088001 5.6
      vertex -344.15 45.97631931396105 5.6
    endloop
  endfacet
  facet normal 0 0 1
    outer loop
      vertex -340.85 46.03405434088001 5.6
      vertex -341.65 47.41969498693511 5.6
      vertex -344.15 45.97631931396105 5.6
    endloop
  endfacet
  facet normal 0 0 1
    outer loop
      vertex -344.15 40.31828667590271 5.6
      vertex -343.35 41.70392732195782 5.6
      vertex -344.95 41.70392732195782 5.6
    endloop
  endfacet
  facet normal 0 0 1
    outer loop
      vertex -344.15 40.31828667590271 5.6
      vertex -344.95 41.70392732195782 5.6
      vertex -347.45 40.26055164898376 5.6
    endloop
  endfacet
  facet normal 0 0 1
    outer loop
      vertex -343.35 41.70392732195782 5.6
      vertex -343.35 44.59067866790595 5.6
      vertex -344.95 41.70392732195782 5.6
    endloop
  endfacet
  facet normal 0 0 1
    outer loop
      vertex -343.35 44.59067866790595 5.6
      vertex -344.95 44.59067866790595 5.6
      vertex -344.95 41.70392732195782 5.6
    endloop
  endfacet
  facet normal 0 0 1
    outer loop
      vertex -343.35 44.59067866790595 5.6
      vertex -344.15 45.97631931396105 5.6
      vertex -344.95 44.59067866790595 5.6
    endloop
  endfacet
  facet normal 0 0 1
    outer loop
      vertex -344.95 44.59067866790595 5.6
      vertex -344.15 45.97631931396105 5.6
      vertex -346.65 47.41969498693511 5.6
    endloop
  endfacet
  facet normal 0 0 1
    outer loop
      vertex -344.95 44.59067866790595 5.6
      vertex -346.65 47.41969498693511 5.6
      vertex -347.45 46.03405434088001 5.6
    endloop
  endfacet
  facet normal 0 0 1
    outer loop
      vertex -347.45 46.03405434088001 5.6
      vertex -346.65 47.41969498693511 5.6
      vertex -348.25 47.41969498693511 5.6
    endloop
  endfacet
  facet normal 0 0 1
    outer loop
      vertex -346.65 47.41969498693511 5.6
      vertex -346.65 50.30644633288324 5.6
      vertex -348.25 47.41969498693511 5.6
    endloop
  endfacet
  facet normal 0 0 1
    outer loop
      vertex -347.45 34.60251901092542 5.6
      vertex -348.25 35.98815965698052 5.6
      vertex -350.75 34.54478398400646 5.6
    endloop
  endfacet
  facet normal 0 0 1
    outer loop
      vertex -347.45 34.60251901092542 5.6
      vertex -351.55 33.159143337951356 5.6
      vertex -349.95 33.159143337951356 5.6
    endloop
  endfacet
  facet normal 0 0 1
    outer loop
      vertex -347.45 34.60251901092542 5.6
      vertex -350.75 34.54478398400646 5.6
      vertex -351.55 33.159143337951356 5.6
    endloop
  endfacet
  facet normal 0 0 1
    outer loop
      vertex -346.65 38.87491100292865 5.6
      vertex -348.25 38.87491100292865 5.6
      vertex -348.25 35.98815965698052 5.6
    endloop
  endfacet
  facet normal 0 0 1
    outer loop
      vertex -347.45 40.26055164898376 5.6
      vertex -349.95 41.70392732195782 5.6
      vertex -348.25 38.87491100292865 5.6
    endloop
  endfacet
  facet normal 0 0 1
    outer loop
      vertex -348.25 38.87491100292865 5.6
      vertex -349.95 41.70392732195782 5.6
      vertex -350.75 40.31828667590271 5.6
    endloop
  endfacet
  facet normal 0 0 1
    outer loop
      vertex -350.75 34.54478398400646 5.6
      vertex -353.25 35.98815965698052 5.6
      vertex -351.55 33.159143337951356 5.6
    endloop
  endfacet
  facet normal 0 0 1
    outer loop
      vertex -351.55 33.159143337951356 5.6
      vertex -354.85 35.98815965698052 5.6
      vertex -354.05 34.60251901092542 5.6
    endloop
  endfacet
  facet normal 0 0 1
    outer loop
      vertex -351.55 33.159143337951356 5.6
      vertex -353.25 35.98815965698052 5.6
      vertex -354.85 35.98815965698052 5.6
    endloop
  endfacet
  facet normal 0 0 1
    outer loop
      vertex -350.75 40.31828667590271 5.6
      vertex -354.05 40.26055164898376 5.6
      vertex -353.25 38.87491100292865 5.6
    endloop
  endfacet
  facet normal 0 0 1
    outer loop
      vertex -353.25 35.98815965698052 5.6
      vertex -353.25 38.87491100292865 5.6
      vertex -354.85 35.98815965698052 5.6
    endloop
  endfacet
  facet normal 0 0 1
    outer loop
      vertex -354.85 35.98815965698052 5.6
      vertex -353.25 38.87491100292865 5.6
      vertex -354.85 38.87491100292865 5.6
    endloop
  endfacet
  facet normal 0 0 1
    outer loop
      vertex -353.25 38.87491100292865 5.6
      vertex -354.05 40.26055164898376 5.6
      vertex -354.85 38.87491100292865 5.6
    endloop
  endfacet
  facet normal 0 0 1
    outer loop
      vertex -350.75 40.31828667590271 5.6
      vertex -349.95 41.70392732195782 5.6
      vertex -351.55 41.70392732195782 5.6
    endloop
  endfacet
  facet normal 0 0 1
    outer loop
      vertex -349.95 41.70392732195782 5.6
      vertex -349.95 44.59067866790595 5.6
      vertex -351.55 41.70392732195782 5.6
    endloop
  endfacet
  facet normal 0 0 1
    outer loop
      vertex -349.95 44.59067866790595 5.6
      vertex -351.55 44.59067866790595 5.6
      vertex -351.55 41.70392732195782 5.6
    endloop
  endfacet
  facet normal 0 0 1
    outer loop
      vertex -347.45 46.03405434088001 5.6
      vertex -350.75 45.97631931396105 5.6
      vertex -349.95 44.59067866790595 5.6
    endloop
  endfacet
  facet normal 0 0 1
    outer loop
      vertex -347.45 46.03405434088001 5.6
      vertex -348.25 47.41969498693511 5.6
      vertex -350.75 45.97631931396105 5.6
    endloop
  endfacet
  facet normal 0 0 1
    outer loop
      vertex -349.95 44.59067866790595 5.6
      vertex -350.75 45.97631931396105 5.6
      vertex -351.55 44.59067866790595 5.6
    endloop
  endfacet
  facet normal 0 0 1
    outer loop
      vertex -350.75 40.31828667590271 5.6
      vertex -351.55 41.70392732195782 5.6
      vertex -354.05 40.26055164898376 5.6
    endloop
  endfacet
  facet normal 0 0 1
    outer loop
      vertex -350.75 45.97631931396105 5.6
      vertex -353.25 47.41969498693511 5.6
      vertex -351.55 44.59067866790595 5.6
    endloop
  endfacet
  facet normal 0 0 1
    outer loop
      vertex -351.55 44.59067866790595 5.6
      vertex -353.25 47.41969498693511 5.6
      vertex -354.05 46.03405434088001 5.6
    endloop
  endfacet
  facet normal 0 0 1
    outer loop
      vertex -354.05 46.03405434088001 5.6
      vertex -353.25 47.41969498693511 5.6
      vertex -354.85 47.41969498693511 5.6
    endloop
  endfacet
  facet normal 0 0 1
    outer loop
      vertex -353.25 47.41969498693511 5.6
      vertex -353.25 50.30644633288324 5.6
      vertex -354.85 47.41969498693511 5.6
    endloop
  endfacet
  facet normal 0 0 1
    outer loop
      vertex -341.65 47.41969498693511 5.6
      vertex -340.05 50.30644633288324 5.6
      vertex -341.65 50.30644633288324 5.6
    endloop
  endfacet
  facet normal 0 0 1
    outer loop
      vertex -341.65 50.30644633288324 5.6
      vertex -340.85 51.69208697893834 5.6
      vertex -343.35 53.135462651912405 5.6
    endloop
  endfacet
  facet normal 0 0 1
    outer loop
      vertex -341.65 50.30644633288324 5.6
      vertex -344.95 53.135462651912405 5.6
      vertex -344.15 51.749822005857304 5.6
    endloop
  endfacet
  facet normal 0 0 1
    outer loop
      vertex -341.65 50.30644633288324 5.6
      vertex -343.35 53.135462651912405 5.6
      vertex -344.95 53.135462651912405 5.6
    endloop
  endfacet
  facet normal 0 0 1
    outer loop
      vertex -344.15 51.749822005857304 5.6
      vertex -344.95 53.135462651912405 5.6
      vertex -347.45 51.69208697893834 5.6
    endloop
  endfacet
  facet normal 0 0 1
    outer loop
      vertex -344.15 51.749822005857304 5.6
      vertex -348.25 50.30644633288324 5.6
      vertex -346.65 50.30644633288324 5.6
    endloop
  endfacet
  facet normal 0 0 1
    outer loop
      vertex -344.15 51.749822005857304 5.6
      vertex -347.45 51.69208697893834 5.6
      vertex -348.25 50.30644633288324 5.6
    endloop
  endfacet
  facet normal 0 0 1
    outer loop
      vertex -343.35 53.135462651912405 5.6
      vertex -343.35 56.02221399786053 5.6
      vertex -344.95 53.135462651912405 5.6
    endloop
  endfacet
  facet normal 0 0 1
    outer loop
      vertex -343.35 56.02221399786053 5.6
      vertex -344.95 56.02221399786053 5.6
      vertex -344.95 53.135462651912405 5.6
    endloop
  endfacet
  facet normal 0 0 1
    outer loop
      vertex -343.35 56.02221399786053 5.6
      vertex -347.45 57.465589670834596 5.6
      vertex -344.95 56.02221399786053 5.6
    endloop
  endfacet
  facet normal 0 0 1
    outer loop
      vertex -340.05 58.851230316889705 5.6
      vertex -340.05 61.73798166283783 5.6
      vertex -341.65 58.851230316889705 5.6
    endloop
  endfacet
  facet normal 0 0 1
    outer loop
      vertex -341.65 58.851230316889705 5.6
      vertex -340.05 61.73798166283783 5.6
      vertex -341.65 61.73798166283783 5.6
    endloop
  endfacet
  facet normal 0 0 1
    outer loop
      vertex -343.35 56.02221399786053 5.6
      vertex -340.85 57.465589670834596 5.6
      vertex -341.65 58.851230316889705 5.6
    endloop
  endfacet
  facet normal 0 0 1
    outer loop
      vertex -343.35 56.02221399786053 5.6
      vertex -341.65 58.851230316889705 5.6
      vertex -344.15 57.40785464391564 5.6
    endloop
  endfacet
  facet normal 0 0 1
    outer loop
      vertex -341.65 61.73798166283783 5.6
      vertex -340.85 63.123622308892934 5.6
      vertex -343.35 64.56699798186699 5.6
    endloop
  endfacet
  facet normal 0 0 1
    outer loop
      vertex -341.65 61.73798166283783 5.6
      vertex -343.35 64.56699798186699 5.6
      vertex -344.95 64.56699798186699 5.6
    endloop
  endfacet
  facet normal 0 0 1
    outer loop
      vertex -341.65 61.73798166283783 5.6
      vertex -344.95 64.56699798186699 5.6
      vertex -344.15 63.181357335811896 5.6
    endloop
  endfacet
  facet normal 0 0 1
    outer loop
      vertex -343.35 56.02221399786053 5.6
      vertex -344.15 57.40785464391564 5.6
      vertex -347.45 57.465589670834596 5.6
    endloop
  endfacet
  facet normal 0 0 1
    outer loop
      vertex -344.15 57.40785464391564 5.6
      vertex -346.65 58.851230316889705 5.6
      vertex -348.25 58.851230316889705 5.6
    endloop
  endfacet
  facet normal 0 0 1
    outer loop
      vertex -344.15 57.40785464391564 5.6
      vertex -348.25 58.851230316889705 5.6
      vertex -347.45 57.465589670834596 5.6
    endloop
  endfacet
  facet normal 0 0 1
    outer loop
      vertex -346.65 58.851230316889705 5.6
      vertex -346.65 61.73798166283783 5.6
      vertex -348.25 58.851230316889705 5.6
    endloop
  endfacet
  facet normal 0 0 1
    outer loop
      vertex -344.15 63.181357335811896 5.6
      vertex -344.95 64.56699798186699 5.6
      vertex -347.45 63.123622308892934 5.6
    endloop
  endfacet
  facet normal 0 0 1
    outer loop
      vertex -344.15 63.181357335811896 5.6
      vertex -348.25 61.73798166283783 5.6
      vertex -346.65 61.73798166283783 5.6
    endloop
  endfacet
  facet normal 0 0 1
    outer loop
      vertex -344.15 63.181357335811896 5.6
      vertex -347.45 63.123622308892934 5.6
      vertex -348.25 61.73798166283783 5.6
    endloop
  endfacet
  facet normal 0 0 1
    outer loop
      vertex -348.25 47.41969498693511 5.6
      vertex -346.65 50.30644633288324 5.6
      vertex -348.25 50.30644633288324 5.6
    endloop
  endfacet
  facet normal 0 0 1
    outer loop
      vertex -347.45 51.69208697893834 5.6
      vertex -349.95 53.135462651912405 5.6
      vertex -348.25 50.30644633288324 5.6
    endloop
  endfacet
  facet normal 0 0 1
    outer loop
      vertex -348.25 50.30644633288324 5.6
      vertex -351.55 53.135462651912405 5.6
      vertex -350.75 51.749822005857304 5.6
    endloop
  endfacet
  facet normal 0 0 1
    outer loop
      vertex -348.25 50.30644633288324 5.6
      vertex -349.95 53.135462651912405 5.6
      vertex -351.55 53.135462651912405 5.6
    endloop
  endfacet
  facet normal 0 0 1
    outer loop
      vertex -349.95 53.135462651912405 5.6
      vertex -349.95 56.02221399786053 5.6
      vertex -351.55 53.135462651912405 5.6
    endloop
  endfacet
  facet normal 0 0 1
    outer loop
      vertex -349.95 56.02221399786053 5.6
      vertex -351.55 56.02221399786053 5.6
      vertex -351.55 53.135462651912405 5.6
    endloop
  endfacet
  facet normal 0 0 1
    outer loop
      vertex -350.75 51.749822005857304 5.6
      vertex -351.55 53.135462651912405 5.6
      vertex -354.05 51.69208697893834 5.6
    endloop
  endfacet
  facet normal 0 0 1
    outer loop
      vertex -350.75 51.749822005857304 5.6
      vertex -354.85 50.30644633288324 5.6
      vertex -353.25 50.30644633288324 5.6
    endloop
  endfacet
  facet normal 0 0 1
    outer loop
      vertex -354.85 47.41969498693511 5.6
      vertex -353.25 50.30644633288324 5.6
      vertex -354.85 50.30644633288324 5.6
    endloop
  endfacet
  facet normal 0 0 1
    outer loop
      vertex -350.75 51.749822005857304 5.6
      vertex -354.05 51.69208697893834 5.6
      vertex -354.85 50.30644633288324 5.6
    endloop
  endfacet
  facet normal 0 0 1
    outer loop
      vertex -349.95 56.02221399786053 5.6
      vertex -354.05 57.465589670834596 5.6
      vertex -351.55 56.02221399786053 5.6
    endloop
  endfacet
  facet normal 0 0 1
    outer loop
      vertex -347.45 57.465589670834596 5.6
      vertex -348.25 58.851230316889705 5.6
      vertex -349.95 56.02221399786053 5.6
    endloop
  endfacet
  facet normal 0 0 1
    outer loop
      vertex -346.65 61.73798166283783 5.6
      vertex -348.25 61.73798166283783 5.6
      vertex -348.25 58.851230316889705 5.6
    endloop
  endfacet
  facet normal 0 0 1
    outer loop
      vertex -349.95 56.02221399786053 5.6
      vertex -348.25 58.851230316889705 5.6
      vertex -350.75 57.40785464391564 5.6
    endloop
  endfacet
  facet normal 0 0 1
    outer loop
      vertex -347.45 63.123622308892934 5.6
      vertex -349.95 64.56699798186699 5.6
      vertex -348.25 61.73798166283783 5.6
    endloop
  endfacet
  facet normal 0 0 1
    outer loop
      vertex -348.25 61.73798166283783 5.6
      vertex -351.55 64.56699798186699 5.6
      vertex -350.75 63.181357335811896 5.6
    endloop
  endfacet
  facet normal 0 0 1
    outer loop
      vertex -348.25 61.73798166283783 5.6
      vertex -349.95 64.56699798186699 5.6
      vertex -351.55 64.56699798186699 5.6
    endloop
  endfacet
  facet normal 0 0 1
    outer loop
      vertex -349.95 56.02221399786053 5.6
      vertex -350.75 57.40785464391564 5.6
      vertex -354.05 57.465589670834596 5.6
    endloop
  endfacet
  facet normal 0 0 1
    outer loop
      vertex -350.75 57.40785464391564 5.6
      vertex -353.25 58.851230316889705 5.6
      vertex -354.85 58.851230316889705 5.6
    endloop
  endfacet
  facet normal 0 0 1
    outer loop
      vertex -350.75 57.40785464391564 5.6
      vertex -354.85 58.851230316889705 5.6
      vertex -354.05 57.465589670834596 5.6
    endloop
  endfacet
  facet normal 0 0 1
    outer loop
      vertex -353.25 58.851230316889705 5.6
      vertex -353.25 61.73798166283783 5.6
      vertex -354.85 58.851230316889705 5.6
    endloop
  endfacet
  facet normal 0 0 1
    outer loop
      vertex -354.85 58.851230316889705 5.6
      vertex -353.25 61.73798166283783 5.6
      vertex -354.85 61.73798166283783 5.6
    endloop
  endfacet
  facet normal 0 0 1
    outer loop
      vertex -350.75 63.181357335811896 5.6
      vertex -354.85 61.73798166283783 5.6
      vertex -353.25 61.73798166283783 5.6
    endloop
  endfacet
  facet normal 0 0 1
    outer loop
      vertex -350.75 63.181357335811896 5.6
      vertex -351.55 64.56699798186699 5.6
      vertex -354.05 63.123622308892934 5.6
    endloop
  endfacet
  facet normal 0 0 1
    outer loop
      vertex -350.75 63.181357335811896 5.6
      vertex -354.05 63.123622308892934 5.6
      vertex -354.85 61.73798166283783 5.6
    endloop
  endfacet
  facet normal 0 0 1
    outer loop
      vertex -354.05 34.60251901092542 5.6
      vertex -358.15000000000003 33.159143337951356 5.6
      vertex -356.55 33.159143337951356 5.6
    endloop
  endfacet
  facet normal 0 0 1
    outer loop
      vertex -354.05 34.60251901092542 5.6
      vertex -357.35 34.54478398400646 5.6
      vertex -358.15000000000003 33.159143337951356 5.6
    endloop
  endfacet
  facet normal 0 0 1
    outer loop
      vertex -354.05 34.60251901092542 5.6
      vertex -354.85 35.98815965698052 5.6
      vertex -357.35 34.54478398400646 5.6
    endloop
  endfacet
  facet normal 0 0 1
    outer loop
      vertex -358.15000000000003 33.159143337951356 5.6
      vertex -357.35 34.54478398400646 5.6
      vertex -359.85 35.98815965698052 5.6
    endloop
  endfacet
  facet normal 0 0 1
    outer loop
      vertex -354.05 40.26055164898376 5.6
      vertex -356.55 41.70392732195782 5.6
      vertex -354.85 38.87491100292865 5.6
    endloop
  endfacet
  facet normal 0 0 1
    outer loop
      vertex -354.85 38.87491100292865 5.6
      vertex -356.55 41.70392732195782 5.6
      vertex -357.35 40.31828667590271 5.6
    endloop
  endfacet
  facet normal 0 0 1
    outer loop
      vertex -358.15000000000003 33.159143337951356 5.6
      vertex -359.85 35.98815965698052 5.6
      vertex -360.65000000000003 34.60251901092542 5.6
    endloop
  endfacet
  facet normal 0 0 1
    outer loop
      vertex -360.65000000000003 34.60251901092542 5.6
      vertex -363.15000000000003 41.70392732195782 5.6
      vertex -363.15000000000003 33.159143337951356 5.6
    endloop
  endfacet
  facet normal 0 0 1
    outer loop
      vertex -357.35 40.31828667590271 5.6
      vertex -360.65000000000003 40.26055164898376 5.6
      vertex -359.85 38.87491100292865 5.6
    endloop
  endfacet
  facet normal 0 0 1
    outer loop
      vertex -360.65000000000003 34.60251901092542 5.6
      vertex -359.85 35.98815965698052 5.6
      vertex -363.15000000000003 41.70392732195782 5.6
    endloop
  endfacet
  facet normal 0 0 1
    outer loop
      vertex -359.85 35.98815965698052 5.6
      vertex -359.85 38.87491100292865 5.6
      vertex -363.15000000000003 41.70392732195782 5.6
    endloop
  endfacet
  facet normal 0 0 1
    outer loop
      vertex -359.85 38.87491100292865 5.6
      vertex -360.65000000000003 40.26055164898376 5.6
      vertex -363.15000000000003 41.70392732195782 5.6
    endloop
  endfacet
  facet normal 0 0 1
    outer loop
      vertex -357.35 40.31828667590271 5.6
      vertex -356.55 41.70392732195782 5.6
      vertex -358.15000000000003 41.70392732195782 5.6
    endloop
  endfacet
  facet normal 0 0 1
    outer loop
      vertex -357.35 40.31828667590271 5.6
      vertex -358.15000000000003 41.70392732195782 5.6
      vertex -360.65000000000003 40.26055164898376 5.6
    endloop
  endfacet
  facet normal 0 0 1
    outer loop
      vertex -356.55 41.70392732195782 5.6
      vertex -356.55 44.59067866790595 5.6
      vertex -358.15000000000003 41.70392732195782 5.6
    endloop
  endfacet
  facet normal 0 0 1
    outer loop
      vertex -356.55 44.59067866790595 5.6
      vertex -358.15000000000003 44.59067866790595 5.6
      vertex -358.15000000000003 41.70392732195782 5.6
    endloop
  endfacet
  facet normal 0 0 1
    outer loop
      vertex -354.05 46.03405434088001 5.6
      vertex -357.35 45.97631931396105 5.6
      vertex -356.55 44.59067866790595 5.6
    endloop
  endfacet
  facet normal 0 0 1
    outer loop
      vertex -354.05 46.03405434088001 5.6
      vertex -354.85 47.41969498693511 5.6
      vertex -357.35 45.97631931396105 5.6
    endloop
  endfacet
  facet normal 0 0 1
    outer loop
      vertex -356.55 44.59067866790595 5.6
      vertex -357.35 45.97631931396105 5.6
      vertex -358.15000000000003 44.59067866790595 5.6
    endloop
  endfacet
  facet normal 0 0 1
    outer loop
      vertex -358.15000000000003 44.59067866790595 5.6
      vertex -357.35 45.97631931396105 5.6
      vertex -359.85 47.41969498693511 5.6
    endloop
  endfacet
  facet normal 0 0 1
    outer loop
      vertex -358.15000000000003 44.59067866790595 5.6
      vertex -359.85 47.41969498693511 5.6
      vertex -360.65000000000003 46.03405434088001 5.6
    endloop
  endfacet
  facet normal 0 0 1
    outer loop
      vertex -360.65000000000003 46.03405434088001 5.6
      vertex -359.85 47.41969498693511 5.6
      vertex -359.85 50.30644633288324 5.6
    endloop
  endfacet
  facet normal 0 0 1
    outer loop
      vertex -360.65000000000003 46.03405434088001 5.6
      vertex -359.85 50.30644633288324 5.6
      vertex -363.15000000000003 44.59067866790595 5.6
    endloop
  endfacet
  facet normal 0 0 1
    outer loop
      vertex -354.85 50.30644633288324 5.6
      vertex -354.05 51.69208697893834 5.6
      vertex -356.55 53.135462651912405 5.6
    endloop
  endfacet
  facet normal 0 0 1
    outer loop
      vertex -354.85 50.30644633288324 5.6
      vertex -358.15000000000003 53.135462651912405 5.6
      vertex -357.35 51.749822005857304 5.6
    endloop
  endfacet
  facet normal 0 0 1
    outer loop
      vertex -354.85 50.30644633288324 5.6
      vertex -356.55 53.135462651912405 5.6
      vertex -358.15000000000003 53.135462651912405 5.6
    endloop
  endfacet
  facet normal 0 0 1
    outer loop
      vertex -357.35 51.749822005857304 5.6
      vertex -358.15000000000003 53.135462651912405 5.6
      vertex -360.65000000000003 51.69208697893834 5.6
    endloop
  endfacet
  facet normal 0 0 1
    outer loop
      vertex -356.55 53.135462651912405 5.6
      vertex -356.55 56.02221399786053 5.6
      vertex -358.15000000000003 53.135462651912405 5.6
    endloop
  endfacet
  facet normal 0 0 1
    outer loop
      vertex -356.55 56.02221399786053 5.6
      vertex -358.15000000000003 56.02221399786053 5.6
      vertex -358.15000000000003 53.135462651912405 5.6
    endloop
  endfacet
  facet normal 0 0 1
    outer loop
      vertex -356.55 56.02221399786053 5.6
      vertex -360.65000000000003 57.465589670834596 5.6
      vertex -358.15000000000003 56.02221399786053 5.6
    endloop
  endfacet
  facet normal 0 0 1
    outer loop
      vertex -357.35 51.749822005857304 5.6
      vertex -360.65000000000003 51.69208697893834 5.6
      vertex -359.85 50.30644633288324 5.6
    endloop
  endfacet
  facet normal 0 0 1
    outer loop
      vertex -363.15000000000003 44.59067866790595 5.6
      vertex -359.85 50.30644633288324 5.6
      vertex -360.65000000000003 51.69208697893834 5.6
    endloop
  endfacet
  facet normal 0 0 1
    outer loop
      vertex -363.15000000000003 44.59067866790595 5.6
      vertex -360.65000000000003 51.69208697893834 5.6
      vertex -363.15000000000003 53.135462651912405 5.6
    endloop
  endfacet
  facet normal 0 0 1
    outer loop
      vertex -354.05 57.465589670834596 5.6
      vertex -354.85 58.851230316889705 5.6
      vertex -356.55 56.02221399786053 5.6
    endloop
  endfacet
  facet normal 0 0 1
    outer loop
      vertex -354.85 58.851230316889705 5.6
      vertex -357.35 57.40785464391564 5.6
      vertex -356.55 56.02221399786053 5.6
    endloop
  endfacet
  facet normal 0 0 1
    outer loop
      vertex -356.55 56.02221399786053 5.6
      vertex -357.35 57.40785464391564 5.6
      vertex -360.65000000000003 57.465589670834596 5.6
    endloop
  endfacet
  facet normal 0 0 1
    outer loop
      vertex -354.85 61.73798166283783 5.6
      vertex -354.05 63.123622308892934 5.6
      vertex -356.55 64.56699798186699 5.6
    endloop
  endfacet
  facet normal 0 0 1
    outer loop
      vertex -354.85 61.73798166283783 5.6
      vertex -358.15000000000003 64.56699798186699 5.6
      vertex -357.35 63.181357335811896 5.6
    endloop
  endfacet
  facet normal 0 0 1
    outer loop
      vertex -354.85 61.73798166283783 5.6
      vertex -356.55 64.56699798186699 5.6
      vertex -358.15000000000003 64.56699798186699 5.6
    endloop
  endfacet
  facet normal 0 0 1
    outer loop
      vertex -357.35 63.181357335811896 5.6
      vertex -358.15000000000003 64.56699798186699 5.6
      vertex -360.65000000000003 63.123622308892934 5.6
    endloop
  endfacet
  facet normal 0 0 1
    outer loop
      vertex -357.35 57.40785464391564 5.6
      vertex -359.85 58.851230316889705 5.6
      vertex -360.65000000000003 57.465589670834596 5.6
    endloop
  endfacet
  facet normal 0 0 1
    outer loop
      vertex -360.65000000000003 57.465589670834596 5.6
      vertex -359.85 58.851230316889705 5.6
      vertex -363.15000000000003 64.56699798186699 5.6
    endloop
  endfacet
  facet normal 0 0 1
    outer loop
      vertex -360.65000000000003 57.465589670834596 5.6
      vertex -363.15000000000003 64.56699798186699 5.6
      vertex -363.15000000000003 56.02221399786053 5.6
    endloop
  endfacet
  facet normal 0 0 1
    outer loop
      vertex -357.35 63.181357335811896 5.6
      vertex -360.65000000000003 63.123622308892934 5.6
      vertex -359.85 61.73798166283783 5.6
    endloop
  endfacet
  facet normal 0 0 1
    outer loop
      vertex -359.85 58.851230316889705 5.6
      vertex -359.85 61.73798166283783 5.6
      vertex -363.15000000000003 64.56699798186699 5.6
    endloop
  endfacet
  facet normal 0 0 1
    outer loop
      vertex -359.85 61.73798166283783 5.6
      vertex -360.65000000000003 63.123622308892934 5.6
      vertex -363.15000000000003 64.56699798186699 5.6
    endloop
  endfacet
  facet normal 0 0 -1
    outer loop
      vertex -340.85 34.60251901092542 0
      vertex -341.65 35.98815965698052 0
      vertex -340.05 35.98815965698052 0
    endloop
  endfacet
  facet normal 0 0 -1
    outer loop
      vertex -340.85 34.60251901092542 0
      vertex -343.35 33.159143337951356 0
      vertex -341.65 35.98815965698052 0
    endloop
  endfacet
  facet normal 0 0 -1
    outer loop
      vertex -341.65 35.98815965698052 0
      vertex -343.35 33.159143337951356 0
      vertex -344.15 34.54478398400646 0
    endloop
  endfacet
  facet normal 0 0 -1
    outer loop
      vertex -340.05 35.98815965698052 0
      vertex -341.65 38.87491100292865 0
      vertex -340.05 38.87491100292865 0
    endloop
  endfacet
  facet normal 0 0 -1
    outer loop
      vertex -340.05 35.98815965698052 0
      vertex -341.65 35.98815965698052 0
      vertex -341.65 38.87491100292865 0
    endloop
  endfacet
  facet normal 0 0 -1
    outer loop
      vertex -340.05 38.87491100292865 0
      vertex -344.15 40.31828667590271 0
      vertex -340.85 40.26055164898376 0
    endloop
  endfacet
  facet normal 0 0 -1
    outer loop
      vertex -340.05 38.87491100292865 0
      vertex -341.65 38.87491100292865 0
      vertex -344.15 40.31828667590271 0
    endloop
  endfacet
  facet normal 0 0 -1
    outer loop
      vertex -343.35 33.159143337951356 0
      vertex -344.95 33.159143337951356 0
      vertex -344.15 34.54478398400646 0
    endloop
  endfacet
  facet normal 0 0 -1
    outer loop
      vertex -344.95 33.159143337951356 0
      vertex -347.45 34.60251901092542 0
      vertex -344.15 34.54478398400646 0
    endloop
  endfacet
  facet normal 0 0 -1
    outer loop
      vertex -344.15 34.54478398400646 0
      vertex -347.45 34.60251901092542 0
      vertex -346.65 35.98815965698052 0
    endloop
  endfacet
  facet normal 0 0 -1
    outer loop
      vertex -347.45 34.60251901092542 0
      vertex -348.25 35.98815965698052 0
      vertex -346.65 35.98815965698052 0
    endloop
  endfacet
  facet normal 0 0 -1
    outer loop
      vertex -344.15 40.31828667590271 0
      vertex -346.65 38.87491100292865 0
      vertex -343.35 41.70392732195782 0
    endloop
  endfacet
  facet normal 0 0 -1
    outer loop
      vertex -346.65 35.98815965698052 0
      vertex -348.25 38.87491100292865 0
      vertex -346.65 38.87491100292865 0
    endloop
  endfacet
  facet normal 0 0 -1
    outer loop
      vertex -346.65 38.87491100292865 0
      vertex -347.45 40.26055164898376 0
      vertex -344.95 41.70392732195782 0
    endloop
  endfacet
  facet normal 0 0 -1
    outer loop
      vertex -340.85 40.26055164898376 0
      vertex -344.15 40.31828667590271 0
      vertex -343.35 41.70392732195782 0
    endloop
  endfacet
  facet normal 0 0 -1
    outer loop
      vertex -340.85 46.03405434088001 0
      vertex -341.65 47.41969498693511 0
      vertex -340.05 47.41969498693511 0
    endloop
  endfacet
  facet normal 0 0 -1
    outer loop
      vertex -340.05 47.41969498693511 0
      vertex -341.65 47.41969498693511 0
      vertex -341.65 50.30644633288324 0
    endloop
  endfacet
  facet normal 0 0 -1
    outer loop
      vertex -343.35 44.59067866790595 0
      vertex -341.65 47.41969498693511 0
      vertex -340.85 46.03405434088001 0
    endloop
  endfacet
  facet normal 0 0 -1
    outer loop
      vertex -343.35 44.59067866790595 0
      vertex -344.15 45.97631931396105 0
      vertex -341.65 47.41969498693511 0
    endloop
  endfacet
  facet normal 0 0 -1
    outer loop
      vertex -346.65 38.87491100292865 0
      vertex -344.95 41.70392732195782 0
      vertex -343.35 41.70392732195782 0
    endloop
  endfacet
  facet normal 0 0 -1
    outer loop
      vertex -343.35 41.70392732195782 0
      vertex -344.95 44.59067866790595 0
      vertex -343.35 44.59067866790595 0
    endloop
  endfacet
  facet normal 0 0 -1
    outer loop
      vertex -343.35 41.70392732195782 0
      vertex -344.95 41.70392732195782 0
      vertex -344.95 44.59067866790595 0
    endloop
  endfacet
  facet normal 0 0 -1
    outer loop
      vertex -343.35 44.59067866790595 0
      vertex -344.95 44.59067866790595 0
      vertex -344.15 45.97631931396105 0
    endloop
  endfacet
  facet normal 0 0 -1
    outer loop
      vertex -344.95 44.59067866790595 0
      vertex -347.45 46.03405434088001 0
      vertex -344.15 45.97631931396105 0
    endloop
  endfacet
  facet normal 0 0 -1
    outer loop
      vertex -344.15 45.97631931396105 0
      vertex -347.45 46.03405434088001 0
      vertex -346.65 47.41969498693511 0
    endloop
  endfacet
  facet normal 0 0 -1
    outer loop
      vertex -347.45 46.03405434088001 0
      vertex -348.25 47.41969498693511 0
      vertex -346.65 47.41969498693511 0
    endloop
  endfacet
  facet normal 0 0 -1
    outer loop
      vertex -347.45 34.60251901092542 0
      vertex -349.95 33.159143337951356 0
      vertex -348.25 35.98815965698052 0
    endloop
  endfacet
  facet normal 0 0 -1
    outer loop
      vertex -349.95 33.159143337951356 0
      vertex -351.55 33.159143337951356 0
      vertex -350.75 34.54478398400646 0
    endloop
  endfacet
  facet normal 0 0 -1
    outer loop
      vertex -348.25 35.98815965698052 0
      vertex -349.95 33.159143337951356 0
      vertex -350.75 34.54478398400646 0
    endloop
  endfacet
  facet normal 0 0 -1
    outer loop
      vertex -346.65 35.98815965698052 0
      vertex -348.25 35.98815965698052 0
      vertex -348.25 38.87491100292865 0
    endloop
  endfacet
  facet normal 0 0 -1
    outer loop
      vertex -346.65 38.87491100292865 0
      vertex -350.75 40.31828667590271 0
      vertex -347.45 40.26055164898376 0
    endloop
  endfacet
  facet normal 0 0 -1
    outer loop
      vertex -346.65 38.87491100292865 0
      vertex -348.25 38.87491100292865 0
      vertex -350.75 40.31828667590271 0
    endloop
  endfacet
  facet normal 0 0 -1
    outer loop
      vertex -350.75 34.54478398400646 0
      vertex -351.55 33.159143337951356 0
      vertex -354.05 34.60251901092542 0
    endloop
  endfacet
  facet normal 0 0 -1
    outer loop
      vertex -350.75 34.54478398400646 0
      vertex -354.05 34.60251901092542 0
      vertex -353.25 35.98815965698052 0
    endloop
  endfacet
  facet normal 0 0 -1
    outer loop
      vertex -354.05 34.60251901092542 0
      vertex -354.85 35.98815965698052 0
      vertex -353.25 35.98815965698052 0
    endloop
  endfacet
  facet normal 0 0 -1
    outer loop
      vertex -350.75 40.31828667590271 0
      vertex -353.25 38.87491100292865 0
      vertex -349.95 41.70392732195782 0
    endloop
  endfacet
  facet normal 0 0 -1
    outer loop
      vertex -353.25 38.87491100292865 0
      vertex -354.05 40.26055164898376 0
      vertex -351.55 41.70392732195782 0
    endloop
  endfacet
  facet normal 0 0 -1
    outer loop
      vertex -353.25 35.98815965698052 0
      vertex -354.85 38.87491100292865 0
      vertex -353.25 38.87491100292865 0
    endloop
  endfacet
  facet normal 0 0 -1
    outer loop
      vertex -353.25 35.98815965698052 0
      vertex -354.85 35.98815965698052 0
      vertex -354.85 38.87491100292865 0
    endloop
  endfacet
  facet normal 0 0 -1
    outer loop
      vertex -353.25 38.87491100292865 0
      vertex -357.35 40.31828667590271 0
      vertex -354.05 40.26055164898376 0
    endloop
  endfacet
  facet normal 0 0 -1
    outer loop
      vertex -347.45 40.26055164898376 0
      vertex -350.75 40.31828667590271 0
      vertex -349.95 41.70392732195782 0
    endloop
  endfacet
  facet normal 0 0 -1
    outer loop
      vertex -349.95 41.70392732195782 0
      vertex -351.55 44.59067866790595 0
      vertex -349.95 44.59067866790595 0
    endloop
  endfacet
  facet normal 0 0 -1
    outer loop
      vertex -349.95 41.70392732195782 0
      vertex -351.55 41.70392732195782 0
      vertex -351.55 44.59067866790595 0
    endloop
  endfacet
  facet normal 0 0 -1
    outer loop
      vertex -347.45 46.03405434088001 0
      vertex -349.95 44.59067866790595 0
      vertex -348.25 47.41969498693511 0
    endloop
  endfacet
  facet normal 0 0 -1
    outer loop
      vertex -346.65 47.41969498693511 0
      vertex -348.25 47.41969498693511 0
      vertex -348.25 50.30644633288324 0
    endloop
  endfacet
  facet normal 0 0 -1
    outer loop
      vertex -349.95 44.59067866790595 0
      vertex -350.75 45.97631931396105 0
      vertex -348.25 47.41969498693511 0
    endloop
  endfacet
  facet normal 0 0 -1
    outer loop
      vertex -349.95 44.59067866790595 0
      vertex -351.55 44.59067866790595 0
      vertex -350.75 45.97631931396105 0
    endloop
  endfacet
  facet normal 0 0 -1
    outer loop
      vertex -353.25 38.87491100292865 0
      vertex -351.55 41.70392732195782 0
      vertex -349.95 41.70392732195782 0
    endloop
  endfacet
  facet normal 0 0 -1
    outer loop
      vertex -350.75 45.97631931396105 0
      vertex -351.55 44.59067866790595 0
      vertex -354.05 46.03405434088001 0
    endloop
  endfacet
  facet normal 0 0 -1
    outer loop
      vertex -350.75 45.97631931396105 0
      vertex -354.05 46.03405434088001 0
      vertex -353.25 47.41969498693511 0
    endloop
  endfacet
  facet normal 0 0 -1
    outer loop
      vertex -354.05 46.03405434088001 0
      vertex -354.85 47.41969498693511 0
      vertex -353.25 47.41969498693511 0
    endloop
  endfacet
  facet normal 0 0 -1
    outer loop
      vertex -353.25 47.41969498693511 0
      vertex -354.85 47.41969498693511 0
      vertex -354.85 50.30644633288324 0
    endloop
  endfacet
  facet normal 0 0 -1
    outer loop
      vertex -340.05 47.41969498693511 0
      vertex -341.65 50.30644633288324 0
      vertex -340.05 50.30644633288324 0
    endloop
  endfacet
  facet normal 0 0 -1
    outer loop
      vertex -340.05 50.30644633288324 0
      vertex -341.65 50.30644633288324 0
      vertex -340.85 51.69208697893834 0
    endloop
  endfacet
  facet normal 0 0 -1
    outer loop
      vertex -341.65 50.30644633288324 0
      vertex -344.15 51.749822005857304 0
      vertex -340.85 51.69208697893834 0
    endloop
  endfacet
  facet normal 0 0 -1
    outer loop
      vertex -340.85 51.69208697893834 0
      vertex -344.15 51.749822005857304 0
      vertex -343.35 53.135462651912405 0
    endloop
  endfacet
  facet normal 0 0 -1
    outer loop
      vertex -343.35 56.02221399786053 0
      vertex -344.95 56.02221399786053 0
      vertex -340.85 57.465589670834596 0
    endloop
  endfacet
  facet normal 0 0 -1
    outer loop
      vertex -343.35 53.135462651912405 0
      vertex -344.15 51.749822005857304 0
      vertex -344.95 53.135462651912405 0
    endloop
  endfacet
  facet normal 0 0 -1
    outer loop
      vertex -344.15 51.749822005857304 0
      vertex -346.65 50.30644633288324 0
      vertex -344.95 53.135462651912405 0
    endloop
  endfacet
  facet normal 0 0 -1
    outer loop
      vertex -346.65 47.41969498693511 0
      vertex -348.25 50.30644633288324 0
      vertex -346.65 50.30644633288324 0
    endloop
  endfacet
  facet normal 0 0 -1
    outer loop
      vertex -346.65 50.30644633288324 0
      vertex -348.25 50.30644633288324 0
      vertex -347.45 51.69208697893834 0
    endloop
  endfacet
  facet normal 0 0 -1
    outer loop
      vertex -346.65 50.30644633288324 0
      vertex -347.45 51.69208697893834 0
      vertex -344.95 53.135462651912405 0
    endloop
  endfacet
  facet normal 0 0 -1
    outer loop
      vertex -343.35 53.135462651912405 0
      vertex -344.95 53.135462651912405 0
      vertex -344.95 56.02221399786053 0
    endloop
  endfacet
  facet normal 0 0 -1
    outer loop
      vertex -343.35 53.135462651912405 0
      vertex -344.95 56.02221399786053 0
      vertex -343.35 56.02221399786053 0
    endloop
  endfacet
  facet normal 0 0 -1
    outer loop
      vertex -340.85 57.465589670834596 0
      vertex -344.15 57.40785464391564 0
      vertex -340.05 58.851230316889705 0
    endloop
  endfacet
  facet normal 0 0 -1
    outer loop
      vertex -340.05 58.851230316889705 0
      vertex -341.65 61.73798166283783 0
      vertex -340.05 61.73798166283783 0
    endloop
  endfacet
  facet normal 0 0 -1
    outer loop
      vertex -340.05 58.851230316889705 0
      vertex -341.65 58.851230316889705 0
      vertex -341.65 61.73798166283783 0
    endloop
  endfacet
  facet normal 0 0 -1
    outer loop
      vertex -340.05 58.851230316889705 0
      vertex -344.15 57.40785464391564 0
      vertex -341.65 58.851230316889705 0
    endloop
  endfacet
  facet normal 0 0 -1
    outer loop
      vertex -344.95 56.02221399786053 0
      vertex -344.15 57.40785464391564 0
      vertex -340.85 57.465589670834596 0
    endloop
  endfacet
  facet normal 0 0 -1
    outer loop
      vertex -340.05 61.73798166283783 0
      vertex -341.65 61.73798166283783 0
      vertex -340.85 63.123622308892934 0
    endloop
  endfacet
  facet normal 0 0 -1
    outer loop
      vertex -341.65 61.73798166283783 0
      vertex -344.15 63.181357335811896 0
      vertex -340.85 63.123622308892934 0
    endloop
  endfacet
  facet normal 0 0 -1
    outer loop
      vertex -340.85 63.123622308892934 0
      vertex -344.15 63.181357335811896 0
      vertex -343.35 64.56699798186699 0
    endloop
  endfacet
  facet normal 0 0 -1
    outer loop
      vertex -344.95 56.02221399786053 0
      vertex -346.65 58.851230316889705 0
      vertex -344.15 57.40785464391564 0
    endloop
  endfacet
  facet normal 0 0 -1
    outer loop
      vertex -344.95 56.02221399786053 0
      vertex -347.45 57.465589670834596 0
      vertex -346.65 58.851230316889705 0
    endloop
  endfacet
  facet normal 0 0 -1
    outer loop
      vertex -346.65 58.851230316889705 0
      vertex -348.25 61.73798166283783 0
      vertex -346.65 61.73798166283783 0
    endloop
  endfacet
  facet normal 0 0 -1
    outer loop
      vertex -343.35 64.56699798186699 0
      vertex -344.15 63.181357335811896 0
      vertex -344.95 64.56699798186699 0
    endloop
  endfacet
  facet normal 0 0 -1
    outer loop
      vertex -344.15 63.181357335811896 0
      vertex -346.65 61.73798166283783 0
      vertex -344.95 64.56699798186699 0
    endloop
  endfacet
  facet normal 0 0 -1
    outer loop
      vertex -346.65 61.73798166283783 0
      vertex -348.25 61.73798166283783 0
      vertex -347.45 63.123622308892934 0
    endloop
  endfacet
  facet normal 0 0 -1
    outer loop
      vertex -344.95 64.56699798186699 0
      vertex -346.65 61.73798166283783 0
      vertex -347.45 63.123622308892934 0
    endloop
  endfacet
  facet normal 0 0 -1
    outer loop
      vertex -347.45 51.69208697893834 0
      vertex -348.25 50.30644633288324 0
      vertex -350.75 51.749822005857304 0
    endloop
  endfacet
  facet normal 0 0 -1
    outer loop
      vertex -347.45 51.69208697893834 0
      vertex -350.75 51.749822005857304 0
      vertex -349.95 53.135462651912405 0
    endloop
  endfacet
  facet normal 0 0 -1
    outer loop
      vertex -350.75 51.749822005857304 0
      vertex -351.55 53.135462651912405 0
      vertex -349.95 53.135462651912405 0
    endloop
  endfacet
  facet normal 0 0 -1
    outer loop
      vertex -349.95 53.135462651912405 0
      vertex -351.55 53.135462651912405 0
      vertex -351.55 56.02221399786053 0
    endloop
  endfacet
  facet normal 0 0 -1
    outer loop
      vertex -347.45 57.465589670834596 0
      vertex -349.95 56.02221399786053 0
      vertex -351.55 56.02221399786053 0
    endloop
  endfacet
  facet normal 0 0 -1
    outer loop
      vertex -349.95 53.135462651912405 0
      vertex -351.55 56.02221399786053 0
      vertex -349.95 56.02221399786053 0
    endloop
  endfacet
  facet normal 0 0 -1
    outer loop
      vertex -350.75 51.749822005857304 0
      vertex -353.25 50.30644633288324 0
      vertex -351.55 53.135462651912405 0
    endloop
  endfacet
  facet normal 0 0 -1
    outer loop
      vertex -353.25 50.30644633288324 0
      vertex -354.05 51.69208697893834 0
      vertex -351.55 53.135462651912405 0
    endloop
  endfacet
  facet normal 0 0 -1
    outer loop
      vertex -353.25 47.41969498693511 0
      vertex -354.85 50.30644633288324 0
      vertex -353.25 50.30644633288324 0
    endloop
  endfacet
  facet normal 0 0 -1
    outer loop
      vertex -353.25 50.30644633288324 0
      vertex -354.85 50.30644633288324 0
      vertex -354.05 51.69208697893834 0
    endloop
  endfacet
  facet normal 0 0 -1
    outer loop
      vertex -347.45 57.465589670834596 0
      vertex -350.75 57.40785464391564 0
      vertex -346.65 58.851230316889705 0
    endloop
  endfacet
  facet normal 0 0 -1
    outer loop
      vertex -346.65 58.851230316889705 0
      vertex -350.75 57.40785464391564 0
      vertex -348.25 58.851230316889705 0
    endloop
  endfacet
  facet normal 0 0 -1
    outer loop
      vertex -346.65 58.851230316889705 0
      vertex -348.25 58.851230316889705 0
      vertex -348.25 61.73798166283783 0
    endloop
  endfacet
  facet normal 0 0 -1
    outer loop
      vertex -347.45 57.465589670834596 0
      vertex -351.55 56.02221399786053 0
      vertex -350.75 57.40785464391564 0
    endloop
  endfacet
  facet normal 0 0 -1
    outer loop
      vertex -347.45 63.123622308892934 0
      vertex -348.25 61.73798166283783 0
      vertex -350.75 63.181357335811896 0
    endloop
  endfacet
  facet normal 0 0 -1
    outer loop
      vertex -347.45 63.123622308892934 0
      vertex -350.75 63.181357335811896 0
      vertex -349.95 64.56699798186699 0
    endloop
  endfacet
  facet normal 0 0 -1
    outer loop
      vertex -349.95 64.56699798186699 0
      vertex -350.75 63.181357335811896 0
      vertex -351.55 64.56699798186699 0
    endloop
  endfacet
  facet normal 0 0 -1
    outer loop
      vertex -351.55 56.02221399786053 0
      vertex -353.25 58.851230316889705 0
      vertex -350.75 57.40785464391564 0
    endloop
  endfacet
  facet normal 0 0 -1
    outer loop
      vertex -351.55 56.02221399786053 0
      vertex -354.05 57.465589670834596 0
      vertex -353.25 58.851230316889705 0
    endloop
  endfacet
  facet normal 0 0 -1
    outer loop
      vertex -354.05 57.465589670834596 0
      vertex -357.35 57.40785464391564 0
      vertex -353.25 58.851230316889705 0
    endloop
  endfacet
  facet normal 0 0 -1
    outer loop
      vertex -353.25 58.851230316889705 0
      vertex -354.85 61.73798166283783 0
      vertex -353.25 61.73798166283783 0
    endloop
  endfacet
  facet normal 0 0 -1
    outer loop
      vertex -353.25 58.851230316889705 0
      vertex -354.85 58.851230316889705 0
      vertex -354.85 61.73798166283783 0
    endloop
  endfacet
  facet normal 0 0 -1
    outer loop
      vertex -350.75 63.181357335811896 0
      vertex -353.25 61.73798166283783 0
      vertex -351.55 64.56699798186699 0
    endloop
  endfacet
  facet normal 0 0 -1
    outer loop
      vertex -351.55 64.56699798186699 0
      vertex -353.25 61.73798166283783 0
      vertex -354.05 63.123622308892934 0
    endloop
  endfacet
  facet normal 0 0 -1
    outer loop
      vertex -353.25 61.73798166283783 0
      vertex -354.85 61.73798166283783 0
      vertex -354.05 63.123622308892934 0
    endloop
  endfacet
  facet normal 0 0 -1
    outer loop
      vertex -354.05 34.60251901092542 0
      vertex -356.55 33.159143337951356 0
      vertex -354.85 35.98815965698052 0
    endloop
  endfacet
  facet normal 0 0 -1
    outer loop
      vertex -354.85 35.98815965698052 0
      vertex -356.55 33.159143337951356 0
      vertex -357.35 34.54478398400646 0
    endloop
  endfacet
  facet normal 0 0 -1
    outer loop
      vertex -356.55 33.159143337951356 0
      vertex -358.15000000000003 33.159143337951356 0
      vertex -357.35 34.54478398400646 0
    endloop
  endfacet
  facet normal 0 0 -1
    outer loop
      vertex -358.15000000000003 33.159143337951356 0
      vertex -360.65000000000003 34.60251901092542 0
      vertex -357.35 34.54478398400646 0
    endloop
  endfacet
  facet normal 0 0 -1
    outer loop
      vertex -353.25 38.87491100292865 0
      vertex -354.85 38.87491100292865 0
      vertex -357.35 40.31828667590271 0
    endloop
  endfacet
  facet normal 0 0 -1
    outer loop
      vertex -357.35 40.31828667590271 0
      vertex -359.85 38.87491100292865 0
      vertex -356.55 41.70392732195782 0
    endloop
  endfacet
  facet normal 0 0 -1
    outer loop
      vertex -357.35 34.54478398400646 0
      vertex -360.65000000000003 34.60251901092542 0
      vertex -359.85 35.98815965698052 0
    endloop
  endfacet
  facet normal 0 0 -1
    outer loop
      vertex -360.65000000000003 34.60251901092542 0
      vertex -363.15000000000003 33.159143337951356 0
      vertex -359.85 35.98815965698052 0
    endloop
  endfacet
  facet normal 0 0 -1
    outer loop
      vertex -359.85 38.87491100292865 0
      vertex -360.65000000000003 40.26055164898376 0
      vertex -358.15000000000003 41.70392732195782 0
    endloop
  endfacet
  facet normal 0 0 -1
    outer loop
      vertex -359.85 38.87491100292865 0
      vertex -363.15000000000003 41.70392732195782 0
      vertex -360.65000000000003 40.26055164898376 0
    endloop
  endfacet
  facet normal 0 0 -1
    outer loop
      vertex -354.05 40.26055164898376 0
      vertex -357.35 40.31828667590271 0
      vertex -356.55 41.70392732195782 0
    endloop
  endfacet
  facet normal 0 0 -1
    outer loop
      vertex -359.85 38.87491100292865 0
      vertex -358.15000000000003 41.70392732195782 0
      vertex -356.55 41.70392732195782 0
    endloop
  endfacet
  facet normal 0 0 -1
    outer loop
      vertex -356.55 41.70392732195782 0
      vertex -358.15000000000003 44.59067866790595 0
      vertex -356.55 44.59067866790595 0
    endloop
  endfacet
  facet normal 0 0 -1
    outer loop
      vertex -356.55 41.70392732195782 0
      vertex -358.15000000000003 41.70392732195782 0
      vertex -358.15000000000003 44.59067866790595 0
    endloop
  endfacet
  facet normal 0 0 -1
    outer loop
      vertex -354.05 46.03405434088001 0
      vertex -356.55 44.59067866790595 0
      vertex -354.85 47.41969498693511 0
    endloop
  endfacet
  facet normal 0 0 -1
    outer loop
      vertex -354.85 47.41969498693511 0
      vertex -356.55 44.59067866790595 0
      vertex -357.35 45.97631931396105 0
    endloop
  endfacet
  facet normal 0 0 -1
    outer loop
      vertex -356.55 44.59067866790595 0
      vertex -358.15000000000003 44.59067866790595 0
      vertex -357.35 45.97631931396105 0
    endloop
  endfacet
  facet normal 0 0 -1
    outer loop
      vertex -358.15000000000003 44.59067866790595 0
      vertex -360.65000000000003 46.03405434088001 0
      vertex -357.35 45.97631931396105 0
    endloop
  endfacet
  facet normal 0 0 -1
    outer loop
      vertex -357.35 45.97631931396105 0
      vertex -360.65000000000003 46.03405434088001 0
      vertex -359.85 47.41969498693511 0
    endloop
  endfacet
  facet normal 0 0 -1
    outer loop
      vertex -360.65000000000003 46.03405434088001 0
      vertex -363.15000000000003 44.59067866790595 0
      vertex -359.85 47.41969498693511 0
    endloop
  endfacet
  facet normal 0 0 -1
    outer loop
      vertex -359.85 35.98815965698052 0
      vertex -383.05 45 0
      vertex -359.85 38.87491100292865 0
    endloop
  endfacet
  facet normal 0 0 -1
    outer loop
      vertex -359.85 35.98815965698052 0
      vertex -363.15000000000003 33.159143337951356 0
      vertex -383.05 45 0
    endloop
  endfacet
  facet normal 0 0 -1
    outer loop
      vertex -359.85 38.87491100292865 0
      vertex -383.05 45 0
      vertex -363.15000000000003 41.70392732195782 0
    endloop
  endfacet
  facet normal 0 0 -1
    outer loop
      vertex -363.15000000000003 41.70392732195782 0
      vertex -383.05 45 0
      vertex -363.15000000000003 44.59067866790595 0
    endloop
  endfacet
  facet normal 0 0 -1
    outer loop
      vertex -359.85 47.41969498693511 0
      vertex -383.05 45 0
      vertex -359.85 50.30644633288324 0
    endloop
  endfacet
  facet normal 0 0 -1
    outer loop
      vertex -359.85 47.41969498693511 0
      vertex -363.15000000000003 44.59067866790595 0
      vertex -383.05 45 0
    endloop
  endfacet
  facet normal 0 0 -1
    outer loop
      vertex -354.85 50.30644633288324 0
      vertex -357.35 51.749822005857304 0
      vertex -354.05 51.69208697893834 0
    endloop
  endfacet
  facet normal 0 0 -1
    outer loop
      vertex -354.05 51.69208697893834 0
      vertex -357.35 51.749822005857304 0
      vertex -356.55 53.135462651912405 0
    endloop
  endfacet
  facet normal 0 0 -1
    outer loop
      vertex -357.35 51.749822005857304 0
      vertex -358.15000000000003 53.135462651912405 0
      vertex -356.55 53.135462651912405 0
    endloop
  endfacet
  facet normal 0 0 -1
    outer loop
      vertex -357.35 51.749822005857304 0
      vertex -359.85 50.30644633288324 0
      vertex -358.15000000000003 53.135462651912405 0
    endloop
  endfacet
  facet normal 0 0 -1
    outer loop
      vertex -354.05 57.465589670834596 0
      vertex -356.55 56.02221399786053 0
      vertex -358.15000000000003 56.02221399786053 0
    endloop
  endfacet
  facet normal 0 0 -1
    outer loop
      vertex -356.55 53.135462651912405 0
      vertex -358.15000000000003 53.135462651912405 0
      vertex -358.15000000000003 56.02221399786053 0
    endloop
  endfacet
  facet normal 0 0 -1
    outer loop
      vertex -356.55 53.135462651912405 0
      vertex -358.15000000000003 56.02221399786053 0
      vertex -356.55 56.02221399786053 0
    endloop
  endfacet
  facet normal 0 0 -1
    outer loop
      vertex -358.15000000000003 53.135462651912405 0
      vertex -359.85 50.30644633288324 0
      vertex -360.65000000000003 51.69208697893834 0
    endloop
  endfacet
  facet normal 0 0 -1
    outer loop
      vertex -353.25 58.851230316889705 0
      vertex -357.35 57.40785464391564 0
      vertex -354.85 58.851230316889705 0
    endloop
  endfacet
  facet normal 0 0 -1
    outer loop
      vertex -354.05 57.465589670834596 0
      vertex -358.15000000000003 56.02221399786053 0
      vertex -357.35 57.40785464391564 0
    endloop
  endfacet
  facet normal 0 0 -1
    outer loop
      vertex -358.15000000000003 56.02221399786053 0
      vertex -359.85 58.851230316889705 0
      vertex -357.35 57.40785464391564 0
    endloop
  endfacet
  facet normal 0 0 -1
    outer loop
      vertex -354.85 61.73798166283783 0
      vertex -357.35 63.181357335811896 0
      vertex -354.05 63.123622308892934 0
    endloop
  endfacet
  facet normal 0 0 -1
    outer loop
      vertex -354.05 63.123622308892934 0
      vertex -357.35 63.181357335811896 0
      vertex -356.55 64.56699798186699 0
    endloop
  endfacet
  facet normal 0 0 -1
    outer loop
      vertex -356.55 64.56699798186699 0
      vertex -357.35 63.181357335811896 0
      vertex -358.15000000000003 64.56699798186699 0
    endloop
  endfacet
  facet normal 0 0 -1
    outer loop
      vertex -357.35 63.181357335811896 0
      vertex -359.85 61.73798166283783 0
      vertex -358.15000000000003 64.56699798186699 0
    endloop
  endfacet
  facet normal 0 0 -1
    outer loop
      vertex -358.15000000000003 56.02221399786053 0
      vertex -360.65000000000003 57.465589670834596 0
      vertex -359.85 58.851230316889705 0
    endloop
  endfacet
  facet normal 0 0 -1
    outer loop
      vertex -360.65000000000003 57.465589670834596 0
      vertex -363.15000000000003 56.02221399786053 0
      vertex -359.85 58.851230316889705 0
    endloop
  endfacet
  facet normal 0 0 -1
    outer loop
      vertex -358.15000000000003 64.56699798186699 0
      vertex -359.85 61.73798166283783 0
      vertex -360.65000000000003 63.123622308892934 0
    endloop
  endfacet
  facet normal 0 0 -1
    outer loop
      vertex -359.85 50.30644633288324 0
      vertex -383.05 45 0
      vertex -360.65000000000003 51.69208697893834 0
    endloop
  endfacet
  facet normal 0 0 -1
    outer loop
      vertex -360.65000000000003 51.69208697893834 0
      vertex -383.05 45 0
      vertex -363.15000000000003 53.135462651912405 0
    endloop
  endfacet
  facet normal 0 0 -1
    outer loop
      vertex -363.15000000000003 53.135462651912405 0
      vertex -383.05 45 0
      vertex -363.15000000000003 56.02221399786053 0
    endloop
  endfacet
  facet normal 0 0 -1
    outer loop
      vertex -359.85 58.851230316889705 0
      vertex -383.05 45 0
      vertex -359.85 61.73798166283783 0
    endloop
  endfacet
  facet normal 0 0 -1
    outer loop
      vertex -359.85 61.73798166283783 0
      vertex -383.05 45 0
      vertex -360.65000000000003 63.123622308892934 0
    endloop
  endfacet
  facet normal 0 0 -1
    outer loop
      vertex -359.85 58.851230316889705 0
      vertex -363.15000000000003 56.02221399786053 0
      vertex -383.05 45 0
    endloop
  endfacet
  facet normal 0 0 -1
    outer loop
      vertex -360.65000000000003 63.123622308892934 0
      vertex -383.05 45 0
      vertex -363.15000000000003 64.56699798186699 0
    endloop
  endfacet
  facet normal 0 0 -1
    outer loop
      vertex -363.15000000000003 64.56699798186699 0
      vertex -383.05 45 0
      vertex -363.15000000000003 67.45374932781513 0
    endloop
  endfacet
  facet normal 0 0 1
    outer loop
      vertex -331.025 2.399999998509884 5.6
      vertex -397.65 20.7 5.6
      vertex -394.04999999701977 0 5.6
    endloop
  endfacet
  facet normal 0 -1 0
    outer loop
      vertex -331.025 0 5.6
      vertex -394.04999999701977 0 5.6
      vertex -394.04999999701977 0 1.19
    endloop
  endfacet
  facet normal 0 0 1
    outer loop
      vertex -354.05 28.829016319029165 5.6
      vertex -360.65000000000003 28.829016319029165 5.6
      vertex -397.65 22.3 5.6
    endloop
  endfacet
  facet normal 0 0 1
    outer loop
      vertex -360.65000000000003 28.829016319029165 5.6
      vertex -363.15000000000003 30.27239199200323 5.6
      vertex -397.65 22.3 5.6
    endloop
  endfacet
  facet normal 0 0 1
    outer loop
      vertex -363.15000000000003 30.27239199200323 5.6
      vertex -363.15000000000003 33.159143337951356 5.6
      vertex -397.65 22.3 5.6
    endloop
  endfacet
  facet normal 0 0 1
    outer loop
      vertex -363.15000000000003 33.159143337951356 5.6
      vertex -363.15000000000003 41.70392732195782 5.6
      vertex -397.65 22.3 5.6
    endloop
  endfacet
  facet normal 0 0 1
    outer loop
      vertex -394.04999999701977 0 5.6
      vertex -397.65 20.7 5.6
      vertex -400.04999999701977 6 5.6
    endloop
  endfacet
  facet normal -0.7071067811865476 -0.7071067811865476 0
    outer loop
      vertex -394.04999999701977 0 5.6
      vertex -400.04999999701977 6 5.6
      vertex -400.04999999701977 6 1.19
    endloop
  endfacet
  facet normal 0 0 -1
    outer loop
      vertex -360.05 19.199756097560975 0
      vertex -393.5529437214136 1.2000000029802322 0
      vertex -360.6158578900179 19.43414210998218 0
    endloop
  endfacet
  facet normal 0 0 -1
    outer loop
      vertex -360.6158578900179 19.43414210998218 0
      vertex -393.5529437214136 1.2000000029802322 0
      vertex -360.85024390243905 20 0
    endloop
  endfacet
  facet normal 0 0 -1
    outer loop
      vertex -360.85024390243905 20 0
      vertex -393.5529437214136 1.2000000029802322 0
      vertex -360.6158578900179 20.56585789001782 0
    endloop
  endfacet
  facet normal 0 0 -1
    outer loop
      vertex -360.6158578900179 20.56585789001782 0
      vertex -393.5529437214136 1.2000000029802322 0
      vertex -371.05 27 0
    endloop
  endfacet
  facet normal 0 0 -1
    outer loop
      vertex -371.05 27 0
      vertex -393.5529437214136 1.2000000029802322 0
      vertex -377.05 27 0
    endloop
  endfacet
  facet normal -0.7071067811865476 -0.7071067811865476 0
    outer loop
      vertex -394.04999999701977 0 5.6
      vertex -400.04999999701977 6 1.19
      vertex -394.04999999701977 0 1.19
    endloop
  endfacet
  facet normal -0.4979035920354649 -0.4979035920354649 -0.7100591708275885
    outer loop
      vertex -394.04999999701977 0 1.19
      vertex -400.04999999701977 6 1.19
      vertex -398.84999999403954 6.497056268155575 0
    endloop
  endfacet
  facet normal -0.4979035905100551 -0.497903591210382 -0.7100591724757874
    outer loop
      vertex -394.04999999701977 0 1.19
      vertex -398.84999999403954 6.497056268155575 0
      vertex -393.5529437214136 1.2000000029802322 0
    endloop
  endfacet
  facet normal 0 0 -1
    outer loop
      vertex -377.05 27 0
      vertex -393.5529437214136 1.2000000029802322 0
      vertex -389.05 39 0
    endloop
  endfacet
  facet normal 0 0 1
    outer loop
      vertex -363.15000000000003 41.70392732195782 5.6
      vertex -363.15000000000003 44.59067866790595 5.6
      vertex -397.65 22.3 5.6
    endloop
  endfacet
  facet normal 0 0 1
    outer loop
      vertex -363.15000000000003 44.59067866790595 5.6
      vertex -363.15000000000003 53.135462651912405 5.6
      vertex -397.65 22.3 5.6
    endloop
  endfacet
  facet normal 0 0 1
    outer loop
      vertex -363.15000000000003 53.135462651912405 5.6
      vertex -363.15000000000003 56.02221399786053 5.6
      vertex -397.65 22.3 5.6
    endloop
  endfacet
  facet normal 0 0 1
    outer loop
      vertex -363.15000000000003 56.02221399786053 5.6
      vertex -363.15000000000003 64.56699798186699 5.6
      vertex -397.65 22.3 5.6
    endloop
  endfacet
  facet normal 0 0 1
    outer loop
      vertex -363.15000000000003 64.56699798186699 5.6
      vertex -363.15000000000003 67.45374932781513 5.6
      vertex -397.65 22.3 5.6
    endloop
  endfacet
  facet normal 0 0 1
    outer loop
      vertex -397.65 22.3 5.6
      vertex -363.15000000000003 67.45374932781513 5.6
      vertex -363.15000000000003 75.99853331182157 5.6
    endloop
  endfacet
  facet normal 0 0 1
    outer loop
      vertex -397.65 22.3 5.6
      vertex -363.15000000000003 78.88528465776972 5.6
      vertex -359.85 84.60105232274701 5.6
    endloop
  endfacet
  facet normal 0 0 1
    outer loop
      vertex -397.65 22.3 5.6
      vertex -359.85 84.60105232274701 5.6
      vertex -360.65000000000003 85.9866929688021 5.6
    endloop
  endfacet
  facet normal 0 0 1
    outer loop
      vertex -397.65 22.3 5.6
      vertex -363.15000000000003 75.99853331182157 5.6
      vertex -363.15000000000003 78.88528465776972 5.6
    endloop
  endfacet
  facet normal -1 0 0
    outer loop
      vertex -400.04999999701977 6 5.6
      vertex -400.04999999701977 124 5.6
      vertex -400.04999999701977 6 1.19
    endloop
  endfacet
  facet normal 0 0 1
    outer loop
      vertex -400.04999999701977 6 5.6
      vertex -397.65 20.7 5.6
      vertex -400.04999999701977 124 5.6
    endloop
  endfacet
  facet normal 0 0 1
    outer loop
      vertex -397.65 20.7 5.6
      vertex -397.65 22.3 5.6
      vertex -400.04999999701977 124 5.6
    endloop
  endfacet
  facet normal 0 0 -1
    outer loop
      vertex -363.15000000000003 33.159143337951356 0
      vertex -371.05 33 0
      vertex -383.05 45 0
    endloop
  endfacet
  facet normal 0 0 -1
    outer loop
      vertex -393.5529437214136 1.2000000029802322 0
      vertex -398.84999999403954 6.497056268155575 0
      vertex -393.5529437214136 128.79999999701977 0
    endloop
  endfacet
  facet normal -0.7041420109526249 4.132316952195503e-19 -0.7100591724719804
    outer loop
      vertex -400.04999999701977 6 1.19
      vertex -398.84999999403954 123.50294372439384 0
      vertex -398.84999999403954 6.497056268155575 0
    endloop
  endfacet
  facet normal 0 0 -1
    outer loop
      vertex -393.5529437214136 1.2000000029802322 0
      vertex -393.5529437214136 128.79999999701977 0
      vertex -389.05 39 0
    endloop
  endfacet
  facet normal 0 0 1
    outer loop
      vertex -338.35 67.45374932781513 5.6
      vertex -341.65 70.28276564684428 5.6
      vertex -340.85 68.89712500078919 5.6
    endloop
  endfacet
  facet normal 0 0 1
    outer loop
      vertex -340.85 68.89712500078919 5.6
      vertex -344.95 67.45374932781513 5.6
      vertex -343.35 67.45374932781513 5.6
    endloop
  endfacet
  facet normal 0 0 1
    outer loop
      vertex -340.85 68.89712500078919 5.6
      vertex -344.15 68.83938997387023 5.6
      vertex -344.95 67.45374932781513 5.6
    endloop
  endfacet
  facet normal 0 0 1
    outer loop
      vertex -340.05 70.28276564684428 5.6
      vertex -340.05 73.16951699279242 5.6
      vertex -341.65 70.28276564684428 5.6
    endloop
  endfacet
  facet normal 0 0 1
    outer loop
      vertex -341.65 70.28276564684428 5.6
      vertex -340.05 73.16951699279242 5.6
      vertex -341.65 73.16951699279242 5.6
    endloop
  endfacet
  facet normal 0 0 1
    outer loop
      vertex -340.85 68.89712500078919 5.6
      vertex -341.65 70.28276564684428 5.6
      vertex -344.15 68.83938997387023 5.6
    endloop
  endfacet
  facet normal 0 0 1
    outer loop
      vertex -343.35 64.56699798186699 5.6
      vertex -343.35 67.45374932781513 5.6
      vertex -344.95 64.56699798186699 5.6
    endloop
  endfacet
  facet normal 0 0 1
    outer loop
      vertex -344.95 64.56699798186699 5.6
      vertex -343.35 67.45374932781513 5.6
      vertex -344.95 67.45374932781513 5.6
    endloop
  endfacet
  facet normal 0 0 1
    outer loop
      vertex -344.15 68.83938997387023 5.6
      vertex -346.65 70.28276564684428 5.6
      vertex -344.95 67.45374932781513 5.6
    endloop
  endfacet
  facet normal 0 0 1
    outer loop
      vertex -344.95 67.45374932781513 5.6
      vertex -348.25 70.28276564684428 5.6
      vertex -347.45 68.89712500078919 5.6
    endloop
  endfacet
  facet normal 0 0 1
    outer loop
      vertex -344.95 67.45374932781513 5.6
      vertex -346.65 70.28276564684428 5.6
      vertex -348.25 70.28276564684428 5.6
    endloop
  endfacet
  facet normal 0 0 1
    outer loop
      vertex -346.65 70.28276564684428 5.6
      vertex -346.65 73.16951699279242 5.6
      vertex -348.25 70.28276564684428 5.6
    endloop
  endfacet
  facet normal 0 0 1
    outer loop
      vertex -340.85 74.55515763884752 5.6
      vertex -343.35 75.99853331182157 5.6
      vertex -341.65 73.16951699279242 5.6
    endloop
  endfacet
  facet normal 0 0 1
    outer loop
      vertex -341.65 73.16951699279242 5.6
      vertex -343.35 75.99853331182157 5.6
      vertex -344.95 75.99853331182157 5.6
    endloop
  endfacet
  facet normal 0 0 1
    outer loop
      vertex -341.65 73.16951699279242 5.6
      vertex -344.95 75.99853331182157 5.6
      vertex -344.15 74.61289266576648 5.6
    endloop
  endfacet
  facet normal 0 0 1
    outer loop
      vertex -340.85 80.32866033074377 5.6
      vertex -341.65 81.71430097679887 5.6
      vertex -343.35 78.88528465776972 5.6
    endloop
  endfacet
  facet normal 0 0 1
    outer loop
      vertex -343.35 78.88528465776972 5.6
      vertex -341.65 81.71430097679887 5.6
      vertex -344.15 80.27092530382481 5.6
    endloop
  endfacet
  facet normal 0 0 1
    outer loop
      vertex -344.15 74.61289266576648 5.6
      vertex -344.95 75.99853331182157 5.6
      vertex -347.45 74.55515763884752 5.6
    endloop
  endfacet
  facet normal 0 0 1
    outer loop
      vertex -343.35 75.99853331182157 5.6
      vertex -343.35 78.88528465776972 5.6
      vertex -344.95 75.99853331182157 5.6
    endloop
  endfacet
  facet normal 0 0 1
    outer loop
      vertex -344.15 74.61289266576648 5.6
      vertex -348.25 73.16951699279242 5.6
      vertex -346.65 73.16951699279242 5.6
    endloop
  endfacet
  facet normal 0 0 1
    outer loop
      vertex -344.15 74.61289266576648 5.6
      vertex -347.45 74.55515763884752 5.6
      vertex -348.25 73.16951699279242 5.6
    endloop
  endfacet
  facet normal 0 0 1
    outer loop
      vertex -343.35 78.88528465776972 5.6
      vertex -344.95 78.88528465776972 5.6
      vertex -344.95 75.99853331182157 5.6
    endloop
  endfacet
  facet normal 0 0 1
    outer loop
      vertex -343.35 78.88528465776972 5.6
      vertex -344.15 80.27092530382481 5.6
      vertex -346.65 81.71430097679887 5.6
    endloop
  endfacet
  facet normal 0 0 1
    outer loop
      vertex -343.35 78.88528465776972 5.6
      vertex -347.45 80.32866033074377 5.6
      vertex -344.95 78.88528465776972 5.6
    endloop
  endfacet
  facet normal 0 0 1
    outer loop
      vertex -343.35 78.88528465776972 5.6
      vertex -346.65 81.71430097679887 5.6
      vertex -348.25 81.71430097679887 5.6
    endloop
  endfacet
  facet normal 0 0 1
    outer loop
      vertex -343.35 78.88528465776972 5.6
      vertex -348.25 81.71430097679887 5.6
      vertex -347.45 80.32866033074377 5.6
    endloop
  endfacet
  facet normal 0 0 1
    outer loop
      vertex -349.95 64.56699798186699 5.6
      vertex -349.95 67.45374932781513 5.6
      vertex -351.55 64.56699798186699 5.6
    endloop
  endfacet
  facet normal 0 0 1
    outer loop
      vertex -351.55 64.56699798186699 5.6
      vertex -349.95 67.45374932781513 5.6
      vertex -351.55 67.45374932781513 5.6
    endloop
  endfacet
  facet normal 0 0 1
    outer loop
      vertex -347.45 68.89712500078919 5.6
      vertex -351.55 67.45374932781513 5.6
      vertex -349.95 67.45374932781513 5.6
    endloop
  endfacet
  facet normal 0 0 1
    outer loop
      vertex -347.45 68.89712500078919 5.6
      vertex -350.75 68.83938997387023 5.6
      vertex -351.55 67.45374932781513 5.6
    endloop
  endfacet
  facet normal 0 0 1
    outer loop
      vertex -347.45 68.89712500078919 5.6
      vertex -348.25 70.28276564684428 5.6
      vertex -350.75 68.83938997387023 5.6
    endloop
  endfacet
  facet normal 0 0 1
    outer loop
      vertex -346.65 73.16951699279242 5.6
      vertex -348.25 73.16951699279242 5.6
      vertex -348.25 70.28276564684428 5.6
    endloop
  endfacet
  facet normal 0 0 1
    outer loop
      vertex -350.75 68.83938997387023 5.6
      vertex -353.25 70.28276564684428 5.6
      vertex -351.55 67.45374932781513 5.6
    endloop
  endfacet
  facet normal 0 0 1
    outer loop
      vertex -351.55 67.45374932781513 5.6
      vertex -354.85 70.28276564684428 5.6
      vertex -354.05 68.89712500078919 5.6
    endloop
  endfacet
  facet normal 0 0 1
    outer loop
      vertex -351.55 67.45374932781513 5.6
      vertex -353.25 70.28276564684428 5.6
      vertex -354.85 70.28276564684428 5.6
    endloop
  endfacet
  facet normal 0 0 1
    outer loop
      vertex -353.25 70.28276564684428 5.6
      vertex -353.25 73.16951699279242 5.6
      vertex -354.85 70.28276564684428 5.6
    endloop
  endfacet
  facet normal 0 0 1
    outer loop
      vertex -354.85 70.28276564684428 5.6
      vertex -353.25 73.16951699279242 5.6
      vertex -354.85 73.16951699279242 5.6
    endloop
  endfacet
  facet normal 0 0 1
    outer loop
      vertex -347.45 74.55515763884752 5.6
      vertex -349.95 75.99853331182157 5.6
      vertex -348.25 73.16951699279242 5.6
    endloop
  endfacet
  facet normal 0 0 1
    outer loop
      vertex -348.25 73.16951699279242 5.6
      vertex -351.55 75.99853331182157 5.6
      vertex -350.75 74.61289266576648 5.6
    endloop
  endfacet
  facet normal 0 0 1
    outer loop
      vertex -348.25 73.16951699279242 5.6
      vertex -349.95 75.99853331182157 5.6
      vertex -351.55 75.99853331182157 5.6
    endloop
  endfacet
  facet normal 0 0 1
    outer loop
      vertex -349.95 75.99853331182157 5.6
      vertex -349.95 78.88528465776972 5.6
      vertex -351.55 75.99853331182157 5.6
    endloop
  endfacet
  facet normal 0 0 1
    outer loop
      vertex -347.45 80.32866033074377 5.6
      vertex -348.25 81.71430097679887 5.6
      vertex -349.95 78.88528465776972 5.6
    endloop
  endfacet
  facet normal 0 0 1
    outer loop
      vertex -349.95 78.88528465776972 5.6
      vertex -351.55 78.88528465776972 5.6
      vertex -351.55 75.99853331182157 5.6
    endloop
  endfacet
  facet normal 0 0 1
    outer loop
      vertex -349.95 78.88528465776972 5.6
      vertex -348.25 81.71430097679887 5.6
      vertex -350.75 80.27092530382481 5.6
    endloop
  endfacet
  facet normal 0 0 1
    outer loop
      vertex -350.75 74.61289266576648 5.6
      vertex -351.55 75.99853331182157 5.6
      vertex -354.05 74.55515763884752 5.6
    endloop
  endfacet
  facet normal 0 0 1
    outer loop
      vertex -350.75 74.61289266576648 5.6
      vertex -354.85 73.16951699279242 5.6
      vertex -353.25 73.16951699279242 5.6
    endloop
  endfacet
  facet normal 0 0 1
    outer loop
      vertex -350.75 74.61289266576648 5.6
      vertex -354.05 74.55515763884752 5.6
      vertex -354.85 73.16951699279242 5.6
    endloop
  endfacet
  facet normal 0 0 1
    outer loop
      vertex -349.95 78.88528465776972 5.6
      vertex -350.75 80.27092530382481 5.6
      vertex -354.05 80.32866033074377 5.6
    endloop
  endfacet
  facet normal 0 0 1
    outer loop
      vertex -349.95 78.88528465776972 5.6
      vertex -354.05 80.32866033074377 5.6
      vertex -351.55 78.88528465776972 5.6
    endloop
  endfacet
  facet normal 0 0 1
    outer loop
      vertex -350.75 80.27092530382481 5.6
      vertex -353.25 81.71430097679887 5.6
      vertex -354.85 81.71430097679887 5.6
    endloop
  endfacet
  facet normal 0 0 1
    outer loop
      vertex -350.75 80.27092530382481 5.6
      vertex -354.85 81.71430097679887 5.6
      vertex -354.05 80.32866033074377 5.6
    endloop
  endfacet
  facet normal 0 0 1
    outer loop
      vertex -340.05 81.71430097679887 5.6
      vertex -340.05 84.60105232274701 5.6
      vertex -341.65 81.71430097679887 5.6
    endloop
  endfacet
  facet normal 0 0 1
    outer loop
      vertex -341.65 81.71430097679887 5.6
      vertex -340.05 84.60105232274701 5.6
      vertex -341.65 84.60105232274701 5.6
    endloop
  endfacet
  facet normal 0 0 1
    outer loop
      vertex -340.05 84.60105232274701 5.6
      vertex -340.85 85.9866929688021 5.6
      vertex -343.35 87.43006864177616 5.6
    endloop
  endfacet
  facet normal 0 0 1
    outer loop
      vertex -340.05 84.60105232274701 5.6
      vertex -344.95 87.43006864177616 5.6
      vertex -341.65 84.60105232274701 5.6
    endloop
  endfacet
  facet normal 0 0 1
    outer loop
      vertex -340.05 84.60105232274701 5.6
      vertex -343.35 87.43006864177616 5.6
      vertex -344.95 87.43006864177616 5.6
    endloop
  endfacet
  facet normal 0 0 1
    outer loop
      vertex -341.65 84.60105232274701 5.6
      vertex -344.95 87.43006864177616 5.6
      vertex -344.15 86.04442799572107 5.6
    endloop
  endfacet
  facet normal 0 0 1
    outer loop
      vertex -346.65 81.71430097679887 5.6
      vertex -346.65 84.60105232274701 5.6
      vertex -348.25 81.71430097679887 5.6
    endloop
  endfacet
  facet normal 0 0 1
    outer loop
      vertex -344.15 86.04442799572107 5.6
      vertex -344.95 87.43006864177616 5.6
      vertex -347.45 85.9866929688021 5.6
    endloop
  endfacet
  facet normal 0 0 1
    outer loop
      vertex -343.35 87.43006864177616 5.6
      vertex -343.35 90.3168199877243 5.6
      vertex -344.95 87.43006864177616 5.6
    endloop
  endfacet
  facet normal 0 0 1
    outer loop
      vertex -344.95 87.43006864177616 5.6
      vertex -343.35 90.3168199877243 5.6
      vertex -344.95 90.3168199877243 5.6
    endloop
  endfacet
  facet normal 0 0 1
    outer loop
      vertex -346.65 84.60105232274701 5.6
      vertex -344.15 86.04442799572107 5.6
      vertex -347.45 85.9866929688021 5.6
    endloop
  endfacet
  facet normal 0 0 1
    outer loop
      vertex -340.85 91.76019566069836 5.6
      vertex -341.65 93.14583630675347 5.6
      vertex -343.35 90.3168199877243 5.6
    endloop
  endfacet
  facet normal 0 0 1
    outer loop
      vertex -341.65 93.14583630675347 5.6
      vertex -344.15 91.70246063377941 5.6
      vertex -343.35 90.3168199877243 5.6
    endloop
  endfacet
  facet normal 0 0 1
    outer loop
      vertex -340.05 93.14583630675347 5.6
      vertex -340.05 96.03258765270161 5.6
      vertex -341.65 93.14583630675347 5.6
    endloop
  endfacet
  facet normal 0 0 1
    outer loop
      vertex -341.65 93.14583630675347 5.6
      vertex -340.05 96.03258765270161 5.6
      vertex -341.65 96.03258765270161 5.6
    endloop
  endfacet
  facet normal 0 0 1
    outer loop
      vertex -340.85 97.4182282987567 5.6
      vertex -343.35 98.86160397173076 5.6
      vertex -341.65 96.03258765270161 5.6
    endloop
  endfacet
  facet normal 0 0 1
    outer loop
      vertex -341.65 96.03258765270161 5.6
      vertex -344.95 98.86160397173076 5.6
      vertex -344.15 97.47596332567566 5.6
    endloop
  endfacet
  facet normal 0 0 1
    outer loop
      vertex -343.35 90.3168199877243 5.6
      vertex -348.25 93.14583630675347 5.6
      vertex -344.95 90.3168199877243 5.6
    endloop
  endfacet
  facet normal 0 0 1
    outer loop
      vertex -343.35 90.3168199877243 5.6
      vertex -344.15 91.70246063377941 5.6
      vertex -346.65 93.14583630675347 5.6
    endloop
  endfacet
  facet normal 0 0 1
    outer loop
      vertex -343.35 90.3168199877243 5.6
      vertex -346.65 93.14583630675347 5.6
      vertex -348.25 93.14583630675347 5.6
    endloop
  endfacet
  facet normal 0 0 1
    outer loop
      vertex -344.95 90.3168199877243 5.6
      vertex -348.25 93.14583630675347 5.6
      vertex -347.45 91.76019566069836 5.6
    endloop
  endfacet
  facet normal 0 0 1
    outer loop
      vertex -346.65 93.14583630675347 5.6
      vertex -346.65 96.03258765270161 5.6
      vertex -348.25 93.14583630675347 5.6
    endloop
  endfacet
  facet normal 0 0 1
    outer loop
      vertex -344.15 97.47596332567566 5.6
      vertex -347.45 97.4182282987567 5.6
      vertex -346.65 96.03258765270161 5.6
    endloop
  endfacet
  facet normal 0 0 1
    outer loop
      vertex -346.65 84.60105232274701 5.6
      vertex -348.25 84.60105232274701 5.6
      vertex -348.25 81.71430097679887 5.6
    endloop
  endfacet
  facet normal 0 0 1
    outer loop
      vertex -346.65 84.60105232274701 5.6
      vertex -350.75 86.04442799572107 5.6
      vertex -348.25 84.60105232274701 5.6
    endloop
  endfacet
  facet normal 0 0 1
    outer loop
      vertex -346.65 84.60105232274701 5.6
      vertex -347.45 85.9866929688021 5.6
      vertex -349.95 87.43006864177616 5.6
    endloop
  endfacet
  facet normal 0 0 1
    outer loop
      vertex -346.65 84.60105232274701 5.6
      vertex -349.95 87.43006864177616 5.6
      vertex -351.55 87.43006864177616 5.6
    endloop
  endfacet
  facet normal 0 0 1
    outer loop
      vertex -346.65 84.60105232274701 5.6
      vertex -351.55 87.43006864177616 5.6
      vertex -350.75 86.04442799572107 5.6
    endloop
  endfacet
  facet normal 0 0 1
    outer loop
      vertex -349.95 87.43006864177616 5.6
      vertex -349.95 90.3168199877243 5.6
      vertex -351.55 87.43006864177616 5.6
    endloop
  endfacet
  facet normal 0 0 1
    outer loop
      vertex -351.55 87.43006864177616 5.6
      vertex -349.95 90.3168199877243 5.6
      vertex -351.55 90.3168199877243 5.6
    endloop
  endfacet
  facet normal 0 0 1
    outer loop
      vertex -353.25 81.71430097679887 5.6
      vertex -353.25 84.60105232274701 5.6
      vertex -354.85 81.71430097679887 5.6
    endloop
  endfacet
  facet normal 0 0 1
    outer loop
      vertex -354.85 81.71430097679887 5.6
      vertex -353.25 84.60105232274701 5.6
      vertex -354.85 84.60105232274701 5.6
    endloop
  endfacet
  facet normal 0 0 1
    outer loop
      vertex -350.75 86.04442799572107 5.6
      vertex -351.55 87.43006864177616 5.6
      vertex -353.25 84.60105232274701 5.6
    endloop
  endfacet
  facet normal 0 0 1
    outer loop
      vertex -353.25 84.60105232274701 5.6
      vertex -351.55 87.43006864177616 5.6
      vertex -354.05 85.9866929688021 5.6
    endloop
  endfacet
  facet normal 0 0 1
    outer loop
      vertex -353.25 84.60105232274701 5.6
      vertex -354.05 85.9866929688021 5.6
      vertex -356.55 87.43006864177616 5.6
    endloop
  endfacet
  facet normal 0 0 1
    outer loop
      vertex -347.45 91.76019566069836 5.6
      vertex -350.75 91.70246063377941 5.6
      vertex -349.95 90.3168199877243 5.6
    endloop
  endfacet
  facet normal 0 0 1
    outer loop
      vertex -347.45 91.76019566069836 5.6
      vertex -348.25 93.14583630675347 5.6
      vertex -350.75 91.70246063377941 5.6
    endloop
  endfacet
  facet normal 0 0 1
    outer loop
      vertex -349.95 90.3168199877243 5.6
      vertex -350.75 91.70246063377941 5.6
      vertex -351.55 90.3168199877243 5.6
    endloop
  endfacet
  facet normal 0 0 1
    outer loop
      vertex -346.65 96.03258765270161 5.6
      vertex -348.25 96.03258765270161 5.6
      vertex -348.25 93.14583630675347 5.6
    endloop
  endfacet
  facet normal 0 0 1
    outer loop
      vertex -346.65 96.03258765270161 5.6
      vertex -347.45 97.4182282987567 5.6
      vertex -349.95 98.86160397173076 5.6
    endloop
  endfacet
  facet normal 0 0 1
    outer loop
      vertex -346.65 96.03258765270161 5.6
      vertex -350.75 97.47596332567566 5.6
      vertex -348.25 96.03258765270161 5.6
    endloop
  endfacet
  facet normal 0 0 1
    outer loop
      vertex -346.65 96.03258765270161 5.6
      vertex -351.55 98.86160397173076 5.6
      vertex -350.75 97.47596332567566 5.6
    endloop
  endfacet
  facet normal 0 0 1
    outer loop
      vertex -350.75 91.70246063377941 5.6
      vertex -353.25 93.14583630675347 5.6
      vertex -351.55 90.3168199877243 5.6
    endloop
  endfacet
  facet normal 0 0 1
    outer loop
      vertex -351.55 90.3168199877243 5.6
      vertex -353.25 93.14583630675347 5.6
      vertex -354.05 91.76019566069836 5.6
    endloop
  endfacet
  facet normal 0 0 1
    outer loop
      vertex -354.05 91.76019566069836 5.6
      vertex -353.25 93.14583630675347 5.6
      vertex -354.85 93.14583630675347 5.6
    endloop
  endfacet
  facet normal 0 0 1
    outer loop
      vertex -350.75 97.47596332567566 5.6
      vertex -351.55 98.86160397173076 5.6
      vertex -353.25 96.03258765270161 5.6
    endloop
  endfacet
  facet normal 0 0 1
    outer loop
      vertex -353.25 96.03258765270161 5.6
      vertex -351.55 98.86160397173076 5.6
      vertex -354.05 97.4182282987567 5.6
    endloop
  endfacet
  facet normal 0 0 1
    outer loop
      vertex -353.25 93.14583630675347 5.6
      vertex -353.25 96.03258765270161 5.6
      vertex -354.85 93.14583630675347 5.6
    endloop
  endfacet
  facet normal 0 0 1
    outer loop
      vertex -354.85 93.14583630675347 5.6
      vertex -353.25 96.03258765270161 5.6
      vertex -354.85 96.03258765270161 5.6
    endloop
  endfacet
  facet normal 0 0 1
    outer loop
      vertex -353.25 96.03258765270161 5.6
      vertex -354.05 97.4182282987567 5.6
      vertex -356.55 98.86160397173076 5.6
    endloop
  endfacet
  facet normal 0 0 1
    outer loop
      vertex -354.05 68.89712500078919 5.6
      vertex -358.15000000000003 67.45374932781513 5.6
      vertex -356.55 67.45374932781513 5.6
    endloop
  endfacet
  facet normal 0 0 1
    outer loop
      vertex -354.05 68.89712500078919 5.6
      vertex -357.35 68.83938997387023 5.6
      vertex -358.15000000000003 67.45374932781513 5.6
    endloop
  endfacet
  facet normal 0 0 1
    outer loop
      vertex -356.55 64.56699798186699 5.6
      vertex -356.55 67.45374932781513 5.6
      vertex -358.15000000000003 64.56699798186699 5.6
    endloop
  endfacet
  facet normal 0 0 1
    outer loop
      vertex -358.15000000000003 64.56699798186699 5.6
      vertex -356.55 67.45374932781513 5.6
      vertex -358.15000000000003 67.45374932781513 5.6
    endloop
  endfacet
  facet normal 0 0 1
    outer loop
      vertex -357.35 68.83938997387023 5.6
      vertex -359.85 70.28276564684428 5.6
      vertex -358.15000000000003 67.45374932781513 5.6
    endloop
  endfacet
  facet normal 0 0 1
    outer loop
      vertex -354.05 68.89712500078919 5.6
      vertex -354.85 70.28276564684428 5.6
      vertex -357.35 68.83938997387023 5.6
    endloop
  endfacet
  facet normal 0 0 1
    outer loop
      vertex -358.15000000000003 67.45374932781513 5.6
      vertex -359.85 70.28276564684428 5.6
      vertex -360.65000000000003 68.89712500078919 5.6
    endloop
  endfacet
  facet normal 0 0 1
    outer loop
      vertex -360.65000000000003 68.89712500078919 5.6
      vertex -359.85 70.28276564684428 5.6
      vertex -359.85 73.16951699279242 5.6
    endloop
  endfacet
  facet normal 0 0 1
    outer loop
      vertex -360.65000000000003 68.89712500078919 5.6
      vertex -359.85 73.16951699279242 5.6
      vertex -363.15000000000003 67.45374932781513 5.6
    endloop
  endfacet
  facet normal 0 0 1
    outer loop
      vertex -359.85 73.16951699279242 5.6
      vertex -360.65000000000003 74.55515763884752 5.6
      vertex -363.15000000000003 67.45374932781513 5.6
    endloop
  endfacet
  facet normal 0 0 1
    outer loop
      vertex -360.65000000000003 74.55515763884752 5.6
      vertex -363.15000000000003 75.99853331182157 5.6
      vertex -363.15000000000003 67.45374932781513 5.6
    endloop
  endfacet
  facet normal 0 0 1
    outer loop
      vertex -354.05 74.55515763884752 5.6
      vertex -356.55 75.99853331182157 5.6
      vertex -354.85 73.16951699279242 5.6
    endloop
  endfacet
  facet normal 0 0 1
    outer loop
      vertex -354.85 73.16951699279242 5.6
      vertex -358.15000000000003 75.99853331182157 5.6
      vertex -357.35 74.61289266576648 5.6
    endloop
  endfacet
  facet normal 0 0 1
    outer loop
      vertex -354.85 73.16951699279242 5.6
      vertex -356.55 75.99853331182157 5.6
      vertex -358.15000000000003 75.99853331182157 5.6
    endloop
  endfacet
  facet normal 0 0 1
    outer loop
      vertex -357.35 74.61289266576648 5.6
      vertex -358.15000000000003 75.99853331182157 5.6
      vertex -360.65000000000003 74.55515763884752 5.6
    endloop
  endfacet
  facet normal 0 0 1
    outer loop
      vertex -356.55 75.99853331182157 5.6
      vertex -356.55 78.88528465776972 5.6
      vertex -358.15000000000003 75.99853331182157 5.6
    endloop
  endfacet
  facet normal 0 0 1
    outer loop
      vertex -354.05 80.32866033074377 5.6
      vertex -354.85 81.71430097679887 5.6
      vertex -356.55 78.88528465776972 5.6
    endloop
  endfacet
  facet normal 0 0 1
    outer loop
      vertex -354.85 81.71430097679887 5.6
      vertex -357.35 80.27092530382481 5.6
      vertex -356.55 78.88528465776972 5.6
    endloop
  endfacet
  facet normal 0 0 1
    outer loop
      vertex -358.15000000000003 75.99853331182157 5.6
      vertex -356.55 78.88528465776972 5.6
      vertex -358.15000000000003 78.88528465776972 5.6
    endloop
  endfacet
  facet normal 0 0 1
    outer loop
      vertex -356.55 78.88528465776972 5.6
      vertex -360.65000000000003 80.32866033074377 5.6
      vertex -358.15000000000003 78.88528465776972 5.6
    endloop
  endfacet
  facet normal 0 0 1
    outer loop
      vertex -356.55 78.88528465776972 5.6
      vertex -357.35 80.27092530382481 5.6
      vertex -359.85 81.71430097679887 5.6
    endloop
  endfacet
  facet normal 0 0 1
    outer loop
      vertex -357.35 74.61289266576648 5.6
      vertex -360.65000000000003 74.55515763884752 5.6
      vertex -359.85 73.16951699279242 5.6
    endloop
  endfacet
  facet normal 0 0 1
    outer loop
      vertex -356.55 78.88528465776972 5.6
      vertex -359.85 81.71430097679887 5.6
      vertex -360.65000000000003 80.32866033074377 5.6
    endloop
  endfacet
  facet normal 0 0 1
    outer loop
      vertex -353.25 84.60105232274701 5.6
      vertex -358.15000000000003 87.43006864177616 5.6
      vertex -354.85 84.60105232274701 5.6
    endloop
  endfacet
  facet normal 0 0 1
    outer loop
      vertex -353.25 84.60105232274701 5.6
      vertex -356.55 87.43006864177616 5.6
      vertex -358.15000000000003 87.43006864177616 5.6
    endloop
  endfacet
  facet normal 0 0 1
    outer loop
      vertex -354.85 84.60105232274701 5.6
      vertex -358.15000000000003 87.43006864177616 5.6
      vertex -357.35 86.04442799572107 5.6
    endloop
  endfacet
  facet normal 0 0 1
    outer loop
      vertex -357.35 86.04442799572107 5.6
      vertex -358.15000000000003 87.43006864177616 5.6
      vertex -360.65000000000003 85.9866929688021 5.6
    endloop
  endfacet
  facet normal 0 0 1
    outer loop
      vertex -356.55 87.43006864177616 5.6
      vertex -356.55 90.3168199877243 5.6
      vertex -358.15000000000003 87.43006864177616 5.6
    endloop
  endfacet
  facet normal 0 0 1
    outer loop
      vertex -358.15000000000003 87.43006864177616 5.6
      vertex -356.55 90.3168199877243 5.6
      vertex -358.15000000000003 90.3168199877243 5.6
    endloop
  endfacet
  facet normal 0 0 1
    outer loop
      vertex -360.65000000000003 80.32866033074377 5.6
      vertex -359.85 81.71430097679887 5.6
      vertex -359.85 84.60105232274701 5.6
    endloop
  endfacet
  facet normal 0 0 1
    outer loop
      vertex -360.65000000000003 80.32866033074377 5.6
      vertex -359.85 84.60105232274701 5.6
      vertex -363.15000000000003 78.88528465776972 5.6
    endloop
  endfacet
  facet normal 0 0 1
    outer loop
      vertex -357.35 86.04442799572107 5.6
      vertex -360.65000000000003 85.9866929688021 5.6
      vertex -359.85 84.60105232274701 5.6
    endloop
  endfacet
  facet normal 0 0 1
    outer loop
      vertex -354.05 91.76019566069836 5.6
      vertex -357.35 91.70246063377941 5.6
      vertex -356.55 90.3168199877243 5.6
    endloop
  endfacet
  facet normal 0 0 1
    outer loop
      vertex -354.05 91.76019566069836 5.6
      vertex -354.85 93.14583630675347 5.6
      vertex -357.35 91.70246063377941 5.6
    endloop
  endfacet
  facet normal 0 0 1
    outer loop
      vertex -356.55 90.3168199877243 5.6
      vertex -359.85 93.14583630675347 5.6
      vertex -358.15000000000003 90.3168199877243 5.6
    endloop
  endfacet
  facet normal 0 0 1
    outer loop
      vertex -356.55 90.3168199877243 5.6
      vertex -357.35 91.70246063377941 5.6
      vertex -359.85 93.14583630675347 5.6
    endloop
  endfacet
  facet normal 0 0 1
    outer loop
      vertex -353.25 96.03258765270161 5.6
      vertex -358.15000000000003 98.86160397173076 5.6
      vertex -354.85 96.03258765270161 5.6
    endloop
  endfacet
  facet normal 0 0 1
    outer loop
      vertex -354.85 96.03258765270161 5.6
      vertex -358.15000000000003 98.86160397173076 5.6
      vertex -357.35 97.47596332567566 5.6
    endloop
  endfacet
  facet normal 0 0 1
    outer loop
      vertex -358.15000000000003 90.3168199877243 5.6
      vertex -359.85 93.14583630675347 5.6
      vertex -360.65000000000003 91.76019566069836 5.6
    endloop
  endfacet
  facet normal 0 0 1
    outer loop
      vertex -360.65000000000003 91.76019566069836 5.6
      vertex -359.85 93.14583630675347 5.6
      vertex -359.85 96.03258765270161 5.6
    endloop
  endfacet
  facet normal 0 0 1
    outer loop
      vertex -360.65000000000003 91.76019566069836 5.6
      vertex -359.85 96.03258765270161 5.6
      vertex -360.65000000000003 97.4182282987567 5.6
    endloop
  endfacet
  facet normal 0 0 1
    outer loop
      vertex -357.35 97.47596332567566 5.6
      vertex -360.65000000000003 97.4182282987567 5.6
      vertex -359.85 96.03258765270161 5.6
    endloop
  endfacet
  facet normal 0 0 1
    outer loop
      vertex -360.65000000000003 91.76019566069836 5.6
      vertex -363.15000000000003 98.86160397173076 5.6
      vertex -363.15000000000003 90.3168199877243 5.6
    endloop
  endfacet
  facet normal 0 0 1
    outer loop
      vertex -360.65000000000003 91.76019566069836 5.6
      vertex -360.65000000000003 97.4182282987567 5.6
      vertex -363.15000000000003 98.86160397173076 5.6
    endloop
  endfacet
  facet normal 0 0 -1
    outer loop
      vertex -340.85 68.89712500078919 0
      vertex -343.35 67.45374932781513 0
      vertex -340.05 70.28276564684428 0
    endloop
  endfacet
  facet normal 0 0 -1
    outer loop
      vertex -343.35 67.45374932781513 0
      vertex -344.15 68.83938997387023 0
      vertex -341.65 70.28276564684428 0
    endloop
  endfacet
  facet normal 0 0 -1
    outer loop
      vertex -343.35 67.45374932781513 0
      vertex -341.65 70.28276564684428 0
      vertex -340.05 70.28276564684428 0
    endloop
  endfacet
  facet normal 0 0 -1
    outer loop
      vertex -340.05 70.28276564684428 0
      vertex -341.65 73.16951699279242 0
      vertex -340.05 73.16951699279242 0
    endloop
  endfacet
  facet normal 0 0 -1
    outer loop
      vertex -340.05 70.28276564684428 0
      vertex -341.65 70.28276564684428 0
      vertex -341.65 73.16951699279242 0
    endloop
  endfacet
  facet normal 0 0 -1
    outer loop
      vertex -343.35 64.56699798186699 0
      vertex -344.95 64.56699798186699 0
      vertex -344.95 67.45374932781513 0
    endloop
  endfacet
  facet normal 0 0 -1
    outer loop
      vertex -343.35 64.56699798186699 0
      vertex -344.95 67.45374932781513 0
      vertex -343.35 67.45374932781513 0
    endloop
  endfacet
  facet normal 0 0 -1
    outer loop
      vertex -343.35 67.45374932781513 0
      vertex -344.95 67.45374932781513 0
      vertex -347.45 68.89712500078919 0
    endloop
  endfacet
  facet normal 0 0 -1
    outer loop
      vertex -343.35 67.45374932781513 0
      vertex -347.45 68.89712500078919 0
      vertex -344.15 68.83938997387023 0
    endloop
  endfacet
  facet normal 0 0 -1
    outer loop
      vertex -344.15 68.83938997387023 0
      vertex -347.45 68.89712500078919 0
      vertex -346.65 70.28276564684428 0
    endloop
  endfacet
  facet normal 0 0 -1
    outer loop
      vertex -346.65 70.28276564684428 0
      vertex -348.25 73.16951699279242 0
      vertex -346.65 73.16951699279242 0
    endloop
  endfacet
  facet normal 0 0 -1
    outer loop
      vertex -340.05 73.16951699279242 0
      vertex -341.65 73.16951699279242 0
      vertex -340.85 74.55515763884752 0
    endloop
  endfacet
  facet normal 0 0 -1
    outer loop
      vertex -340.85 74.55515763884752 0
      vertex -341.65 73.16951699279242 0
      vertex -344.15 74.61289266576648 0
    endloop
  endfacet
  facet normal 0 0 -1
    outer loop
      vertex -340.85 74.55515763884752 0
      vertex -344.15 74.61289266576648 0
      vertex -343.35 75.99853331182157 0
    endloop
  endfacet
  facet normal 0 0 -1
    outer loop
      vertex -340.85 80.32866033074377 0
      vertex -343.35 78.88528465776972 0
      vertex -341.65 81.71430097679887 0
    endloop
  endfacet
  facet normal 0 0 -1
    outer loop
      vertex -343.35 78.88528465776972 0
      vertex -344.15 80.27092530382481 0
      vertex -341.65 81.71430097679887 0
    endloop
  endfacet
  facet normal 0 0 -1
    outer loop
      vertex -344.15 74.61289266576648 0
      vertex -346.65 73.16951699279242 0
      vertex -344.95 75.99853331182157 0
    endloop
  endfacet
  facet normal 0 0 -1
    outer loop
      vertex -343.35 75.99853331182157 0
      vertex -344.15 74.61289266576648 0
      vertex -344.95 75.99853331182157 0
    endloop
  endfacet
  facet normal 0 0 -1
    outer loop
      vertex -343.35 75.99853331182157 0
      vertex -344.95 75.99853331182157 0
      vertex -344.95 78.88528465776972 0
    endloop
  endfacet
  facet normal 0 0 -1
    outer loop
      vertex -344.95 75.99853331182157 0
      vertex -346.65 73.16951699279242 0
      vertex -347.45 74.55515763884752 0
    endloop
  endfacet
  facet normal 0 0 -1
    outer loop
      vertex -346.65 73.16951699279242 0
      vertex -348.25 73.16951699279242 0
      vertex -347.45 74.55515763884752 0
    endloop
  endfacet
  facet normal 0 0 -1
    outer loop
      vertex -343.35 75.99853331182157 0
      vertex -344.95 78.88528465776972 0
      vertex -343.35 78.88528465776972 0
    endloop
  endfacet
  facet normal 0 0 -1
    outer loop
      vertex -343.35 78.88528465776972 0
      vertex -344.95 78.88528465776972 0
      vertex -344.15 80.27092530382481 0
    endloop
  endfacet
  facet normal 0 0 -1
    outer loop
      vertex -344.95 78.88528465776972 0
      vertex -347.45 80.32866033074377 0
      vertex -344.15 80.27092530382481 0
    endloop
  endfacet
  facet normal 0 0 -1
    outer loop
      vertex -344.15 80.27092530382481 0
      vertex -347.45 80.32866033074377 0
      vertex -346.65 81.71430097679887 0
    endloop
  endfacet
  facet normal 0 0 -1
    outer loop
      vertex -347.45 68.89712500078919 0
      vertex -349.95 67.45374932781513 0
      vertex -346.65 70.28276564684428 0
    endloop
  endfacet
  facet normal 0 0 -1
    outer loop
      vertex -349.95 64.56699798186699 0
      vertex -351.55 64.56699798186699 0
      vertex -351.55 67.45374932781513 0
    endloop
  endfacet
  facet normal 0 0 -1
    outer loop
      vertex -349.95 64.56699798186699 0
      vertex -351.55 67.45374932781513 0
      vertex -349.95 67.45374932781513 0
    endloop
  endfacet
  facet normal 0 0 -1
    outer loop
      vertex -349.95 67.45374932781513 0
      vertex -350.75 68.83938997387023 0
      vertex -348.25 70.28276564684428 0
    endloop
  endfacet
  facet normal 0 0 -1
    outer loop
      vertex -346.65 70.28276564684428 0
      vertex -349.95 67.45374932781513 0
      vertex -348.25 70.28276564684428 0
    endloop
  endfacet
  facet normal 0 0 -1
    outer loop
      vertex -346.65 70.28276564684428 0
      vertex -348.25 70.28276564684428 0
      vertex -348.25 73.16951699279242 0
    endloop
  endfacet
  facet normal 0 0 -1
    outer loop
      vertex -349.95 67.45374932781513 0
      vertex -351.55 67.45374932781513 0
      vertex -354.05 68.89712500078919 0
    endloop
  endfacet
  facet normal 0 0 -1
    outer loop
      vertex -349.95 67.45374932781513 0
      vertex -354.05 68.89712500078919 0
      vertex -350.75 68.83938997387023 0
    endloop
  endfacet
  facet normal 0 0 -1
    outer loop
      vertex -354.05 68.89712500078919 0
      vertex -356.55 67.45374932781513 0
      vertex -353.25 70.28276564684428 0
    endloop
  endfacet
  facet normal 0 0 -1
    outer loop
      vertex -350.75 68.83938997387023 0
      vertex -354.05 68.89712500078919 0
      vertex -353.25 70.28276564684428 0
    endloop
  endfacet
  facet normal 0 0 -1
    outer loop
      vertex -353.25 70.28276564684428 0
      vertex -356.55 67.45374932781513 0
      vertex -354.85 70.28276564684428 0
    endloop
  endfacet
  facet normal 0 0 -1
    outer loop
      vertex -353.25 70.28276564684428 0
      vertex -354.85 73.16951699279242 0
      vertex -353.25 73.16951699279242 0
    endloop
  endfacet
  facet normal 0 0 -1
    outer loop
      vertex -353.25 70.28276564684428 0
      vertex -354.85 70.28276564684428 0
      vertex -354.85 73.16951699279242 0
    endloop
  endfacet
  facet normal 0 0 -1
    outer loop
      vertex -347.45 74.55515763884752 0
      vertex -348.25 73.16951699279242 0
      vertex -350.75 74.61289266576648 0
    endloop
  endfacet
  facet normal 0 0 -1
    outer loop
      vertex -347.45 74.55515763884752 0
      vertex -350.75 74.61289266576648 0
      vertex -349.95 75.99853331182157 0
    endloop
  endfacet
  facet normal 0 0 -1
    outer loop
      vertex -350.75 74.61289266576648 0
      vertex -351.55 75.99853331182157 0
      vertex -349.95 75.99853331182157 0
    endloop
  endfacet
  facet normal 0 0 -1
    outer loop
      vertex -349.95 75.99853331182157 0
      vertex -351.55 75.99853331182157 0
      vertex -351.55 78.88528465776972 0
    endloop
  endfacet
  facet normal 0 0 -1
    outer loop
      vertex -347.45 80.32866033074377 0
      vertex -349.95 78.88528465776972 0
      vertex -348.25 81.71430097679887 0
    endloop
  endfacet
  facet normal 0 0 -1
    outer loop
      vertex -349.95 75.99853331182157 0
      vertex -351.55 78.88528465776972 0
      vertex -349.95 78.88528465776972 0
    endloop
  endfacet
  facet normal 0 0 -1
    outer loop
      vertex -349.95 78.88528465776972 0
      vertex -350.75 80.27092530382481 0
      vertex -348.25 81.71430097679887 0
    endloop
  endfacet
  facet normal 0 0 -1
    outer loop
      vertex -349.95 78.88528465776972 0
      vertex -351.55 78.88528465776972 0
      vertex -350.75 80.27092530382481 0
    endloop
  endfacet
  facet normal 0 0 -1
    outer loop
      vertex -350.75 74.61289266576648 0
      vertex -353.25 73.16951699279242 0
      vertex -351.55 75.99853331182157 0
    endloop
  endfacet
  facet normal 0 0 -1
    outer loop
      vertex -351.55 75.99853331182157 0
      vertex -353.25 73.16951699279242 0
      vertex -354.05 74.55515763884752 0
    endloop
  endfacet
  facet normal 0 0 -1
    outer loop
      vertex -353.25 73.16951699279242 0
      vertex -354.85 73.16951699279242 0
      vertex -354.05 74.55515763884752 0
    endloop
  endfacet
  facet normal 0 0 -1
    outer loop
      vertex -350.75 80.27092530382481 0
      vertex -351.55 78.88528465776972 0
      vertex -354.05 80.32866033074377 0
    endloop
  endfacet
  facet normal 0 0 -1
    outer loop
      vertex -350.75 80.27092530382481 0
      vertex -354.05 80.32866033074377 0
      vertex -353.25 81.71430097679887 0
    endloop
  endfacet
  facet normal 0 0 -1
    outer loop
      vertex -340.85 80.32866033074377 0
      vertex -341.65 81.71430097679887 0
      vertex -340.05 81.71430097679887 0
    endloop
  endfacet
  facet normal 0 0 -1
    outer loop
      vertex -340.05 81.71430097679887 0
      vertex -341.65 81.71430097679887 0
      vertex -341.65 84.60105232274701 0
    endloop
  endfacet
  facet normal 0 0 -1
    outer loop
      vertex -340.05 81.71430097679887 0
      vertex -341.65 84.60105232274701 0
      vertex -340.05 84.60105232274701 0
    endloop
  endfacet
  facet normal 0 0 -1
    outer loop
      vertex -340.05 84.60105232274701 0
      vertex -341.65 84.60105232274701 0
      vertex -340.85 85.9866929688021 0
    endloop
  endfacet
  facet normal 0 0 -1
    outer loop
      vertex -341.65 84.60105232274701 0
      vertex -344.15 86.04442799572107 0
      vertex -340.85 85.9866929688021 0
    endloop
  endfacet
  facet normal 0 0 -1
    outer loop
      vertex -340.85 85.9866929688021 0
      vertex -344.15 86.04442799572107 0
      vertex -343.35 87.43006864177616 0
    endloop
  endfacet
  facet normal 0 0 -1
    outer loop
      vertex -347.45 80.32866033074377 0
      vertex -348.25 81.71430097679887 0
      vertex -346.65 81.71430097679887 0
    endloop
  endfacet
  facet normal 0 0 -1
    outer loop
      vertex -346.65 81.71430097679887 0
      vertex -348.25 84.60105232274701 0
      vertex -346.65 84.60105232274701 0
    endloop
  endfacet
  facet normal 0 0 -1
    outer loop
      vertex -346.65 84.60105232274701 0
      vertex -348.25 84.60105232274701 0
      vertex -347.45 85.9866929688021 0
    endloop
  endfacet
  facet normal 0 0 -1
    outer loop
      vertex -343.35 87.43006864177616 0
      vertex -344.15 86.04442799572107 0
      vertex -344.95 87.43006864177616 0
    endloop
  endfacet
  facet normal 0 0 -1
    outer loop
      vertex -346.65 84.60105232274701 0
      vertex -344.95 87.43006864177616 0
      vertex -344.15 86.04442799572107 0
    endloop
  endfacet
  facet normal 0 0 -1
    outer loop
      vertex -343.35 87.43006864177616 0
      vertex -344.95 90.3168199877243 0
      vertex -343.35 90.3168199877243 0
    endloop
  endfacet
  facet normal 0 0 -1
    outer loop
      vertex -343.35 87.43006864177616 0
      vertex -344.95 87.43006864177616 0
      vertex -344.95 90.3168199877243 0
    endloop
  endfacet
  facet normal 0 0 -1
    outer loop
      vertex -346.65 84.60105232274701 0
      vertex -347.45 85.9866929688021 0
      vertex -344.95 87.43006864177616 0
    endloop
  endfacet
  facet normal 0 0 -1
    outer loop
      vertex -340.85 91.76019566069836 0
      vertex -341.65 93.14583630675347 0
      vertex -340.05 93.14583630675347 0
    endloop
  endfacet
  facet normal 0 0 -1
    outer loop
      vertex -340.85 91.76019566069836 0
      vertex -343.35 90.3168199877243 0
      vertex -341.65 93.14583630675347 0
    endloop
  endfacet
  facet normal 0 0 -1
    outer loop
      vertex -341.65 93.14583630675347 0
      vertex -343.35 90.3168199877243 0
      vertex -344.15 91.70246063377941 0
    endloop
  endfacet
  facet normal 0 0 -1
    outer loop
      vertex -340.05 93.14583630675347 0
      vertex -341.65 96.03258765270161 0
      vertex -340.05 96.03258765270161 0
    endloop
  endfacet
  facet normal 0 0 -1
    outer loop
      vertex -340.05 93.14583630675347 0
      vertex -341.65 93.14583630675347 0
      vertex -341.65 96.03258765270161 0
    endloop
  endfacet
  facet normal 0 0 -1
    outer loop
      vertex -340.05 96.03258765270161 0
      vertex -341.65 96.03258765270161 0
      vertex -340.85 97.4182282987567 0
    endloop
  endfacet
  facet normal 0 0 -1
    outer loop
      vertex -340.85 97.4182282987567 0
      vertex -341.65 96.03258765270161 0
      vertex -344.15 97.47596332567566 0
    endloop
  endfacet
  facet normal 0 0 -1
    outer loop
      vertex -343.35 90.3168199877243 0
      vertex -344.95 90.3168199877243 0
      vertex -344.15 91.70246063377941 0
    endloop
  endfacet
  facet normal 0 0 -1
    outer loop
      vertex -344.95 90.3168199877243 0
      vertex -347.45 91.76019566069836 0
      vertex -344.15 91.70246063377941 0
    endloop
  endfacet
  facet normal 0 0 -1
    outer loop
      vertex -344.15 91.70246063377941 0
      vertex -347.45 91.76019566069836 0
      vertex -346.65 93.14583630675347 0
    endloop
  endfacet
  facet normal 0 0 -1
    outer loop
      vertex -347.45 91.76019566069836 0
      vertex -348.25 93.14583630675347 0
      vertex -346.65 93.14583630675347 0
    endloop
  endfacet
  facet normal 0 0 -1
    outer loop
      vertex -344.15 97.47596332567566 0
      vertex -346.65 96.03258765270161 0
      vertex -344.95 98.86160397173076 0
    endloop
  endfacet
  facet normal 0 0 -1
    outer loop
      vertex -346.65 93.14583630675347 0
      vertex -348.25 96.03258765270161 0
      vertex -346.65 96.03258765270161 0
    endloop
  endfacet
  facet normal 0 0 -1
    outer loop
      vertex -346.65 96.03258765270161 0
      vertex -347.45 97.4182282987567 0
      vertex -344.95 98.86160397173076 0
    endloop
  endfacet
  facet normal 0 0 -1
    outer loop
      vertex -346.65 96.03258765270161 0
      vertex -348.25 96.03258765270161 0
      vertex -347.45 97.4182282987567 0
    endloop
  endfacet
  facet normal 0 0 -1
    outer loop
      vertex -346.65 81.71430097679887 0
      vertex -348.25 81.71430097679887 0
      vertex -348.25 84.60105232274701 0
    endloop
  endfacet
  facet normal 0 0 -1
    outer loop
      vertex -347.45 85.9866929688021 0
      vertex -348.25 84.60105232274701 0
      vertex -350.75 86.04442799572107 0
    endloop
  endfacet
  facet normal 0 0 -1
    outer loop
      vertex -347.45 85.9866929688021 0
      vertex -350.75 86.04442799572107 0
      vertex -349.95 87.43006864177616 0
    endloop
  endfacet
  facet normal 0 0 -1
    outer loop
      vertex -350.75 86.04442799572107 0
      vertex -351.55 87.43006864177616 0
      vertex -349.95 87.43006864177616 0
    endloop
  endfacet
  facet normal 0 0 -1
    outer loop
      vertex -349.95 87.43006864177616 0
      vertex -351.55 90.3168199877243 0
      vertex -349.95 90.3168199877243 0
    endloop
  endfacet
  facet normal 0 0 -1
    outer loop
      vertex -349.95 87.43006864177616 0
      vertex -351.55 87.43006864177616 0
      vertex -351.55 90.3168199877243 0
    endloop
  endfacet
  facet normal 0 0 -1
    outer loop
      vertex -354.05 80.32866033074377 0
      vertex -354.85 81.71430097679887 0
      vertex -353.25 81.71430097679887 0
    endloop
  endfacet
  facet normal 0 0 -1
    outer loop
      vertex -353.25 81.71430097679887 0
      vertex -354.85 81.71430097679887 0
      vertex -354.85 84.60105232274701 0
    endloop
  endfacet
  facet normal 0 0 -1
    outer loop
      vertex -353.25 81.71430097679887 0
      vertex -354.85 84.60105232274701 0
      vertex -353.25 84.60105232274701 0
    endloop
  endfacet
  facet normal 0 0 -1
    outer loop
      vertex -353.25 84.60105232274701 0
      vertex -354.85 84.60105232274701 0
      vertex -354.05 85.9866929688021 0
    endloop
  endfacet
  facet normal 0 0 -1
    outer loop
      vertex -350.75 86.04442799572107 0
      vertex -353.25 84.60105232274701 0
      vertex -351.55 87.43006864177616 0
    endloop
  endfacet
  facet normal 0 0 -1
    outer loop
      vertex -353.25 84.60105232274701 0
      vertex -354.05 85.9866929688021 0
      vertex -351.55 87.43006864177616 0
    endloop
  endfacet
  facet normal 0 0 -1
    outer loop
      vertex -347.45 91.76019566069836 0
      vertex -349.95 90.3168199877243 0
      vertex -348.25 93.14583630675347 0
    endloop
  endfacet
  facet normal 0 0 -1
    outer loop
      vertex -349.95 90.3168199877243 0
      vertex -351.55 90.3168199877243 0
      vertex -350.75 91.70246063377941 0
    endloop
  endfacet
  facet normal 0 0 -1
    outer loop
      vertex -348.25 93.14583630675347 0
      vertex -349.95 90.3168199877243 0
      vertex -350.75 91.70246063377941 0
    endloop
  endfacet
  facet normal 0 0 -1
    outer loop
      vertex -346.65 93.14583630675347 0
      vertex -348.25 93.14583630675347 0
      vertex -348.25 96.03258765270161 0
    endloop
  endfacet
  facet normal 0 0 -1
    outer loop
      vertex -347.45 97.4182282987567 0
      vertex -348.25 96.03258765270161 0
      vertex -350.75 97.47596332567566 0
    endloop
  endfacet
  facet normal 0 0 -1
    outer loop
      vertex -350.75 91.70246063377941 0
      vertex -351.55 90.3168199877243 0
      vertex -354.05 91.76019566069836 0
    endloop
  endfacet
  facet normal 0 0 -1
    outer loop
      vertex -350.75 91.70246063377941 0
      vertex -354.05 91.76019566069836 0
      vertex -353.25 93.14583630675347 0
    endloop
  endfacet
  facet normal 0 0 -1
    outer loop
      vertex -354.05 91.76019566069836 0
      vertex -354.85 93.14583630675347 0
      vertex -353.25 93.14583630675347 0
    endloop
  endfacet
  facet normal 0 0 -1
    outer loop
      vertex -350.75 97.47596332567566 0
      vertex -353.25 96.03258765270161 0
      vertex -351.55 98.86160397173076 0
    endloop
  endfacet
  facet normal 0 0 -1
    outer loop
      vertex -353.25 96.03258765270161 0
      vertex -354.05 97.4182282987567 0
      vertex -351.55 98.86160397173076 0
    endloop
  endfacet
  facet normal 0 0 -1
    outer loop
      vertex -353.25 93.14583630675347 0
      vertex -354.85 96.03258765270161 0
      vertex -353.25 96.03258765270161 0
    endloop
  endfacet
  facet normal 0 0 -1
    outer loop
      vertex -353.25 93.14583630675347 0
      vertex -354.85 93.14583630675347 0
      vertex -354.85 96.03258765270161 0
    endloop
  endfacet
  facet normal 0 0 -1
    outer loop
      vertex -353.25 96.03258765270161 0
      vertex -354.85 96.03258765270161 0
      vertex -354.05 97.4182282987567 0
    endloop
  endfacet
  facet normal 0 0 -1
    outer loop
      vertex -354.85 70.28276564684428 0
      vertex -356.55 67.45374932781513 0
      vertex -357.35 68.83938997387023 0
    endloop
  endfacet
  facet normal 0 0 -1
    outer loop
      vertex -356.55 64.56699798186699 0
      vertex -358.15000000000003 64.56699798186699 0
      vertex -358.15000000000003 67.45374932781513 0
    endloop
  endfacet
  facet normal 0 0 -1
    outer loop
      vertex -356.55 64.56699798186699 0
      vertex -358.15000000000003 67.45374932781513 0
      vertex -356.55 67.45374932781513 0
    endloop
  endfacet
  facet normal 0 0 -1
    outer loop
      vertex -356.55 67.45374932781513 0
      vertex -358.15000000000003 67.45374932781513 0
      vertex -360.65000000000003 68.89712500078919 0
    endloop
  endfacet
  facet normal 0 0 -1
    outer loop
      vertex -356.55 67.45374932781513 0
      vertex -360.65000000000003 68.89712500078919 0
      vertex -357.35 68.83938997387023 0
    endloop
  endfacet
  facet normal 0 0 -1
    outer loop
      vertex -360.65000000000003 68.89712500078919 0
      vertex -363.15000000000003 67.45374932781513 0
      vertex -359.85 70.28276564684428 0
    endloop
  endfacet
  facet normal 0 0 -1
    outer loop
      vertex -357.35 68.83938997387023 0
      vertex -360.65000000000003 68.89712500078919 0
      vertex -359.85 70.28276564684428 0
    endloop
  endfacet
  facet normal 0 0 -1
    outer loop
      vertex -359.85 70.28276564684428 0
      vertex -363.15000000000003 67.45374932781513 0
      vertex -359.85 73.16951699279242 0
    endloop
  endfacet
  facet normal 0 0 -1
    outer loop
      vertex -359.85 73.16951699279242 0
      vertex -363.15000000000003 67.45374932781513 0
      vertex -360.65000000000003 74.55515763884752 0
    endloop
  endfacet
  facet normal 0 0 -1
    outer loop
      vertex -360.65000000000003 74.55515763884752 0
      vertex -363.15000000000003 67.45374932781513 0
      vertex -363.15000000000003 75.99853331182157 0
    endloop
  endfacet
  facet normal 0 0 -1
    outer loop
      vertex -354.05 74.55515763884752 0
      vertex -354.85 73.16951699279242 0
      vertex -357.35 74.61289266576648 0
    endloop
  endfacet
  facet normal 0 0 -1
    outer loop
      vertex -354.05 74.55515763884752 0
      vertex -357.35 74.61289266576648 0
      vertex -356.55 75.99853331182157 0
    endloop
  endfacet
  facet normal 0 0 -1
    outer loop
      vertex -357.35 74.61289266576648 0
      vertex -359.85 73.16951699279242 0
      vertex -358.15000000000003 75.99853331182157 0
    endloop
  endfacet
  facet normal 0 0 -1
    outer loop
      vertex -356.55 75.99853331182157 0
      vertex -357.35 74.61289266576648 0
      vertex -358.15000000000003 75.99853331182157 0
    endloop
  endfacet
  facet normal 0 0 -1
    outer loop
      vertex -356.55 75.99853331182157 0
      vertex -358.15000000000003 75.99853331182157 0
      vertex -358.15000000000003 78.88528465776972 0
    endloop
  endfacet
  facet normal 0 0 -1
    outer loop
      vertex -354.05 80.32866033074377 0
      vertex -356.55 78.88528465776972 0
      vertex -354.85 81.71430097679887 0
    endloop
  endfacet
  facet normal 0 0 -1
    outer loop
      vertex -354.85 81.71430097679887 0
      vertex -356.55 78.88528465776972 0
      vertex -357.35 80.27092530382481 0
    endloop
  endfacet
  facet normal 0 0 -1
    outer loop
      vertex -356.55 75.99853331182157 0
      vertex -358.15000000000003 78.88528465776972 0
      vertex -356.55 78.88528465776972 0
    endloop
  endfacet
  facet normal 0 0 -1
    outer loop
      vertex -356.55 78.88528465776972 0
      vertex -358.15000000000003 78.88528465776972 0
      vertex -357.35 80.27092530382481 0
    endloop
  endfacet
  facet normal 0 0 -1
    outer loop
      vertex -358.15000000000003 78.88528465776972 0
      vertex -360.65000000000003 80.32866033074377 0
      vertex -357.35 80.27092530382481 0
    endloop
  endfacet
  facet normal 0 0 -1
    outer loop
      vertex -358.15000000000003 75.99853331182157 0
      vertex -359.85 73.16951699279242 0
      vertex -360.65000000000003 74.55515763884752 0
    endloop
  endfacet
  facet normal 0 0 -1
    outer loop
      vertex -357.35 80.27092530382481 0
      vertex -360.65000000000003 80.32866033074377 0
      vertex -359.85 81.71430097679887 0
    endloop
  endfacet
  facet normal 0 0 -1
    outer loop
      vertex -360.65000000000003 80.32866033074377 0
      vertex -363.15000000000003 78.88528465776972 0
      vertex -359.85 81.71430097679887 0
    endloop
  endfacet
  facet normal 0 0 -1
    outer loop
      vertex -363.15000000000003 67.45374932781513 0
      vertex -383.05 85 0
      vertex -363.15000000000003 75.99853331182157 0
    endloop
  endfacet
  facet normal 0 0 -1
    outer loop
      vertex -363.15000000000003 75.99853331182157 0
      vertex -383.05 85 0
      vertex -363.15000000000003 78.88528465776972 0
    endloop
  endfacet
  facet normal 0 0 -1
    outer loop
      vertex -354.85 84.60105232274701 0
      vertex -357.35 86.04442799572107 0
      vertex -354.05 85.9866929688021 0
    endloop
  endfacet
  facet normal 0 0 -1
    outer loop
      vertex -354.05 85.9866929688021 0
      vertex -357.35 86.04442799572107 0
      vertex -356.55 87.43006864177616 0
    endloop
  endfacet
  facet normal 0 0 -1
    outer loop
      vertex -356.55 87.43006864177616 0
      vertex -357.35 86.04442799572107 0
      vertex -358.15000000000003 87.43006864177616 0
    endloop
  endfacet
  facet normal 0 0 -1
    outer loop
      vertex -357.35 86.04442799572107 0
      vertex -359.85 84.60105232274701 0
      vertex -358.15000000000003 87.43006864177616 0
    endloop
  endfacet
  facet normal 0 0 -1
    outer loop
      vertex -356.55 87.43006864177616 0
      vertex -358.15000000000003 90.3168199877243 0
      vertex -356.55 90.3168199877243 0
    endloop
  endfacet
  facet normal 0 0 -1
    outer loop
      vertex -356.55 87.43006864177616 0
      vertex -358.15000000000003 87.43006864177616 0
      vertex -358.15000000000003 90.3168199877243 0
    endloop
  endfacet
  facet normal 0 0 -1
    outer loop
      vertex -358.15000000000003 87.43006864177616 0
      vertex -359.85 84.60105232274701 0
      vertex -360.65000000000003 85.9866929688021 0
    endloop
  endfacet
  facet normal 0 0 -1
    outer loop
      vertex -354.05 91.76019566069836 0
      vertex -356.55 90.3168199877243 0
      vertex -354.85 93.14583630675347 0
    endloop
  endfacet
  facet normal 0 0 -1
    outer loop
      vertex -354.85 93.14583630675347 0
      vertex -356.55 90.3168199877243 0
      vertex -357.35 91.70246063377941 0
    endloop
  endfacet
  facet normal 0 0 -1
    outer loop
      vertex -356.55 90.3168199877243 0
      vertex -358.15000000000003 90.3168199877243 0
      vertex -357.35 91.70246063377941 0
    endloop
  endfacet
  facet normal 0 0 -1
    outer loop
      vertex -358.15000000000003 90.3168199877243 0
      vertex -360.65000000000003 91.76019566069836 0
      vertex -357.35 91.70246063377941 0
    endloop
  endfacet
  facet normal 0 0 -1
    outer loop
      vertex -354.05 97.4182282987567 0
      vertex -354.85 96.03258765270161 0
      vertex -357.35 97.47596332567566 0
    endloop
  endfacet
  facet normal 0 0 -1
    outer loop
      vertex -357.35 97.47596332567566 0
      vertex -359.85 96.03258765270161 0
      vertex -358.15000000000003 98.86160397173076 0
    endloop
  endfacet
  facet normal 0 0 -1
    outer loop
      vertex -357.35 91.70246063377941 0
      vertex -360.65000000000003 91.76019566069836 0
      vertex -359.85 93.14583630675347 0
    endloop
  endfacet
  facet normal 0 0 -1
    outer loop
      vertex -360.65000000000003 91.76019566069836 0
      vertex -363.15000000000003 90.3168199877243 0
      vertex -359.85 93.14583630675347 0
    endloop
  endfacet
  facet normal 0 0 -1
    outer loop
      vertex -359.85 96.03258765270161 0
      vertex -360.65000000000003 97.4182282987567 0
      vertex -358.15000000000003 98.86160397173076 0
    endloop
  endfacet
  facet normal 0 0 -1
    outer loop
      vertex -359.85 81.71430097679887 0
      vertex -383.05 85 0
      vertex -359.85 84.60105232274701 0
    endloop
  endfacet
  facet normal 0 0 -1
    outer loop
      vertex -359.85 84.60105232274701 0
      vertex -383.05 85 0
      vertex -360.65000000000003 85.9866929688021 0
    endloop
  endfacet
  facet normal 0 0 -1
    outer loop
      vertex -363.15000000000003 78.88528465776972 0
      vertex -383.05 85 0
      vertex -359.85 81.71430097679887 0
    endloop
  endfacet
  facet normal 0 0 -1
    outer loop
      vertex -360.65000000000003 85.9866929688021 0
      vertex -383.05 85 0
      vertex -363.15000000000003 87.43006864177616 0
    endloop
  endfacet
  facet normal 0 0 -1
    outer loop
      vertex -363.15000000000003 87.43006864177616 0
      vertex -383.05 85 0
      vertex -363.15000000000003 90.3168199877243 0
    endloop
  endfacet
  facet normal 0 0 -1
    outer loop
      vertex -359.85 93.14583630675347 0
      vertex -371.05 97 0
      vertex -359.85 96.03258765270161 0
    endloop
  endfacet
  facet normal 0 0 -1
    outer loop
      vertex -359.85 96.03258765270161 0
      vertex -371.05 97 0
      vertex -360.65000000000003 97.4182282987567 0
    endloop
  endfacet
  facet normal 0 0 -1
    outer loop
      vertex -359.85 93.14583630675347 0
      vertex -363.15000000000003 90.3168199877243 0
      vertex -371.05 97 0
    endloop
  endfacet
  facet normal 0 0 1
    outer loop
      vertex -341.65 96.03258765270161 5.6
      vertex -343.35 98.86160397173076 5.6
      vertex -344.95 98.86160397173076 5.6
    endloop
  endfacet
  facet normal 0 0 1
    outer loop
      vertex -340.85 103.19173099065296 5.6
      vertex -344.95 101.7483553176789 5.6
      vertex -343.35 101.7483553176789 5.6
    endloop
  endfacet
  facet normal 0 0 1
    outer loop
      vertex -344.15 97.47596332567566 5.6
      vertex -344.95 98.86160397173076 5.6
      vertex -347.45 97.4182282987567 5.6
    endloop
  endfacet
  facet normal 0 0 1
    outer loop
      vertex -343.35 98.86160397173076 5.6
      vertex -343.35 101.7483553176789 5.6
      vertex -344.95 98.86160397173076 5.6
    endloop
  endfacet
  facet normal 0 0 1
    outer loop
      vertex -343.35 101.7483553176789 5.6
      vertex -344.95 101.7483553176789 5.6
      vertex -344.95 98.86160397173076 5.6
    endloop
  endfacet
  facet normal 0 0 1
    outer loop
      vertex -340.85 103.19173099065296 5.6
      vertex -347.45 103.19173099065296 5.6
      vertex -344.95 101.7483553176789 5.6
    endloop
  endfacet
  facet normal 0 0 1
    outer loop
      vertex -321.025 113 5.6
      vertex -322.1200412552816 113.08618161583404 5.6
      vertex -397.65 109.3 5.6
    endloop
  endfacet
  facet normal 0 0 1
    outer loop
      vertex -346.65 96.03258765270161 5.6
      vertex -349.95 98.86160397173076 5.6
      vertex -351.55 98.86160397173076 5.6
    endloop
  endfacet
  facet normal 0 0 1
    outer loop
      vertex -349.95 98.86160397173076 5.6
      vertex -349.95 101.7483553176789 5.6
      vertex -351.55 98.86160397173076 5.6
    endloop
  endfacet
  facet normal 0 0 1
    outer loop
      vertex -349.95 101.7483553176789 5.6
      vertex -351.55 101.7483553176789 5.6
      vertex -351.55 98.86160397173076 5.6
    endloop
  endfacet
  facet normal 0 0 1
    outer loop
      vertex -347.45 103.19173099065296 5.6
      vertex -351.55 101.7483553176789 5.6
      vertex -349.95 101.7483553176789 5.6
    endloop
  endfacet
  facet normal 0 0 1
    outer loop
      vertex -347.45 103.19173099065296 5.6
      vertex -354.05 103.19173099065296 5.6
      vertex -351.55 101.7483553176789 5.6
    endloop
  endfacet
  facet normal 0 0 1
    outer loop
      vertex -322.1200412552816 113.08618161583404 5.6
      vertex -323.1881189606246 113.34260438593392 5.6
      vertex -397.65 109.3 5.6
    endloop
  endfacet
  facet normal 0 0 1
    outer loop
      vertex -323.1881189606246 113.34260438593392 5.6
      vertex -324.20293349817683 113.76295433068142 5.6
      vertex -400.04999999701977 124 5.6
    endloop
  endfacet
  facet normal 0 0 1
    outer loop
      vertex -324.20293349817683 113.76295433068142 5.6
      vertex -325.1394967660473 114.33688103937537 5.6
      vertex -400.04999999701977 124 5.6
    endloop
  endfacet
  facet normal 0 0 1
    outer loop
      vertex -325.1394967660473 114.33688103937537 5.6
      vertex -325.9747474683058 115.05025253169417 5.6
      vertex -400.04999999701977 124 5.6
    endloop
  endfacet
  facet normal 0 0 1
    outer loop
      vertex -325.9747474683058 115.05025253169417 5.6
      vertex -326.6881189606246 115.88550323395269 5.6
      vertex -400.04999999701977 124 5.6
    endloop
  endfacet
  facet normal 0 0 1
    outer loop
      vertex -326.6881189606246 115.88550323395269 5.6
      vertex -327.2620456693185 116.82206650182317 5.6
      vertex -400.04999999701977 124 5.6
    endloop
  endfacet
  facet normal 0 0 1
    outer loop
      vertex -327.2620456693185 116.82206650182317 5.6
      vertex -327.682395614066 117.83688103937537 5.6
      vertex -400.04999999701977 124 5.6
    endloop
  endfacet
  facet normal 0 0 1
    outer loop
      vertex -327.682395614066 117.83688103937537 5.6
      vertex -327.9388183841659 118.90495874471839 5.6
      vertex -400.04999999701977 124 5.6
    endloop
  endfacet
  facet normal 0 0 1
    outer loop
      vertex -327.9388183841659 118.90495874471839 5.6
      vertex -328.025 120 5.6
      vertex -400.04999999701977 124 5.6
    endloop
  endfacet
  facet normal 0 0 1
    outer loop
      vertex -328.025 120 5.6
      vertex -327.9388183841659 121.09504125528161 5.6
      vertex -400.04999999701977 124 5.6
    endloop
  endfacet
  facet normal 0 0 1
    outer loop
      vertex -327.9388183841659 121.09504125528161 5.6
      vertex -327.682395614066 122.16311896062463 5.6
      vertex -400.04999999701977 124 5.6
    endloop
  endfacet
  facet normal 0 0 1
    outer loop
      vertex -327.682395614066 122.16311896062463 5.6
      vertex -327.2620456693185 123.17793349817683 5.6
      vertex -400.04999999701977 124 5.6
    endloop
  endfacet
  facet normal 0 0 1
    outer loop
      vertex -326.6881189606246 124.11449676604731 5.6
      vertex -400.04999999701977 124 5.6
      vertex -327.2620456693185 123.17793349817683 5.6
    endloop
  endfacet
  facet normal 0 0 1
    outer loop
      vertex -326.6881189606246 124.11449676604731 5.6
      vertex -331.025 127.60000000149012 5.6
      vertex -400.04999999701977 124 5.6
    endloop
  endfacet
  facet normal 0 0 1
    outer loop
      vertex -331.025 127.60000000149012 5.6
      vertex -331.025 130 5.6
      vertex -394.04999999701977 130 5.6
    endloop
  endfacet
  facet normal 0 0 1
    outer loop
      vertex -353.25 96.03258765270161 5.6
      vertex -356.55 98.86160397173076 5.6
      vertex -358.15000000000003 98.86160397173076 5.6
    endloop
  endfacet
  facet normal 0 0 1
    outer loop
      vertex -357.35 97.47596332567566 5.6
      vertex -358.15000000000003 98.86160397173076 5.6
      vertex -360.65000000000003 97.4182282987567 5.6
    endloop
  endfacet
  facet normal 0 0 1
    outer loop
      vertex -356.55 98.86160397173076 5.6
      vertex -356.55 101.7483553176789 5.6
      vertex -358.15000000000003 98.86160397173076 5.6
    endloop
  endfacet
  facet normal 0 0 1
    outer loop
      vertex -358.15000000000003 98.86160397173076 5.6
      vertex -356.55 101.7483553176789 5.6
      vertex -358.15000000000003 101.7483553176789 5.6
    endloop
  endfacet
  facet normal 0 0 1
    outer loop
      vertex -354.05 103.19173099065296 5.6
      vertex -358.15000000000003 101.7483553176789 5.6
      vertex -356.55 101.7483553176789 5.6
    endloop
  endfacet
  facet normal 0 0 1
    outer loop
      vertex -354.05 103.19173099065296 5.6
      vertex -360.65000000000003 103.19173099065296 5.6
      vertex -358.15000000000003 101.7483553176789 5.6
    endloop
  endfacet
  facet normal 0 0 1
    outer loop
      vertex -354.05 103.19173099065296 5.6
      vertex -374.7008134749222 107.7 5.6
      vertex -360.65000000000003 103.19173099065296 5.6
    endloop
  endfacet
  facet normal 0 0 1
    outer loop
      vertex -360.65000000000003 103.19173099065296 5.6
      vertex -374.7008134749222 107.7 5.6
      vertex -363.15000000000003 101.7483553176789 5.6
    endloop
  endfacet
  facet normal 0 0 1
    outer loop
      vertex -363.15000000000003 90.3168199877243 5.6
      vertex -363.15000000000003 98.86160397173076 5.6
      vertex -374.7008134749222 107.7 5.6
    endloop
  endfacet
  facet normal 0 0 1
    outer loop
      vertex -363.15000000000003 98.86160397173076 5.6
      vertex -363.15000000000003 101.7483553176789 5.6
      vertex -374.7008134749222 107.7 5.6
    endloop
  endfacet
  facet normal 0 0 -1
    outer loop
      vertex -340.85 97.4182282987567 0
      vertex -344.15 97.47596332567566 0
      vertex -343.35 98.86160397173076 0
    endloop
  endfacet
  facet normal 0 0 -1
    outer loop
      vertex -327.65000000000003 103.19173099065296 0
      vertex -334.25 103.19173099065296 0
      vertex -360.05 109.19975609756098 0
    endloop
  endfacet
  facet normal 0 0 -1
    outer loop
      vertex -344.15 97.47596332567566 0
      vertex -344.95 98.86160397173076 0
      vertex -343.35 98.86160397173076 0
    endloop
  endfacet
  facet normal 0 0 -1
    outer loop
      vertex -343.35 98.86160397173076 0
      vertex -344.95 98.86160397173076 0
      vertex -344.95 101.7483553176789 0
    endloop
  endfacet
  facet normal 0 0 -1
    outer loop
      vertex -343.35 98.86160397173076 0
      vertex -344.95 101.7483553176789 0
      vertex -343.35 101.7483553176789 0
    endloop
  endfacet
  facet normal 0 0 -1
    outer loop
      vertex -340.85 103.19173099065296 0
      vertex -343.35 101.7483553176789 0
      vertex -347.45 103.19173099065296 0
    endloop
  endfacet
  facet normal 0 0 -1
    outer loop
      vertex -343.35 101.7483553176789 0
      vertex -344.95 101.7483553176789 0
      vertex -347.45 103.19173099065296 0
    endloop
  endfacet
  facet normal 0 0 -1
    outer loop
      vertex -334.25 103.19173099065296 0
      vertex -340.85 103.19173099065296 0
      vertex -360.05 109.19975609756098 0
    endloop
  endfacet
  facet normal 0 0 -1
    outer loop
      vertex -347.45 97.4182282987567 0
      vertex -350.75 97.47596332567566 0
      vertex -349.95 98.86160397173076 0
    endloop
  endfacet
  facet normal 0 0 -1
    outer loop
      vertex -350.75 97.47596332567566 0
      vertex -351.55 98.86160397173076 0
      vertex -349.95 98.86160397173076 0
    endloop
  endfacet
  facet normal 0 0 -1
    outer loop
      vertex -349.95 98.86160397173076 0
      vertex -351.55 98.86160397173076 0
      vertex -351.55 101.7483553176789 0
    endloop
  endfacet
  facet normal 0 0 -1
    outer loop
      vertex -349.95 98.86160397173076 0
      vertex -351.55 101.7483553176789 0
      vertex -349.95 101.7483553176789 0
    endloop
  endfacet
  facet normal 0 0 -1
    outer loop
      vertex -347.45 103.19173099065296 0
      vertex -349.95 101.7483553176789 0
      vertex -354.05 103.19173099065296 0
    endloop
  endfacet
  facet normal 0 0 -1
    outer loop
      vertex -340.85 103.19173099065296 0
      vertex -347.45 103.19173099065296 0
      vertex -360.05 109.19975609756098 0
    endloop
  endfacet
  facet normal 0 0 -1
    outer loop
      vertex -349.95 101.7483553176789 0
      vertex -351.55 101.7483553176789 0
      vertex -354.05 103.19173099065296 0
    endloop
  endfacet
  facet normal 0 0 -1
    outer loop
      vertex -347.45 103.19173099065296 0
      vertex -354.05 103.19173099065296 0
      vertex -360.05 109.19975609756098 0
    endloop
  endfacet
  facet normal 0 0 -1
    outer loop
      vertex -323.38575059864564 115.3667660742205 0
      vertex -393.5529437214136 128.79999999701977 0
      vertex -324.08148331192086 115.79311162925028 0
    endloop
  endfacet
  facet normal 0 0 -1
    outer loop
      vertex -324.08148331192086 115.79311162925028 0
      vertex -393.5529437214136 128.79999999701977 0
      vertex -324.70195526217003 116.32304473782995 0
    endloop
  endfacet
  facet normal 0 0 -1
    outer loop
      vertex -323.38575059864564 124.6332339257795 0
      vertex -324.08148331192086 124.20688837074972 0
      vertex -393.5529437214136 128.79999999701977 0
    endloop
  endfacet
  facet normal 0 0 -1
    outer loop
      vertex -324.70195526217003 123.67695526217005 0
      vertex -393.5529437214136 128.79999999701977 0
      vertex -324.08148331192086 124.20688837074972 0
    endloop
  endfacet
  facet normal 0 0 -1
    outer loop
      vertex -321.83845921820915 125.13597937109472 0
      vertex -322.6318883707497 124.9454938847348 0
      vertex -393.5529437214136 128.79999999701977 0
    endloop
  endfacet
  facet normal 0 0 -1
    outer loop
      vertex -322.6318883707497 124.9454938847348 0
      vertex -323.38575059864564 124.6332339257795 0
      vertex -393.5529437214136 128.79999999701977 0
    endloop
  endfacet
  facet normal 0 0 -1
    outer loop
      vertex -324.70195526217003 116.32304473782995 0
      vertex -393.5529437214136 128.79999999701977 0
      vertex -325.2318883707497 116.94351668807914 0
    endloop
  endfacet
  facet normal 0 0 -1
    outer loop
      vertex -325.2318883707497 116.94351668807914 0
      vertex -393.5529437214136 128.79999999701977 0
      vertex -325.6582339257795 117.63924940135436 0
    endloop
  endfacet
  facet normal 0 0 -1
    outer loop
      vertex -325.6582339257795 117.63924940135436 0
      vertex -393.5529437214136 128.79999999701977 0
      vertex -325.97049388473476 118.39311162925027 0
    endloop
  endfacet
  facet normal 0 0 -1
    outer loop
      vertex -325.97049388473476 118.39311162925027 0
      vertex -393.5529437214136 128.79999999701977 0
      vertex -326.1609793710947 119.1865407817908 0
    endloop
  endfacet
  facet normal 0 0 -1
    outer loop
      vertex -326.1609793710947 119.1865407817908 0
      vertex -393.5529437214136 128.79999999701977 0
      vertex -326.22499999999997 120 0
    endloop
  endfacet
  facet normal 0 0 -1
    outer loop
      vertex -326.22499999999997 120 0
      vertex -393.5529437214136 128.79999999701977 0
      vertex -326.1609793710947 120.8134592182092 0
    endloop
  endfacet
  facet normal 0 0 -1
    outer loop
      vertex -325.97049388473476 121.60688837074973 0
      vertex -326.1609793710947 120.8134592182092 0
      vertex -393.5529437214136 128.79999999701977 0
    endloop
  endfacet
  facet normal 0 0 -1
    outer loop
      vertex -325.97049388473476 121.60688837074973 0
      vertex -393.5529437214136 128.79999999701977 0
      vertex -325.6582339257795 122.36075059864564 0
    endloop
  endfacet
  facet normal 0 0 -1
    outer loop
      vertex -325.6582339257795 122.36075059864564 0
      vertex -393.5529437214136 128.79999999701977 0
      vertex -325.2318883707497 123.05648331192086 0
    endloop
  endfacet
  facet normal 0 0 -1
    outer loop
      vertex -324.70195526217003 123.67695526217005 0
      vertex -325.2318883707497 123.05648331192086 0
      vertex -393.5529437214136 128.79999999701977 0
    endloop
  endfacet
  facet normal 0 0 -1
    outer loop
      vertex -354.05 97.4182282987567 0
      vertex -357.35 97.47596332567566 0
      vertex -356.55 98.86160397173076 0
    endloop
  endfacet
  facet normal 0 0 -1
    outer loop
      vertex -357.35 97.47596332567566 0
      vertex -358.15000000000003 98.86160397173076 0
      vertex -356.55 98.86160397173076 0
    endloop
  endfacet
  facet normal 0 0 -1
    outer loop
      vertex -356.55 98.86160397173076 0
      vertex -358.15000000000003 98.86160397173076 0
      vertex -358.15000000000003 101.7483553176789 0
    endloop
  endfacet
  facet normal 0 0 -1
    outer loop
      vertex -356.55 98.86160397173076 0
      vertex -358.15000000000003 101.7483553176789 0
      vertex -356.55 101.7483553176789 0
    endloop
  endfacet
  facet normal 0 0 -1
    outer loop
      vertex -356.55 101.7483553176789 0
      vertex -358.15000000000003 101.7483553176789 0
      vertex -360.65000000000003 103.19173099065296 0
    endloop
  endfacet
  facet normal 0 0 -1
    outer loop
      vertex -354.05 103.19173099065296 0
      vertex -360.6158578900179 109.43414210998219 0
      vertex -360.05 109.19975609756098 0
    endloop
  endfacet
  facet normal 0 0 -1
    outer loop
      vertex -360.65000000000003 97.4182282987567 0
      vertex -371.05 97 0
      vertex -363.15000000000003 98.86160397173076 0
    endloop
  endfacet
  facet normal 0 0 -1
    outer loop
      vertex -363.15000000000003 98.86160397173076 0
      vertex -371.05 103 0
      vertex -363.15000000000003 101.7483553176789 0
    endloop
  endfacet
  facet normal 0 0 -1
    outer loop
      vertex -363.15000000000003 98.86160397173076 0
      vertex -371.05 97 0
      vertex -371.05 103 0
    endloop
  endfacet
  facet normal 0 0 -1
    outer loop
      vertex -354.05 103.19173099065296 0
      vertex -356.55 101.7483553176789 0
      vertex -393.5529437214136 128.79999999701977 0
    endloop
  endfacet
  facet normal 0 1 0
    outer loop
      vertex -280.04999999701977 130 1.19
      vertex -394.04999999701977 130 1.19
      vertex -394.04999999701977 130 5.6
    endloop
  endfacet
  facet normal 0 0 -1
    outer loop
      vertex -323.38575059864564 115.3667660742205 0
      vertex -360.05 110.80024390243902 0
      vertex -393.5529437214136 128.79999999701977 0
    endloop
  endfacet
  facet normal 0 0.7041420109526249 -0.7100591724719802
    outer loop
      vertex -281.0501960784314 128.79999999701977 0
      vertex -393.5529437214136 128.79999999701977 0
      vertex -394.04999999701977 130 1.19
    endloop
  endfacet
  facet normal 0 0 -1
    outer loop
      vertex -354.05 103.19173099065296 0
      vertex -393.5529437214136 128.79999999701977 0
      vertex -360.6158578900179 109.43414210998219 0
    endloop
  endfacet
  facet normal 0 0 1
    outer loop
      vertex -397.65 22.3 5.6
      vertex -360.65000000000003 85.9866929688021 5.6
      vertex -363.15000000000003 87.43006864177616 5.6
    endloop
  endfacet
  facet normal 0 0 1
    outer loop
      vertex -363.15000000000003 87.43006864177616 5.6
      vertex -363.15000000000003 90.3168199877243 5.6
      vertex -397.65 107.7 5.6
    endloop
  endfacet
  facet normal 0 0 1
    outer loop
      vertex -397.65 22.3 5.6
      vertex -363.15000000000003 87.43006864177616 5.6
      vertex -397.65 107.7 5.6
    endloop
  endfacet
  facet normal 0 0 1
    outer loop
      vertex -397.65 22.3 5.6
      vertex -397.65 107.7 5.6
      vertex -400.04999999701977 124 5.6
    endloop
  endfacet
  facet normal 0 0 -1
    outer loop
      vertex -383.05 45 0
      vertex -383.05 85 0
      vertex -363.15000000000003 67.45374932781513 0
    endloop
  endfacet
  facet normal 0 0 -1
    outer loop
      vertex -363.15000000000003 90.3168199877243 0
      vertex -383.05 85 0
      vertex -371.05 97 0
    endloop
  endfacet
  facet normal -1 0 0
    outer loop
      vertex -400.04999999701977 6 1.19
      vertex -400.04999999701977 124 5.6
      vertex -400.04999999701977 124 1.19
    endloop
  endfacet
  facet normal 0 0 -1
    outer loop
      vertex -389.05 39 0
      vertex -393.5529437214136 128.79999999701977 0
      vertex -389.05 91 0
    endloop
  endfacet
  facet normal -0.7041420109526249 0 -0.7100591724719804
    outer loop
      vertex -400.04999999701977 6 1.19
      vertex -400.04999999701977 124 1.19
      vertex -398.84999999403954 123.50294372439384 0
    endloop
  endfacet
  facet normal 0 0 -1
    outer loop
      vertex -398.84999999403954 6.497056268155575 0
      vertex -398.84999999403954 123.50294372439384 0
      vertex -393.5529437214136 128.79999999701977 0
    endloop
  endfacet
  facet normal 0 0 1
    outer loop
      vertex -363.15000000000003 90.3168199877243 5.6
      vertex -374.7008134749222 107.7 5.6
      vertex -397.65 107.7 5.6
    endloop
  endfacet
  facet normal 0 0 1
    outer loop
      vertex -323.1881189606246 113.34260438593392 5.6
      vertex -400.04999999701977 124 5.6
      vertex -397.65 109.3 5.6
    endloop
  endfacet
  facet normal 0 0 1
    outer loop
      vertex -331.025 127.60000000149012 5.6
      vertex -394.04999999701977 130 5.6
      vertex -400.04999999701977 124 5.6
    endloop
  endfacet
  facet normal 0 0 1
    outer loop
      vertex -397.65 107.7 5.6
      vertex -397.65 109.3 5.6
      vertex -400.04999999701977 124 5.6
    endloop
  endfacet
  facet normal -0.7071067811865476 0.7071067811865476 0
    outer loop
      vertex -394.04999999701977 130 5.6
      vertex -394.04999999701977 130 1.19
      vertex -400.04999999701977 124 5.6
    endloop
  endfacet
  facet normal 0 0 -1
    outer loop
      vertex -356.55 101.7483553176789 0
      vertex -360.65000000000003 103.19173099065296 0
      vertex -393.5529437214136 128.79999999701977 0
    endloop
  endfacet
  facet normal 0 0 -1
    outer loop
      vertex -360.65000000000003 103.19173099065296 0
      vertex -363.15000000000003 101.7483553176789 0
      vertex -393.5529437214136 128.79999999701977 0
    endloop
  endfacet
  facet normal 0 0 -1
    outer loop
      vertex -363.15000000000003 101.7483553176789 0
      vertex -371.05 103 0
      vertex -393.5529437214136 128.79999999701977 0
    endloop
  endfacet
  facet normal 0 0 -1
    outer loop
      vertex -371.05 103 0
      vertex -377.05 103 0
      vertex -393.5529437214136 128.79999999701977 0
    endloop
  endfacet
  facet normal 0 0 -1
    outer loop
      vertex -360.6158578900179 110.56585789001781 0
      vertex -393.5529437214136 128.79999999701977 0
      vertex -360.05 110.80024390243902 0
    endloop
  endfacet
  facet normal 0 0 -1
    outer loop
      vertex -360.6158578900179 109.43414210998219 0
      vertex -393.5529437214136 128.79999999701977 0
      vertex -360.85024390243905 110 0
    endloop
  endfacet
  facet normal 0 0 -1
    outer loop
      vertex -360.6158578900179 110.56585789001781 0
      vertex -360.85024390243905 110 0
      vertex -393.5529437214136 128.79999999701977 0
    endloop
  endfacet
  facet normal 0 0 -1
    outer loop
      vertex -389.05 91 0
      vertex -393.5529437214136 128.79999999701977 0
      vertex -377.05 103 0
    endloop
  endfacet
  facet normal -0.7071067811865476 0.7071067811865476 0
    outer loop
      vertex -400.04999999701977 124 5.6
      vertex -394.04999999701977 130 1.19
      vertex -400.04999999701977 124 1.19
    endloop
  endfacet
  facet normal -0.49790359093334663 0.49790359093334663 -0.7100591723732306
    outer loop
      vertex -394.04999999701977 130 1.19
      vertex -398.84999999403954 123.50294372439384 0
      vertex -400.04999999701977 124 1.19
    endloop
  endfacet
  facet normal -0.49790359093334663 0.49790359093334663 -0.7100591723732306
    outer loop
      vertex -394.04999999701977 130 1.19
      vertex -393.5529437214136 128.79999999701977 0
      vertex -398.84999999403954 123.50294372439384 0
    endloop
  endfacet
  facet normal 0.38268343236507507 -0.9238795325112927 2.2693554024824734e-18
    outer loop
      vertex -318.86188103937536 113.34260438593392 12
      vertex -317.8470665018231 113.76295433068142 5.6
      vertex -317.8470665018231 113.76295433068142 12
    endloop
  endfacet
  facet normal 0.23344536385590806 -0.9723699203976761 0
    outer loop
      vertex -318.86188103937536 113.34260438593392 12
      vertex -319.92995874471836 113.08618161583404 12
      vertex -318.86188103937536 113.34260438593392 5.6
    endloop
  endfacet
  facet normal 0.07845909572784518 -0.996917333733128 0
    outer loop
      vertex -319.92995874471836 113.08618161583404 12
      vertex -321.025 113 12
      vertex -319.92995874471836 113.08618161583404 5.6
    endloop
  endfacet
  facet normal -0.07845909572784518 -0.996917333733128 0
    outer loop
      vertex -321.025 113 12
      vertex -322.1200412552816 113.08618161583404 12
      vertex -321.025 113 5.6
    endloop
  endfacet
  facet normal -0.23344536385590806 -0.9723699203976761 0
    outer loop
      vertex -322.1200412552816 113.08618161583404 12
      vertex -323.1881189606246 113.34260438593392 12
      vertex -322.1200412552816 113.08618161583404 5.6
    endloop
  endfacet
  facet normal -0.38268343236507507 -0.9238795325112927 0
    outer loop
      vertex -323.1881189606246 113.34260438593392 12
      vertex -324.20293349817683 113.76295433068142 12
      vertex -323.1881189606246 113.34260438593392 5.6
    endloop
  endfacet
  facet normal 0 0 1
    outer loop
      vertex -314.78795433068143 116.82206650182317 12
      vertex -314.36760438593393 117.83688103937537 12
      vertex -314.78795433068143 123.17793349817683 12
    endloop
  endfacet
  facet normal 0 0 1
    outer loop
      vertex -314.36760438593393 117.83688103937537 12
      vertex -314.111181615834 118.90495874471839 12
      vertex -314.36760438593393 122.16311896062463 12
    endloop
  endfacet
  facet normal 0 0 1
    outer loop
      vertex -315.36188103937536 115.88550323395269 12
      vertex -314.78795433068143 116.82206650182317 12
      vertex -315.36188103937536 124.11449676604731 12
    endloop
  endfacet
  facet normal 0 0 1
    outer loop
      vertex -314.111181615834 118.90495874471839 12
      vertex -314.025 120 12
      vertex -314.111181615834 121.09504125528161 12
    endloop
  endfacet
  facet normal 0 0 1
    outer loop
      vertex -314.111181615834 118.90495874471839 12
      vertex -314.111181615834 121.09504125528161 12
      vertex -314.36760438593393 122.16311896062463 12
    endloop
  endfacet
  facet normal 0 0 1
    outer loop
      vertex -314.36760438593393 117.83688103937537 12
      vertex -314.36760438593393 122.16311896062463 12
      vertex -314.78795433068143 123.17793349817683 12
    endloop
  endfacet
  facet normal 0 0 1
    outer loop
      vertex -314.78795433068143 116.82206650182317 12
      vertex -314.78795433068143 123.17793349817683 12
      vertex -315.36188103937536 124.11449676604731 12
    endloop
  endfacet
  facet normal 0 0 1
    outer loop
      vertex -315.36188103937536 115.88550323395269 12
      vertex -315.36188103937536 124.11449676604731 12
      vertex -316.07525253169416 124.94974746830583 12
    endloop
  endfacet
  facet normal 0 0 1
    outer loop
      vertex -315.36188103937536 115.88550323395269 12
      vertex -316.07525253169416 124.94974746830583 12
      vertex -316.07525253169416 115.05025253169417 12
    endloop
  endfacet
  facet normal 0 0 1
    outer loop
      vertex -316.07525253169416 115.05025253169417 12
      vertex -316.9105032339527 125.66311896062463 12
      vertex -316.9105032339527 114.33688103937537 12
    endloop
  endfacet
  facet normal 0 0 1
    outer loop
      vertex -316.9105032339527 114.33688103937537 12
      vertex -317.8470665018231 126.23704566931858 12
      vertex -317.8470665018231 113.76295433068142 12
    endloop
  endfacet
  facet normal 0 0 1
    outer loop
      vertex -316.07525253169416 115.05025253169417 12
      vertex -316.07525253169416 124.94974746830583 12
      vertex -316.9105032339527 125.66311896062463 12
    endloop
  endfacet
  facet normal 0 0 1
    outer loop
      vertex -316.9105032339527 114.33688103937537 12
      vertex -316.9105032339527 125.66311896062463 12
      vertex -317.8470665018231 126.23704566931858 12
    endloop
  endfacet
  facet normal 0 0 1
    outer loop
      vertex -318.86188103937536 113.34260438593392 12
      vertex -317.8470665018231 113.76295433068142 12
      vertex -319.1158116907963 118.09081169079631 12
    endloop
  endfacet
  facet normal 0 0 1
    outer loop
      vertex -317.8470665018231 113.76295433068142 12
      vertex -318.61928238469136 118.77422565070323 12
      vertex -318.84065411518765 118.41297981881033 12
    endloop
  endfacet
  facet normal 0 0 1
    outer loop
      vertex -317.8470665018231 113.76295433068142 12
      vertex -318.45714740600306 119.16565411518764 12
      vertex -318.61928238469136 118.77422565070323 12
    endloop
  endfacet
  facet normal 0 0 1
    outer loop
      vertex -317.8470665018231 113.76295433068142 12
      vertex -318.35824148039313 119.57762694439138 12
      vertex -318.45714740600306 119.16565411518764 12
    endloop
  endfacet
  facet normal 0 0 1
    outer loop
      vertex -317.8470665018231 113.76295433068142 12
      vertex -318.325 120 12
      vertex -318.35824148039313 119.57762694439138 12
    endloop
  endfacet
  facet normal 0 0 1
    outer loop
      vertex -317.8470665018231 113.76295433068142 12
      vertex -318.84065411518765 118.41297981881033 12
      vertex -319.1158116907963 118.09081169079631 12
    endloop
  endfacet
  facet normal 0 0 1
    outer loop
      vertex -318.86188103937536 113.34260438593392 12
      vertex -319.4379798188103 117.81565411518764 12
      vertex -319.7992256507032 117.59428238469141 12
    endloop
  endfacet
  facet normal 0 0 1
    outer loop
      vertex -318.86188103937536 113.34260438593392 12
      vertex -319.1158116907963 118.09081169079631 12
      vertex -319.4379798188103 117.81565411518764 12
    endloop
  endfacet
  facet normal 0 0 1
    outer loop
      vertex -318.86188103937536 113.34260438593392 12
      vertex -320.1906541151876 117.43214740600308 12
      vertex -319.92995874471836 113.08618161583404 12
    endloop
  endfacet
  facet normal 0 0 1
    outer loop
      vertex -319.92995874471836 113.08618161583404 12
      vertex -321.025 117.3 12
      vertex -321.025 113 12
    endloop
  endfacet
  facet normal 0 0 1
    outer loop
      vertex -318.86188103937536 113.34260438593392 12
      vertex -319.7992256507032 117.59428238469141 12
      vertex -320.1906541151876 117.43214740600308 12
    endloop
  endfacet
  facet normal 0 0 1
    outer loop
      vertex -319.92995874471836 113.08618161583404 12
      vertex -320.1906541151876 117.43214740600308 12
      vertex -320.6026269443914 117.33324148039313 12
    endloop
  endfacet
  facet normal 0 0 1
    outer loop
      vertex -319.92995874471836 113.08618161583404 12
      vertex -320.6026269443914 117.33324148039313 12
      vertex -321.025 117.3 12
    endloop
  endfacet
  facet normal 0 0 1
    outer loop
      vertex -321.025 113 12
      vertex -321.025 117.3 12
      vertex -321.4473730556086 117.33324148039313 12
    endloop
  endfacet
  facet normal 0 0 1
    outer loop
      vertex -317.8470665018231 113.76295433068142 12
      vertex -317.8470665018231 126.23704566931858 12
      vertex -318.325 120 12
    endloop
  endfacet
  facet normal 0 0 1
    outer loop
      vertex -321.025 113 12
      vertex -321.4473730556086 117.33324148039313 12
      vertex -322.1200412552816 113.08618161583404 12
    endloop
  endfacet
  facet normal 0 0 1
    outer loop
      vertex -322.1200412552816 113.08618161583404 12
      vertex -322.6120201811897 117.81565411518764 12
      vertex -323.1881189606246 113.34260438593392 12
    endloop
  endfacet
  facet normal 0 0 1
    outer loop
      vertex -322.1200412552816 113.08618161583404 12
      vertex -321.4473730556086 117.33324148039313 12
      vertex -321.85934588481234 117.43214740600308 12
    endloop
  endfacet
  facet normal 0 0 1
    outer loop
      vertex -322.1200412552816 113.08618161583404 12
      vertex -321.85934588481234 117.43214740600308 12
      vertex -322.25077434929676 117.59428238469141 12
    endloop
  endfacet
  facet normal 0 0 1
    outer loop
      vertex -322.1200412552816 113.08618161583404 12
      vertex -322.25077434929676 117.59428238469141 12
      vertex -322.6120201811897 117.81565411518764 12
    endloop
  endfacet
  facet normal 0 0 1
    outer loop
      vertex -323.1881189606246 113.34260438593392 12
      vertex -322.6120201811897 117.81565411518764 12
      vertex -322.93418830920365 118.09081169079631 12
    endloop
  endfacet
  facet normal 0 0 1
    outer loop
      vertex -323.1881189606246 113.34260438593392 12
      vertex -322.93418830920365 118.09081169079631 12
      vertex -323.2093458848123 118.41297981881033 12
    endloop
  endfacet
  facet normal 0 0 1
    outer loop
      vertex -323.1881189606246 113.34260438593392 12
      vertex -323.6917585196068 119.57762694439138 12
      vertex -324.20293349817683 113.76295433068142 12
    endloop
  endfacet
  facet normal 0 0 1
    outer loop
      vertex -323.1881189606246 113.34260438593392 12
      vertex -323.2093458848123 118.41297981881033 12
      vertex -323.4307176153086 118.77422565070323 12
    endloop
  endfacet
  facet normal 0 0 1
    outer loop
      vertex -323.1881189606246 113.34260438593392 12
      vertex -323.4307176153086 118.77422565070323 12
      vertex -323.5928525939969 119.16565411518764 12
    endloop
  endfacet
  facet normal 0 0 1
    outer loop
      vertex -323.1881189606246 113.34260438593392 12
      vertex -323.5928525939969 119.16565411518764 12
      vertex -323.6917585196068 119.57762694439138 12
    endloop
  endfacet
  facet normal 0 0 1
    outer loop
      vertex -324.20293349817683 113.76295433068142 12
      vertex -323.6917585196068 119.57762694439138 12
      vertex -323.72499999999997 120 12
    endloop
  endfacet
  facet normal 0 0 1
    outer loop
      vertex -324.20293349817683 113.76295433068142 12
      vertex -325.1394967660473 125.66311896062463 12
      vertex -325.1394967660473 114.33688103937537 12
    endloop
  endfacet
  facet normal 0 0 1
    outer loop
      vertex -324.20293349817683 113.76295433068142 12
      vertex -323.72499999999997 120 12
      vertex -324.20293349817683 126.23704566931858 12
    endloop
  endfacet
  facet normal 0 0 1
    outer loop
      vertex -318.325 120 12
      vertex -317.8470665018231 126.23704566931858 12
      vertex -318.35824148039313 120.42237305560862 12
    endloop
  endfacet
  facet normal 0 0 1
    outer loop
      vertex -318.35824148039313 120.42237305560862 12
      vertex -318.86188103937536 126.65739561406608 12
      vertex -318.45714740600306 120.83434588481236 12
    endloop
  endfacet
  facet normal 0 0 1
    outer loop
      vertex -318.45714740600306 120.83434588481236 12
      vertex -318.86188103937536 126.65739561406608 12
      vertex -318.61928238469136 121.22577434929677 12
    endloop
  endfacet
  facet normal 0 0 1
    outer loop
      vertex -318.61928238469136 121.22577434929677 12
      vertex -318.86188103937536 126.65739561406608 12
      vertex -318.84065411518765 121.58702018118967 12
    endloop
  endfacet
  facet normal 0 0 1
    outer loop
      vertex -318.84065411518765 121.58702018118967 12
      vertex -318.86188103937536 126.65739561406608 12
      vertex -319.1158116907963 121.90918830920369 12
    endloop
  endfacet
  facet normal 0 0 1
    outer loop
      vertex -319.1158116907963 121.90918830920369 12
      vertex -318.86188103937536 126.65739561406608 12
      vertex -319.4379798188103 122.18434588481236 12
    endloop
  endfacet
  facet normal 0 0 1
    outer loop
      vertex -318.35824148039313 120.42237305560862 12
      vertex -317.8470665018231 126.23704566931858 12
      vertex -318.86188103937536 126.65739561406608 12
    endloop
  endfacet
  facet normal 0 0 1
    outer loop
      vertex -319.4379798188103 122.18434588481236 12
      vertex -318.86188103937536 126.65739561406608 12
      vertex -319.92995874471836 126.91381838416596 12
    endloop
  endfacet
  facet normal 0 0 1
    outer loop
      vertex -319.4379798188103 122.18434588481236 12
      vertex -319.92995874471836 126.91381838416596 12
      vertex -319.7992256507032 122.40571761530859 12
    endloop
  endfacet
  facet normal 0 0 1
    outer loop
      vertex -319.7992256507032 122.40571761530859 12
      vertex -319.92995874471836 126.91381838416596 12
      vertex -320.1906541151876 122.56785259399692 12
    endloop
  endfacet
  facet normal 0 0 1
    outer loop
      vertex -320.1906541151876 122.56785259399692 12
      vertex -319.92995874471836 126.91381838416596 12
      vertex -320.6026269443914 122.66675851960687 12
    endloop
  endfacet
  facet normal 0 0 1
    outer loop
      vertex -320.6026269443914 122.66675851960687 12
      vertex -321.025 127 12
      vertex -321.025 122.7 12
    endloop
  endfacet
  facet normal 0 0 1
    outer loop
      vertex -320.6026269443914 122.66675851960687 12
      vertex -319.92995874471836 126.91381838416596 12
      vertex -321.025 127 12
    endloop
  endfacet
  facet normal 0 0 1
    outer loop
      vertex -321.85934588481234 122.56785259399692 12
      vertex -323.1881189606246 126.65739561406608 12
      vertex -322.25077434929676 122.40571761530859 12
    endloop
  endfacet
  facet normal 0 0 1
    outer loop
      vertex -322.6120201811897 122.18434588481236 12
      vertex -322.25077434929676 122.40571761530859 12
      vertex -323.1881189606246 126.65739561406608 12
    endloop
  endfacet
  facet normal 0 0 1
    outer loop
      vertex -322.6120201811897 122.18434588481236 12
      vertex -323.1881189606246 126.65739561406608 12
      vertex -322.93418830920365 121.90918830920369 12
    endloop
  endfacet
  facet normal 0 0 1
    outer loop
      vertex -321.025 122.7 12
      vertex -322.1200412552816 126.91381838416596 12
      vertex -321.4473730556086 122.66675851960687 12
    endloop
  endfacet
  facet normal 0 0 1
    outer loop
      vertex -321.4473730556086 122.66675851960687 12
      vertex -322.1200412552816 126.91381838416596 12
      vertex -321.85934588481234 122.56785259399692 12
    endloop
  endfacet
  facet normal 0 0 1
    outer loop
      vertex -321.025 122.7 12
      vertex -321.025 127 12
      vertex -322.1200412552816 126.91381838416596 12
    endloop
  endfacet
  facet normal 0 0 1
    outer loop
      vertex -321.85934588481234 122.56785259399692 12
      vertex -322.1200412552816 126.91381838416596 12
      vertex -323.1881189606246 126.65739561406608 12
    endloop
  endfacet
  facet normal 0 0 1
    outer loop
      vertex -323.72499999999997 120 12
      vertex -323.6917585196068 120.42237305560862 12
      vertex -324.20293349817683 126.23704566931858 12
    endloop
  endfacet
  facet normal 0 0 1
    outer loop
      vertex -323.5928525939969 120.83434588481236 12
      vertex -324.20293349817683 126.23704566931858 12
      vertex -323.6917585196068 120.42237305560862 12
    endloop
  endfacet
  facet normal 0 0 1
    outer loop
      vertex -323.5928525939969 120.83434588481236 12
      vertex -323.4307176153086 121.22577434929677 12
      vertex -324.20293349817683 126.23704566931858 12
    endloop
  endfacet
  facet normal 0 0 1
    outer loop
      vertex -323.4307176153086 121.22577434929677 12
      vertex -323.2093458848123 121.58702018118967 12
      vertex -324.20293349817683 126.23704566931858 12
    endloop
  endfacet
  facet normal 0 0 1
    outer loop
      vertex -323.2093458848123 121.58702018118967 12
      vertex -322.93418830920365 121.90918830920369 12
      vertex -324.20293349817683 126.23704566931858 12
    endloop
  endfacet
  facet normal 0 0 1
    outer loop
      vertex -324.20293349817683 113.76295433068142 12
      vertex -324.20293349817683 126.23704566931858 12
      vertex -325.1394967660473 125.66311896062463 12
    endloop
  endfacet
  facet normal 0 0 1
    outer loop
      vertex -322.93418830920365 121.90918830920369 12
      vertex -323.1881189606246 126.65739561406608 12
      vertex -324.20293349817683 126.23704566931858 12
    endloop
  endfacet
  facet normal 0.7604059656000306 -0.6494480483301841 0
    outer loop
      vertex -315.36188103937536 115.88550323395269 12
      vertex -316.07525253169416 115.05025253169417 12
      vertex -315.36188103937536 115.88550323395269 5.6
    endloop
  endfacet
  facet normal 0.9238795325112871 -0.38268343236508884 3.621553492132988e-18
    outer loop
      vertex -314.78795433068143 116.82206650182317 12
      vertex -314.36760438593393 117.83688103937537 5.6
      vertex -314.36760438593393 117.83688103937537 12
    endloop
  endfacet
  facet normal 0.8526401643540962 -0.5224985647159424 -4.739777443224252e-18
    outer loop
      vertex -315.36188103937536 115.88550323395269 12
      vertex -314.78795433068143 116.82206650182317 5.6
      vertex -314.78795433068143 116.82206650182317 12
    endloop
  endfacet
  facet normal 0.6494480483301841 -0.7604059656000306 0
    outer loop
      vertex -316.07525253169416 115.05025253169417 12
      vertex -316.9105032339527 114.33688103937537 12
      vertex -316.07525253169416 115.05025253169417 5.6
    endloop
  endfacet
  facet normal 0.522498564715969 -0.8526401643540799 0
    outer loop
      vertex -316.9105032339527 114.33688103937537 12
      vertex -317.8470665018231 113.76295433068142 12
      vertex -316.9105032339527 114.33688103937537 5.6
    endloop
  endfacet
  facet normal 0.9723699203976737 -0.23344536385591733 -3.268077509056414e-18
    outer loop
      vertex -314.36760438593393 117.83688103937537 12
      vertex -314.111181615834 118.90495874471839 5.6
      vertex -314.111181615834 118.90495874471839 12
    endloop
  endfacet
  facet normal 0.996917333733127 -0.07845909572785803 6.063036590737258e-19
    outer loop
      vertex -314.111181615834 118.90495874471839 12
      vertex -314.025 120 5.6
      vertex -314.025 120 12
    endloop
  endfacet
  facet normal 0.996917333733127 0.07845909572785803 -6.063036590737258e-19
    outer loop
      vertex -314.025 120 12
      vertex -314.111181615834 121.09504125528161 5.6
      vertex -314.111181615834 121.09504125528161 12
    endloop
  endfacet
  facet normal 0.9723699203976737 0.23344536385591733 3.268077509056414e-18
    outer loop
      vertex -314.111181615834 121.09504125528161 12
      vertex -314.36760438593393 122.16311896062463 5.6
      vertex -314.36760438593393 122.16311896062463 12
    endloop
  endfacet
  facet normal 0.9238795325112871 0.38268343236508884 -3.621553492132988e-18
    outer loop
      vertex -314.36760438593393 122.16311896062463 12
      vertex -314.78795433068143 123.17793349817683 5.6
      vertex -314.78795433068143 123.17793349817683 12
    endloop
  endfacet
  facet normal 0.8526401643540962 0.5224985647159424 4.739777443224252e-18
    outer loop
      vertex -314.78795433068143 123.17793349817683 12
      vertex -315.36188103937536 124.11449676604731 5.6
      vertex -315.36188103937536 124.11449676604731 12
    endloop
  endfacet
  facet normal 0.7604059656000306 0.6494480483301841 3.728160498414665e-18
    outer loop
      vertex -315.36188103937536 124.11449676604731 12
      vertex -316.07525253169416 124.94974746830583 5.6
      vertex -316.07525253169416 124.94974746830583 12
    endloop
  endfacet
  facet normal 0.6494480483301841 0.7604059656000306 3.728160498414665e-18
    outer loop
      vertex -316.07525253169416 124.94974746830583 12
      vertex -316.9105032339527 125.66311896062463 5.6
      vertex -316.9105032339527 125.66311896062463 12
    endloop
  endfacet
  facet normal 0.522498564715969 0.8526401643540799 -3.0341005403209847e-18
    outer loop
      vertex -316.9105032339527 125.66311896062463 12
      vertex -317.8470665018231 126.23704566931858 5.6
      vertex -317.8470665018231 126.23704566931858 12
    endloop
  endfacet
  facet normal -0.522498564715969 -0.8526401643540799 0
    outer loop
      vertex -324.20293349817683 113.76295433068142 12
      vertex -325.1394967660473 114.33688103937537 12
      vertex -324.20293349817683 113.76295433068142 5.6
    endloop
  endfacet
  facet normal 0.38268343236507507 0.9238795325112927 -2.2693554024824734e-18
    outer loop
      vertex -317.8470665018231 126.23704566931858 12
      vertex -318.86188103937536 126.65739561406608 5.6
      vertex -318.86188103937536 126.65739561406608 12
    endloop
  endfacet
  facet normal 0.23344536385590806 0.9723699203976761 3.8375791263047974e-18
    outer loop
      vertex -318.86188103937536 126.65739561406608 12
      vertex -319.92995874471836 126.91381838416596 5.6
      vertex -319.92995874471836 126.91381838416596 12
    endloop
  endfacet
  facet normal 0.07845909572784518 0.996917333733128 2.984068848331952e-20
    outer loop
      vertex -319.92995874471836 126.91381838416596 12
      vertex -321.025 127 5.6
      vertex -321.025 127 12
    endloop
  endfacet
  facet normal -0.522498564715969 0.8526401643540799 3.0341005403209847e-18
    outer loop
      vertex -324.20293349817683 126.23704566931858 12
      vertex -325.1394967660473 125.66311896062463 5.6
      vertex -325.1394967660473 125.66311896062463 12
    endloop
  endfacet
  facet normal -0.07845909572784518 0.996917333733128 -2.984068848331952e-20
    outer loop
      vertex -321.025 127 12
      vertex -322.1200412552816 126.91381838416596 5.6
      vertex -322.1200412552816 126.91381838416596 12
    endloop
  endfacet
  facet normal -0.23344536385590806 0.9723699203976761 -3.8375791263047974e-18
    outer loop
      vertex -322.1200412552816 126.91381838416596 12
      vertex -323.1881189606246 126.65739561406608 5.6
      vertex -323.1881189606246 126.65739561406608 12
    endloop
  endfacet
  facet normal -0.38268343236507507 0.9238795325112927 2.2693554024824734e-18
    outer loop
      vertex -323.1881189606246 126.65739561406608 12
      vertex -324.20293349817683 126.23704566931858 5.6
      vertex -324.20293349817683 126.23704566931858 12
    endloop
  endfacet
  facet normal 0 0 1
    outer loop
      vertex -325.1394967660473 114.33688103937537 12
      vertex -325.9747474683058 124.94974746830583 12
      vertex -325.9747474683058 115.05025253169417 12
    endloop
  endfacet
  facet normal 0 0 1
    outer loop
      vertex -325.9747474683058 115.05025253169417 12
      vertex -326.6881189606246 124.11449676604731 12
      vertex -326.6881189606246 115.88550323395269 12
    endloop
  endfacet
  facet normal 0 0 1
    outer loop
      vertex -325.1394967660473 114.33688103937537 12
      vertex -325.1394967660473 125.66311896062463 12
      vertex -325.9747474683058 124.94974746830583 12
    endloop
  endfacet
  facet normal 0 0 1
    outer loop
      vertex -325.9747474683058 115.05025253169417 12
      vertex -325.9747474683058 124.94974746830583 12
      vertex -326.6881189606246 124.11449676604731 12
    endloop
  endfacet
  facet normal 0 0 1
    outer loop
      vertex -326.6881189606246 115.88550323395269 12
      vertex -326.6881189606246 124.11449676604731 12
      vertex -327.2620456693185 123.17793349817683 12
    endloop
  endfacet
  facet normal 0 0 1
    outer loop
      vertex -326.6881189606246 115.88550323395269 12
      vertex -327.2620456693185 123.17793349817683 12
      vertex -327.2620456693185 116.82206650182317 12
    endloop
  endfacet
  facet normal 0 0 1
    outer loop
      vertex -327.2620456693185 116.82206650182317 12
      vertex -327.682395614066 122.16311896062463 12
      vertex -327.682395614066 117.83688103937537 12
    endloop
  endfacet
  facet normal 0 0 1
    outer loop
      vertex -327.682395614066 117.83688103937537 12
      vertex -327.9388183841659 121.09504125528161 12
      vertex -327.9388183841659 118.90495874471839 12
    endloop
  endfacet
  facet normal 0 0 1
    outer loop
      vertex -327.2620456693185 116.82206650182317 12
      vertex -327.2620456693185 123.17793349817683 12
      vertex -327.682395614066 122.16311896062463 12
    endloop
  endfacet
  facet normal 0 0 1
    outer loop
      vertex -327.682395614066 117.83688103937537 12
      vertex -327.682395614066 122.16311896062463 12
      vertex -327.9388183841659 121.09504125528161 12
    endloop
  endfacet
  facet normal 0 0 1
    outer loop
      vertex -327.9388183841659 118.90495874471839 12
      vertex -327.9388183841659 121.09504125528161 12
      vertex -328.025 120 12
    endloop
  endfacet
  facet normal -0.6494480483301841 -0.7604059656000306 0
    outer loop
      vertex -325.1394967660473 114.33688103937537 12
      vertex -325.9747474683058 115.05025253169417 12
      vertex -325.1394967660473 114.33688103937537 5.6
    endloop
  endfacet
  facet normal -0.7604059656000306 -0.6494480483301841 0
    outer loop
      vertex -325.9747474683058 115.05025253169417 12
      vertex -326.6881189606246 115.88550323395269 12
      vertex -325.9747474683058 115.05025253169417 5.6
    endloop
  endfacet
  facet normal -0.8526401643540962 -0.5224985647159424 0
    outer loop
      vertex -326.6881189606246 115.88550323395269 12
      vertex -327.2620456693185 116.82206650182317 12
      vertex -326.6881189606246 115.88550323395269 5.6
    endloop
  endfacet
  facet normal -0.9238795325112871 -0.38268343236508884 0
    outer loop
      vertex -327.2620456693185 116.82206650182317 12
      vertex -327.682395614066 117.83688103937537 12
      vertex -327.2620456693185 116.82206650182317 5.6
    endloop
  endfacet
  facet normal -0.9723699203976737 -0.23344536385591733 0
    outer loop
      vertex -327.682395614066 117.83688103937537 12
      vertex -327.9388183841659 118.90495874471839 12
      vertex -327.682395614066 117.83688103937537 5.6
    endloop
  endfacet
  facet normal -0.996917333733127 -0.07845909572785803 0
    outer loop
      vertex -327.9388183841659 118.90495874471839 12
      vertex -328.025 120 12
      vertex -327.9388183841659 118.90495874471839 5.6
    endloop
  endfacet
  facet normal -0.9723699203976737 0.23344536385591733 0
    outer loop
      vertex -327.9388183841659 121.09504125528161 12
      vertex -327.682395614066 122.16311896062463 12
      vertex -327.9388183841659 121.09504125528161 5.6
    endloop
  endfacet
  facet normal -0.996917333733127 0.07845909572785803 0
    outer loop
      vertex -328.025 120 12
      vertex -327.9388183841659 121.09504125528161 12
      vertex -328.025 120 5.6
    endloop
  endfacet
  facet normal -0.6494480483301841 0.7604059656000306 -3.728160498414665e-18
    outer loop
      vertex -325.1394967660473 125.66311896062463 12
      vertex -325.9747474683058 124.94974746830583 5.6
      vertex -325.9747474683058 124.94974746830583 12
    endloop
  endfacet
  facet normal -0.7604059656000306 0.6494480483301841 -3.728160498414665e-18
    outer loop
      vertex -325.9747474683058 124.94974746830583 12
      vertex -326.6881189606246 124.11449676604731 5.6
      vertex -326.6881189606246 124.11449676604731 12
    endloop
  endfacet
  facet normal -0.9238795325112871 0.38268343236508884 0
    outer loop
      vertex -327.682395614066 122.16311896062463 12
      vertex -327.2620456693185 123.17793349817683 12
      vertex -327.682395614066 122.16311896062463 5.6
    endloop
  endfacet
  facet normal -0.8526401643540962 0.5224985647159424 -4.739777443224252e-18
    outer loop
      vertex -326.6881189606246 124.11449676604731 12
      vertex -327.2620456693185 123.17793349817683 5.6
      vertex -327.2620456693185 123.17793349817683 12
    endloop
  endfacet
  facet normal 0.38268343236507507 -0.9238795325112927 0
    outer loop
      vertex -318.86188103937536 113.34260438593392 12
      vertex -318.86188103937536 113.34260438593392 5.6
      vertex -317.8470665018231 113.76295433068142 5.6
    endloop
  endfacet
  facet normal 0.23344536385590806 -0.9723699203976761 0
    outer loop
      vertex -319.92995874471836 113.08618161583404 12
      vertex -319.92995874471836 113.08618161583404 5.6
      vertex -318.86188103937536 113.34260438593392 5.6
    endloop
  endfacet
  facet normal 0.07845909572784518 -0.996917333733128 0
    outer loop
      vertex -321.025 113 12
      vertex -321.025 113 5.6
      vertex -319.92995874471836 113.08618161583404 5.6
    endloop
  endfacet
  facet normal -0.07845909572784518 -0.996917333733128 0
    outer loop
      vertex -322.1200412552816 113.08618161583404 12
      vertex -322.1200412552816 113.08618161583404 5.6
      vertex -321.025 113 5.6
    endloop
  endfacet
  facet normal -0.23344536385590806 -0.9723699203976761 0
    outer loop
      vertex -323.1881189606246 113.34260438593392 12
      vertex -323.1881189606246 113.34260438593392 5.6
      vertex -322.1200412552816 113.08618161583404 5.6
    endloop
  endfacet
  facet normal -0.38268343236507507 -0.9238795325112927 0
    outer loop
      vertex -324.20293349817683 113.76295433068142 12
      vertex -324.20293349817683 113.76295433068142 5.6
      vertex -323.1881189606246 113.34260438593392 5.6
    endloop
  endfacet
  facet normal 0.9238795325112871 -0.38268343236508884 0
    outer loop
      vertex -314.78795433068143 116.82206650182317 12
      vertex -314.78795433068143 116.82206650182317 5.6
      vertex -314.36760438593393 117.83688103937537 5.6
    endloop
  endfacet
  facet normal 0.8526401643540962 -0.5224985647159424 0
    outer loop
      vertex -315.36188103937536 115.88550323395269 12
      vertex -315.36188103937536 115.88550323395269 5.6
      vertex -314.78795433068143 116.82206650182317 5.6
    endloop
  endfacet
  facet normal 0.7604059656000306 -0.6494480483301841 0
    outer loop
      vertex -316.07525253169416 115.05025253169417 12
      vertex -316.07525253169416 115.05025253169417 5.6
      vertex -315.36188103937536 115.88550323395269 5.6
    endloop
  endfacet
  facet normal 0.6494480483301841 -0.7604059656000306 0
    outer loop
      vertex -316.9105032339527 114.33688103937537 12
      vertex -316.9105032339527 114.33688103937537 5.6
      vertex -316.07525253169416 115.05025253169417 5.6
    endloop
  endfacet
  facet normal 0.522498564715969 -0.8526401643540799 0
    outer loop
      vertex -317.8470665018231 113.76295433068142 12
      vertex -317.8470665018231 113.76295433068142 5.6
      vertex -316.9105032339527 114.33688103937537 5.6
    endloop
  endfacet
  facet normal 0.9723699203976737 -0.23344536385591733 0
    outer loop
      vertex -314.36760438593393 117.83688103937537 12
      vertex -314.36760438593393 117.83688103937537 5.6
      vertex -314.111181615834 118.90495874471839 5.6
    endloop
  endfacet
  facet normal 0.996917333733127 -0.07845909572785803 0
    outer loop
      vertex -314.111181615834 118.90495874471839 12
      vertex -314.111181615834 118.90495874471839 5.6
      vertex -314.025 120 5.6
    endloop
  endfacet
  facet normal 0.996917333733127 0.07845909572785803 0
    outer loop
      vertex -314.025 120 12
      vertex -314.025 120 5.6
      vertex -314.111181615834 121.09504125528161 5.6
    endloop
  endfacet
  facet normal 0.9723699203976737 0.23344536385591733 0
    outer loop
      vertex -314.111181615834 121.09504125528161 12
      vertex -314.111181615834 121.09504125528161 5.6
      vertex -314.36760438593393 122.16311896062463 5.6
    endloop
  endfacet
  facet normal 0.9238795325112871 0.38268343236508884 0
    outer loop
      vertex -314.36760438593393 122.16311896062463 12
      vertex -314.36760438593393 122.16311896062463 5.6
      vertex -314.78795433068143 123.17793349817683 5.6
    endloop
  endfacet
  facet normal 0.8526401643540962 0.5224985647159424 0
    outer loop
      vertex -314.78795433068143 123.17793349817683 12
      vertex -314.78795433068143 123.17793349817683 5.6
      vertex -315.36188103937536 124.11449676604731 5.6
    endloop
  endfacet
  facet normal 0.7604059656000306 0.6494480483301841 0
    outer loop
      vertex -315.36188103937536 124.11449676604731 12
      vertex -315.36188103937536 124.11449676604731 5.6
      vertex -316.07525253169416 124.94974746830583 5.6
    endloop
  endfacet
  facet normal 0.6494480483301841 0.7604059656000306 0
    outer loop
      vertex -316.07525253169416 124.94974746830583 12
      vertex -316.07525253169416 124.94974746830583 5.6
      vertex -316.9105032339527 125.66311896062463 5.6
    endloop
  endfacet
  facet normal 0.522498564715969 0.8526401643540799 0
    outer loop
      vertex -316.9105032339527 125.66311896062463 12
      vertex -316.9105032339527 125.66311896062463 5.6
      vertex -317.8470665018231 126.23704566931858 5.6
    endloop
  endfacet
  facet normal -0.522498564715969 -0.8526401643540799 0
    outer loop
      vertex -325.1394967660473 114.33688103937537 12
      vertex -325.1394967660473 114.33688103937537 5.6
      vertex -324.20293349817683 113.76295433068142 5.6
    endloop
  endfacet
  facet normal 0.38268343236507507 0.9238795325112927 0
    outer loop
      vertex -317.8470665018231 126.23704566931858 12
      vertex -317.8470665018231 126.23704566931858 5.6
      vertex -318.86188103937536 126.65739561406608 5.6
    endloop
  endfacet
  facet normal 0.23344536385590806 0.9723699203976761 0
    outer loop
      vertex -318.86188103937536 126.65739561406608 12
      vertex -318.86188103937536 126.65739561406608 5.6
      vertex -319.92995874471836 126.91381838416596 5.6
    endloop
  endfacet
  facet normal 0.07845909572784518 0.996917333733128 0
    outer loop
      vertex -319.92995874471836 126.91381838416596 12
      vertex -319.92995874471836 126.91381838416596 5.6
      vertex -321.025 127 5.6
    endloop
  endfacet
  facet normal -0.07845909572784518 0.996917333733128 0
    outer loop
      vertex -321.025 127 12
      vertex -321.025 127 5.6
      vertex -322.1200412552816 126.91381838416596 5.6
    endloop
  endfacet
  facet normal -0.23344536385590806 0.9723699203976761 0
    outer loop
      vertex -322.1200412552816 126.91381838416596 12
      vertex -322.1200412552816 126.91381838416596 5.6
      vertex -323.1881189606246 126.65739561406608 5.6
    endloop
  endfacet
  facet normal -0.38268343236507507 0.9238795325112927 0
    outer loop
      vertex -323.1881189606246 126.65739561406608 12
      vertex -323.1881189606246 126.65739561406608 5.6
      vertex -324.20293349817683 126.23704566931858 5.6
    endloop
  endfacet
  facet normal -0.522498564715969 0.8526401643540799 0
    outer loop
      vertex -324.20293349817683 126.23704566931858 12
      vertex -324.20293349817683 126.23704566931858 5.6
      vertex -325.1394967660473 125.66311896062463 5.6
    endloop
  endfacet
  facet normal -0.6494480483301841 -0.7604059656000306 0
    outer loop
      vertex -325.9747474683058 115.05025253169417 12
      vertex -325.9747474683058 115.05025253169417 5.6
      vertex -325.1394967660473 114.33688103937537 5.6
    endloop
  endfacet
  facet normal -0.7604059656000306 -0.6494480483301841 0
    outer loop
      vertex -326.6881189606246 115.88550323395269 12
      vertex -326.6881189606246 115.88550323395269 5.6
      vertex -325.9747474683058 115.05025253169417 5.6
    endloop
  endfacet
  facet normal -0.8526401643540962 -0.5224985647159424 0
    outer loop
      vertex -327.2620456693185 116.82206650182317 12
      vertex -327.2620456693185 116.82206650182317 5.6
      vertex -326.6881189606246 115.88550323395269 5.6
    endloop
  endfacet
  facet normal -0.9238795325112871 -0.38268343236508884 0
    outer loop
      vertex -327.682395614066 117.83688103937537 12
      vertex -327.682395614066 117.83688103937537 5.6
      vertex -327.2620456693185 116.82206650182317 5.6
    endloop
  endfacet
  facet normal -0.9723699203976737 -0.23344536385591733 0
    outer loop
      vertex -327.9388183841659 118.90495874471839 12
      vertex -327.9388183841659 118.90495874471839 5.6
      vertex -327.682395614066 117.83688103937537 5.6
    endloop
  endfacet
  facet normal -0.996917333733127 -0.07845909572785803 0
    outer loop
      vertex -328.025 120 12
      vertex -328.025 120 5.6
      vertex -327.9388183841659 118.90495874471839 5.6
    endloop
  endfacet
  facet normal -0.9723699203976737 0.23344536385591733 0
    outer loop
      vertex -327.682395614066 122.16311896062463 12
      vertex -327.682395614066 122.16311896062463 5.6
      vertex -327.9388183841659 121.09504125528161 5.6
    endloop
  endfacet
  facet normal -0.996917333733127 0.07845909572785803 0
    outer loop
      vertex -327.9388183841659 121.09504125528161 12
      vertex -327.9388183841659 121.09504125528161 5.6
      vertex -328.025 120 5.6
    endloop
  endfacet
  facet normal -0.8526401643540962 0.5224985647159424 0
    outer loop
      vertex -326.6881189606246 124.11449676604731 12
      vertex -326.6881189606246 124.11449676604731 5.6
      vertex -327.2620456693185 123.17793349817683 5.6
    endloop
  endfacet
  facet normal -0.6494480483301841 0.7604059656000306 0
    outer loop
      vertex -325.1394967660473 125.66311896062463 12
      vertex -325.1394967660473 125.66311896062463 5.6
      vertex -325.9747474683058 124.94974746830583 5.6
    endloop
  endfacet
  facet normal -0.7604059656000306 0.6494480483301841 0
    outer loop
      vertex -325.9747474683058 124.94974746830583 12
      vertex -325.9747474683058 124.94974746830583 5.6
      vertex -326.6881189606246 124.11449676604731 5.6
    endloop
  endfacet
  facet normal -0.9238795325112871 0.38268343236508884 0
    outer loop
      vertex -327.2620456693185 123.17793349817683 12
      vertex -327.2620456693185 123.17793349817683 5.6
      vertex -327.682395614066 122.16311896062463 5.6
    endloop
  endfacet
  facet normal 0 0 1
    outer loop
      vertex -300.025 3 12
      vertex -300.025 17 12
      vertex -318.84065411518765 11.587020181189677 12
    endloop
  endfacet
  facet normal 1 0 0
    outer loop
      vertex -300.025 3 12
      vertex -300.025 17 5.6
      vertex -300.025 17 12
    endloop
  endfacet
  facet normal 0 -1 0
    outer loop
      vertex -300.025 3 12
      vertex -330.025 3 12
      vertex -300.025 3 5.6
    endloop
  endfacet
  facet normal 1 0 0
    outer loop
      vertex -300.025 3 12
      vertex -300.025 3 5.6
      vertex -300.025 17 5.6
    endloop
  endfacet
  facet normal 0 1 0
    outer loop
      vertex -300.025 17 12
      vertex -300.025 17 5.6
      vertex -330.025 17 5.6
    endloop
  endfacet
  facet normal 0 0 1
    outer loop
      vertex -300.025 3 12
      vertex -318.45714740600306 9.165654115187643 12
      vertex -318.61928238469136 8.774225650703224 12
    endloop
  endfacet
  facet normal 0 0 1
    outer loop
      vertex -300.025 3 12
      vertex -319.1158116907963 8.090811690796322 12
      vertex -319.4379798188103 7.815654115187641 12
    endloop
  endfacet
  facet normal 0 0 1
    outer loop
      vertex -300.025 3 12
      vertex -318.84065411518765 8.412979818810323 12
      vertex -319.1158116907963 8.090811690796322 12
    endloop
  endfacet
  facet normal 0 0 1
    outer loop
      vertex -300.025 3 12
      vertex -318.61928238469136 8.774225650703224 12
      vertex -318.84065411518765 8.412979818810323 12
    endloop
  endfacet
  facet normal 0 0 1
    outer loop
      vertex -300.025 3 12
      vertex -318.35824148039313 9.577626944391376 12
      vertex -318.45714740600306 9.165654115187643 12
    endloop
  endfacet
  facet normal 0 0 1
    outer loop
      vertex -300.025 3 12
      vertex -318.325 10 12
      vertex -318.35824148039313 9.577626944391376 12
    endloop
  endfacet
  facet normal 0 0 1
    outer loop
      vertex -300.025 3 12
      vertex -318.35824148039313 10.422373055608624 12
      vertex -318.325 10 12
    endloop
  endfacet
  facet normal 0 0 1
    outer loop
      vertex -300.025 3 12
      vertex -318.45714740600306 10.834345884812357 12
      vertex -318.35824148039313 10.422373055608624 12
    endloop
  endfacet
  facet normal 0 0 1
    outer loop
      vertex -300.025 3 12
      vertex -319.4379798188103 7.815654115187641 12
      vertex -319.7992256507032 7.5942823846914065 12
    endloop
  endfacet
  facet normal 0 0 1
    outer loop
      vertex -300.025 3 12
      vertex -319.7992256507032 7.5942823846914065 12
      vertex -330.025 3 12
    endloop
  endfacet
  facet normal 0 0 1
    outer loop
      vertex -300.025 3 12
      vertex -318.61928238469136 11.225774349296776 12
      vertex -318.45714740600306 10.834345884812357 12
    endloop
  endfacet
  facet normal 0 0 1
    outer loop
      vertex -300.025 3 12
      vertex -318.84065411518765 11.587020181189677 12
      vertex -318.61928238469136 11.225774349296776 12
    endloop
  endfacet
  facet normal 0 0 1
    outer loop
      vertex -300.025 17 12
      vertex -319.1158116907963 11.909188309203678 12
      vertex -318.84065411518765 11.587020181189677 12
    endloop
  endfacet
  facet normal 0 0 1
    outer loop
      vertex -300.025 17 12
      vertex -319.4379798188103 12.184345884812359 12
      vertex -319.1158116907963 11.909188309203678 12
    endloop
  endfacet
  facet normal 0 0 1
    outer loop
      vertex -300.025 17 12
      vertex -319.7992256507032 12.405717615308593 12
      vertex -319.4379798188103 12.184345884812359 12
    endloop
  endfacet
  facet normal 0 0 1
    outer loop
      vertex -300.025 17 12
      vertex -320.1906541151876 12.567852593996914 12
      vertex -319.7992256507032 12.405717615308593 12
    endloop
  endfacet
  facet normal 0 0 1
    outer loop
      vertex -300.025 17 12
      vertex -320.6026269443914 12.666758519606873 12
      vertex -320.1906541151876 12.567852593996914 12
    endloop
  endfacet
  facet normal 0 0 1
    outer loop
      vertex -300.025 17 12
      vertex -330.025 17 12
      vertex -320.6026269443914 12.666758519606873 12
    endloop
  endfacet
  facet normal 0 0 1
    outer loop
      vertex -319.7992256507032 7.5942823846914065 12
      vertex -320.1906541151876 7.432147406003086 12
      vertex -330.025 3 12
    endloop
  endfacet
  facet normal 0 0 1
    outer loop
      vertex -320.1906541151876 7.432147406003086 12
      vertex -320.6026269443914 7.333241480393128 12
      vertex -330.025 3 12
    endloop
  endfacet
  facet normal 0 0 1
    outer loop
      vertex -320.6026269443914 7.333241480393128 12
      vertex -321.025 7.3 12
      vertex -330.025 3 12
    endloop
  endfacet
  facet normal 0 0 1
    outer loop
      vertex -321.025 7.3 12
      vertex -321.4473730556086 7.333241480393128 12
      vertex -330.025 3 12
    endloop
  endfacet
  facet normal 0 0 1
    outer loop
      vertex -321.4473730556086 7.333241480393128 12
      vertex -321.85934588481234 7.432147406003086 12
      vertex -330.025 3 12
    endloop
  endfacet
  facet normal 0 0 1
    outer loop
      vertex -321.85934588481234 7.432147406003086 12
      vertex -322.25077434929676 7.5942823846914065 12
      vertex -330.025 3 12
    endloop
  endfacet
  facet normal 0 0 1
    outer loop
      vertex -322.25077434929676 7.5942823846914065 12
      vertex -322.6120201811897 7.815654115187641 12
      vertex -330.025 3 12
    endloop
  endfacet
  facet normal 0 0 1
    outer loop
      vertex -320.6026269443914 12.666758519606873 12
      vertex -330.025 17 12
      vertex -321.025 12.7 12
    endloop
  endfacet
  facet normal 0 0 1
    outer loop
      vertex -321.025 12.7 12
      vertex -330.025 17 12
      vertex -321.4473730556086 12.666758519606873 12
    endloop
  endfacet
  facet normal 0 0 1
    outer loop
      vertex -321.4473730556086 12.666758519606873 12
      vertex -330.025 17 12
      vertex -321.85934588481234 12.567852593996914 12
    endloop
  endfacet
  facet normal 0 0 1
    outer loop
      vertex -321.85934588481234 12.567852593996914 12
      vertex -330.025 17 12
      vertex -322.25077434929676 12.405717615308593 12
    endloop
  endfacet
  facet normal 0 0 1
    outer loop
      vertex -322.6120201811897 12.184345884812359 12
      vertex -322.25077434929676 12.405717615308593 12
      vertex -330.025 17 12
    endloop
  endfacet
  facet normal 0 1 0
    outer loop
      vertex -300.025 17 12
      vertex -330.025 17 5.6
      vertex -330.025 17 12
    endloop
  endfacet
  facet normal 0 0 1
    outer loop
      vertex -322.6120201811897 7.815654115187641 12
      vertex -322.93418830920365 8.090811690796322 12
      vertex -330.025 3 12
    endloop
  endfacet
  facet normal 0 0 1
    outer loop
      vertex -322.93418830920365 8.090811690796322 12
      vertex -323.2093458848123 8.412979818810323 12
      vertex -330.025 3 12
    endloop
  endfacet
  facet normal 0 0 1
    outer loop
      vertex -323.2093458848123 8.412979818810323 12
      vertex -323.4307176153086 8.774225650703224 12
      vertex -330.025 3 12
    endloop
  endfacet
  facet normal 0 0 1
    outer loop
      vertex -323.4307176153086 8.774225650703224 12
      vertex -323.5928525939969 9.165654115187643 12
      vertex -330.025 3 12
    endloop
  endfacet
  facet normal 0 0 1
    outer loop
      vertex -323.5928525939969 9.165654115187643 12
      vertex -323.6917585196068 9.577626944391376 12
      vertex -330.025 3 12
    endloop
  endfacet
  facet normal 0 0 1
    outer loop
      vertex -323.6917585196068 9.577626944391376 12
      vertex -323.72499999999997 10 12
      vertex -330.025 3 12
    endloop
  endfacet
  facet normal 0 0 1
    outer loop
      vertex -323.72499999999997 10 12
      vertex -323.6917585196068 10.422373055608624 12
      vertex -330.025 3 12
    endloop
  endfacet
  facet normal 0 0 1
    outer loop
      vertex -323.5928525939969 10.834345884812357 12
      vertex -330.025 3 12
      vertex -323.6917585196068 10.422373055608624 12
    endloop
  endfacet
  facet normal 0 0 1
    outer loop
      vertex -323.5928525939969 10.834345884812357 12
      vertex -330.025 17 12
      vertex -330.025 3 12
    endloop
  endfacet
  facet normal 0 0 1
    outer loop
      vertex -323.5928525939969 10.834345884812357 12
      vertex -323.4307176153086 11.225774349296776 12
      vertex -330.025 17 12
    endloop
  endfacet
  facet normal 0 0 1
    outer loop
      vertex -322.6120201811897 12.184345884812359 12
      vertex -330.025 17 12
      vertex -322.93418830920365 11.909188309203678 12
    endloop
  endfacet
  facet normal 0 0 1
    outer loop
      vertex -322.93418830920365 11.909188309203678 12
      vertex -330.025 17 12
      vertex -323.2093458848123 11.587020181189677 12
    endloop
  endfacet
  facet normal 0 0 1
    outer loop
      vertex -323.2093458848123 11.587020181189677 12
      vertex -330.025 17 12
      vertex -323.4307176153086 11.225774349296776 12
    endloop
  endfacet
  facet normal -1 0 0
    outer loop
      vertex -330.025 3 12
      vertex -330.025 17 12
      vertex -330.025 3 5.6
    endloop
  endfacet
  facet normal 0 -1 0
    outer loop
      vertex -330.025 3 12
      vertex -330.025 3 5.6
      vertex -300.025 3 5.6
    endloop
  endfacet
  facet normal -1 0 0
    outer loop
      vertex -330.025 17 12
      vertex -330.025 17 5.6
      vertex -330.025 3 5.6
    endloop
  endfacet
  facet normal -1 0 0
    outer loop
      vertex -331.025 0 12
      vertex -331.025 2.399999998509884 12
      vertex -331.025 0 5.6
    endloop
  endfacet
  facet normal -1 0 0
    outer loop
      vertex -331.025 2.399999998509884 12
      vertex -331.025 2.399999998509884 5.6
      vertex -331.025 0 5.6
    endloop
  endfacet
  facet normal -1 0 0
    outer loop
      vertex -331.025 127.60000000149012 12
      vertex -331.025 130 12
      vertex -331.025 127.60000000149012 5.6
    endloop
  endfacet
  facet normal -1 0 0
    outer loop
      vertex -331.025 130 12
      vertex -331.025 130 5.6
      vertex -331.025 127.60000000149012 5.6
    endloop
  endfacet
  facet normal 0 0 1
    outer loop
      vertex -296.04999999701977 0 12
      vertex -296.04999999701977 2.399999998509884 12
      vertex -331.025 0 12
    endloop
  endfacet
  facet normal 0 1 0
    outer loop
      vertex -296.04999999701977 2.399999998509884 12
      vertex -296.04999999701977 2.399999998509884 5.6
      vertex -331.025 2.399999998509884 12
    endloop
  endfacet
  facet normal 0 -1 0
    outer loop
      vertex -296.04999999701977 0 12
      vertex -331.025 0 5.6
      vertex -296.04999999701977 0 5.6
    endloop
  endfacet
  facet normal 0 0 1
    outer loop
      vertex -296.04999999701977 2.399999998509884 12
      vertex -331.025 2.399999998509884 12
      vertex -331.025 0 12
    endloop
  endfacet
  facet normal 0 -1 0
    outer loop
      vertex -296.04999999701977 0 12
      vertex -331.025 0 12
      vertex -331.025 0 5.6
    endloop
  endfacet
  facet normal 0 1 0
    outer loop
      vertex -331.025 2.399999998509884 12
      vertex -296.04999999701977 2.399999998509884 5.6
      vertex -331.025 2.399999998509884 5.6
    endloop
  endfacet
  facet normal 0 0 1
    outer loop
      vertex -280.04999999701977 127.60000000149012 12
      vertex -280.04999999701977 130 12
      vertex -331.025 127.60000000149012 12
    endloop
  endfacet
  facet normal 0 1 0
    outer loop
      vertex -280.04999999701977 130 12
      vertex -280.04999999701977 130 5.6
      vertex -331.025 130 12
    endloop
  endfacet
  facet normal 0 -1 0
    outer loop
      vertex -280.04999999701977 127.60000000149012 12
      vertex -331.025 127.60000000149012 5.6
      vertex -280.04999999701977 127.60000000149012 5.6
    endloop
  endfacet
  facet normal 0 0 1
    outer loop
      vertex -280.04999999701977 130 12
      vertex -331.025 130 12
      vertex -331.025 127.60000000149012 12
    endloop
  endfacet
  facet normal 0 -1 0
    outer loop
      vertex -280.04999999701977 127.60000000149012 12
      vertex -331.025 127.60000000149012 12
      vertex -331.025 127.60000000149012 5.6
    endloop
  endfacet
  facet normal 0 1 0
    outer loop
      vertex -331.025 130 12
      vertex -280.04999999701977 130 5.6
      vertex -331.025 130 5.6
    endloop
  endfacet
  facet normal 0 0 1
    outer loop
      vertex -296.04999999701977 20.7 10.6
      vertex -296.04999999701977 22.3 10.6
      vertex -397.65 20.7 10.6
    endloop
  endfacet
  facet normal 0 1 0
    outer loop
      vertex -296.04999999701977 22.3 10.6
      vertex -296.04999999701977 22.3 5.6
      vertex -397.65 22.3 10.6
    endloop
  endfacet
  facet normal 0 -1 0
    outer loop
      vertex -296.04999999701977 20.7 10.6
      vertex -397.65 20.7 5.6
      vertex -296.04999999701977 20.7 5.6
    endloop
  endfacet
  facet normal 0 0 1
    outer loop
      vertex -296.04999999701977 22.3 10.6
      vertex -397.65 22.3 10.6
      vertex -397.65 20.7 10.6
    endloop
  endfacet
  facet normal 0 -1 0
    outer loop
      vertex -296.04999999701977 20.7 10.6
      vertex -397.65 20.7 10.6
      vertex -397.65 20.7 5.6
    endloop
  endfacet
  facet normal 0 1 0
    outer loop
      vertex -296.04999999701977 22.3 5.6
      vertex -397.65 22.3 5.6
      vertex -397.65 22.3 10.6
    endloop
  endfacet
  facet normal -1 0 0
    outer loop
      vertex -397.65 20.7 10.6
      vertex -397.65 22.3 10.6
      vertex -397.65 22.3 5.6
    endloop
  endfacet
  facet normal -1 0 0
    outer loop
      vertex -397.65 20.7 10.6
      vertex -397.65 22.3 5.6
      vertex -397.65 20.7 5.6
    endloop
  endfacet
  facet normal 0 0 1
    outer loop
      vertex -280.04999999701977 107.7 10.6
      vertex -280.04999999701977 109.3 10.6
      vertex -397.65 107.7 10.6
    endloop
  endfacet
  facet normal 0 1 0
    outer loop
      vertex -280.04999999701977 109.3 10.6
      vertex -280.04999999701977 109.3 5.6
      vertex -397.65 109.3 10.6
    endloop
  endfacet
  facet normal 0 -1 0
    outer loop
      vertex -280.04999999701977 107.7 10.6
      vertex -374.7008134749222 107.7 5.6
      vertex -280.04999999701977 107.7 5.6
    endloop
  endfacet
  facet normal 0 0 1
    outer loop
      vertex -280.04999999701977 109.3 10.6
      vertex -397.65 109.3 10.6
      vertex -397.65 107.7 10.6
    endloop
  endfacet
  facet normal 0 -1 0
    outer loop
      vertex -280.04999999701977 107.7 10.6
      vertex -397.65 107.7 5.6
      vertex -374.7008134749222 107.7 5.6
    endloop
  endfacet
  facet normal 0 -1 0
    outer loop
      vertex -280.04999999701977 107.7 10.6
      vertex -397.65 107.7 10.6
      vertex -397.65 107.7 5.6
    endloop
  endfacet
  facet normal 0 1 0
    outer loop
      vertex -280.04999999701977 109.3 5.6
      vertex -397.65 109.3 5.6
      vertex -397.65 109.3 10.6
    endloop
  endfacet
  facet normal -1 0 0
    outer loop
      vertex -397.65 107.7 10.6
      vertex -397.65 109.3 10.6
      vertex -397.65 109.3 5.6
    endloop
  endfacet
  facet normal -1 0 0
    outer loop
      vertex -397.65 107.7 10.6
      vertex -397.65 109.3 5.6
      vertex -397.65 107.7 5.6
    endloop
  endfacet
  facet normal -0.6494480483302204 0.7604059655999995 0
    outer loop
      vertex -319.1158116907963 8.090811690796322 12
      vertex -319.1158116907963 8.090811690796322 3.2
      vertex -319.4379798188103 7.815654115187641 12
    endloop
  endfacet
  facet normal -0.5224985647159325 0.8526401643541023 -6.31129573375115e-19
    outer loop
      vertex -319.7992256507032 7.5942823846914065 12
      vertex -319.4379798188103 7.815654115187641 12
      vertex -319.4379798188103 7.815654115187641 3.2
    endloop
  endfacet
  facet normal -0.38268343236508656 0.9238795325112881 0
    outer loop
      vertex -319.7992256507032 7.5942823846914065 12
      vertex -319.7992256507032 7.5942823846914065 3.2
      vertex -320.1906541151876 7.432147406003086 12
    endloop
  endfacet
  facet normal -0.2334453638558921 0.9723699203976798 0
    outer loop
      vertex -320.1906541151876 7.432147406003086 12
      vertex -320.1906541151876 7.432147406003086 3.2
      vertex -320.6026269443914 7.333241480393128 12
    endloop
  endfacet
  facet normal -0.07845909572784904 0.9969173337331277 0
    outer loop
      vertex -320.6026269443914 7.333241480393128 12
      vertex -320.6026269443914 7.333241480393128 3.2
      vertex -321.025 7.3 12
    endloop
  endfacet
  facet normal 0.07845909572784904 0.9969173337331277 0
    outer loop
      vertex -321.025 7.3 12
      vertex -321.025 7.3 3.2
      vertex -321.4473730556086 7.333241480393128 12
    endloop
  endfacet
  facet normal 0.2334453638558921 0.9723699203976798 0
    outer loop
      vertex -321.4473730556086 7.333241480393128 12
      vertex -321.4473730556086 7.333241480393128 3.2
      vertex -321.85934588481234 7.432147406003086 12
    endloop
  endfacet
  facet normal 0.38268343236508656 0.9238795325112881 0
    outer loop
      vertex -321.85934588481234 7.432147406003086 12
      vertex -321.85934588481234 7.432147406003086 3.2
      vertex -322.25077434929676 7.5942823846914065 12
    endloop
  endfacet
  facet normal 0.5224985647159325 0.8526401643541023 0
    outer loop
      vertex -322.25077434929676 7.5942823846914065 12
      vertex -322.25077434929676 7.5942823846914065 3.2
      vertex -322.6120201811897 7.815654115187641 12
    endloop
  endfacet
  facet normal 0.6494480483302204 0.7604059655999995 0
    outer loop
      vertex -322.6120201811897 7.815654115187641 12
      vertex -322.6120201811897 7.815654115187641 3.2
      vertex -322.93418830920365 8.090811690796322 12
    endloop
  endfacet
  facet normal -0.9723699203976928 0.23344536385583792 5.872308352584667e-19
    outer loop
      vertex -318.45714740600306 9.165654115187643 12
      vertex -318.35824148039313 9.577626944391376 12
      vertex -318.35824148039313 9.577626944391376 3.2
    endloop
  endfacet
  facet normal -0.996917333733125 0.0784590957278826 -1.9972573212610977e-19
    outer loop
      vertex -318.35824148039313 9.577626944391376 12
      vertex -318.325 10 12
      vertex -318.325 10 3.2
    endloop
  endfacet
  facet normal -0.7604059656000544 0.6494480483301562 1.1930703666690062e-18
    outer loop
      vertex -319.1158116907963 8.090811690796322 12
      vertex -318.84065411518765 8.412979818810323 12
      vertex -318.84065411518765 8.412979818810323 3.2
    endloop
  endfacet
  facet normal -0.852640164354038 0.5224985647160374 7.818544165258484e-19
    outer loop
      vertex -318.84065411518765 8.412979818810323 12
      vertex -318.61928238469136 8.774225650703224 12
      vertex -318.61928238469136 8.774225650703224 3.2
    endloop
  endfacet
  facet normal -0.9238795325113045 0.3826834323650469 0
    outer loop
      vertex -318.45714740600306 9.165654115187643 12
      vertex -318.45714740600306 9.165654115187643 3.2
      vertex -318.61928238469136 8.774225650703224 12
    endloop
  endfacet
  facet normal -0.996917333733125 -0.0784590957278826 1.9972573212610977e-19
    outer loop
      vertex -318.325 10 12
      vertex -318.35824148039313 10.422373055608624 12
      vertex -318.35824148039313 10.422373055608624 3.2
    endloop
  endfacet
  facet normal -0.9723699203976928 -0.23344536385583792 -5.872308352584667e-19
    outer loop
      vertex -318.35824148039313 10.422373055608624 12
      vertex -318.45714740600306 10.834345884812357 12
      vertex -318.45714740600306 10.834345884812357 3.2
    endloop
  endfacet
  facet normal -0.9238795325113045 -0.3826834323650469 1.2139781260233992e-18
    outer loop
      vertex -318.45714740600306 10.834345884812357 12
      vertex -318.61928238469136 11.225774349296776 12
      vertex -318.61928238469136 11.225774349296776 3.2
    endloop
  endfacet
  facet normal -0.852640164354038 -0.5224985647160374 -7.818544165258484e-19
    outer loop
      vertex -318.61928238469136 11.225774349296776 12
      vertex -318.84065411518765 11.587020181189677 12
      vertex -318.84065411518765 11.587020181189677 3.2
    endloop
  endfacet
  facet normal -0.7604059656000544 -0.6494480483301562 -1.1930703666690062e-18
    outer loop
      vertex -318.84065411518765 11.587020181189677 12
      vertex -319.1158116907963 11.909188309203678 12
      vertex -319.1158116907963 11.909188309203678 3.2
    endloop
  endfacet
  facet normal -0.6494480483302204 -0.7604059655999995 -1.5926868927182794e-18
    outer loop
      vertex -319.1158116907963 11.909188309203678 12
      vertex -319.4379798188103 12.184345884812359 12
      vertex -319.4379798188103 12.184345884812359 3.2
    endloop
  endfacet
  facet normal -0.5224985647159309 -0.8526401643541032 1.0768014723792023e-18
    outer loop
      vertex -319.4379798188103 12.184345884812359 12
      vertex -319.7992256507032 12.405717615308593 12
      vertex -319.7992256507032 12.405717615308593 3.2
    endloop
  endfacet
  facet normal -0.38268343236508834 -0.9238795325112873 1.2608826970276225e-18
    outer loop
      vertex -319.7992256507032 12.405717615308593 12
      vertex -320.1906541151876 12.567852593996914 12
      vertex -320.1906541151876 12.567852593996914 3.2
    endloop
  endfacet
  facet normal -0.23344536385589407 -0.9723699203976793 3.6292153592319765e-19
    outer loop
      vertex -320.1906541151876 12.567852593996914 12
      vertex -320.6026269443914 12.666758519606873 12
      vertex -320.6026269443914 12.666758519606873 3.2
    endloop
  endfacet
  facet normal -0.07845909572784487 -0.9969173337331281 3.087303284850633e-22
    outer loop
      vertex -320.6026269443914 12.666758519606873 12
      vertex -321.025 12.7 12
      vertex -321.025 12.7 3.2
    endloop
  endfacet
  facet normal 0.7604059656000544 0.6494480483301562 0
    outer loop
      vertex -322.93418830920365 8.090811690796322 12
      vertex -322.93418830920365 8.090811690796322 3.2
      vertex -323.2093458848123 8.412979818810323 12
    endloop
  endfacet
  facet normal 0.6494480483302204 -0.7604059655999995 1.5926868927182794e-18
    outer loop
      vertex -322.6120201811897 12.184345884812359 12
      vertex -322.93418830920365 11.909188309203678 12
      vertex -322.93418830920365 11.909188309203678 3.2
    endloop
  endfacet
  facet normal 0.7604059656000544 -0.6494480483301562 1.1930703666690062e-18
    outer loop
      vertex -322.93418830920365 11.909188309203678 12
      vertex -323.2093458848123 11.587020181189677 12
      vertex -323.2093458848123 11.587020181189677 3.2
    endloop
  endfacet
  facet normal 0.852640164354038 0.5224985647160374 0
    outer loop
      vertex -323.2093458848123 8.412979818810323 12
      vertex -323.2093458848123 8.412979818810323 3.2
      vertex -323.4307176153086 8.774225650703224 12
    endloop
  endfacet
  facet normal 0.9238795325113045 0.3826834323650469 0
    outer loop
      vertex -323.4307176153086 8.774225650703224 12
      vertex -323.4307176153086 8.774225650703224 3.2
      vertex -323.5928525939969 9.165654115187643 12
    endloop
  endfacet
  facet normal 0.9723699203976928 0.23344536385583792 0
    outer loop
      vertex -323.5928525939969 9.165654115187643 12
      vertex -323.5928525939969 9.165654115187643 3.2
      vertex -323.6917585196068 9.577626944391376 12
    endloop
  endfacet
  facet normal 0.996917333733125 0.0784590957278826 0
    outer loop
      vertex -323.6917585196068 9.577626944391376 12
      vertex -323.6917585196068 9.577626944391376 3.2
      vertex -323.72499999999997 10 12
    endloop
  endfacet
  facet normal 0.996917333733125 -0.0784590957278826 0
    outer loop
      vertex -323.72499999999997 10 12
      vertex -323.72499999999997 10 3.2
      vertex -323.6917585196068 10.422373055608624 12
    endloop
  endfacet
  facet normal 0.9238795325113045 -0.3826834323650469 0
    outer loop
      vertex -323.5928525939969 10.834345884812357 12
      vertex -323.5928525939969 10.834345884812357 3.2
      vertex -323.4307176153086 11.225774349296776 12
    endloop
  endfacet
  facet normal 0.9723699203976928 -0.23344536385583792 5.872308352584667e-19
    outer loop
      vertex -323.5928525939969 10.834345884812357 12
      vertex -323.6917585196068 10.422373055608624 12
      vertex -323.6917585196068 10.422373055608624 3.2
    endloop
  endfacet
  facet normal 0.852640164354038 -0.5224985647160374 7.818544165258484e-19
    outer loop
      vertex -323.2093458848123 11.587020181189677 12
      vertex -323.4307176153086 11.225774349296776 12
      vertex -323.4307176153086 11.225774349296776 3.2
    endloop
  endfacet
  facet normal 0.07845909572784487 -0.9969173337331281 -3.087303284850633e-22
    outer loop
      vertex -321.025 12.7 12
      vertex -321.4473730556086 12.666758519606873 12
      vertex -321.4473730556086 12.666758519606873 3.2
    endloop
  endfacet
  facet normal 0.23344536385589407 -0.9723699203976793 -3.6292153592319765e-19
    outer loop
      vertex -321.4473730556086 12.666758519606873 12
      vertex -321.85934588481234 12.567852593996914 12
      vertex -321.85934588481234 12.567852593996914 3.2
    endloop
  endfacet
  facet normal 0.38268343236508834 -0.9238795325112873 -1.2608826970276225e-18
    outer loop
      vertex -321.85934588481234 12.567852593996914 12
      vertex -322.25077434929676 12.405717615308593 12
      vertex -322.25077434929676 12.405717615308593 3.2
    endloop
  endfacet
  facet normal 0.5224985647159309 -0.8526401643541032 0
    outer loop
      vertex -322.6120201811897 12.184345884812359 12
      vertex -322.6120201811897 12.184345884812359 3.2
      vertex -322.25077434929676 12.405717615308593 12
    endloop
  endfacet
  facet normal -0.6494480483302204 0.7604059655999995 0
    outer loop
      vertex -319.4379798188103 7.815654115187641 12
      vertex -319.1158116907963 8.090811690796322 3.2
      vertex -319.4379798188103 7.815654115187641 3.2
    endloop
  endfacet
  facet normal -0.5224985647159325 0.8526401643541023 0
    outer loop
      vertex -319.7992256507032 7.5942823846914065 12
      vertex -319.4379798188103 7.815654115187641 3.2
      vertex -319.7992256507032 7.5942823846914065 3.2
    endloop
  endfacet
  facet normal -0.38268343236508656 0.9238795325112881 0
    outer loop
      vertex -320.1906541151876 7.432147406003086 12
      vertex -319.7992256507032 7.5942823846914065 3.2
      vertex -320.1906541151876 7.432147406003086 3.2
    endloop
  endfacet
  facet normal -0.2334453638558921 0.9723699203976798 0
    outer loop
      vertex -320.6026269443914 7.333241480393128 12
      vertex -320.1906541151876 7.432147406003086 3.2
      vertex -320.6026269443914 7.333241480393128 3.2
    endloop
  endfacet
  facet normal -0.07845909572784904 0.9969173337331277 0
    outer loop
      vertex -321.025 7.3 12
      vertex -320.6026269443914 7.333241480393128 3.2
      vertex -321.025 7.3 3.2
    endloop
  endfacet
  facet normal 0.07845909572784904 0.9969173337331277 0
    outer loop
      vertex -321.4473730556086 7.333241480393128 12
      vertex -321.025 7.3 3.2
      vertex -321.4473730556086 7.333241480393128 3.2
    endloop
  endfacet
  facet normal 0.2334453638558921 0.9723699203976798 0
    outer loop
      vertex -321.85934588481234 7.432147406003086 12
      vertex -321.4473730556086 7.333241480393128 3.2
      vertex -321.85934588481234 7.432147406003086 3.2
    endloop
  endfacet
  facet normal 0.38268343236508656 0.9238795325112881 0
    outer loop
      vertex -322.25077434929676 7.5942823846914065 12
      vertex -321.85934588481234 7.432147406003086 3.2
      vertex -322.25077434929676 7.5942823846914065 3.2
    endloop
  endfacet
  facet normal 0.5224985647159325 0.8526401643541023 0
    outer loop
      vertex -322.6120201811897 7.815654115187641 12
      vertex -322.25077434929676 7.5942823846914065 3.2
      vertex -322.6120201811897 7.815654115187641 3.2
    endloop
  endfacet
  facet normal 0.6494480483302204 0.7604059655999995 0
    outer loop
      vertex -322.93418830920365 8.090811690796322 12
      vertex -322.6120201811897 7.815654115187641 3.2
      vertex -322.93418830920365 8.090811690796322 3.2
    endloop
  endfacet
  facet normal -0.9723699203976928 0.23344536385583792 0
    outer loop
      vertex -318.45714740600306 9.165654115187643 12
      vertex -318.35824148039313 9.577626944391376 3.2
      vertex -318.45714740600306 9.165654115187643 3.2
    endloop
  endfacet
  facet normal -0.996917333733125 0.0784590957278826 0
    outer loop
      vertex -318.35824148039313 9.577626944391376 12
      vertex -318.325 10 3.2
      vertex -318.35824148039313 9.577626944391376 3.2
    endloop
  endfacet
  facet normal -0.996917333733125 -0.0784590957278826 0
    outer loop
      vertex -318.325 10 12
      vertex -318.35824148039313 10.422373055608624 3.2
      vertex -318.325 10 3.2
    endloop
  endfacet
  facet normal -0.852640164354038 0.5224985647160374 0
    outer loop
      vertex -318.84065411518765 8.412979818810323 12
      vertex -318.61928238469136 8.774225650703224 3.2
      vertex -318.84065411518765 8.412979818810323 3.2
    endloop
  endfacet
  facet normal -0.9238795325113045 0.3826834323650469 0
    outer loop
      vertex -318.61928238469136 8.774225650703224 12
      vertex -318.45714740600306 9.165654115187643 3.2
      vertex -318.61928238469136 8.774225650703224 3.2
    endloop
  endfacet
  facet normal -0.7604059656000544 0.6494480483301562 0
    outer loop
      vertex -319.1158116907963 8.090811690796322 12
      vertex -318.84065411518765 8.412979818810323 3.2
      vertex -319.1158116907963 8.090811690796322 3.2
    endloop
  endfacet
  facet normal -0.9723699203976928 -0.23344536385583792 0
    outer loop
      vertex -318.35824148039313 10.422373055608624 12
      vertex -318.45714740600306 10.834345884812357 3.2
      vertex -318.35824148039313 10.422373055608624 3.2
    endloop
  endfacet
  facet normal -0.9238795325113045 -0.3826834323650469 0
    outer loop
      vertex -318.45714740600306 10.834345884812357 12
      vertex -318.61928238469136 11.225774349296776 3.2
      vertex -318.45714740600306 10.834345884812357 3.2
    endloop
  endfacet
  facet normal -0.852640164354038 -0.5224985647160374 0
    outer loop
      vertex -318.61928238469136 11.225774349296776 12
      vertex -318.84065411518765 11.587020181189677 3.2
      vertex -318.61928238469136 11.225774349296776 3.2
    endloop
  endfacet
  facet normal -0.7604059656000544 -0.6494480483301562 0
    outer loop
      vertex -318.84065411518765 11.587020181189677 12
      vertex -319.1158116907963 11.909188309203678 3.2
      vertex -318.84065411518765 11.587020181189677 3.2
    endloop
  endfacet
  facet normal -0.6494480483302204 -0.7604059655999995 0
    outer loop
      vertex -319.1158116907963 11.909188309203678 12
      vertex -319.4379798188103 12.184345884812359 3.2
      vertex -319.1158116907963 11.909188309203678 3.2
    endloop
  endfacet
  facet normal -0.5224985647159309 -0.8526401643541032 0
    outer loop
      vertex -319.4379798188103 12.184345884812359 12
      vertex -319.7992256507032 12.405717615308593 3.2
      vertex -319.4379798188103 12.184345884812359 3.2
    endloop
  endfacet
  facet normal -0.38268343236508834 -0.9238795325112873 0
    outer loop
      vertex -319.7992256507032 12.405717615308593 12
      vertex -320.1906541151876 12.567852593996914 3.2
      vertex -319.7992256507032 12.405717615308593 3.2
    endloop
  endfacet
  facet normal -0.23344536385589407 -0.9723699203976793 0
    outer loop
      vertex -320.1906541151876 12.567852593996914 12
      vertex -320.6026269443914 12.666758519606873 3.2
      vertex -320.1906541151876 12.567852593996914 3.2
    endloop
  endfacet
  facet normal -0.07845909572784487 -0.9969173337331281 0
    outer loop
      vertex -320.6026269443914 12.666758519606873 12
      vertex -321.025 12.7 3.2
      vertex -320.6026269443914 12.666758519606873 3.2
    endloop
  endfacet
  facet normal 0.07845909572784487 -0.9969173337331281 0
    outer loop
      vertex -321.025 12.7 12
      vertex -321.4473730556086 12.666758519606873 3.2
      vertex -321.025 12.7 3.2
    endloop
  endfacet
  facet normal 0.7604059656000544 0.6494480483301562 0
    outer loop
      vertex -323.2093458848123 8.412979818810323 12
      vertex -322.93418830920365 8.090811690796322 3.2
      vertex -323.2093458848123 8.412979818810323 3.2
    endloop
  endfacet
  facet normal 0.6494480483302204 -0.7604059655999995 0
    outer loop
      vertex -322.6120201811897 12.184345884812359 12
      vertex -322.93418830920365 11.909188309203678 3.2
      vertex -322.6120201811897 12.184345884812359 3.2
    endloop
  endfacet
  facet normal 0.7604059656000544 -0.6494480483301562 0
    outer loop
      vertex -322.93418830920365 11.909188309203678 12
      vertex -323.2093458848123 11.587020181189677 3.2
      vertex -322.93418830920365 11.909188309203678 3.2
    endloop
  endfacet
  facet normal 0.852640164354038 0.5224985647160374 0
    outer loop
      vertex -323.4307176153086 8.774225650703224 12
      vertex -323.2093458848123 8.412979818810323 3.2
      vertex -323.4307176153086 8.774225650703224 3.2
    endloop
  endfacet
  facet normal 0.9238795325113045 0.3826834323650469 0
    outer loop
      vertex -323.5928525939969 9.165654115187643 12
      vertex -323.4307176153086 8.774225650703224 3.2
      vertex -323.5928525939969 9.165654115187643 3.2
    endloop
  endfacet
  facet normal 0.9723699203976928 0.23344536385583792 0
    outer loop
      vertex -323.6917585196068 9.577626944391376 12
      vertex -323.5928525939969 9.165654115187643 3.2
      vertex -323.6917585196068 9.577626944391376 3.2
    endloop
  endfacet
  facet normal 0.996917333733125 0.0784590957278826 0
    outer loop
      vertex -323.72499999999997 10 12
      vertex -323.6917585196068 9.577626944391376 3.2
      vertex -323.72499999999997 10 3.2
    endloop
  endfacet
  facet normal 0.9723699203976928 -0.23344536385583792 0
    outer loop
      vertex -323.5928525939969 10.834345884812357 12
      vertex -323.6917585196068 10.422373055608624 3.2
      vertex -323.5928525939969 10.834345884812357 3.2
    endloop
  endfacet
  facet normal 0.9238795325113045 -0.3826834323650469 0
    outer loop
      vertex -323.4307176153086 11.225774349296776 12
      vertex -323.5928525939969 10.834345884812357 3.2
      vertex -323.4307176153086 11.225774349296776 3.2
    endloop
  endfacet
  facet normal 0.996917333733125 -0.0784590957278826 0
    outer loop
      vertex -323.6917585196068 10.422373055608624 12
      vertex -323.72499999999997 10 3.2
      vertex -323.6917585196068 10.422373055608624 3.2
    endloop
  endfacet
  facet normal 0.852640164354038 -0.5224985647160374 0
    outer loop
      vertex -323.2093458848123 11.587020181189677 12
      vertex -323.4307176153086 11.225774349296776 3.2
      vertex -323.2093458848123 11.587020181189677 3.2
    endloop
  endfacet
  facet normal 0.23344536385589407 -0.9723699203976793 0
    outer loop
      vertex -321.4473730556086 12.666758519606873 12
      vertex -321.85934588481234 12.567852593996914 3.2
      vertex -321.4473730556086 12.666758519606873 3.2
    endloop
  endfacet
  facet normal 0.38268343236508834 -0.9238795325112873 0
    outer loop
      vertex -321.85934588481234 12.567852593996914 12
      vertex -322.25077434929676 12.405717615308593 3.2
      vertex -321.85934588481234 12.567852593996914 3.2
    endloop
  endfacet
  facet normal 0.5224985647159309 -0.8526401643541032 0
    outer loop
      vertex -322.25077434929676 12.405717615308593 12
      vertex -322.6120201811897 12.184345884812359 3.2
      vertex -322.25077434929676 12.405717615308593 3.2
    endloop
  endfacet
  facet normal 0 0 -1
    outer loop
      vertex -315.88902062890526 9.1865407817908 3.2
      vertex -315.88902062890526 10.8134592182092 3.2
      vertex -315.825 10 3.2
    endloop
  endfacet
  facet normal 0 0 -1
    outer loop
      vertex -316.0795061152652 8.393111629250274 3.2
      vertex -316.0795061152652 11.606888370749726 3.2
      vertex -315.88902062890526 9.1865407817908 3.2
    endloop
  endfacet
  facet normal 0 0 -1
    outer loop
      vertex -316.39176607422047 7.639249401354356 3.2
      vertex -316.39176607422047 12.360750598645645 3.2
      vertex -316.0795061152652 8.393111629250274 3.2
    endloop
  endfacet
  facet normal 0 0 -1
    outer loop
      vertex -316.81811162925027 6.943516688079139 3.2
      vertex -317.3480447378299 6.323044737829953 3.2
      vertex -317.3480447378299 13.676955262170047 3.2
    endloop
  endfacet
  facet normal 0 0 -1
    outer loop
      vertex -316.39176607422047 7.639249401354356 3.2
      vertex -316.81811162925027 6.943516688079139 3.2
      vertex -316.81811162925027 13.05648331192086 3.2
    endloop
  endfacet
  facet normal 0 0 -1
    outer loop
      vertex -315.88902062890526 9.1865407817908 3.2
      vertex -316.0795061152652 11.606888370749726 3.2
      vertex -315.88902062890526 10.8134592182092 3.2
    endloop
  endfacet
  facet normal 0 0 -1
    outer loop
      vertex -316.0795061152652 8.393111629250274 3.2
      vertex -316.39176607422047 12.360750598645645 3.2
      vertex -316.0795061152652 11.606888370749726 3.2
    endloop
  endfacet
  facet normal 0 0 -1
    outer loop
      vertex -316.39176607422047 7.639249401354356 3.2
      vertex -316.81811162925027 13.05648331192086 3.2
      vertex -316.39176607422047 12.360750598645645 3.2
    endloop
  endfacet
  facet normal 0 0 -1
    outer loop
      vertex -316.81811162925027 6.943516688079139 3.2
      vertex -317.3480447378299 13.676955262170047 3.2
      vertex -316.81811162925027 13.05648331192086 3.2
    endloop
  endfacet
  facet normal 0 0 -1
    outer loop
      vertex -317.9685166880791 5.793111629250273 3.2
      vertex -318.6642494013543 5.366766074220487 3.2
      vertex -318.61928238469136 8.774225650703224 3.2
    endloop
  endfacet
  facet normal 0 0 -1
    outer loop
      vertex -317.9685166880791 5.793111629250273 3.2
      vertex -318.61928238469136 8.774225650703224 3.2
      vertex -318.45714740600306 9.165654115187643 3.2
    endloop
  endfacet
  facet normal 0 0 -1
    outer loop
      vertex -319.41811162925023 5.054506115265202 3.2
      vertex -319.1158116907963 8.090811690796322 3.2
      vertex -318.6642494013543 5.366766074220487 3.2
    endloop
  endfacet
  facet normal 0 0 -1
    outer loop
      vertex -319.41811162925023 5.054506115265202 3.2
      vertex -319.4379798188103 7.815654115187641 3.2
      vertex -319.1158116907963 8.090811690796322 3.2
    endloop
  endfacet
  facet normal 0 0 -1
    outer loop
      vertex -318.6642494013543 5.366766074220487 3.2
      vertex -318.84065411518765 8.412979818810323 3.2
      vertex -318.61928238469136 8.774225650703224 3.2
    endloop
  endfacet
  facet normal 0 0 -1
    outer loop
      vertex -318.6642494013543 5.366766074220487 3.2
      vertex -319.1158116907963 8.090811690796322 3.2
      vertex -318.84065411518765 8.412979818810323 3.2
    endloop
  endfacet
  facet normal 0 0 -1
    outer loop
      vertex -319.41811162925023 5.054506115265202 3.2
      vertex -320.2115407817908 4.864020628905283 3.2
      vertex -320.1906541151876 7.432147406003086 3.2
    endloop
  endfacet
  facet normal 0 0 -1
    outer loop
      vertex -320.2115407817908 4.864020628905283 3.2
      vertex -321.025 4.8 3.2
      vertex -321.025 7.3 3.2
    endloop
  endfacet
  facet normal 0 0 -1
    outer loop
      vertex -321.025 4.8 3.2
      vertex -321.83845921820915 4.864020628905283 3.2
      vertex -321.025 7.3 3.2
    endloop
  endfacet
  facet normal 0 0 -1
    outer loop
      vertex -319.41811162925023 5.054506115265202 3.2
      vertex -319.7992256507032 7.5942823846914065 3.2
      vertex -319.4379798188103 7.815654115187641 3.2
    endloop
  endfacet
  facet normal 0 0 -1
    outer loop
      vertex -319.41811162925023 5.054506115265202 3.2
      vertex -320.1906541151876 7.432147406003086 3.2
      vertex -319.7992256507032 7.5942823846914065 3.2
    endloop
  endfacet
  facet normal 0 0 -1
    outer loop
      vertex -320.2115407817908 4.864020628905283 3.2
      vertex -320.6026269443914 7.333241480393128 3.2
      vertex -320.1906541151876 7.432147406003086 3.2
    endloop
  endfacet
  facet normal 0 0 -1
    outer loop
      vertex -320.2115407817908 4.864020628905283 3.2
      vertex -321.025 7.3 3.2
      vertex -320.6026269443914 7.333241480393128 3.2
    endloop
  endfacet
  facet normal 0 0 -1
    outer loop
      vertex -321.83845921820915 4.864020628905283 3.2
      vertex -322.6318883707497 5.054506115265202 3.2
      vertex -321.85934588481234 7.432147406003086 3.2
    endloop
  endfacet
  facet normal 0 0 -1
    outer loop
      vertex -322.6318883707497 5.054506115265202 3.2
      vertex -323.38575059864564 5.366766074220487 3.2
      vertex -322.6120201811897 7.815654115187641 3.2
    endloop
  endfacet
  facet normal 0 0 -1
    outer loop
      vertex -321.025 7.3 3.2
      vertex -321.83845921820915 4.864020628905283 3.2
      vertex -321.4473730556086 7.333241480393128 3.2
    endloop
  endfacet
  facet normal 0 0 -1
    outer loop
      vertex -321.83845921820915 4.864020628905283 3.2
      vertex -321.85934588481234 7.432147406003086 3.2
      vertex -321.4473730556086 7.333241480393128 3.2
    endloop
  endfacet
  facet normal 0 0 -1
    outer loop
      vertex -322.6318883707497 5.054506115265202 3.2
      vertex -322.25077434929676 7.5942823846914065 3.2
      vertex -321.85934588481234 7.432147406003086 3.2
    endloop
  endfacet
  facet normal 0 0 -1
    outer loop
      vertex -322.6318883707497 5.054506115265202 3.2
      vertex -322.6120201811897 7.815654115187641 3.2
      vertex -322.25077434929676 7.5942823846914065 3.2
    endloop
  endfacet
  facet normal 0 0 -1
    outer loop
      vertex -322.6120201811897 7.815654115187641 3.2
      vertex -323.38575059864564 5.366766074220487 3.2
      vertex -322.93418830920365 8.090811690796322 3.2
    endloop
  endfacet
  facet normal 0 0 -1
    outer loop
      vertex -322.93418830920365 8.090811690796322 3.2
      vertex -323.38575059864564 5.366766074220487 3.2
      vertex -323.2093458848123 8.412979818810323 3.2
    endloop
  endfacet
  facet normal 0 0 -1
    outer loop
      vertex -323.38575059864564 5.366766074220487 3.2
      vertex -323.4307176153086 8.774225650703224 3.2
      vertex -323.2093458848123 8.412979818810323 3.2
    endloop
  endfacet
  facet normal 0 0 -1
    outer loop
      vertex -323.38575059864564 5.366766074220487 3.2
      vertex -323.5928525939969 9.165654115187643 3.2
      vertex -323.4307176153086 8.774225650703224 3.2
    endloop
  endfacet
  facet normal 0 0 -1
    outer loop
      vertex -323.38575059864564 5.366766074220487 3.2
      vertex -323.6917585196068 9.577626944391376 3.2
      vertex -323.5928525939969 9.165654115187643 3.2
    endloop
  endfacet
  facet normal 0 0 -1
    outer loop
      vertex -317.3480447378299 6.323044737829953 3.2
      vertex -317.9685166880791 5.793111629250273 3.2
      vertex -317.9685166880791 14.206888370749727 3.2
    endloop
  endfacet
  facet normal 0 0 -1
    outer loop
      vertex -317.9685166880791 5.793111629250273 3.2
      vertex -318.35824148039313 9.577626944391376 3.2
      vertex -318.325 10 3.2
    endloop
  endfacet
  facet normal 0 0 -1
    outer loop
      vertex -317.9685166880791 5.793111629250273 3.2
      vertex -318.45714740600306 9.165654115187643 3.2
      vertex -318.35824148039313 9.577626944391376 3.2
    endloop
  endfacet
  facet normal 0 0 -1
    outer loop
      vertex -317.9685166880791 5.793111629250273 3.2
      vertex -318.325 10 3.2
      vertex -318.35824148039313 10.422373055608624 3.2
    endloop
  endfacet
  facet normal 0 0 -1
    outer loop
      vertex -317.9685166880791 5.793111629250273 3.2
      vertex -318.35824148039313 10.422373055608624 3.2
      vertex -318.6642494013543 14.633233925779514 3.2
    endloop
  endfacet
  facet normal 0 0 -1
    outer loop
      vertex -317.3480447378299 6.323044737829953 3.2
      vertex -317.9685166880791 14.206888370749727 3.2
      vertex -317.3480447378299 13.676955262170047 3.2
    endloop
  endfacet
  facet normal 0 0 -1
    outer loop
      vertex -317.9685166880791 5.793111629250273 3.2
      vertex -318.6642494013543 14.633233925779514 3.2
      vertex -317.9685166880791 14.206888370749727 3.2
    endloop
  endfacet
  facet normal 0 0 -1
    outer loop
      vertex -318.35824148039313 10.422373055608624 3.2
      vertex -318.45714740600306 10.834345884812357 3.2
      vertex -318.6642494013543 14.633233925779514 3.2
    endloop
  endfacet
  facet normal 0 0 -1
    outer loop
      vertex -318.45714740600306 10.834345884812357 3.2
      vertex -318.61928238469136 11.225774349296776 3.2
      vertex -318.6642494013543 14.633233925779514 3.2
    endloop
  endfacet
  facet normal 0 0 -1
    outer loop
      vertex -318.61928238469136 11.225774349296776 3.2
      vertex -318.84065411518765 11.587020181189677 3.2
      vertex -318.6642494013543 14.633233925779514 3.2
    endloop
  endfacet
  facet normal 0 0 -1
    outer loop
      vertex -318.84065411518765 11.587020181189677 3.2
      vertex -319.1158116907963 11.909188309203678 3.2
      vertex -318.6642494013543 14.633233925779514 3.2
    endloop
  endfacet
  facet normal 0 0 -1
    outer loop
      vertex -319.1158116907963 11.909188309203678 3.2
      vertex -319.4379798188103 12.184345884812359 3.2
      vertex -318.6642494013543 14.633233925779514 3.2
    endloop
  endfacet
  facet normal 0 0 -1
    outer loop
      vertex -319.4379798188103 12.184345884812359 3.2
      vertex -319.41811162925023 14.945493884734798 3.2
      vertex -318.6642494013543 14.633233925779514 3.2
    endloop
  endfacet
  facet normal 0 0 -1
    outer loop
      vertex -319.4379798188103 12.184345884812359 3.2
      vertex -319.7992256507032 12.405717615308593 3.2
      vertex -319.41811162925023 14.945493884734798 3.2
    endloop
  endfacet
  facet normal 0 0 -1
    outer loop
      vertex -319.41811162925023 14.945493884734798 3.2
      vertex -319.7992256507032 12.405717615308593 3.2
      vertex -320.1906541151876 12.567852593996914 3.2
    endloop
  endfacet
  facet normal 0 0 -1
    outer loop
      vertex -320.1906541151876 12.567852593996914 3.2
      vertex -320.6026269443914 12.666758519606873 3.2
      vertex -320.2115407817908 15.135979371094717 3.2
    endloop
  endfacet
  facet normal 0 0 -1
    outer loop
      vertex -319.41811162925023 14.945493884734798 3.2
      vertex -320.1906541151876 12.567852593996914 3.2
      vertex -320.2115407817908 15.135979371094717 3.2
    endloop
  endfacet
  facet normal 0 0 -1
    outer loop
      vertex -320.6026269443914 12.666758519606873 3.2
      vertex -321.025 12.7 3.2
      vertex -320.2115407817908 15.135979371094717 3.2
    endloop
  endfacet
  facet normal 0 0 -1
    outer loop
      vertex -321.025 12.7 3.2
      vertex -321.025 15.2 3.2
      vertex -320.2115407817908 15.135979371094717 3.2
    endloop
  endfacet
  facet normal 0 0 -1
    outer loop
      vertex -321.025 12.7 3.2
      vertex -321.83845921820915 15.135979371094717 3.2
      vertex -321.025 15.2 3.2
    endloop
  endfacet
  facet normal 0 0 -1
    outer loop
      vertex -323.38575059864564 5.366766074220487 3.2
      vertex -324.08148331192086 5.793111629250273 3.2
      vertex -324.08148331192086 14.206888370749727 3.2
    endloop
  endfacet
  facet normal 0 0 -1
    outer loop
      vertex -323.38575059864564 5.366766074220487 3.2
      vertex -324.08148331192086 14.206888370749727 3.2
      vertex -323.6917585196068 9.577626944391376 3.2
    endloop
  endfacet
  facet normal 0 0 -1
    outer loop
      vertex -324.08148331192086 5.793111629250273 3.2
      vertex -324.70195526217003 6.323044737829953 3.2
      vertex -324.70195526217003 13.676955262170047 3.2
    endloop
  endfacet
  facet normal 0 0 -1
    outer loop
      vertex -323.6917585196068 9.577626944391376 3.2
      vertex -324.08148331192086 14.206888370749727 3.2
      vertex -323.72499999999997 10 3.2
    endloop
  endfacet
  facet normal 0 0 -1
    outer loop
      vertex -323.72499999999997 10 3.2
      vertex -324.08148331192086 14.206888370749727 3.2
      vertex -323.6917585196068 10.422373055608624 3.2
    endloop
  endfacet
  facet normal 0 0 -1
    outer loop
      vertex -323.5928525939969 10.834345884812357 3.2
      vertex -323.6917585196068 10.422373055608624 3.2
      vertex -324.08148331192086 14.206888370749727 3.2
    endloop
  endfacet
  facet normal 0 0 -1
    outer loop
      vertex -323.5928525939969 10.834345884812357 3.2
      vertex -324.08148331192086 14.206888370749727 3.2
      vertex -323.4307176153086 11.225774349296776 3.2
    endloop
  endfacet
  facet normal 0 0 -1
    outer loop
      vertex -324.70195526217003 6.323044737829953 3.2
      vertex -325.2318883707497 13.05648331192086 3.2
      vertex -324.70195526217003 13.676955262170047 3.2
    endloop
  endfacet
  facet normal 0 0 -1
    outer loop
      vertex -324.08148331192086 5.793111629250273 3.2
      vertex -324.70195526217003 13.676955262170047 3.2
      vertex -324.08148331192086 14.206888370749727 3.2
    endloop
  endfacet
  facet normal 0 0 -1
    outer loop
      vertex -321.025 12.7 3.2
      vertex -321.4473730556086 12.666758519606873 3.2
      vertex -321.83845921820915 15.135979371094717 3.2
    endloop
  endfacet
  facet normal 0 0 -1
    outer loop
      vertex -321.4473730556086 12.666758519606873 3.2
      vertex -321.85934588481234 12.567852593996914 3.2
      vertex -321.83845921820915 15.135979371094717 3.2
    endloop
  endfacet
  facet normal 0 0 -1
    outer loop
      vertex -321.85934588481234 12.567852593996914 3.2
      vertex -322.6318883707497 14.945493884734798 3.2
      vertex -321.83845921820915 15.135979371094717 3.2
    endloop
  endfacet
  facet normal 0 0 -1
    outer loop
      vertex -322.6120201811897 12.184345884812359 3.2
      vertex -322.6318883707497 14.945493884734798 3.2
      vertex -322.25077434929676 12.405717615308593 3.2
    endloop
  endfacet
  facet normal 0 0 -1
    outer loop
      vertex -322.6120201811897 12.184345884812359 3.2
      vertex -322.93418830920365 11.909188309203678 3.2
      vertex -322.6318883707497 14.945493884734798 3.2
    endloop
  endfacet
  facet normal 0 0 -1
    outer loop
      vertex -321.85934588481234 12.567852593996914 3.2
      vertex -322.25077434929676 12.405717615308593 3.2
      vertex -322.6318883707497 14.945493884734798 3.2
    endloop
  endfacet
  facet normal 0 0 -1
    outer loop
      vertex -322.93418830920365 11.909188309203678 3.2
      vertex -323.38575059864564 14.633233925779514 3.2
      vertex -322.6318883707497 14.945493884734798 3.2
    endloop
  endfacet
  facet normal 0 0 -1
    outer loop
      vertex -323.2093458848123 11.587020181189677 3.2
      vertex -323.4307176153086 11.225774349296776 3.2
      vertex -323.38575059864564 14.633233925779514 3.2
    endloop
  endfacet
  facet normal 0 0 -1
    outer loop
      vertex -322.93418830920365 11.909188309203678 3.2
      vertex -323.2093458848123 11.587020181189677 3.2
      vertex -323.38575059864564 14.633233925779514 3.2
    endloop
  endfacet
  facet normal 0 0 -1
    outer loop
      vertex -323.4307176153086 11.225774349296776 3.2
      vertex -324.08148331192086 14.206888370749727 3.2
      vertex -323.38575059864564 14.633233925779514 3.2
    endloop
  endfacet
  facet normal 0 0 -1
    outer loop
      vertex -324.70195526217003 6.323044737829953 3.2
      vertex -325.2318883707497 6.943516688079139 3.2
      vertex -325.2318883707497 13.05648331192086 3.2
    endloop
  endfacet
  facet normal 0 0 -1
    outer loop
      vertex -325.2318883707497 6.943516688079139 3.2
      vertex -325.6582339257795 7.639249401354356 3.2
      vertex -325.6582339257795 12.360750598645645 3.2
    endloop
  endfacet
  facet normal 0 0 -1
    outer loop
      vertex -325.6582339257795 7.639249401354356 3.2
      vertex -325.97049388473476 8.393111629250274 3.2
      vertex -325.97049388473476 11.606888370749726 3.2
    endloop
  endfacet
  facet normal 0 0 -1
    outer loop
      vertex -325.97049388473476 8.393111629250274 3.2
      vertex -326.1609793710947 9.1865407817908 3.2
      vertex -326.1609793710947 10.8134592182092 3.2
    endloop
  endfacet
  facet normal 0 0 -1
    outer loop
      vertex -326.1609793710947 9.1865407817908 3.2
      vertex -326.22499999999997 10 3.2
      vertex -326.1609793710947 10.8134592182092 3.2
    endloop
  endfacet
  facet normal 0 0 -1
    outer loop
      vertex -325.2318883707497 6.943516688079139 3.2
      vertex -325.6582339257795 12.360750598645645 3.2
      vertex -325.2318883707497 13.05648331192086 3.2
    endloop
  endfacet
  facet normal 0 0 -1
    outer loop
      vertex -325.6582339257795 7.639249401354356 3.2
      vertex -325.97049388473476 11.606888370749726 3.2
      vertex -325.6582339257795 12.360750598645645 3.2
    endloop
  endfacet
  facet normal 0 0 -1
    outer loop
      vertex -325.97049388473476 8.393111629250274 3.2
      vertex -326.1609793710947 10.8134592182092 3.2
      vertex -325.97049388473476 11.606888370749726 3.2
    endloop
  endfacet
  facet normal -0.8526401643540861 0.5224985647159589 0
    outer loop
      vertex -316.39176607422047 7.639249401354356 3.2
      vertex -316.39176607422047 7.639249401354356 0
      vertex -316.81811162925027 6.943516688079139 3.2
    endloop
  endfacet
  facet normal -0.7604059656000454 0.6494480483301669 0
    outer loop
      vertex -316.81811162925027 6.943516688079139 3.2
      vertex -316.81811162925027 6.943516688079139 0
      vertex -317.3480447378299 6.323044737829953 3.2
    endloop
  endfacet
  facet normal -0.9723699203976723 0.23344536385592285 4.989075951727438e-18
    outer loop
      vertex -316.0795061152652 8.393111629250274 3.2
      vertex -315.88902062890526 9.1865407817908 3.2
      vertex -315.88902062890526 9.1865407817908 0
    endloop
  endfacet
  facet normal -0.9238795325112891 0.3826834323650839 9.160859627862666e-19
    outer loop
      vertex -316.39176607422047 7.639249401354356 3.2
      vertex -316.0795061152652 8.393111629250274 3.2
      vertex -316.0795061152652 8.393111629250274 0
    endloop
  endfacet
  facet normal -0.9969173337331294 0.07845909572782633 2.1811513869009387e-20
    outer loop
      vertex -315.88902062890526 9.1865407817908 3.2
      vertex -315.825 10 3.2
      vertex -315.825 10 0
    endloop
  endfacet
  facet normal -0.9969173337331294 -0.07845909572782633 -2.1811513869009387e-20
    outer loop
      vertex -315.825 10 3.2
      vertex -315.88902062890526 10.8134592182092 3.2
      vertex -315.88902062890526 10.8134592182092 0
    endloop
  endfacet
  facet normal -0.9723699203976723 -0.23344536385592285 -4.989075951727438e-18
    outer loop
      vertex -315.88902062890526 10.8134592182092 3.2
      vertex -316.0795061152652 11.606888370749726 3.2
      vertex -316.0795061152652 11.606888370749726 0
    endloop
  endfacet
  facet normal -0.9238795325112894 -0.3826834323650835 -8.344354138140432e-19
    outer loop
      vertex -316.0795061152652 11.606888370749726 3.2
      vertex -316.39176607422047 12.360750598645645 3.2
      vertex -316.39176607422047 12.360750598645645 0
    endloop
  endfacet
  facet normal -0.8526401643540857 -0.5224985647159593 -9.771217140231948e-18
    outer loop
      vertex -316.39176607422047 12.360750598645645 3.2
      vertex -316.81811162925027 13.05648331192086 3.2
      vertex -316.81811162925027 13.05648331192086 0
    endloop
  endfacet
  facet normal -0.7604059656000454 -0.6494480483301669 9.648068303723978e-18
    outer loop
      vertex -316.81811162925027 13.05648331192086 3.2
      vertex -317.3480447378299 13.676955262170047 3.2
      vertex -317.3480447378299 13.676955262170047 0
    endloop
  endfacet
  facet normal -0.5224985647159471 0.8526401643540932 0
    outer loop
      vertex -317.9685166880791 5.793111629250273 3.2
      vertex -317.9685166880791 5.793111629250273 0
      vertex -318.6642494013543 5.366766074220487 3.2
    endloop
  endfacet
  facet normal -0.3826834323650867 0.9238795325112881 -3.553199413939623e-18
    outer loop
      vertex -319.41811162925023 5.054506115265202 3.2
      vertex -318.6642494013543 5.366766074220487 3.2
      vertex -318.6642494013543 5.366766074220487 0
    endloop
  endfacet
  facet normal -0.6494480483301952 0.7604059656000209 0
    outer loop
      vertex -317.3480447378299 6.323044737829953 3.2
      vertex -317.3480447378299 6.323044737829953 0
      vertex -317.9685166880791 5.793111629250273 3.2
    endloop
  endfacet
  facet normal -0.23344536385589454 0.9723699203976792 0
    outer loop
      vertex -319.41811162925023 5.054506115265202 3.2
      vertex -319.41811162925023 5.054506115265202 0
      vertex -320.2115407817908 4.864020628905283 3.2
    endloop
  endfacet
  facet normal -0.0784590957278471 0.9969173337331277 0
    outer loop
      vertex -320.2115407817908 4.864020628905283 3.2
      vertex -320.2115407817908 4.864020628905283 0
      vertex -321.025 4.8 3.2
    endloop
  endfacet
  facet normal 0.0784590957278471 0.9969173337331277 0
    outer loop
      vertex -321.025 4.8 3.2
      vertex -321.025 4.8 0
      vertex -321.83845921820915 4.864020628905283 3.2
    endloop
  endfacet
  facet normal 0.23344536385589454 0.9723699203976792 0
    outer loop
      vertex -321.83845921820915 4.864020628905283 3.2
      vertex -321.83845921820915 4.864020628905283 0
      vertex -322.6318883707497 5.054506115265202 3.2
    endloop
  endfacet
  facet normal 0.3826834323650867 0.9238795325112881 0
    outer loop
      vertex -322.6318883707497 5.054506115265202 3.2
      vertex -322.6318883707497 5.054506115265202 0
      vertex -323.38575059864564 5.366766074220487 3.2
    endloop
  endfacet
  facet normal 0.5224985647159471 0.8526401643540932 0
    outer loop
      vertex -323.38575059864564 5.366766074220487 3.2
      vertex -323.38575059864564 5.366766074220487 0
      vertex -324.08148331192086 5.793111629250273 3.2
    endloop
  endfacet
  facet normal 0.6494480483301952 0.7604059656000209 0
    outer loop
      vertex -324.08148331192086 5.793111629250273 3.2
      vertex -324.08148331192086 5.793111629250273 0
      vertex -324.70195526217003 6.323044737829953 3.2
    endloop
  endfacet
  facet normal 0.7604059656000454 0.6494480483301669 0
    outer loop
      vertex -324.70195526217003 6.323044737829953 3.2
      vertex -324.70195526217003 6.323044737829953 0
      vertex -325.2318883707497 6.943516688079139 3.2
    endloop
  endfacet
  facet normal -0.6494480483301952 -0.7604059656000209 1.2964973046048523e-18
    outer loop
      vertex -317.3480447378299 13.676955262170047 3.2
      vertex -317.9685166880791 14.206888370749727 3.2
      vertex -317.9685166880791 14.206888370749727 0
    endloop
  endfacet
  facet normal -0.5224985647159479 -0.8526401643540927 -3.508895199205847e-18
    outer loop
      vertex -317.9685166880791 14.206888370749727 3.2
      vertex -318.6642494013543 14.633233925779514 3.2
      vertex -318.6642494013543 14.633233925779514 0
    endloop
  endfacet
  facet normal -0.3826834323650857 -0.9238795325112884 4.866945687317599e-18
    outer loop
      vertex -318.6642494013543 14.633233925779514 3.2
      vertex -319.41811162925023 14.945493884734798 3.2
      vertex -319.41811162925023 14.945493884734798 0
    endloop
  endfacet
  facet normal -0.23344536385589454 -0.9723699203976792 1.9204731648185998e-18
    outer loop
      vertex -319.41811162925023 14.945493884734798 3.2
      vertex -320.2115407817908 15.135979371094717 3.2
      vertex -320.2115407817908 15.135979371094717 0
    endloop
  endfacet
  facet normal -0.07845909572784603 -0.996917333733128 1.2682567832523697e-18
    outer loop
      vertex -320.2115407817908 15.135979371094717 3.2
      vertex -321.025 15.2 3.2
      vertex -321.025 15.2 0
    endloop
  endfacet
  facet normal 0.07845909572784603 -0.996917333733128 -1.2682567832523697e-18
    outer loop
      vertex -321.025 15.2 3.2
      vertex -321.83845921820915 15.135979371094717 3.2
      vertex -321.83845921820915 15.135979371094717 0
    endloop
  endfacet
  facet normal 0.23344536385589454 -0.9723699203976792 -1.9204731648185998e-18
    outer loop
      vertex -321.83845921820915 15.135979371094717 3.2
      vertex -322.6318883707497 14.945493884734798 3.2
      vertex -322.6318883707497 14.945493884734798 0
    endloop
  endfacet
  facet normal 0.3826834323650857 -0.9238795325112884 -4.866945687317599e-18
    outer loop
      vertex -322.6318883707497 14.945493884734798 3.2
      vertex -323.38575059864564 14.633233925779514 3.2
      vertex -323.38575059864564 14.633233925779514 0
    endloop
  endfacet
  facet normal 0.6494480483301952 -0.7604059656000209 -1.2964973046048523e-18
    outer loop
      vertex -324.08148331192086 14.206888370749727 3.2
      vertex -324.70195526217003 13.676955262170047 3.2
      vertex -324.70195526217003 13.676955262170047 0
    endloop
  endfacet
  facet normal 0.5224985647159479 -0.8526401643540927 0
    outer loop
      vertex -324.08148331192086 14.206888370749727 3.2
      vertex -324.08148331192086 14.206888370749727 0
      vertex -323.38575059864564 14.633233925779514 3.2
    endloop
  endfacet
  facet normal -0.9238795325112891 0.3826834323650839 0
    outer loop
      vertex -316.39176607422047 7.639249401354356 3.2
      vertex -316.0795061152652 8.393111629250274 0
      vertex -316.39176607422047 7.639249401354356 0
    endloop
  endfacet
  facet normal -0.7604059656000454 0.6494480483301669 0
    outer loop
      vertex -317.3480447378299 6.323044737829953 3.2
      vertex -316.81811162925027 6.943516688079139 0
      vertex -317.3480447378299 6.323044737829953 0
    endloop
  endfacet
  facet normal -0.8526401643540861 0.5224985647159589 0
    outer loop
      vertex -316.81811162925027 6.943516688079139 3.2
      vertex -316.39176607422047 7.639249401354356 0
      vertex -316.81811162925027 6.943516688079139 0
    endloop
  endfacet
  facet normal -0.9723699203976723 0.23344536385592285 0
    outer loop
      vertex -316.0795061152652 8.393111629250274 3.2
      vertex -315.88902062890526 9.1865407817908 0
      vertex -316.0795061152652 8.393111629250274 0
    endloop
  endfacet
  facet normal -0.9969173337331294 0.07845909572782633 0
    outer loop
      vertex -315.88902062890526 9.1865407817908 3.2
      vertex -315.825 10 0
      vertex -315.88902062890526 9.1865407817908 0
    endloop
  endfacet
  facet normal -0.9969173337331294 -0.07845909572782633 0
    outer loop
      vertex -315.825 10 3.2
      vertex -315.88902062890526 10.8134592182092 0
      vertex -315.825 10 0
    endloop
  endfacet
  facet normal -0.9723699203976723 -0.23344536385592285 0
    outer loop
      vertex -315.88902062890526 10.8134592182092 3.2
      vertex -316.0795061152652 11.606888370749726 0
      vertex -315.88902062890526 10.8134592182092 0
    endloop
  endfacet
  facet normal -0.9238795325112894 -0.3826834323650835 0
    outer loop
      vertex -316.0795061152652 11.606888370749726 3.2
      vertex -316.39176607422047 12.360750598645645 0
      vertex -316.0795061152652 11.606888370749726 0
    endloop
  endfacet
  facet normal -0.8526401643540857 -0.5224985647159593 0
    outer loop
      vertex -316.39176607422047 12.360750598645645 3.2
      vertex -316.81811162925027 13.05648331192086 0
      vertex -316.39176607422047 12.360750598645645 0
    endloop
  endfacet
  facet normal -0.7604059656000454 -0.6494480483301669 0
    outer loop
      vertex -316.81811162925027 13.05648331192086 3.2
      vertex -317.3480447378299 13.676955262170047 0
      vertex -316.81811162925027 13.05648331192086 0
    endloop
  endfacet
  facet normal -0.6494480483301952 0.7604059656000209 0
    outer loop
      vertex -317.9685166880791 5.793111629250273 3.2
      vertex -317.3480447378299 6.323044737829953 0
      vertex -317.9685166880791 5.793111629250273 0
    endloop
  endfacet
  facet normal -0.5224985647159471 0.8526401643540932 0
    outer loop
      vertex -318.6642494013543 5.366766074220487 3.2
      vertex -317.9685166880791 5.793111629250273 0
      vertex -318.6642494013543 5.366766074220487 0
    endloop
  endfacet
  facet normal -0.3826834323650867 0.9238795325112881 0
    outer loop
      vertex -319.41811162925023 5.054506115265202 3.2
      vertex -318.6642494013543 5.366766074220487 0
      vertex -319.41811162925023 5.054506115265202 0
    endloop
  endfacet
  facet normal -0.23344536385589454 0.9723699203976792 0
    outer loop
      vertex -320.2115407817908 4.864020628905283 3.2
      vertex -319.41811162925023 5.054506115265202 0
      vertex -320.2115407817908 4.864020628905283 0
    endloop
  endfacet
  facet normal -0.0784590957278471 0.9969173337331277 0
    outer loop
      vertex -321.025 4.8 3.2
      vertex -320.2115407817908 4.864020628905283 0
      vertex -321.025 4.8 0
    endloop
  endfacet
  facet normal 0.0784590957278471 0.9969173337331277 0
    outer loop
      vertex -321.83845921820915 4.864020628905283 3.2
      vertex -321.025 4.8 0
      vertex -321.83845921820915 4.864020628905283 0
    endloop
  endfacet
  facet normal 0.23344536385589454 0.9723699203976792 0
    outer loop
      vertex -322.6318883707497 5.054506115265202 3.2
      vertex -321.83845921820915 4.864020628905283 0
      vertex -322.6318883707497 5.054506115265202 0
    endloop
  endfacet
  facet normal 0.3826834323650867 0.9238795325112881 0
    outer loop
      vertex -323.38575059864564 5.366766074220487 3.2
      vertex -322.6318883707497 5.054506115265202 0
      vertex -323.38575059864564 5.366766074220487 0
    endloop
  endfacet
  facet normal 0.5224985647159471 0.8526401643540932 0
    outer loop
      vertex -324.08148331192086 5.793111629250273 3.2
      vertex -323.38575059864564 5.366766074220487 0
      vertex -324.08148331192086 5.793111629250273 0
    endloop
  endfacet
  facet normal 0.6494480483301952 0.7604059656000209 0
    outer loop
      vertex -324.70195526217003 6.323044737829953 3.2
      vertex -324.08148331192086 5.793111629250273 0
      vertex -324.70195526217003 6.323044737829953 0
    endloop
  endfacet
  facet normal -0.6494480483301952 -0.7604059656000209 0
    outer loop
      vertex -317.3480447378299 13.676955262170047 3.2
      vertex -317.9685166880791 14.206888370749727 0
      vertex -317.3480447378299 13.676955262170047 0
    endloop
  endfacet
  facet normal -0.5224985647159479 -0.8526401643540927 0
    outer loop
      vertex -317.9685166880791 14.206888370749727 3.2
      vertex -318.6642494013543 14.633233925779514 0
      vertex -317.9685166880791 14.206888370749727 0
    endloop
  endfacet
  facet normal -0.3826834323650857 -0.9238795325112884 0
    outer loop
      vertex -318.6642494013543 14.633233925779514 3.2
      vertex -319.41811162925023 14.945493884734798 0
      vertex -318.6642494013543 14.633233925779514 0
    endloop
  endfacet
  facet normal -0.23344536385589454 -0.9723699203976792 0
    outer loop
      vertex -319.41811162925023 14.945493884734798 3.2
      vertex -320.2115407817908 15.135979371094717 0
      vertex -319.41811162925023 14.945493884734798 0
    endloop
  endfacet
  facet normal -0.07845909572784603 -0.996917333733128 0
    outer loop
      vertex -320.2115407817908 15.135979371094717 3.2
      vertex -321.025 15.2 0
      vertex -320.2115407817908 15.135979371094717 0
    endloop
  endfacet
  facet normal 0.07845909572784603 -0.996917333733128 0
    outer loop
      vertex -321.025 15.2 3.2
      vertex -321.83845921820915 15.135979371094717 0
      vertex -321.025 15.2 0
    endloop
  endfacet
  facet normal 0.23344536385589454 -0.9723699203976792 0
    outer loop
      vertex -321.83845921820915 15.135979371094717 3.2
      vertex -322.6318883707497 14.945493884734798 0
      vertex -321.83845921820915 15.135979371094717 0
    endloop
  endfacet
  facet normal 0.3826834323650857 -0.9238795325112884 0
    outer loop
      vertex -322.6318883707497 14.945493884734798 3.2
      vertex -323.38575059864564 14.633233925779514 0
      vertex -322.6318883707497 14.945493884734798 0
    endloop
  endfacet
  facet normal 0.6494480483301952 -0.7604059656000209 0
    outer loop
      vertex -324.08148331192086 14.206888370749727 3.2
      vertex -324.70195526217003 13.676955262170047 0
      vertex -324.08148331192086 14.206888370749727 0
    endloop
  endfacet
  facet normal 0.7604059656000454 -0.6494480483301669 0
    outer loop
      vertex -324.70195526217003 13.676955262170047 3.2
      vertex -325.2318883707497 13.05648331192086 0
      vertex -324.70195526217003 13.676955262170047 0
    endloop
  endfacet
  facet normal 0.5224985647159479 -0.8526401643540927 0
    outer loop
      vertex -323.38575059864564 14.633233925779514 3.2
      vertex -324.08148331192086 14.206888370749727 0
      vertex -323.38575059864564 14.633233925779514 0
    endloop
  endfacet
  facet normal 0.8526401643540861 0.5224985647159589 0
    outer loop
      vertex -325.2318883707497 6.943516688079139 3.2
      vertex -325.2318883707497 6.943516688079139 0
      vertex -325.6582339257795 7.639249401354356 3.2
    endloop
  endfacet
  facet normal 0.9238795325112891 0.3826834323650839 0
    outer loop
      vertex -325.6582339257795 7.639249401354356 3.2
      vertex -325.6582339257795 7.639249401354356 0
      vertex -325.97049388473476 8.393111629250274 3.2
    endloop
  endfacet
  facet normal 0.9723699203976723 0.23344536385592285 0
    outer loop
      vertex -325.97049388473476 8.393111629250274 3.2
      vertex -325.97049388473476 8.393111629250274 0
      vertex -326.1609793710947 9.1865407817908 3.2
    endloop
  endfacet
  facet normal 0.9969173337331294 0.07845909572782633 0
    outer loop
      vertex -326.1609793710947 9.1865407817908 3.2
      vertex -326.1609793710947 9.1865407817908 0
      vertex -326.22499999999997 10 3.2
    endloop
  endfacet
  facet normal 0.9238795325112894 -0.3826834323650835 0
    outer loop
      vertex -325.97049388473476 11.606888370749726 3.2
      vertex -325.97049388473476 11.606888370749726 0
      vertex -325.6582339257795 12.360750598645645 3.2
    endloop
  endfacet
  facet normal 0.9969173337331294 -0.07845909572782633 0
    outer loop
      vertex -326.22499999999997 10 3.2
      vertex -326.22499999999997 10 0
      vertex -326.1609793710947 10.8134592182092 3.2
    endloop
  endfacet
  facet normal 0.9723699203976723 -0.23344536385592285 4.989075951727438e-18
    outer loop
      vertex -325.97049388473476 11.606888370749726 3.2
      vertex -326.1609793710947 10.8134592182092 3.2
      vertex -326.1609793710947 10.8134592182092 0
    endloop
  endfacet
  facet normal 0.8526401643540857 -0.5224985647159593 9.771217140231948e-18
    outer loop
      vertex -325.2318883707497 13.05648331192086 3.2
      vertex -325.6582339257795 12.360750598645645 3.2
      vertex -325.6582339257795 12.360750598645645 0
    endloop
  endfacet
  facet normal 0.7604059656000454 -0.6494480483301669 -9.648068303723978e-18
    outer loop
      vertex -324.70195526217003 13.676955262170047 3.2
      vertex -325.2318883707497 13.05648331192086 3.2
      vertex -325.2318883707497 13.05648331192086 0
    endloop
  endfacet
  facet normal 0.7604059656000454 0.6494480483301669 0
    outer loop
      vertex -325.2318883707497 6.943516688079139 3.2
      vertex -324.70195526217003 6.323044737829953 0
      vertex -325.2318883707497 6.943516688079139 0
    endloop
  endfacet
  facet normal 0.8526401643540861 0.5224985647159589 0
    outer loop
      vertex -325.6582339257795 7.639249401354356 3.2
      vertex -325.2318883707497 6.943516688079139 0
      vertex -325.6582339257795 7.639249401354356 0
    endloop
  endfacet
  facet normal 0.9238795325112891 0.3826834323650839 0
    outer loop
      vertex -325.97049388473476 8.393111629250274 3.2
      vertex -325.6582339257795 7.639249401354356 0
      vertex -325.97049388473476 8.393111629250274 0
    endloop
  endfacet
  facet normal 0.9723699203976723 0.23344536385592285 0
    outer loop
      vertex -326.1609793710947 9.1865407817908 3.2
      vertex -325.97049388473476 8.393111629250274 0
      vertex -326.1609793710947 9.1865407817908 0
    endloop
  endfacet
  facet normal 0.9969173337331294 0.07845909572782633 0
    outer loop
      vertex -326.22499999999997 10 3.2
      vertex -326.1609793710947 9.1865407817908 0
      vertex -326.22499999999997 10 0
    endloop
  endfacet
  facet normal 0.9238795325112894 -0.3826834323650835 0
    outer loop
      vertex -325.6582339257795 12.360750598645645 3.2
      vertex -325.97049388473476 11.606888370749726 0
      vertex -325.6582339257795 12.360750598645645 0
    endloop
  endfacet
  facet normal 0.9969173337331294 -0.07845909572782633 0
    outer loop
      vertex -326.1609793710947 10.8134592182092 3.2
      vertex -326.22499999999997 10 0
      vertex -326.1609793710947 10.8134592182092 0
    endloop
  endfacet
  facet normal 0.9723699203976723 -0.23344536385592285 0
    outer loop
      vertex -325.97049388473476 11.606888370749726 3.2
      vertex -326.1609793710947 10.8134592182092 0
      vertex -325.97049388473476 11.606888370749726 0
    endloop
  endfacet
  facet normal 0.8526401643540857 -0.5224985647159593 0
    outer loop
      vertex -325.2318883707497 13.05648331192086 3.2
      vertex -325.6582339257795 12.360750598645645 0
      vertex -325.2318883707497 13.05648331192086 0
    endloop
  endfacet
  facet normal -0.5224985647159248 0.8526401643541068 8.627178537272136e-19
    outer loop
      vertex -319.7992256507032 117.59428238469141 12
      vertex -319.4379798188103 117.81565411518764 12
      vertex -319.4379798188103 117.81565411518764 3.2
    endloop
  endfacet
  facet normal -0.38268343236510266 0.9238795325112813 0
    outer loop
      vertex -319.7992256507032 117.59428238469141 12
      vertex -319.7992256507032 117.59428238469141 3.2
      vertex -320.1906541151876 117.43214740600308 12
    endloop
  endfacet
  facet normal -0.2334453638558861 0.9723699203976812 0
    outer loop
      vertex -320.1906541151876 117.43214740600308 12
      vertex -320.1906541151876 117.43214740600308 3.2
      vertex -320.6026269443914 117.33324148039313 12
    endloop
  endfacet
  facet normal -0.0784590957278532 0.9969173337331273 0
    outer loop
      vertex -320.6026269443914 117.33324148039313 12
      vertex -320.6026269443914 117.33324148039313 3.2
      vertex -321.025 117.3 12
    endloop
  endfacet
  facet normal 0.0784590957278532 0.9969173337331273 0
    outer loop
      vertex -321.025 117.3 12
      vertex -321.025 117.3 3.2
      vertex -321.4473730556086 117.33324148039313 12
    endloop
  endfacet
  facet normal -0.9723699203976947 0.2334453638558303 -2.328911133122088e-19
    outer loop
      vertex -318.45714740600306 119.16565411518764 12
      vertex -318.35824148039313 119.57762694439138 12
      vertex -318.35824148039313 119.57762694439138 3.2
    endloop
  endfacet
  facet normal -0.7604059656000667 0.6494480483301417 0
    outer loop
      vertex -318.84065411518765 118.41297981881033 12
      vertex -318.84065411518765 118.41297981881033 3.2
      vertex -319.1158116907963 118.09081169079631 12
    endloop
  endfacet
  facet normal -0.852640164354038 0.5224985647160374 0
    outer loop
      vertex -318.61928238469136 118.77422565070323 12
      vertex -318.61928238469136 118.77422565070323 3.2
      vertex -318.84065411518765 118.41297981881033 12
    endloop
  endfacet
  facet normal -0.6494480483302107 0.7604059656000077 0
    outer loop
      vertex -319.1158116907963 118.09081169079631 12
      vertex -319.1158116907963 118.09081169079631 3.2
      vertex -319.4379798188103 117.81565411518764 12
    endloop
  endfacet
  facet normal -0.9238795325113003 0.3826834323650573 0
    outer loop
      vertex -318.45714740600306 119.16565411518764 12
      vertex -318.45714740600306 119.16565411518764 3.2
      vertex -318.61928238469136 118.77422565070323 12
    endloop
  endfacet
  facet normal -0.996917333733125 0.07845909572788391 1.9245357768980615e-19
    outer loop
      vertex -318.35824148039313 119.57762694439138 12
      vertex -318.325 120 12
      vertex -318.325 120 3.2
    endloop
  endfacet
  facet normal -0.996917333733125 -0.07845909572788391 -1.9245357768980615e-19
    outer loop
      vertex -318.325 120 12
      vertex -318.35824148039313 120.42237305560862 12
      vertex -318.35824148039313 120.42237305560862 3.2
    endloop
  endfacet
  facet normal -0.9723699203976947 -0.2334453638558303 2.328911133122088e-19
    outer loop
      vertex -318.35824148039313 120.42237305560862 12
      vertex -318.45714740600306 120.83434588481236 12
      vertex -318.45714740600306 120.83434588481236 3.2
    endloop
  endfacet
  facet normal -0.9238795325113003 -0.3826834323650573 -1.4922862712316051e-18
    outer loop
      vertex -318.45714740600306 120.83434588481236 12
      vertex -318.61928238469136 121.22577434929677 12
      vertex -318.61928238469136 121.22577434929677 3.2
    endloop
  endfacet
  facet normal -0.852640164354038 -0.5224985647160374 -7.818544165258484e-19
    outer loop
      vertex -318.61928238469136 121.22577434929677 12
      vertex -318.84065411518765 121.58702018118967 12
      vertex -318.84065411518765 121.58702018118967 3.2
    endloop
  endfacet
  facet normal -0.7604059656000667 -0.6494480483301417 5.147237835108925e-19
    outer loop
      vertex -318.84065411518765 121.58702018118967 12
      vertex -319.1158116907963 121.90918830920369 12
      vertex -319.1158116907963 121.90918830920369 3.2
    endloop
  endfacet
  facet normal 0.2334453638558861 0.9723699203976812 0
    outer loop
      vertex -321.4473730556086 117.33324148039313 12
      vertex -321.4473730556086 117.33324148039313 3.2
      vertex -321.85934588481234 117.43214740600308 12
    endloop
  endfacet
  facet normal 0.38268343236510266 0.9238795325112813 0
    outer loop
      vertex -321.85934588481234 117.43214740600308 12
      vertex -321.85934588481234 117.43214740600308 3.2
      vertex -322.25077434929676 117.59428238469141 12
    endloop
  endfacet
  facet normal 0.5224985647159248 0.8526401643541068 0
    outer loop
      vertex -322.25077434929676 117.59428238469141 12
      vertex -322.25077434929676 117.59428238469141 3.2
      vertex -322.6120201811897 117.81565411518764 12
    endloop
  endfacet
  facet normal 0.6494480483302107 0.7604059656000077 0
    outer loop
      vertex -322.6120201811897 117.81565411518764 12
      vertex -322.6120201811897 117.81565411518764 3.2
      vertex -322.93418830920365 118.09081169079631 12
    endloop
  endfacet
  facet normal 0.7604059656000667 0.6494480483301417 0
    outer loop
      vertex -322.93418830920365 118.09081169079631 12
      vertex -322.93418830920365 118.09081169079631 3.2
      vertex -323.2093458848123 118.41297981881033 12
    endloop
  endfacet
  facet normal 0.7604059656000667 -0.6494480483301417 0
    outer loop
      vertex -323.2093458848123 121.58702018118967 12
      vertex -323.2093458848123 121.58702018118967 3.2
      vertex -322.93418830920365 121.90918830920369 12
    endloop
  endfacet
  facet normal 0.852640164354038 0.5224985647160374 0
    outer loop
      vertex -323.2093458848123 118.41297981881033 12
      vertex -323.2093458848123 118.41297981881033 3.2
      vertex -323.4307176153086 118.77422565070323 12
    endloop
  endfacet
  facet normal 0.9238795325113003 0.3826834323650573 0
    outer loop
      vertex -323.4307176153086 118.77422565070323 12
      vertex -323.4307176153086 118.77422565070323 3.2
      vertex -323.5928525939969 119.16565411518764 12
    endloop
  endfacet
  facet normal 0.9723699203976947 0.2334453638558303 0
    outer loop
      vertex -323.5928525939969 119.16565411518764 12
      vertex -323.5928525939969 119.16565411518764 3.2
      vertex -323.6917585196068 119.57762694439138 12
    endloop
  endfacet
  facet normal 0.996917333733125 0.07845909572788391 0
    outer loop
      vertex -323.6917585196068 119.57762694439138 12
      vertex -323.6917585196068 119.57762694439138 3.2
      vertex -323.72499999999997 120 12
    endloop
  endfacet
  facet normal 0.996917333733125 -0.07845909572788391 0
    outer loop
      vertex -323.72499999999997 120 12
      vertex -323.72499999999997 120 3.2
      vertex -323.6917585196068 120.42237305560862 12
    endloop
  endfacet
  facet normal 0.9723699203976947 -0.2334453638558303 -2.328911133122088e-19
    outer loop
      vertex -323.5928525939969 120.83434588481236 12
      vertex -323.6917585196068 120.42237305560862 12
      vertex -323.6917585196068 120.42237305560862 3.2
    endloop
  endfacet
  facet normal 0.852640164354038 -0.5224985647160374 0
    outer loop
      vertex -323.4307176153086 121.22577434929677 12
      vertex -323.4307176153086 121.22577434929677 3.2
      vertex -323.2093458848123 121.58702018118967 12
    endloop
  endfacet
  facet normal 0.9238795325113003 -0.3826834323650573 0
    outer loop
      vertex -323.5928525939969 120.83434588481236 12
      vertex -323.5928525939969 120.83434588481236 3.2
      vertex -323.4307176153086 121.22577434929677 12
    endloop
  endfacet
  facet normal -0.6494480483302107 -0.7604059656000077 -1.7784937183362047e-18
    outer loop
      vertex -319.1158116907963 121.90918830920369 12
      vertex -319.4379798188103 122.18434588481236 12
      vertex -319.4379798188103 122.18434588481236 3.2
    endloop
  endfacet
  facet normal -0.5224985647159248 -0.8526401643541068 -8.627178537272136e-19
    outer loop
      vertex -319.4379798188103 122.18434588481236 12
      vertex -319.7992256507032 122.40571761530859 12
      vertex -319.7992256507032 122.40571761530859 3.2
    endloop
  endfacet
  facet normal -0.38268343236510266 -0.9238795325112813 -2.7033576855370477e-19
    outer loop
      vertex -319.7992256507032 122.40571761530859 12
      vertex -320.1906541151876 122.56785259399692 12
      vertex -320.1906541151876 122.56785259399692 3.2
    endloop
  endfacet
  facet normal -0.2334453638558861 -0.9723699203976812 2.3280909868967613e-19
    outer loop
      vertex -320.1906541151876 122.56785259399692 12
      vertex -320.6026269443914 122.66675851960687 12
      vertex -320.6026269443914 122.66675851960687 3.2
    endloop
  endfacet
  facet normal -0.0784590957278532 -0.9969173337331273 -9.005109095395795e-21
    outer loop
      vertex -320.6026269443914 122.66675851960687 12
      vertex -321.025 122.7 12
      vertex -321.025 122.7 3.2
    endloop
  endfacet
  facet normal 0.0784590957278532 -0.9969173337331273 9.005109095395795e-21
    outer loop
      vertex -321.025 122.7 12
      vertex -321.4473730556086 122.66675851960687 12
      vertex -321.4473730556086 122.66675851960687 3.2
    endloop
  endfacet
  facet normal 0.2334453638558861 -0.9723699203976812 -2.3280909868967613e-19
    outer loop
      vertex -321.4473730556086 122.66675851960687 12
      vertex -321.85934588481234 122.56785259399692 12
      vertex -321.85934588481234 122.56785259399692 3.2
    endloop
  endfacet
  facet normal 0.38268343236510266 -0.9238795325112813 2.7033576855370477e-19
    outer loop
      vertex -321.85934588481234 122.56785259399692 12
      vertex -322.25077434929676 122.40571761530859 12
      vertex -322.25077434929676 122.40571761530859 3.2
    endloop
  endfacet
  facet normal 0.5224985647159248 -0.8526401643541068 0
    outer loop
      vertex -322.6120201811897 122.18434588481236 12
      vertex -322.6120201811897 122.18434588481236 3.2
      vertex -322.25077434929676 122.40571761530859 12
    endloop
  endfacet
  facet normal 0.6494480483302107 -0.7604059656000077 1.7784937183362047e-18
    outer loop
      vertex -322.6120201811897 122.18434588481236 12
      vertex -322.93418830920365 121.90918830920369 12
      vertex -322.93418830920365 121.90918830920369 3.2
    endloop
  endfacet
  facet normal -0.5224985647159248 0.8526401643541068 0
    outer loop
      vertex -319.7992256507032 117.59428238469141 12
      vertex -319.4379798188103 117.81565411518764 3.2
      vertex -319.7992256507032 117.59428238469141 3.2
    endloop
  endfacet
  facet normal -0.38268343236510266 0.9238795325112813 0
    outer loop
      vertex -320.1906541151876 117.43214740600308 12
      vertex -319.7992256507032 117.59428238469141 3.2
      vertex -320.1906541151876 117.43214740600308 3.2
    endloop
  endfacet
  facet normal -0.2334453638558861 0.9723699203976812 0
    outer loop
      vertex -320.6026269443914 117.33324148039313 12
      vertex -320.1906541151876 117.43214740600308 3.2
      vertex -320.6026269443914 117.33324148039313 3.2
    endloop
  endfacet
  facet normal -0.0784590957278532 0.9969173337331273 0
    outer loop
      vertex -321.025 117.3 12
      vertex -320.6026269443914 117.33324148039313 3.2
      vertex -321.025 117.3 3.2
    endloop
  endfacet
  facet normal -0.9723699203976947 0.2334453638558303 0
    outer loop
      vertex -318.45714740600306 119.16565411518764 12
      vertex -318.35824148039313 119.57762694439138 3.2
      vertex -318.45714740600306 119.16565411518764 3.2
    endloop
  endfacet
  facet normal -0.996917333733125 0.07845909572788391 0
    outer loop
      vertex -318.35824148039313 119.57762694439138 12
      vertex -318.325 120 3.2
      vertex -318.35824148039313 119.57762694439138 3.2
    endloop
  endfacet
  facet normal -0.852640164354038 0.5224985647160374 0
    outer loop
      vertex -318.84065411518765 118.41297981881033 12
      vertex -318.61928238469136 118.77422565070323 3.2
      vertex -318.84065411518765 118.41297981881033 3.2
    endloop
  endfacet
  facet normal -0.7604059656000667 0.6494480483301417 0
    outer loop
      vertex -319.1158116907963 118.09081169079631 12
      vertex -318.84065411518765 118.41297981881033 3.2
      vertex -319.1158116907963 118.09081169079631 3.2
    endloop
  endfacet
  facet normal -0.6494480483302107 0.7604059656000077 0
    outer loop
      vertex -319.4379798188103 117.81565411518764 12
      vertex -319.1158116907963 118.09081169079631 3.2
      vertex -319.4379798188103 117.81565411518764 3.2
    endloop
  endfacet
  facet normal -0.9238795325113003 0.3826834323650573 0
    outer loop
      vertex -318.61928238469136 118.77422565070323 12
      vertex -318.45714740600306 119.16565411518764 3.2
      vertex -318.61928238469136 118.77422565070323 3.2
    endloop
  endfacet
  facet normal -0.996917333733125 -0.07845909572788391 0
    outer loop
      vertex -318.325 120 12
      vertex -318.35824148039313 120.42237305560862 3.2
      vertex -318.325 120 3.2
    endloop
  endfacet
  facet normal -0.9723699203976947 -0.2334453638558303 0
    outer loop
      vertex -318.35824148039313 120.42237305560862 12
      vertex -318.45714740600306 120.83434588481236 3.2
      vertex -318.35824148039313 120.42237305560862 3.2
    endloop
  endfacet
  facet normal -0.9238795325113003 -0.3826834323650573 0
    outer loop
      vertex -318.45714740600306 120.83434588481236 12
      vertex -318.61928238469136 121.22577434929677 3.2
      vertex -318.45714740600306 120.83434588481236 3.2
    endloop
  endfacet
  facet normal -0.852640164354038 -0.5224985647160374 0
    outer loop
      vertex -318.61928238469136 121.22577434929677 12
      vertex -318.84065411518765 121.58702018118967 3.2
      vertex -318.61928238469136 121.22577434929677 3.2
    endloop
  endfacet
  facet normal -0.7604059656000667 -0.6494480483301417 0
    outer loop
      vertex -318.84065411518765 121.58702018118967 12
      vertex -319.1158116907963 121.90918830920369 3.2
      vertex -318.84065411518765 121.58702018118967 3.2
    endloop
  endfacet
  facet normal 0.0784590957278532 0.9969173337331273 0
    outer loop
      vertex -321.4473730556086 117.33324148039313 12
      vertex -321.025 117.3 3.2
      vertex -321.4473730556086 117.33324148039313 3.2
    endloop
  endfacet
  facet normal 0.2334453638558861 0.9723699203976812 0
    outer loop
      vertex -321.85934588481234 117.43214740600308 12
      vertex -321.4473730556086 117.33324148039313 3.2
      vertex -321.85934588481234 117.43214740600308 3.2
    endloop
  endfacet
  facet normal 0.38268343236510266 0.9238795325112813 0
    outer loop
      vertex -322.25077434929676 117.59428238469141 12
      vertex -321.85934588481234 117.43214740600308 3.2
      vertex -322.25077434929676 117.59428238469141 3.2
    endloop
  endfacet
  facet normal 0.5224985647159248 0.8526401643541068 0
    outer loop
      vertex -322.6120201811897 117.81565411518764 12
      vertex -322.25077434929676 117.59428238469141 3.2
      vertex -322.6120201811897 117.81565411518764 3.2
    endloop
  endfacet
  facet normal 0.6494480483302107 0.7604059656000077 0
    outer loop
      vertex -322.93418830920365 118.09081169079631 12
      vertex -322.6120201811897 117.81565411518764 3.2
      vertex -322.93418830920365 118.09081169079631 3.2
    endloop
  endfacet
  facet normal 0.7604059656000667 0.6494480483301417 0
    outer loop
      vertex -323.2093458848123 118.41297981881033 12
      vertex -322.93418830920365 118.09081169079631 3.2
      vertex -323.2093458848123 118.41297981881033 3.2
    endloop
  endfacet
  facet normal 0.7604059656000667 -0.6494480483301417 0
    outer loop
      vertex -322.93418830920365 121.90918830920369 12
      vertex -323.2093458848123 121.58702018118967 3.2
      vertex -322.93418830920365 121.90918830920369 3.2
    endloop
  endfacet
  facet normal 0.852640164354038 0.5224985647160374 0
    outer loop
      vertex -323.4307176153086 118.77422565070323 12
      vertex -323.2093458848123 118.41297981881033 3.2
      vertex -323.4307176153086 118.77422565070323 3.2
    endloop
  endfacet
  facet normal 0.9238795325113003 0.3826834323650573 0
    outer loop
      vertex -323.5928525939969 119.16565411518764 12
      vertex -323.4307176153086 118.77422565070323 3.2
      vertex -323.5928525939969 119.16565411518764 3.2
    endloop
  endfacet
  facet normal 0.9723699203976947 0.2334453638558303 0
    outer loop
      vertex -323.6917585196068 119.57762694439138 12
      vertex -323.5928525939969 119.16565411518764 3.2
      vertex -323.6917585196068 119.57762694439138 3.2
    endloop
  endfacet
  facet normal 0.9723699203976947 -0.2334453638558303 0
    outer loop
      vertex -323.5928525939969 120.83434588481236 12
      vertex -323.6917585196068 120.42237305560862 3.2
      vertex -323.5928525939969 120.83434588481236 3.2
    endloop
  endfacet
  facet normal 0.996917333733125 0.07845909572788391 0
    outer loop
      vertex -323.72499999999997 120 12
      vertex -323.6917585196068 119.57762694439138 3.2
      vertex -323.72499999999997 120 3.2
    endloop
  endfacet
  facet normal 0.996917333733125 -0.07845909572788391 0
    outer loop
      vertex -323.6917585196068 120.42237305560862 12
      vertex -323.72499999999997 120 3.2
      vertex -323.6917585196068 120.42237305560862 3.2
    endloop
  endfacet
  facet normal 0.9238795325113003 -0.3826834323650573 0
    outer loop
      vertex -323.4307176153086 121.22577434929677 12
      vertex -323.5928525939969 120.83434588481236 3.2
      vertex -323.4307176153086 121.22577434929677 3.2
    endloop
  endfacet
  facet normal 0.852640164354038 -0.5224985647160374 0
    outer loop
      vertex -323.2093458848123 121.58702018118967 12
      vertex -323.4307176153086 121.22577434929677 3.2
      vertex -323.2093458848123 121.58702018118967 3.2
    endloop
  endfacet
  facet normal -0.6494480483302107 -0.7604059656000077 0
    outer loop
      vertex -319.1158116907963 121.90918830920369 12
      vertex -319.4379798188103 122.18434588481236 3.2
      vertex -319.1158116907963 121.90918830920369 3.2
    endloop
  endfacet
  facet normal -0.5224985647159248 -0.8526401643541068 0
    outer loop
      vertex -319.4379798188103 122.18434588481236 12
      vertex -319.7992256507032 122.40571761530859 3.2
      vertex -319.4379798188103 122.18434588481236 3.2
    endloop
  endfacet
  facet normal -0.38268343236510266 -0.9238795325112813 0
    outer loop
      vertex -319.7992256507032 122.40571761530859 12
      vertex -320.1906541151876 122.56785259399692 3.2
      vertex -319.7992256507032 122.40571761530859 3.2
    endloop
  endfacet
  facet normal -0.2334453638558861 -0.9723699203976812 0
    outer loop
      vertex -320.1906541151876 122.56785259399692 12
      vertex -320.6026269443914 122.66675851960687 3.2
      vertex -320.1906541151876 122.56785259399692 3.2
    endloop
  endfacet
  facet normal -0.0784590957278532 -0.9969173337331273 0
    outer loop
      vertex -320.6026269443914 122.66675851960687 12
      vertex -321.025 122.7 3.2
      vertex -320.6026269443914 122.66675851960687 3.2
    endloop
  endfacet
  facet normal 0.0784590957278532 -0.9969173337331273 0
    outer loop
      vertex -321.025 122.7 12
      vertex -321.4473730556086 122.66675851960687 3.2
      vertex -321.025 122.7 3.2
    endloop
  endfacet
  facet normal 0.2334453638558861 -0.9723699203976812 0
    outer loop
      vertex -321.4473730556086 122.66675851960687 12
      vertex -321.85934588481234 122.56785259399692 3.2
      vertex -321.4473730556086 122.66675851960687 3.2
    endloop
  endfacet
  facet normal 0.38268343236510266 -0.9238795325112813 0
    outer loop
      vertex -321.85934588481234 122.56785259399692 12
      vertex -322.25077434929676 122.40571761530859 3.2
      vertex -321.85934588481234 122.56785259399692 3.2
    endloop
  endfacet
  facet normal 0.5224985647159248 -0.8526401643541068 0
    outer loop
      vertex -322.25077434929676 122.40571761530859 12
      vertex -322.6120201811897 122.18434588481236 3.2
      vertex -322.25077434929676 122.40571761530859 3.2
    endloop
  endfacet
  facet normal 0.6494480483302107 -0.7604059656000077 0
    outer loop
      vertex -322.6120201811897 122.18434588481236 12
      vertex -322.93418830920365 121.90918830920369 3.2
      vertex -322.6120201811897 122.18434588481236 3.2
    endloop
  endfacet
  facet normal 0 0 -1
    outer loop
      vertex -316.0795061152652 118.39311162925027 3.2
      vertex -316.0795061152652 121.60688837074973 3.2
      vertex -315.88902062890526 119.1865407817908 3.2
    endloop
  endfacet
  facet normal 0 0 -1
    outer loop
      vertex -316.39176607422047 117.63924940135436 3.2
      vertex -316.39176607422047 122.36075059864564 3.2
      vertex -316.0795061152652 118.39311162925027 3.2
    endloop
  endfacet
  facet normal 0 0 -1
    outer loop
      vertex -316.39176607422047 117.63924940135436 3.2
      vertex -316.81811162925027 116.94351668807914 3.2
      vertex -316.81811162925027 123.05648331192086 3.2
    endloop
  endfacet
  facet normal 0 0 -1
    outer loop
      vertex -317.3480447378299 116.32304473782995 3.2
      vertex -317.3480447378299 123.67695526217005 3.2
      vertex -316.81811162925027 116.94351668807914 3.2
    endloop
  endfacet
  facet normal 0 0 -1
    outer loop
      vertex -315.88902062890526 119.1865407817908 3.2
      vertex -315.88902062890526 120.8134592182092 3.2
      vertex -315.825 120 3.2
    endloop
  endfacet
  facet normal 0 0 -1
    outer loop
      vertex -315.88902062890526 119.1865407817908 3.2
      vertex -316.0795061152652 121.60688837074973 3.2
      vertex -315.88902062890526 120.8134592182092 3.2
    endloop
  endfacet
  facet normal 0 0 -1
    outer loop
      vertex -316.0795061152652 118.39311162925027 3.2
      vertex -316.39176607422047 122.36075059864564 3.2
      vertex -316.0795061152652 121.60688837074973 3.2
    endloop
  endfacet
  facet normal 0 0 -1
    outer loop
      vertex -316.39176607422047 117.63924940135436 3.2
      vertex -316.81811162925027 123.05648331192086 3.2
      vertex -316.39176607422047 122.36075059864564 3.2
    endloop
  endfacet
  facet normal 0 0 -1
    outer loop
      vertex -316.81811162925027 116.94351668807914 3.2
      vertex -317.3480447378299 123.67695526217005 3.2
      vertex -316.81811162925027 123.05648331192086 3.2
    endloop
  endfacet
  facet normal 0 0 -1
    outer loop
      vertex -318.6642494013543 115.3667660742205 3.2
      vertex -318.61928238469136 118.77422565070323 3.2
      vertex -317.9685166880791 115.79311162925028 3.2
    endloop
  endfacet
  facet normal 0 0 -1
    outer loop
      vertex -318.6642494013543 115.3667660742205 3.2
      vertex -319.41811162925023 115.0545061152652 3.2
      vertex -319.1158116907963 118.09081169079631 3.2
    endloop
  endfacet
  facet normal 0 0 -1
    outer loop
      vertex -318.6642494013543 115.3667660742205 3.2
      vertex -319.1158116907963 118.09081169079631 3.2
      vertex -318.84065411518765 118.41297981881033 3.2
    endloop
  endfacet
  facet normal 0 0 -1
    outer loop
      vertex -318.6642494013543 115.3667660742205 3.2
      vertex -318.84065411518765 118.41297981881033 3.2
      vertex -318.61928238469136 118.77422565070323 3.2
    endloop
  endfacet
  facet normal 0 0 -1
    outer loop
      vertex -319.41811162925023 115.0545061152652 3.2
      vertex -319.4379798188103 117.81565411518764 3.2
      vertex -319.1158116907963 118.09081169079631 3.2
    endloop
  endfacet
  facet normal 0 0 -1
    outer loop
      vertex -320.2115407817908 114.86402062890528 3.2
      vertex -321.025 114.8 3.2
      vertex -321.025 117.3 3.2
    endloop
  endfacet
  facet normal 0 0 -1
    outer loop
      vertex -321.025 114.8 3.2
      vertex -321.83845921820915 114.86402062890528 3.2
      vertex -321.025 117.3 3.2
    endloop
  endfacet
  facet normal 0 0 -1
    outer loop
      vertex -319.41811162925023 115.0545061152652 3.2
      vertex -320.1906541151876 117.43214740600308 3.2
      vertex -319.7992256507032 117.59428238469141 3.2
    endloop
  endfacet
  facet normal 0 0 -1
    outer loop
      vertex -319.41811162925023 115.0545061152652 3.2
      vertex -320.2115407817908 114.86402062890528 3.2
      vertex -320.1906541151876 117.43214740600308 3.2
    endloop
  endfacet
  facet normal 0 0 -1
    outer loop
      vertex -320.2115407817908 114.86402062890528 3.2
      vertex -320.6026269443914 117.33324148039313 3.2
      vertex -320.1906541151876 117.43214740600308 3.2
    endloop
  endfacet
  facet normal 0 0 -1
    outer loop
      vertex -319.41811162925023 115.0545061152652 3.2
      vertex -319.7992256507032 117.59428238469141 3.2
      vertex -319.4379798188103 117.81565411518764 3.2
    endloop
  endfacet
  facet normal 0 0 -1
    outer loop
      vertex -320.2115407817908 114.86402062890528 3.2
      vertex -321.025 117.3 3.2
      vertex -320.6026269443914 117.33324148039313 3.2
    endloop
  endfacet
  facet normal 0 0 -1
    outer loop
      vertex -317.3480447378299 116.32304473782995 3.2
      vertex -317.9685166880791 115.79311162925028 3.2
      vertex -317.9685166880791 124.20688837074972 3.2
    endloop
  endfacet
  facet normal 0 0 -1
    outer loop
      vertex -317.9685166880791 115.79311162925028 3.2
      vertex -318.61928238469136 118.77422565070323 3.2
      vertex -318.45714740600306 119.16565411518764 3.2
    endloop
  endfacet
  facet normal 0 0 -1
    outer loop
      vertex -317.9685166880791 115.79311162925028 3.2
      vertex -318.45714740600306 119.16565411518764 3.2
      vertex -318.35824148039313 119.57762694439138 3.2
    endloop
  endfacet
  facet normal 0 0 -1
    outer loop
      vertex -317.9685166880791 115.79311162925028 3.2
      vertex -318.35824148039313 119.57762694439138 3.2
      vertex -318.325 120 3.2
    endloop
  endfacet
  facet normal 0 0 -1
    outer loop
      vertex -317.9685166880791 115.79311162925028 3.2
      vertex -318.325 120 3.2
      vertex -318.35824148039313 120.42237305560862 3.2
    endloop
  endfacet
  facet normal 0 0 -1
    outer loop
      vertex -317.9685166880791 115.79311162925028 3.2
      vertex -318.35824148039313 120.42237305560862 3.2
      vertex -318.6642494013543 124.6332339257795 3.2
    endloop
  endfacet
  facet normal 0 0 -1
    outer loop
      vertex -317.3480447378299 116.32304473782995 3.2
      vertex -317.9685166880791 124.20688837074972 3.2
      vertex -317.3480447378299 123.67695526217005 3.2
    endloop
  endfacet
  facet normal 0 0 -1
    outer loop
      vertex -317.9685166880791 115.79311162925028 3.2
      vertex -318.6642494013543 124.6332339257795 3.2
      vertex -317.9685166880791 124.20688837074972 3.2
    endloop
  endfacet
  facet normal 0 0 -1
    outer loop
      vertex -321.025 117.3 3.2
      vertex -321.83845921820915 114.86402062890528 3.2
      vertex -321.4473730556086 117.33324148039313 3.2
    endloop
  endfacet
  facet normal 0 0 -1
    outer loop
      vertex -321.83845921820915 114.86402062890528 3.2
      vertex -321.85934588481234 117.43214740600308 3.2
      vertex -321.4473730556086 117.33324148039313 3.2
    endloop
  endfacet
  facet normal 0 0 -1
    outer loop
      vertex -321.83845921820915 114.86402062890528 3.2
      vertex -322.6318883707497 115.0545061152652 3.2
      vertex -321.85934588481234 117.43214740600308 3.2
    endloop
  endfacet
  facet normal 0 0 -1
    outer loop
      vertex -322.6318883707497 115.0545061152652 3.2
      vertex -322.25077434929676 117.59428238469141 3.2
      vertex -321.85934588481234 117.43214740600308 3.2
    endloop
  endfacet
  facet normal 0 0 -1
    outer loop
      vertex -322.6318883707497 115.0545061152652 3.2
      vertex -323.38575059864564 115.3667660742205 3.2
      vertex -322.6120201811897 117.81565411518764 3.2
    endloop
  endfacet
  facet normal 0 0 -1
    outer loop
      vertex -322.6318883707497 115.0545061152652 3.2
      vertex -322.6120201811897 117.81565411518764 3.2
      vertex -322.25077434929676 117.59428238469141 3.2
    endloop
  endfacet
  facet normal 0 0 -1
    outer loop
      vertex -323.38575059864564 115.3667660742205 3.2
      vertex -322.93418830920365 118.09081169079631 3.2
      vertex -322.6120201811897 117.81565411518764 3.2
    endloop
  endfacet
  facet normal 0 0 -1
    outer loop
      vertex -323.38575059864564 115.3667660742205 3.2
      vertex -323.2093458848123 118.41297981881033 3.2
      vertex -322.93418830920365 118.09081169079631 3.2
    endloop
  endfacet
  facet normal 0 0 -1
    outer loop
      vertex -323.38575059864564 115.3667660742205 3.2
      vertex -323.4307176153086 118.77422565070323 3.2
      vertex -323.2093458848123 118.41297981881033 3.2
    endloop
  endfacet
  facet normal 0 0 -1
    outer loop
      vertex -323.38575059864564 115.3667660742205 3.2
      vertex -323.5928525939969 119.16565411518764 3.2
      vertex -323.4307176153086 118.77422565070323 3.2
    endloop
  endfacet
  facet normal 0 0 -1
    outer loop
      vertex -323.38575059864564 115.3667660742205 3.2
      vertex -323.6917585196068 119.57762694439138 3.2
      vertex -323.5928525939969 119.16565411518764 3.2
    endloop
  endfacet
  facet normal 0 0 -1
    outer loop
      vertex -323.38575059864564 115.3667660742205 3.2
      vertex -324.08148331192086 115.79311162925028 3.2
      vertex -324.08148331192086 124.20688837074972 3.2
    endloop
  endfacet
  facet normal 0 0 -1
    outer loop
      vertex -323.38575059864564 115.3667660742205 3.2
      vertex -324.08148331192086 124.20688837074972 3.2
      vertex -323.6917585196068 119.57762694439138 3.2
    endloop
  endfacet
  facet normal 0 0 -1
    outer loop
      vertex -324.08148331192086 115.79311162925028 3.2
      vertex -324.70195526217003 116.32304473782995 3.2
      vertex -324.70195526217003 123.67695526217005 3.2
    endloop
  endfacet
  facet normal 0 0 -1
    outer loop
      vertex -323.6917585196068 119.57762694439138 3.2
      vertex -324.08148331192086 124.20688837074972 3.2
      vertex -323.72499999999997 120 3.2
    endloop
  endfacet
  facet normal 0 0 -1
    outer loop
      vertex -323.72499999999997 120 3.2
      vertex -324.08148331192086 124.20688837074972 3.2
      vertex -323.6917585196068 120.42237305560862 3.2
    endloop
  endfacet
  facet normal 0 0 -1
    outer loop
      vertex -323.5928525939969 120.83434588481236 3.2
      vertex -323.6917585196068 120.42237305560862 3.2
      vertex -324.08148331192086 124.20688837074972 3.2
    endloop
  endfacet
  facet normal 0 0 -1
    outer loop
      vertex -324.08148331192086 115.79311162925028 3.2
      vertex -324.70195526217003 123.67695526217005 3.2
      vertex -324.08148331192086 124.20688837074972 3.2
    endloop
  endfacet
  facet normal 0 0 -1
    outer loop
      vertex -324.70195526217003 116.32304473782995 3.2
      vertex -325.2318883707497 123.05648331192086 3.2
      vertex -324.70195526217003 123.67695526217005 3.2
    endloop
  endfacet
  facet normal 0 0 -1
    outer loop
      vertex -318.35824148039313 120.42237305560862 3.2
      vertex -318.45714740600306 120.83434588481236 3.2
      vertex -318.6642494013543 124.6332339257795 3.2
    endloop
  endfacet
  facet normal 0 0 -1
    outer loop
      vertex -318.45714740600306 120.83434588481236 3.2
      vertex -318.61928238469136 121.22577434929677 3.2
      vertex -318.6642494013543 124.6332339257795 3.2
    endloop
  endfacet
  facet normal 0 0 -1
    outer loop
      vertex -318.61928238469136 121.22577434929677 3.2
      vertex -318.84065411518765 121.58702018118967 3.2
      vertex -318.6642494013543 124.6332339257795 3.2
    endloop
  endfacet
  facet normal 0 0 -1
    outer loop
      vertex -318.84065411518765 121.58702018118967 3.2
      vertex -319.1158116907963 121.90918830920369 3.2
      vertex -318.6642494013543 124.6332339257795 3.2
    endloop
  endfacet
  facet normal 0 0 -1
    outer loop
      vertex -319.1158116907963 121.90918830920369 3.2
      vertex -319.4379798188103 122.18434588481236 3.2
      vertex -318.6642494013543 124.6332339257795 3.2
    endloop
  endfacet
  facet normal 0 0 -1
    outer loop
      vertex -318.6642494013543 124.6332339257795 3.2
      vertex -319.4379798188103 122.18434588481236 3.2
      vertex -319.41811162925023 124.9454938847348 3.2
    endloop
  endfacet
  facet normal 0 0 -1
    outer loop
      vertex -319.41811162925023 124.9454938847348 3.2
      vertex -319.4379798188103 122.18434588481236 3.2
      vertex -319.7992256507032 122.40571761530859 3.2
    endloop
  endfacet
  facet normal 0 0 -1
    outer loop
      vertex -319.41811162925023 124.9454938847348 3.2
      vertex -319.7992256507032 122.40571761530859 3.2
      vertex -320.1906541151876 122.56785259399692 3.2
    endloop
  endfacet
  facet normal 0 0 -1
    outer loop
      vertex -320.1906541151876 122.56785259399692 3.2
      vertex -320.6026269443914 122.66675851960687 3.2
      vertex -320.2115407817908 125.13597937109472 3.2
    endloop
  endfacet
  facet normal 0 0 -1
    outer loop
      vertex -320.6026269443914 122.66675851960687 3.2
      vertex -321.025 122.7 3.2
      vertex -320.2115407817908 125.13597937109472 3.2
    endloop
  endfacet
  facet normal 0 0 -1
    outer loop
      vertex -319.41811162925023 124.9454938847348 3.2
      vertex -320.1906541151876 122.56785259399692 3.2
      vertex -320.2115407817908 125.13597937109472 3.2
    endloop
  endfacet
  facet normal 0 0 -1
    outer loop
      vertex -321.025 122.7 3.2
      vertex -321.025 125.2 3.2
      vertex -320.2115407817908 125.13597937109472 3.2
    endloop
  endfacet
  facet normal 0 0 -1
    outer loop
      vertex -321.025 122.7 3.2
      vertex -321.83845921820915 125.13597937109472 3.2
      vertex -321.025 125.2 3.2
    endloop
  endfacet
  facet normal 0 0 -1
    outer loop
      vertex -321.025 122.7 3.2
      vertex -321.4473730556086 122.66675851960687 3.2
      vertex -321.83845921820915 125.13597937109472 3.2
    endloop
  endfacet
  facet normal 0 0 -1
    outer loop
      vertex -321.4473730556086 122.66675851960687 3.2
      vertex -321.85934588481234 122.56785259399692 3.2
      vertex -321.83845921820915 125.13597937109472 3.2
    endloop
  endfacet
  facet normal 0 0 -1
    outer loop
      vertex -321.85934588481234 122.56785259399692 3.2
      vertex -322.25077434929676 122.40571761530859 3.2
      vertex -322.6318883707497 124.9454938847348 3.2
    endloop
  endfacet
  facet normal 0 0 -1
    outer loop
      vertex -322.6120201811897 122.18434588481236 3.2
      vertex -322.6318883707497 124.9454938847348 3.2
      vertex -322.25077434929676 122.40571761530859 3.2
    endloop
  endfacet
  facet normal 0 0 -1
    outer loop
      vertex -322.6120201811897 122.18434588481236 3.2
      vertex -322.93418830920365 121.90918830920369 3.2
      vertex -322.6318883707497 124.9454938847348 3.2
    endloop
  endfacet
  facet normal 0 0 -1
    outer loop
      vertex -322.93418830920365 121.90918830920369 3.2
      vertex -323.38575059864564 124.6332339257795 3.2
      vertex -322.6318883707497 124.9454938847348 3.2
    endloop
  endfacet
  facet normal 0 0 -1
    outer loop
      vertex -321.85934588481234 122.56785259399692 3.2
      vertex -322.6318883707497 124.9454938847348 3.2
      vertex -321.83845921820915 125.13597937109472 3.2
    endloop
  endfacet
  facet normal 0 0 -1
    outer loop
      vertex -323.4307176153086 121.22577434929677 3.2
      vertex -323.38575059864564 124.6332339257795 3.2
      vertex -323.2093458848123 121.58702018118967 3.2
    endloop
  endfacet
  facet normal 0 0 -1
    outer loop
      vertex -323.2093458848123 121.58702018118967 3.2
      vertex -323.38575059864564 124.6332339257795 3.2
      vertex -322.93418830920365 121.90918830920369 3.2
    endloop
  endfacet
  facet normal 0 0 -1
    outer loop
      vertex -323.5928525939969 120.83434588481236 3.2
      vertex -324.08148331192086 124.20688837074972 3.2
      vertex -323.4307176153086 121.22577434929677 3.2
    endloop
  endfacet
  facet normal 0 0 -1
    outer loop
      vertex -323.4307176153086 121.22577434929677 3.2
      vertex -324.08148331192086 124.20688837074972 3.2
      vertex -323.38575059864564 124.6332339257795 3.2
    endloop
  endfacet
  facet normal 0 0 -1
    outer loop
      vertex -324.70195526217003 116.32304473782995 3.2
      vertex -325.2318883707497 116.94351668807914 3.2
      vertex -325.2318883707497 123.05648331192086 3.2
    endloop
  endfacet
  facet normal 0 0 -1
    outer loop
      vertex -325.2318883707497 116.94351668807914 3.2
      vertex -325.6582339257795 117.63924940135436 3.2
      vertex -325.6582339257795 122.36075059864564 3.2
    endloop
  endfacet
  facet normal 0 0 -1
    outer loop
      vertex -325.6582339257795 117.63924940135436 3.2
      vertex -325.97049388473476 118.39311162925027 3.2
      vertex -325.97049388473476 121.60688837074973 3.2
    endloop
  endfacet
  facet normal 0 0 -1
    outer loop
      vertex -325.97049388473476 118.39311162925027 3.2
      vertex -326.1609793710947 119.1865407817908 3.2
      vertex -326.1609793710947 120.8134592182092 3.2
    endloop
  endfacet
  facet normal 0 0 -1
    outer loop
      vertex -325.2318883707497 116.94351668807914 3.2
      vertex -325.6582339257795 122.36075059864564 3.2
      vertex -325.2318883707497 123.05648331192086 3.2
    endloop
  endfacet
  facet normal 0 0 -1
    outer loop
      vertex -325.6582339257795 117.63924940135436 3.2
      vertex -325.97049388473476 121.60688837074973 3.2
      vertex -325.6582339257795 122.36075059864564 3.2
    endloop
  endfacet
  facet normal 0 0 -1
    outer loop
      vertex -326.1609793710947 119.1865407817908 3.2
      vertex -326.22499999999997 120 3.2
      vertex -326.1609793710947 120.8134592182092 3.2
    endloop
  endfacet
  facet normal 0 0 -1
    outer loop
      vertex -325.97049388473476 118.39311162925027 3.2
      vertex -326.1609793710947 120.8134592182092 3.2
      vertex -325.97049388473476 121.60688837074973 3.2
    endloop
  endfacet
  facet normal -0.852640164354087 0.5224985647159575 0
    outer loop
      vertex -316.39176607422047 117.63924940135436 3.2
      vertex -316.39176607422047 117.63924940135436 0
      vertex -316.81811162925027 116.94351668807914 3.2
    endloop
  endfacet
  facet normal -0.7604059656000508 0.6494480483301605 6.236133609849876e-18
    outer loop
      vertex -317.3480447378299 116.32304473782995 3.2
      vertex -316.81811162925027 116.94351668807914 3.2
      vertex -316.81811162925027 116.94351668807914 0
    endloop
  endfacet
  facet normal -0.9238795325112874 0.3826834323650881 1.8142420014807338e-18
    outer loop
      vertex -316.39176607422047 117.63924940135436 3.2
      vertex -316.0795061152652 118.39311162925027 3.2
      vertex -316.0795061152652 118.39311162925027 0
    endloop
  endfacet
  facet normal -0.9723699203976723 0.23344536385592285 4.989075951727438e-18
    outer loop
      vertex -316.0795061152652 118.39311162925027 3.2
      vertex -315.88902062890526 119.1865407817908 3.2
      vertex -315.88902062890526 119.1865407817908 0
    endloop
  endfacet
  facet normal -0.9969173337331294 0.07845909572782599 -5.666469075554959e-19
    outer loop
      vertex -315.88902062890526 119.1865407817908 3.2
      vertex -315.825 120 3.2
      vertex -315.825 120 0
    endloop
  endfacet
  facet normal -0.9969173337331294 -0.07845909572782599 5.666469075554959e-19
    outer loop
      vertex -315.825 120 3.2
      vertex -315.88902062890526 120.8134592182092 3.2
      vertex -315.88902062890526 120.8134592182092 0
    endloop
  endfacet
  facet normal -0.9723699203976723 -0.23344536385592285 -4.989075951727438e-18
    outer loop
      vertex -315.88902062890526 120.8134592182092 3.2
      vertex -316.0795061152652 121.60688837074973 3.2
      vertex -316.0795061152652 121.60688837074973 0
    endloop
  endfacet
  facet normal -0.9238795325112874 -0.3826834323650881 -1.8142420014807338e-18
    outer loop
      vertex -316.0795061152652 121.60688837074973 3.2
      vertex -316.39176607422047 122.36075059864564 3.2
      vertex -316.39176607422047 122.36075059864564 0
    endloop
  endfacet
  facet normal -0.852640164354087 -0.5224985647159575 5.40562990877241e-18
    outer loop
      vertex -316.39176607422047 122.36075059864564 3.2
      vertex -316.81811162925027 123.05648331192086 3.2
      vertex -316.81811162925027 123.05648331192086 0
    endloop
  endfacet
  facet normal -0.7604059656000508 -0.6494480483301605 -6.236133609849876e-18
    outer loop
      vertex -316.81811162925027 123.05648331192086 3.2
      vertex -317.3480447378299 123.67695526217005 3.2
      vertex -317.3480447378299 123.67695526217005 0
    endloop
  endfacet
  facet normal -0.5224985647159447 0.8526401643540946 -7.692615096474303e-18
    outer loop
      vertex -318.6642494013543 115.3667660742205 3.2
      vertex -317.9685166880791 115.79311162925028 3.2
      vertex -317.9685166880791 115.79311162925028 0
    endloop
  endfacet
  facet normal -0.38268343236509683 0.9238795325112839 0
    outer loop
      vertex -318.6642494013543 115.3667660742205 3.2
      vertex -318.6642494013543 115.3667660742205 0
      vertex -319.41811162925023 115.0545061152652 3.2
    endloop
  endfacet
  facet normal -0.6494480483301877 0.7604059656000274 0
    outer loop
      vertex -317.3480447378299 116.32304473782995 3.2
      vertex -317.3480447378299 116.32304473782995 0
      vertex -317.9685166880791 115.79311162925028 3.2
    endloop
  endfacet
  facet normal -0.23344536385589454 0.9723699203976792 0
    outer loop
      vertex -319.41811162925023 115.0545061152652 3.2
      vertex -319.41811162925023 115.0545061152652 0
      vertex -320.2115407817908 114.86402062890528 3.2
    endloop
  endfacet
  facet normal -0.07845909572784603 0.996917333733128 0
    outer loop
      vertex -320.2115407817908 114.86402062890528 3.2
      vertex -320.2115407817908 114.86402062890528 0
      vertex -321.025 114.8 3.2
    endloop
  endfacet
  facet normal 0.07845909572784603 0.996917333733128 0
    outer loop
      vertex -321.025 114.8 3.2
      vertex -321.025 114.8 0
      vertex -321.83845921820915 114.86402062890528 3.2
    endloop
  endfacet
  facet normal 0.23344536385589454 0.9723699203976792 0
    outer loop
      vertex -321.83845921820915 114.86402062890528 3.2
      vertex -321.83845921820915 114.86402062890528 0
      vertex -322.6318883707497 115.0545061152652 3.2
    endloop
  endfacet
  facet normal 0.38268343236509683 0.9238795325112839 0
    outer loop
      vertex -322.6318883707497 115.0545061152652 3.2
      vertex -322.6318883707497 115.0545061152652 0
      vertex -323.38575059864564 115.3667660742205 3.2
    endloop
  endfacet
  facet normal 0.5224985647159447 0.8526401643540946 0
    outer loop
      vertex -323.38575059864564 115.3667660742205 3.2
      vertex -323.38575059864564 115.3667660742205 0
      vertex -324.08148331192086 115.79311162925028 3.2
    endloop
  endfacet
  facet normal 0.6494480483301877 0.7604059656000274 0
    outer loop
      vertex -324.08148331192086 115.79311162925028 3.2
      vertex -324.08148331192086 115.79311162925028 0
      vertex -324.70195526217003 116.32304473782995 3.2
    endloop
  endfacet
  facet normal 0.7604059656000508 0.6494480483301605 0
    outer loop
      vertex -324.70195526217003 116.32304473782995 3.2
      vertex -324.70195526217003 116.32304473782995 0
      vertex -325.2318883707497 116.94351668807914 3.2
    endloop
  endfacet
  facet normal -0.6494480483301877 -0.7604059656000274 4.073298815345959e-18
    outer loop
      vertex -317.3480447378299 123.67695526217005 3.2
      vertex -317.9685166880791 124.20688837074972 3.2
      vertex -317.9685166880791 124.20688837074972 0
    endloop
  endfacet
  facet normal -0.5224985647159447 -0.8526401643540946 7.692615096474303e-18
    outer loop
      vertex -317.9685166880791 124.20688837074972 3.2
      vertex -318.6642494013543 124.6332339257795 3.2
      vertex -318.6642494013543 124.6332339257795 0
    endloop
  endfacet
  facet normal -0.38268343236509683 -0.9238795325112839 -2.6824559446344913e-19
    outer loop
      vertex -318.6642494013543 124.6332339257795 3.2
      vertex -319.41811162925023 124.9454938847348 3.2
      vertex -319.41811162925023 124.9454938847348 0
    endloop
  endfacet
  facet normal -0.23344536385589454 -0.9723699203976792 1.9204731648185998e-18
    outer loop
      vertex -319.41811162925023 124.9454938847348 3.2
      vertex -320.2115407817908 125.13597937109472 3.2
      vertex -320.2115407817908 125.13597937109472 0
    endloop
  endfacet
  facet normal -0.07845909572784603 -0.996917333733128 1.2682567832523697e-18
    outer loop
      vertex -320.2115407817908 125.13597937109472 3.2
      vertex -321.025 125.2 3.2
      vertex -321.025 125.2 0
    endloop
  endfacet
  facet normal 0.07845909572784603 -0.996917333733128 -1.2682567832523697e-18
    outer loop
      vertex -321.025 125.2 3.2
      vertex -321.83845921820915 125.13597937109472 3.2
      vertex -321.83845921820915 125.13597937109472 0
    endloop
  endfacet
  facet normal 0.38268343236509683 -0.9238795325112839 2.6824559446344913e-19
    outer loop
      vertex -322.6318883707497 124.9454938847348 3.2
      vertex -323.38575059864564 124.6332339257795 3.2
      vertex -323.38575059864564 124.6332339257795 0
    endloop
  endfacet
  facet normal 0.23344536385589454 -0.9723699203976792 -1.9204731648185998e-18
    outer loop
      vertex -321.83845921820915 125.13597937109472 3.2
      vertex -322.6318883707497 124.9454938847348 3.2
      vertex -322.6318883707497 124.9454938847348 0
    endloop
  endfacet
  facet normal 0.6494480483301877 -0.7604059656000274 0
    outer loop
      vertex -324.70195526217003 123.67695526217005 3.2
      vertex -324.70195526217003 123.67695526217005 0
      vertex -324.08148331192086 124.20688837074972 3.2
    endloop
  endfacet
  facet normal 0.5224985647159447 -0.8526401643540946 -7.692615096474303e-18
    outer loop
      vertex -323.38575059864564 124.6332339257795 3.2
      vertex -324.08148331192086 124.20688837074972 3.2
      vertex -324.08148331192086 124.20688837074972 0
    endloop
  endfacet
  facet normal -0.7604059656000508 0.6494480483301605 0
    outer loop
      vertex -317.3480447378299 116.32304473782995 3.2
      vertex -316.81811162925027 116.94351668807914 0
      vertex -317.3480447378299 116.32304473782995 0
    endloop
  endfacet
  facet normal -0.852640164354087 0.5224985647159575 0
    outer loop
      vertex -316.81811162925027 116.94351668807914 3.2
      vertex -316.39176607422047 117.63924940135436 0
      vertex -316.81811162925027 116.94351668807914 0
    endloop
  endfacet
  facet normal -0.9723699203976723 0.23344536385592285 0
    outer loop
      vertex -316.0795061152652 118.39311162925027 3.2
      vertex -315.88902062890526 119.1865407817908 0
      vertex -316.0795061152652 118.39311162925027 0
    endloop
  endfacet
  facet normal -0.9238795325112874 0.3826834323650881 0
    outer loop
      vertex -316.39176607422047 117.63924940135436 3.2
      vertex -316.0795061152652 118.39311162925027 0
      vertex -316.39176607422047 117.63924940135436 0
    endloop
  endfacet
  facet normal -0.9969173337331294 0.07845909572782599 0
    outer loop
      vertex -315.88902062890526 119.1865407817908 3.2
      vertex -315.825 120 0
      vertex -315.88902062890526 119.1865407817908 0
    endloop
  endfacet
  facet normal -0.9969173337331294 -0.07845909572782599 0
    outer loop
      vertex -315.825 120 3.2
      vertex -315.88902062890526 120.8134592182092 0
      vertex -315.825 120 0
    endloop
  endfacet
  facet normal -0.9723699203976723 -0.23344536385592285 0
    outer loop
      vertex -315.88902062890526 120.8134592182092 3.2
      vertex -316.0795061152652 121.60688837074973 0
      vertex -315.88902062890526 120.8134592182092 0
    endloop
  endfacet
  facet normal -0.9238795325112874 -0.3826834323650881 0
    outer loop
      vertex -316.0795061152652 121.60688837074973 3.2
      vertex -316.39176607422047 122.36075059864564 0
      vertex -316.0795061152652 121.60688837074973 0
    endloop
  endfacet
  facet normal -0.852640164354087 -0.5224985647159575 0
    outer loop
      vertex -316.39176607422047 122.36075059864564 3.2
      vertex -316.81811162925027 123.05648331192086 0
      vertex -316.39176607422047 122.36075059864564 0
    endloop
  endfacet
  facet normal -0.7604059656000508 -0.6494480483301605 0
    outer loop
      vertex -316.81811162925027 123.05648331192086 3.2
      vertex -317.3480447378299 123.67695526217005 0
      vertex -316.81811162925027 123.05648331192086 0
    endloop
  endfacet
  facet normal -0.5224985647159447 0.8526401643540946 0
    outer loop
      vertex -318.6642494013543 115.3667660742205 3.2
      vertex -317.9685166880791 115.79311162925028 0
      vertex -318.6642494013543 115.3667660742205 0
    endloop
  endfacet
  facet normal -0.38268343236509683 0.9238795325112839 0
    outer loop
      vertex -319.41811162925023 115.0545061152652 3.2
      vertex -318.6642494013543 115.3667660742205 0
      vertex -319.41811162925023 115.0545061152652 0
    endloop
  endfacet
  facet normal -0.6494480483301877 0.7604059656000274 0
    outer loop
      vertex -317.9685166880791 115.79311162925028 3.2
      vertex -317.3480447378299 116.32304473782995 0
      vertex -317.9685166880791 115.79311162925028 0
    endloop
  endfacet
  facet normal -0.23344536385589454 0.9723699203976792 0
    outer loop
      vertex -320.2115407817908 114.86402062890528 3.2
      vertex -319.41811162925023 115.0545061152652 0
      vertex -320.2115407817908 114.86402062890528 0
    endloop
  endfacet
  facet normal -0.07845909572784603 0.996917333733128 0
    outer loop
      vertex -321.025 114.8 3.2
      vertex -320.2115407817908 114.86402062890528 0
      vertex -321.025 114.8 0
    endloop
  endfacet
  facet normal 0.07845909572784603 0.996917333733128 0
    outer loop
      vertex -321.83845921820915 114.86402062890528 3.2
      vertex -321.025 114.8 0
      vertex -321.83845921820915 114.86402062890528 0
    endloop
  endfacet
  facet normal 0.23344536385589454 0.9723699203976792 0
    outer loop
      vertex -322.6318883707497 115.0545061152652 3.2
      vertex -321.83845921820915 114.86402062890528 0
      vertex -322.6318883707497 115.0545061152652 0
    endloop
  endfacet
  facet normal 0.38268343236509683 0.9238795325112839 0
    outer loop
      vertex -323.38575059864564 115.3667660742205 3.2
      vertex -322.6318883707497 115.0545061152652 0
      vertex -323.38575059864564 115.3667660742205 0
    endloop
  endfacet
  facet normal 0.5224985647159447 0.8526401643540946 0
    outer loop
      vertex -324.08148331192086 115.79311162925028 3.2
      vertex -323.38575059864564 115.3667660742205 0
      vertex -324.08148331192086 115.79311162925028 0
    endloop
  endfacet
  facet normal 0.6494480483301877 0.7604059656000274 0
    outer loop
      vertex -324.70195526217003 116.32304473782995 3.2
      vertex -324.08148331192086 115.79311162925028 0
      vertex -324.70195526217003 116.32304473782995 0
    endloop
  endfacet
  facet normal -0.6494480483301877 -0.7604059656000274 0
    outer loop
      vertex -317.3480447378299 123.67695526217005 3.2
      vertex -317.9685166880791 124.20688837074972 0
      vertex -317.3480447378299 123.67695526217005 0
    endloop
  endfacet
  facet normal -0.5224985647159447 -0.8526401643540946 0
    outer loop
      vertex -317.9685166880791 124.20688837074972 3.2
      vertex -318.6642494013543 124.6332339257795 0
      vertex -317.9685166880791 124.20688837074972 0
    endloop
  endfacet
  facet normal -0.38268343236509683 -0.9238795325112839 0
    outer loop
      vertex -318.6642494013543 124.6332339257795 3.2
      vertex -319.41811162925023 124.9454938847348 0
      vertex -318.6642494013543 124.6332339257795 0
    endloop
  endfacet
  facet normal -0.23344536385589454 -0.9723699203976792 0
    outer loop
      vertex -319.41811162925023 124.9454938847348 3.2
      vertex -320.2115407817908 125.13597937109472 0
      vertex -319.41811162925023 124.9454938847348 0
    endloop
  endfacet
  facet normal -0.07845909572784603 -0.996917333733128 0
    outer loop
      vertex -320.2115407817908 125.13597937109472 3.2
      vertex -321.025 125.2 0
      vertex -320.2115407817908 125.13597937109472 0
    endloop
  endfacet
  facet normal 0.07845909572784603 -0.996917333733128 0
    outer loop
      vertex -321.025 125.2 3.2
      vertex -321.83845921820915 125.13597937109472 0
      vertex -321.025 125.2 0
    endloop
  endfacet
  facet normal 0.23344536385589454 -0.9723699203976792 0
    outer loop
      vertex -321.83845921820915 125.13597937109472 3.2
      vertex -322.6318883707497 124.9454938847348 0
      vertex -321.83845921820915 125.13597937109472 0
    endloop
  endfacet
  facet normal 0.38268343236509683 -0.9238795325112839 0
    outer loop
      vertex -322.6318883707497 124.9454938847348 3.2
      vertex -323.38575059864564 124.6332339257795 0
      vertex -322.6318883707497 124.9454938847348 0
    endloop
  endfacet
  facet normal 0.7604059656000508 -0.6494480483301605 0
    outer loop
      vertex -324.70195526217003 123.67695526217005 3.2
      vertex -325.2318883707497 123.05648331192086 0
      vertex -324.70195526217003 123.67695526217005 0
    endloop
  endfacet
  facet normal 0.5224985647159447 -0.8526401643540946 0
    outer loop
      vertex -323.38575059864564 124.6332339257795 3.2
      vertex -324.08148331192086 124.20688837074972 0
      vertex -323.38575059864564 124.6332339257795 0
    endloop
  endfacet
  facet normal 0.6494480483301877 -0.7604059656000274 0
    outer loop
      vertex -324.08148331192086 124.20688837074972 3.2
      vertex -324.70195526217003 123.67695526217005 0
      vertex -324.08148331192086 124.20688837074972 0
    endloop
  endfacet
  facet normal 0.852640164354087 0.5224985647159575 0
    outer loop
      vertex -325.2318883707497 116.94351668807914 3.2
      vertex -325.2318883707497 116.94351668807914 0
      vertex -325.6582339257795 117.63924940135436 3.2
    endloop
  endfacet
  facet normal 0.9238795325112874 0.3826834323650881 0
    outer loop
      vertex -325.6582339257795 117.63924940135436 3.2
      vertex -325.6582339257795 117.63924940135436 0
      vertex -325.97049388473476 118.39311162925027 3.2
    endloop
  endfacet
  facet normal 0.9723699203976723 0.23344536385592285 0
    outer loop
      vertex -325.97049388473476 118.39311162925027 3.2
      vertex -325.97049388473476 118.39311162925027 0
      vertex -326.1609793710947 119.1865407817908 3.2
    endloop
  endfacet
  facet normal 0.9969173337331294 0.07845909572782599 0
    outer loop
      vertex -326.1609793710947 119.1865407817908 3.2
      vertex -326.1609793710947 119.1865407817908 0
      vertex -326.22499999999997 120 3.2
    endloop
  endfacet
  facet normal 0.9238795325112874 -0.3826834323650881 0
    outer loop
      vertex -325.97049388473476 121.60688837074973 3.2
      vertex -325.97049388473476 121.60688837074973 0
      vertex -325.6582339257795 122.36075059864564 3.2
    endloop
  endfacet
  facet normal 0.9969173337331294 -0.07845909572782599 0
    outer loop
      vertex -326.22499999999997 120 3.2
      vertex -326.22499999999997 120 0
      vertex -326.1609793710947 120.8134592182092 3.2
    endloop
  endfacet
  facet normal 0.9723699203976723 -0.23344536385592285 4.989075951727438e-18
    outer loop
      vertex -325.97049388473476 121.60688837074973 3.2
      vertex -326.1609793710947 120.8134592182092 3.2
      vertex -326.1609793710947 120.8134592182092 0
    endloop
  endfacet
  facet normal 0.852640164354087 -0.5224985647159575 0
    outer loop
      vertex -325.6582339257795 122.36075059864564 3.2
      vertex -325.6582339257795 122.36075059864564 0
      vertex -325.2318883707497 123.05648331192086 3.2
    endloop
  endfacet
  facet normal 0.7604059656000508 -0.6494480483301605 6.236133609849876e-18
    outer loop
      vertex -324.70195526217003 123.67695526217005 3.2
      vertex -325.2318883707497 123.05648331192086 3.2
      vertex -325.2318883707497 123.05648331192086 0
    endloop
  endfacet
  facet normal 0.7604059656000508 0.6494480483301605 0
    outer loop
      vertex -325.2318883707497 116.94351668807914 3.2
      vertex -324.70195526217003 116.32304473782995 0
      vertex -325.2318883707497 116.94351668807914 0
    endloop
  endfacet
  facet normal 0.852640164354087 0.5224985647159575 0
    outer loop
      vertex -325.6582339257795 117.63924940135436 3.2
      vertex -325.2318883707497 116.94351668807914 0
      vertex -325.6582339257795 117.63924940135436 0
    endloop
  endfacet
  facet normal 0.9238795325112874 0.3826834323650881 0
    outer loop
      vertex -325.97049388473476 118.39311162925027 3.2
      vertex -325.6582339257795 117.63924940135436 0
      vertex -325.97049388473476 118.39311162925027 0
    endloop
  endfacet
  facet normal 0.9723699203976723 0.23344536385592285 0
    outer loop
      vertex -326.1609793710947 119.1865407817908 3.2
      vertex -325.97049388473476 118.39311162925027 0
      vertex -326.1609793710947 119.1865407817908 0
    endloop
  endfacet
  facet normal 0.9969173337331294 0.07845909572782599 0
    outer loop
      vertex -326.22499999999997 120 3.2
      vertex -326.1609793710947 119.1865407817908 0
      vertex -326.22499999999997 120 0
    endloop
  endfacet
  facet normal 0.9969173337331294 -0.07845909572782599 0
    outer loop
      vertex -326.1609793710947 120.8134592182092 3.2
      vertex -326.22499999999997 120 0
      vertex -326.1609793710947 120.8134592182092 0
    endloop
  endfacet
  facet normal 0.9723699203976723 -0.23344536385592285 0
    outer loop
      vertex -325.97049388473476 121.60688837074973 3.2
      vertex -326.1609793710947 120.8134592182092 0
      vertex -325.97049388473476 121.60688837074973 0
    endloop
  endfacet
  facet normal 0.852640164354087 -0.5224985647159575 0
    outer loop
      vertex -325.2318883707497 123.05648331192086 3.2
      vertex -325.6582339257795 122.36075059864564 0
      vertex -325.2318883707497 123.05648331192086 0
    endloop
  endfacet
  facet normal 0.9238795325112874 -0.3826834323650881 0
    outer loop
      vertex -325.6582339257795 122.36075059864564 3.2
      vertex -325.97049388473476 121.60688837074973 0
      vertex -325.6582339257795 122.36075059864564 0
    endloop
  endfacet
  facet normal -0.4999999999999998 0.8660254037844388 0
    outer loop
      vertex -305.35 30.27239199200323 5.6
      vertex -305.35 30.27239199200323 0
      vertex -307.85 28.829016319029165 5.6
    endloop
  endfacet
  facet normal -1 0 0
    outer loop
      vertex -305.35 30.27239199200323 5.6
      vertex -305.35 33.159143337951356 5.6
      vertex -305.35 33.159143337951356 0
    endloop
  endfacet
  facet normal 0.4999999999999998 0.8660254037844388 0
    outer loop
      vertex -307.85 28.829016319029165 5.6
      vertex -307.85 28.829016319029165 0
      vertex -310.35 30.27239199200323 5.6
    endloop
  endfacet
  facet normal -1 0 0
    outer loop
      vertex -305.35 30.27239199200323 5.6
      vertex -305.35 33.159143337951356 0
      vertex -305.35 30.27239199200323 0
    endloop
  endfacet
  facet normal -0.4999999999999998 0.8660254037844388 0
    outer loop
      vertex -307.85 28.829016319029165 5.6
      vertex -305.35 30.27239199200323 0
      vertex -307.85 28.829016319029165 0
    endloop
  endfacet
  facet normal 0.4999999999999998 0.8660254037844388 0
    outer loop
      vertex -307.85 28.829016319029165 0
      vertex -310.35 30.27239199200323 0
      vertex -310.35 30.27239199200323 5.6
    endloop
  endfacet
  facet normal -0.4999999999999998 -0.8660254037844388 0
    outer loop
      vertex -305.35 33.159143337951356 5.6
      vertex -307.85 34.60251901092542 5.6
      vertex -307.85 34.60251901092542 0
    endloop
  endfacet
  facet normal 0.4999999999999998 -0.8660254037844388 0
    outer loop
      vertex -307.85 34.60251901092542 5.6
      vertex -310.35 33.159143337951356 5.6
      vertex -310.35 33.159143337951356 0
    endloop
  endfacet
  facet normal -0.4999999999999998 -0.8660254037844388 0
    outer loop
      vertex -305.35 33.159143337951356 5.6
      vertex -307.85 34.60251901092542 0
      vertex -305.35 33.159143337951356 0
    endloop
  endfacet
  facet normal 0.4999999999999998 -0.8660254037844388 0
    outer loop
      vertex -307.85 34.60251901092542 5.6
      vertex -310.35 33.159143337951356 0
      vertex -307.85 34.60251901092542 0
    endloop
  endfacet
  facet normal 1 0 0
    outer loop
      vertex -310.35 30.27239199200323 5.6
      vertex -310.35 30.27239199200323 0
      vertex -310.35 33.159143337951356 5.6
    endloop
  endfacet
  facet normal 1 0 0
    outer loop
      vertex -310.35 30.27239199200323 0
      vertex -310.35 33.159143337951356 0
      vertex -310.35 33.159143337951356 5.6
    endloop
  endfacet
  facet normal -0.4999999999999998 0.8660254037844388 0
    outer loop
      vertex -311.95000000000005 30.27239199200323 5.6
      vertex -311.95000000000005 30.27239199200323 0
      vertex -314.45000000000005 28.829016319029165 5.6
    endloop
  endfacet
  facet normal -1 0 0
    outer loop
      vertex -311.95000000000005 30.27239199200323 5.6
      vertex -311.95000000000005 33.159143337951356 5.6
      vertex -311.95000000000005 33.159143337951356 0
    endloop
  endfacet
  facet normal 0.4999999999999998 0.8660254037844388 0
    outer loop
      vertex -314.45000000000005 28.829016319029165 5.6
      vertex -314.45000000000005 28.829016319029165 0
      vertex -316.95000000000005 30.27239199200323 5.6
    endloop
  endfacet
  facet normal 1 0 0
    outer loop
      vertex -316.95000000000005 30.27239199200323 5.6
      vertex -316.95000000000005 30.27239199200323 0
      vertex -316.95000000000005 33.159143337951356 5.6
    endloop
  endfacet
  facet normal -0.4999999999999998 0.8660254037844388 0
    outer loop
      vertex -314.45000000000005 28.829016319029165 5.6
      vertex -311.95000000000005 30.27239199200323 0
      vertex -314.45000000000005 28.829016319029165 0
    endloop
  endfacet
  facet normal -1 0 0
    outer loop
      vertex -311.95000000000005 30.27239199200323 5.6
      vertex -311.95000000000005 33.159143337951356 0
      vertex -311.95000000000005 30.27239199200323 0
    endloop
  endfacet
  facet normal 0.4999999999999998 0.8660254037844388 0
    outer loop
      vertex -316.95000000000005 30.27239199200323 5.6
      vertex -314.45000000000005 28.829016319029165 0
      vertex -316.95000000000005 30.27239199200323 0
    endloop
  endfacet
  facet normal 1 0 0
    outer loop
      vertex -316.95000000000005 30.27239199200323 0
      vertex -316.95000000000005 33.159143337951356 0
      vertex -316.95000000000005 33.159143337951356 5.6
    endloop
  endfacet
  facet normal -0.4999999999999998 -0.8660254037844388 0
    outer loop
      vertex -311.95000000000005 33.159143337951356 5.6
      vertex -314.45000000000005 34.60251901092542 5.6
      vertex -314.45000000000005 34.60251901092542 0
    endloop
  endfacet
  facet normal 0.4999999999999998 -0.8660254037844388 0
    outer loop
      vertex -314.45000000000005 34.60251901092542 5.6
      vertex -316.95000000000005 33.159143337951356 5.6
      vertex -316.95000000000005 33.159143337951356 0
    endloop
  endfacet
  facet normal -0.4999999999999998 -0.8660254037844388 0
    outer loop
      vertex -311.95000000000005 33.159143337951356 5.6
      vertex -314.45000000000005 34.60251901092542 0
      vertex -311.95000000000005 33.159143337951356 0
    endloop
  endfacet
  facet normal 0.4999999999999998 -0.8660254037844388 0
    outer loop
      vertex -314.45000000000005 34.60251901092542 5.6
      vertex -316.95000000000005 33.159143337951356 0
      vertex -314.45000000000005 34.60251901092542 0
    endloop
  endfacet
  facet normal -0.4999999999999998 0.8660254037844388 0
    outer loop
      vertex -318.55 30.27239199200323 5.6
      vertex -318.55 30.27239199200323 0
      vertex -321.05 28.829016319029165 5.6
    endloop
  endfacet
  facet normal -1 0 0
    outer loop
      vertex -318.55 30.27239199200323 5.6
      vertex -318.55 33.159143337951356 5.6
      vertex -318.55 33.159143337951356 0
    endloop
  endfacet
  facet normal 0.4999999999999998 0.8660254037844388 0
    outer loop
      vertex -321.05 28.829016319029165 5.6
      vertex -321.05 28.829016319029165 0
      vertex -323.55 30.27239199200323 5.6
    endloop
  endfacet
  facet normal 1 0 0
    outer loop
      vertex -323.55 30.27239199200323 5.6
      vertex -323.55 30.27239199200323 0
      vertex -323.55 33.159143337951356 5.6
    endloop
  endfacet
  facet normal -1 0 0
    outer loop
      vertex -318.55 30.27239199200323 5.6
      vertex -318.55 33.159143337951356 0
      vertex -318.55 30.27239199200323 0
    endloop
  endfacet
  facet normal -0.4999999999999998 0.8660254037844388 0
    outer loop
      vertex -321.05 28.829016319029165 5.6
      vertex -318.55 30.27239199200323 0
      vertex -321.05 28.829016319029165 0
    endloop
  endfacet
  facet normal 0.4999999999999998 0.8660254037844388 0
    outer loop
      vertex -323.55 30.27239199200323 5.6
      vertex -321.05 28.829016319029165 0
      vertex -323.55 30.27239199200323 0
    endloop
  endfacet
  facet normal 1 0 0
    outer loop
      vertex -323.55 30.27239199200323 0
      vertex -323.55 33.159143337951356 0
      vertex -323.55 33.159143337951356 5.6
    endloop
  endfacet
  facet normal -0.4999999999999998 -0.8660254037844388 0
    outer loop
      vertex -318.55 33.159143337951356 5.6
      vertex -321.05 34.60251901092542 5.6
      vertex -321.05 34.60251901092542 0
    endloop
  endfacet
  facet normal 0.4999999999999998 -0.8660254037844388 0
    outer loop
      vertex -321.05 34.60251901092542 5.6
      vertex -323.55 33.159143337951356 5.6
      vertex -323.55 33.159143337951356 0
    endloop
  endfacet
  facet normal -0.4999999999999998 -0.8660254037844388 0
    outer loop
      vertex -318.55 33.159143337951356 5.6
      vertex -321.05 34.60251901092542 0
      vertex -318.55 33.159143337951356 0
    endloop
  endfacet
  facet normal 0.4999999999999998 -0.8660254037844388 0
    outer loop
      vertex -321.05 34.60251901092542 5.6
      vertex -323.55 33.159143337951356 0
      vertex -321.05 34.60251901092542 0
    endloop
  endfacet
  facet normal -0.4999999999999998 0.8660254037844388 0
    outer loop
      vertex -325.15000000000003 30.27239199200323 5.6
      vertex -325.15000000000003 30.27239199200323 0
      vertex -327.65000000000003 28.829016319029165 5.6
    endloop
  endfacet
  facet normal -1 0 0
    outer loop
      vertex -325.15000000000003 30.27239199200323 5.6
      vertex -325.15000000000003 33.159143337951356 5.6
      vertex -325.15000000000003 33.159143337951356 0
    endloop
  endfacet
  facet normal 0.4999999999999998 0.8660254037844388 0
    outer loop
      vertex -327.65000000000003 28.829016319029165 5.6
      vertex -327.65000000000003 28.829016319029165 0
      vertex -330.15000000000003 30.27239199200323 5.6
    endloop
  endfacet
  facet normal 1 0 0
    outer loop
      vertex -330.15000000000003 30.27239199200323 5.6
      vertex -330.15000000000003 30.27239199200323 0
      vertex -330.15000000000003 33.159143337951356 5.6
    endloop
  endfacet
  facet normal -0.4999999999999998 0.8660254037844388 0
    outer loop
      vertex -327.65000000000003 28.829016319029165 5.6
      vertex -325.15000000000003 30.27239199200323 0
      vertex -327.65000000000003 28.829016319029165 0
    endloop
  endfacet
  facet normal -1 0 0
    outer loop
      vertex -325.15000000000003 30.27239199200323 5.6
      vertex -325.15000000000003 33.159143337951356 0
      vertex -325.15000000000003 30.27239199200323 0
    endloop
  endfacet
  facet normal 0.4999999999999998 0.8660254037844388 0
    outer loop
      vertex -330.15000000000003 30.27239199200323 5.6
      vertex -327.65000000000003 28.829016319029165 0
      vertex -330.15000000000003 30.27239199200323 0
    endloop
  endfacet
  facet normal 1 0 0
    outer loop
      vertex -330.15000000000003 30.27239199200323 0
      vertex -330.15000000000003 33.159143337951356 0
      vertex -330.15000000000003 33.159143337951356 5.6
    endloop
  endfacet
  facet normal -0.4999999999999998 -0.8660254037844388 0
    outer loop
      vertex -325.15000000000003 33.159143337951356 5.6
      vertex -327.65000000000003 34.60251901092542 5.6
      vertex -327.65000000000003 34.60251901092542 0
    endloop
  endfacet
  facet normal 0.4999999999999998 -0.8660254037844388 0
    outer loop
      vertex -327.65000000000003 34.60251901092542 5.6
      vertex -330.15000000000003 33.159143337951356 5.6
      vertex -330.15000000000003 33.159143337951356 0
    endloop
  endfacet
  facet normal -0.4999999999999998 -0.8660254037844388 0
    outer loop
      vertex -325.15000000000003 33.159143337951356 5.6
      vertex -327.65000000000003 34.60251901092542 0
      vertex -325.15000000000003 33.159143337951356 0
    endloop
  endfacet
  facet normal 0.4999999999999998 -0.8660254037844388 0
    outer loop
      vertex -327.65000000000003 34.60251901092542 5.6
      vertex -330.15000000000003 33.159143337951356 0
      vertex -327.65000000000003 34.60251901092542 0
    endloop
  endfacet
  facet normal -1 0 0
    outer loop
      vertex -331.75 30.27239199200323 5.6
      vertex -331.75 33.159143337951356 5.6
      vertex -331.75 33.159143337951356 0
    endloop
  endfacet
  facet normal -0.4999999999999998 0.8660254037844388 0
    outer loop
      vertex -331.75 30.27239199200323 5.6
      vertex -331.75 30.27239199200323 0
      vertex -334.25 28.829016319029165 5.6
    endloop
  endfacet
  facet normal 0.4999999999999998 0.8660254037844388 0
    outer loop
      vertex -334.25 28.829016319029165 5.6
      vertex -334.25 28.829016319029165 0
      vertex -336.75 30.27239199200323 5.6
    endloop
  endfacet
  facet normal 1 0 0
    outer loop
      vertex -336.75 30.27239199200323 5.6
      vertex -336.75 30.27239199200323 0
      vertex -336.75 33.159143337951356 5.6
    endloop
  endfacet
  facet normal -1 0 0
    outer loop
      vertex -331.75 30.27239199200323 5.6
      vertex -331.75 33.159143337951356 0
      vertex -331.75 30.27239199200323 0
    endloop
  endfacet
  facet normal -0.4999999999999998 0.8660254037844388 0
    outer loop
      vertex -334.25 28.829016319029165 5.6
      vertex -331.75 30.27239199200323 0
      vertex -334.25 28.829016319029165 0
    endloop
  endfacet
  facet normal 0.4999999999999998 0.8660254037844388 0
    outer loop
      vertex -336.75 30.27239199200323 5.6
      vertex -334.25 28.829016319029165 0
      vertex -336.75 30.27239199200323 0
    endloop
  endfacet
  facet normal 1 0 0
    outer loop
      vertex -336.75 30.27239199200323 0
      vertex -336.75 33.159143337951356 0
      vertex -336.75 33.159143337951356 5.6
    endloop
  endfacet
  facet normal -0.4999999999999998 -0.8660254037844388 0
    outer loop
      vertex -331.75 33.159143337951356 5.6
      vertex -334.25 34.60251901092542 5.6
      vertex -334.25 34.60251901092542 0
    endloop
  endfacet
  facet normal 0.4999999999999998 -0.8660254037844388 0
    outer loop
      vertex -334.25 34.60251901092542 5.6
      vertex -336.75 33.159143337951356 5.6
      vertex -336.75 33.159143337951356 0
    endloop
  endfacet
  facet normal -0.4999999999999998 -0.8660254037844388 0
    outer loop
      vertex -331.75 33.159143337951356 5.6
      vertex -334.25 34.60251901092542 0
      vertex -331.75 33.159143337951356 0
    endloop
  endfacet
  facet normal 0.4999999999999998 -0.8660254037844388 0
    outer loop
      vertex -334.25 34.60251901092542 5.6
      vertex -336.75 33.159143337951356 0
      vertex -334.25 34.60251901092542 0
    endloop
  endfacet
  facet normal -0.4999999999999998 0.8660254037844388 0
    outer loop
      vertex -338.35 30.27239199200323 5.6
      vertex -338.35 30.27239199200323 0
      vertex -340.85 28.829016319029165 5.6
    endloop
  endfacet
  facet normal -1 0 0
    outer loop
      vertex -338.35 30.27239199200323 5.6
      vertex -338.35 33.159143337951356 5.6
      vertex -338.35 33.159143337951356 0
    endloop
  endfacet
  facet normal -0.4999999999999998 0.8660254037844388 0
    outer loop
      vertex -338.35 30.27239199200323 0
      vertex -340.85 28.829016319029165 0
      vertex -340.85 28.829016319029165 5.6
    endloop
  endfacet
  facet normal -1 0 0
    outer loop
      vertex -338.35 30.27239199200323 5.6
      vertex -338.35 33.159143337951356 0
      vertex -338.35 30.27239199200323 0
    endloop
  endfacet
  facet normal -0.4999999999999998 -0.8660254037844388 0
    outer loop
      vertex -338.35 33.159143337951356 5.6
      vertex -340.85 34.60251901092542 5.6
      vertex -340.85 34.60251901092542 0
    endloop
  endfacet
  facet normal -0.4999999999999998 -0.8660254037844388 0
    outer loop
      vertex -338.35 33.159143337951356 5.6
      vertex -340.85 34.60251901092542 0
      vertex -338.35 33.159143337951356 0
    endloop
  endfacet
  facet normal 0.4999999999999998 0.8660254037844388 0
    outer loop
      vertex -340.85 28.829016319029165 5.6
      vertex -340.85 28.829016319029165 0
      vertex -343.35 30.27239199200323 5.6
    endloop
  endfacet
  facet normal 1 0 0
    outer loop
      vertex -343.35 30.27239199200323 5.6
      vertex -343.35 30.27239199200323 0
      vertex -343.35 33.159143337951356 5.6
    endloop
  endfacet
  facet normal 0.4999999999999998 0.8660254037844388 0
    outer loop
      vertex -343.35 30.27239199200323 5.6
      vertex -340.85 28.829016319029165 0
      vertex -343.35 30.27239199200323 0
    endloop
  endfacet
  facet normal 1 0 0
    outer loop
      vertex -343.35 30.27239199200323 0
      vertex -343.35 33.159143337951356 0
      vertex -343.35 33.159143337951356 5.6
    endloop
  endfacet
  facet normal 0.4999999999999998 -0.8660254037844388 0
    outer loop
      vertex -340.85 34.60251901092542 5.6
      vertex -343.35 33.159143337951356 5.6
      vertex -343.35 33.159143337951356 0
    endloop
  endfacet
  facet normal 0.4999999999999998 -0.8660254037844388 0
    outer loop
      vertex -340.85 34.60251901092542 5.6
      vertex -343.35 33.159143337951356 0
      vertex -340.85 34.60251901092542 0
    endloop
  endfacet
  facet normal -1 0 0
    outer loop
      vertex -344.95 30.27239199200323 5.6
      vertex -344.95 33.159143337951356 5.6
      vertex -344.95 33.159143337951356 0
    endloop
  endfacet
  facet normal -0.4999999999999998 0.8660254037844388 0
    outer loop
      vertex -344.95 30.27239199200323 5.6
      vertex -344.95 30.27239199200323 0
      vertex -347.45 28.829016319029165 5.6
    endloop
  endfacet
  facet normal 0.4999999999999998 0.8660254037844388 0
    outer loop
      vertex -347.45 28.829016319029165 5.6
      vertex -347.45 28.829016319029165 0
      vertex -349.95 30.27239199200323 5.6
    endloop
  endfacet
  facet normal 1 0 0
    outer loop
      vertex -349.95 30.27239199200323 5.6
      vertex -349.95 30.27239199200323 0
      vertex -349.95 33.159143337951356 5.6
    endloop
  endfacet
  facet normal -1 0 0
    outer loop
      vertex -344.95 30.27239199200323 5.6
      vertex -344.95 33.159143337951356 0
      vertex -344.95 30.27239199200323 0
    endloop
  endfacet
  facet normal -0.4999999999999998 0.8660254037844388 0
    outer loop
      vertex -347.45 28.829016319029165 5.6
      vertex -344.95 30.27239199200323 0
      vertex -347.45 28.829016319029165 0
    endloop
  endfacet
  facet normal 0.4999999999999998 0.8660254037844388 0
    outer loop
      vertex -349.95 30.27239199200323 5.6
      vertex -347.45 28.829016319029165 0
      vertex -349.95 30.27239199200323 0
    endloop
  endfacet
  facet normal 1 0 0
    outer loop
      vertex -349.95 30.27239199200323 0
      vertex -349.95 33.159143337951356 0
      vertex -349.95 33.159143337951356 5.6
    endloop
  endfacet
  facet normal -0.4999999999999998 -0.8660254037844388 0
    outer loop
      vertex -344.95 33.159143337951356 5.6
      vertex -347.45 34.60251901092542 5.6
      vertex -347.45 34.60251901092542 0
    endloop
  endfacet
  facet normal 0.4999999999999998 -0.8660254037844388 0
    outer loop
      vertex -347.45 34.60251901092542 5.6
      vertex -349.95 33.159143337951356 5.6
      vertex -349.95 33.159143337951356 0
    endloop
  endfacet
  facet normal -0.4999999999999998 -0.8660254037844388 0
    outer loop
      vertex -344.95 33.159143337951356 5.6
      vertex -347.45 34.60251901092542 0
      vertex -344.95 33.159143337951356 0
    endloop
  endfacet
  facet normal 0.4999999999999998 -0.8660254037844388 0
    outer loop
      vertex -347.45 34.60251901092542 5.6
      vertex -349.95 33.159143337951356 0
      vertex -347.45 34.60251901092542 0
    endloop
  endfacet
  facet normal -0.4999999999999998 0.8660254037844388 0
    outer loop
      vertex -351.55 30.27239199200323 5.6
      vertex -351.55 30.27239199200323 0
      vertex -354.05 28.829016319029165 5.6
    endloop
  endfacet
  facet normal -1 0 0
    outer loop
      vertex -351.55 30.27239199200323 5.6
      vertex -351.55 33.159143337951356 5.6
      vertex -351.55 33.159143337951356 0
    endloop
  endfacet
  facet normal 0.4999999999999998 0.8660254037844388 0
    outer loop
      vertex -354.05 28.829016319029165 5.6
      vertex -354.05 28.829016319029165 0
      vertex -356.55 30.27239199200323 5.6
    endloop
  endfacet
  facet normal 1 0 0
    outer loop
      vertex -356.55 30.27239199200323 5.6
      vertex -356.55 30.27239199200323 0
      vertex -356.55 33.159143337951356 5.6
    endloop
  endfacet
  facet normal -1 0 0
    outer loop
      vertex -351.55 30.27239199200323 5.6
      vertex -351.55 33.159143337951356 0
      vertex -351.55 30.27239199200323 0
    endloop
  endfacet
  facet normal -0.4999999999999998 0.8660254037844388 0
    outer loop
      vertex -354.05 28.829016319029165 5.6
      vertex -351.55 30.27239199200323 0
      vertex -354.05 28.829016319029165 0
    endloop
  endfacet
  facet normal 0.4999999999999998 0.8660254037844388 0
    outer loop
      vertex -356.55 30.27239199200323 5.6
      vertex -354.05 28.829016319029165 0
      vertex -356.55 30.27239199200323 0
    endloop
  endfacet
  facet normal 1 0 0
    outer loop
      vertex -356.55 30.27239199200323 0
      vertex -356.55 33.159143337951356 0
      vertex -356.55 33.159143337951356 5.6
    endloop
  endfacet
  facet normal -0.4999999999999998 -0.8660254037844388 0
    outer loop
      vertex -351.55 33.159143337951356 5.6
      vertex -354.05 34.60251901092542 5.6
      vertex -354.05 34.60251901092542 0
    endloop
  endfacet
  facet normal 0.4999999999999998 -0.8660254037844388 0
    outer loop
      vertex -354.05 34.60251901092542 5.6
      vertex -356.55 33.159143337951356 5.6
      vertex -356.55 33.159143337951356 0
    endloop
  endfacet
  facet normal -0.4999999999999998 -0.8660254037844388 0
    outer loop
      vertex -351.55 33.159143337951356 5.6
      vertex -354.05 34.60251901092542 0
      vertex -351.55 33.159143337951356 0
    endloop
  endfacet
  facet normal 0.4999999999999998 -0.8660254037844388 0
    outer loop
      vertex -354.05 34.60251901092542 5.6
      vertex -356.55 33.159143337951356 0
      vertex -354.05 34.60251901092542 0
    endloop
  endfacet
  facet normal -1 0 0
    outer loop
      vertex -358.15000000000003 30.27239199200323 5.6
      vertex -358.15000000000003 33.159143337951356 5.6
      vertex -358.15000000000003 33.159143337951356 0
    endloop
  endfacet
  facet normal -0.4999999999999998 0.8660254037844388 0
    outer loop
      vertex -358.15000000000003 30.27239199200323 5.6
      vertex -358.15000000000003 30.27239199200323 0
      vertex -360.65000000000003 28.829016319029165 5.6
    endloop
  endfacet
  facet normal 0.4999999999999998 0.8660254037844388 0
    outer loop
      vertex -360.65000000000003 28.829016319029165 5.6
      vertex -360.65000000000003 28.829016319029165 0
      vertex -363.15000000000003 30.27239199200323 5.6
    endloop
  endfacet
  facet normal 1 0 0
    outer loop
      vertex -363.15000000000003 30.27239199200323 5.6
      vertex -363.15000000000003 30.27239199200323 0
      vertex -363.15000000000003 33.159143337951356 5.6
    endloop
  endfacet
  facet normal -1 0 0
    outer loop
      vertex -358.15000000000003 30.27239199200323 5.6
      vertex -358.15000000000003 33.159143337951356 0
      vertex -358.15000000000003 30.27239199200323 0
    endloop
  endfacet
  facet normal -0.4999999999999998 0.8660254037844388 0
    outer loop
      vertex -360.65000000000003 28.829016319029165 5.6
      vertex -358.15000000000003 30.27239199200323 0
      vertex -360.65000000000003 28.829016319029165 0
    endloop
  endfacet
  facet normal 0.4999999999999998 0.8660254037844388 0
    outer loop
      vertex -363.15000000000003 30.27239199200323 5.6
      vertex -360.65000000000003 28.829016319029165 0
      vertex -363.15000000000003 30.27239199200323 0
    endloop
  endfacet
  facet normal 1 0 0
    outer loop
      vertex -363.15000000000003 30.27239199200323 0
      vertex -363.15000000000003 33.159143337951356 0
      vertex -363.15000000000003 33.159143337951356 5.6
    endloop
  endfacet
  facet normal -0.4999999999999998 -0.8660254037844388 0
    outer loop
      vertex -358.15000000000003 33.159143337951356 5.6
      vertex -360.65000000000003 34.60251901092542 5.6
      vertex -360.65000000000003 34.60251901092542 0
    endloop
  endfacet
  facet normal 0.4999999999999998 -0.8660254037844388 0
    outer loop
      vertex -360.65000000000003 34.60251901092542 5.6
      vertex -363.15000000000003 33.159143337951356 5.6
      vertex -363.15000000000003 33.159143337951356 0
    endloop
  endfacet
  facet normal -0.4999999999999998 -0.8660254037844388 0
    outer loop
      vertex -358.15000000000003 33.159143337951356 5.6
      vertex -360.65000000000003 34.60251901092542 0
      vertex -358.15000000000003 33.159143337951356 0
    endloop
  endfacet
  facet normal 0.4999999999999998 -0.8660254037844388 0
    outer loop
      vertex -360.65000000000003 34.60251901092542 5.6
      vertex -363.15000000000003 33.159143337951356 0
      vertex -360.65000000000003 34.60251901092542 0
    endloop
  endfacet
  facet normal -0.4999999999999998 0.8660254037844388 0
    outer loop
      vertex -308.65000000000003 35.98815965698052 5.6
      vertex -308.65000000000003 35.98815965698052 0
      vertex -311.15000000000003 34.54478398400646 5.6
    endloop
  endfacet
  facet normal -1 0 0
    outer loop
      vertex -308.65000000000003 35.98815965698052 5.6
      vertex -308.65000000000003 38.87491100292865 5.6
      vertex -308.65000000000003 38.87491100292865 0
    endloop
  endfacet
  facet normal -1 0 0
    outer loop
      vertex -308.65000000000003 35.98815965698052 5.6
      vertex -308.65000000000003 38.87491100292865 0
      vertex -308.65000000000003 35.98815965698052 0
    endloop
  endfacet
  facet normal -0.4999999999999998 -0.8660254037844388 0
    outer loop
      vertex -308.65000000000003 38.87491100292865 5.6
      vertex -311.15000000000003 40.31828667590271 0
      vertex -308.65000000000003 38.87491100292865 0
    endloop
  endfacet
  facet normal 0.4999999999999998 0.8660254037844388 0
    outer loop
      vertex -311.15000000000003 34.54478398400646 5.6
      vertex -311.15000000000003 34.54478398400646 0
      vertex -313.65000000000003 35.98815965698052 5.6
    endloop
  endfacet
  facet normal -0.4999999999999998 -0.8660254037844388 0
    outer loop
      vertex -308.65000000000003 38.87491100292865 5.6
      vertex -311.15000000000003 40.31828667590271 5.6
      vertex -311.15000000000003 40.31828667590271 0
    endloop
  endfacet
  facet normal 1 0 0
    outer loop
      vertex -313.65000000000003 35.98815965698052 5.6
      vertex -313.65000000000003 35.98815965698052 0
      vertex -313.65000000000003 38.87491100292865 5.6
    endloop
  endfacet
  facet normal 0.4999999999999998 -0.8660254037844388 0
    outer loop
      vertex -311.15000000000003 40.31828667590271 5.6
      vertex -313.65000000000003 38.87491100292865 5.6
      vertex -313.65000000000003 38.87491100292865 0
    endloop
  endfacet
  facet normal -0.4999999999999998 0.8660254037844388 0
    outer loop
      vertex -308.65000000000003 35.98815965698052 0
      vertex -311.15000000000003 34.54478398400646 0
      vertex -311.15000000000003 34.54478398400646 5.6
    endloop
  endfacet
  facet normal 0.4999999999999998 0.8660254037844388 0
    outer loop
      vertex -313.65000000000003 35.98815965698052 5.6
      vertex -311.15000000000003 34.54478398400646 0
      vertex -313.65000000000003 35.98815965698052 0
    endloop
  endfacet
  facet normal 1 0 0
    outer loop
      vertex -313.65000000000003 38.87491100292865 5.6
      vertex -313.65000000000003 35.98815965698052 0
      vertex -313.65000000000003 38.87491100292865 0
    endloop
  endfacet
  facet normal 0.4999999999999998 -0.8660254037844388 0
    outer loop
      vertex -311.15000000000003 40.31828667590271 5.6
      vertex -313.65000000000003 38.87491100292865 0
      vertex -311.15000000000003 40.31828667590271 0
    endloop
  endfacet
  facet normal -0.4999999999999998 0.8660254037844388 0
    outer loop
      vertex -315.25 35.98815965698052 5.6
      vertex -315.25 35.98815965698052 0
      vertex -317.75 34.54478398400646 5.6
    endloop
  endfacet
  facet normal -1 0 0
    outer loop
      vertex -315.25 35.98815965698052 5.6
      vertex -315.25 38.87491100292865 5.6
      vertex -315.25 38.87491100292865 0
    endloop
  endfacet
  facet normal -0.4999999999999998 -0.8660254037844388 0
    outer loop
      vertex -315.25 38.87491100292865 5.6
      vertex -317.75 40.31828667590271 5.6
      vertex -317.75 40.31828667590271 0
    endloop
  endfacet
  facet normal 0.4999999999999998 0.8660254037844388 0
    outer loop
      vertex -317.75 34.54478398400646 5.6
      vertex -317.75 34.54478398400646 0
      vertex -320.25 35.98815965698052 5.6
    endloop
  endfacet
  facet normal 0.4999999999999998 -0.8660254037844388 0
    outer loop
      vertex -317.75 40.31828667590271 5.6
      vertex -320.25 38.87491100292865 5.6
      vertex -320.25 38.87491100292865 0
    endloop
  endfacet
  facet normal 1 0 0
    outer loop
      vertex -320.25 35.98815965698052 5.6
      vertex -320.25 35.98815965698052 0
      vertex -320.25 38.87491100292865 5.6
    endloop
  endfacet
  facet normal -0.4999999999999998 0.8660254037844388 0
    outer loop
      vertex -317.75 34.54478398400646 5.6
      vertex -315.25 35.98815965698052 0
      vertex -317.75 34.54478398400646 0
    endloop
  endfacet
  facet normal -1 0 0
    outer loop
      vertex -315.25 35.98815965698052 5.6
      vertex -315.25 38.87491100292865 0
      vertex -315.25 35.98815965698052 0
    endloop
  endfacet
  facet normal -0.4999999999999998 -0.8660254037844388 0
    outer loop
      vertex -315.25 38.87491100292865 5.6
      vertex -317.75 40.31828667590271 0
      vertex -315.25 38.87491100292865 0
    endloop
  endfacet
  facet normal 0.4999999999999998 0.8660254037844388 0
    outer loop
      vertex -320.25 35.98815965698052 5.6
      vertex -317.75 34.54478398400646 0
      vertex -320.25 35.98815965698052 0
    endloop
  endfacet
  facet normal 0.4999999999999998 -0.8660254037844388 0
    outer loop
      vertex -317.75 40.31828667590271 5.6
      vertex -320.25 38.87491100292865 0
      vertex -317.75 40.31828667590271 0
    endloop
  endfacet
  facet normal 1 0 0
    outer loop
      vertex -320.25 38.87491100292865 5.6
      vertex -320.25 35.98815965698052 0
      vertex -320.25 38.87491100292865 0
    endloop
  endfacet
  facet normal -0.4999999999999998 0.8660254037844388 0
    outer loop
      vertex -321.85 35.98815965698052 5.6
      vertex -321.85 35.98815965698052 0
      vertex -324.35 34.54478398400646 5.6
    endloop
  endfacet
  facet normal -1 0 0
    outer loop
      vertex -321.85 35.98815965698052 5.6
      vertex -321.85 38.87491100292865 5.6
      vertex -321.85 38.87491100292865 0
    endloop
  endfacet
  facet normal -0.4999999999999998 -0.8660254037844388 0
    outer loop
      vertex -321.85 38.87491100292865 5.6
      vertex -324.35 40.31828667590271 5.6
      vertex -324.35 40.31828667590271 0
    endloop
  endfacet
  facet normal 0.4999999999999998 0.8660254037844388 0
    outer loop
      vertex -324.35 34.54478398400646 5.6
      vertex -324.35 34.54478398400646 0
      vertex -326.85 35.98815965698052 5.6
    endloop
  endfacet
  facet normal 1 0 0
    outer loop
      vertex -326.85 35.98815965698052 5.6
      vertex -326.85 35.98815965698052 0
      vertex -326.85 38.87491100292865 5.6
    endloop
  endfacet
  facet normal 0.4999999999999998 -0.8660254037844388 0
    outer loop
      vertex -324.35 40.31828667590271 5.6
      vertex -326.85 38.87491100292865 5.6
      vertex -326.85 38.87491100292865 0
    endloop
  endfacet
  facet normal -0.4999999999999998 0.8660254037844388 0
    outer loop
      vertex -324.35 34.54478398400646 5.6
      vertex -321.85 35.98815965698052 0
      vertex -324.35 34.54478398400646 0
    endloop
  endfacet
  facet normal -1 0 0
    outer loop
      vertex -321.85 35.98815965698052 5.6
      vertex -321.85 38.87491100292865 0
      vertex -321.85 35.98815965698052 0
    endloop
  endfacet
  facet normal -0.4999999999999998 -0.8660254037844388 0
    outer loop
      vertex -321.85 38.87491100292865 5.6
      vertex -324.35 40.31828667590271 0
      vertex -321.85 38.87491100292865 0
    endloop
  endfacet
  facet normal 0.4999999999999998 0.8660254037844388 0
    outer loop
      vertex -326.85 35.98815965698052 5.6
      vertex -324.35 34.54478398400646 0
      vertex -326.85 35.98815965698052 0
    endloop
  endfacet
  facet normal 1 0 0
    outer loop
      vertex -326.85 38.87491100292865 5.6
      vertex -326.85 35.98815965698052 0
      vertex -326.85 38.87491100292865 0
    endloop
  endfacet
  facet normal 0.4999999999999998 -0.8660254037844388 0
    outer loop
      vertex -324.35 40.31828667590271 5.6
      vertex -326.85 38.87491100292865 0
      vertex -324.35 40.31828667590271 0
    endloop
  endfacet
  facet normal -1 0 0
    outer loop
      vertex -328.45 35.98815965698052 5.6
      vertex -328.45 38.87491100292865 5.6
      vertex -328.45 38.87491100292865 0
    endloop
  endfacet
  facet normal -0.4999999999999998 0.8660254037844388 0
    outer loop
      vertex -328.45 35.98815965698052 5.6
      vertex -328.45 35.98815965698052 0
      vertex -330.95 34.54478398400646 5.6
    endloop
  endfacet
  facet normal 0.4999999999999998 0.8660254037844388 0
    outer loop
      vertex -330.95 34.54478398400646 5.6
      vertex -330.95 34.54478398400646 0
      vertex -333.45 35.98815965698052 5.6
    endloop
  endfacet
  facet normal -0.4999999999999998 -0.8660254037844388 0
    outer loop
      vertex -328.45 38.87491100292865 5.6
      vertex -330.95 40.31828667590271 5.6
      vertex -330.95 40.31828667590271 0
    endloop
  endfacet
  facet normal 1 0 0
    outer loop
      vertex -333.45 35.98815965698052 5.6
      vertex -333.45 35.98815965698052 0
      vertex -333.45 38.87491100292865 5.6
    endloop
  endfacet
  facet normal 0.4999999999999998 -0.8660254037844388 0
    outer loop
      vertex -330.95 40.31828667590271 5.6
      vertex -333.45 38.87491100292865 5.6
      vertex -333.45 38.87491100292865 0
    endloop
  endfacet
  facet normal -1 0 0
    outer loop
      vertex -328.45 35.98815965698052 5.6
      vertex -328.45 38.87491100292865 0
      vertex -328.45 35.98815965698052 0
    endloop
  endfacet
  facet normal -0.4999999999999998 0.8660254037844388 0
    outer loop
      vertex -330.95 34.54478398400646 5.6
      vertex -328.45 35.98815965698052 0
      vertex -330.95 34.54478398400646 0
    endloop
  endfacet
  facet normal -0.4999999999999998 -0.8660254037844388 0
    outer loop
      vertex -328.45 38.87491100292865 5.6
      vertex -330.95 40.31828667590271 0
      vertex -328.45 38.87491100292865 0
    endloop
  endfacet
  facet normal 0.4999999999999998 -0.8660254037844388 0
    outer loop
      vertex -330.95 40.31828667590271 5.6
      vertex -333.45 38.87491100292865 0
      vertex -330.95 40.31828667590271 0
    endloop
  endfacet
  facet normal 0.4999999999999998 0.8660254037844388 0
    outer loop
      vertex -333.45 35.98815965698052 5.6
      vertex -330.95 34.54478398400646 0
      vertex -333.45 35.98815965698052 0
    endloop
  endfacet
  facet normal 1 0 0
    outer loop
      vertex -333.45 38.87491100292865 5.6
      vertex -333.45 35.98815965698052 0
      vertex -333.45 38.87491100292865 0
    endloop
  endfacet
  facet normal -0.4999999999999998 0.8660254037844388 0
    outer loop
      vertex -335.05 35.98815965698052 5.6
      vertex -335.05 35.98815965698052 0
      vertex -337.55 34.54478398400646 5.6
    endloop
  endfacet
  facet normal -1 0 0
    outer loop
      vertex -335.05 35.98815965698052 5.6
      vertex -335.05 38.87491100292865 5.6
      vertex -335.05 38.87491100292865 0
    endloop
  endfacet
  facet normal 0.4999999999999998 0.8660254037844388 0
    outer loop
      vertex -337.55 34.54478398400646 5.6
      vertex -337.55 34.54478398400646 0
      vertex -340.05 35.98815965698052 5.6
    endloop
  endfacet
  facet normal -0.4999999999999998 -0.8660254037844388 0
    outer loop
      vertex -335.05 38.87491100292865 5.6
      vertex -337.55 40.31828667590271 5.6
      vertex -337.55 40.31828667590271 0
    endloop
  endfacet
  facet normal 0.4999999999999998 -0.8660254037844388 0
    outer loop
      vertex -337.55 40.31828667590271 5.6
      vertex -340.05 38.87491100292865 5.6
      vertex -340.05 38.87491100292865 0
    endloop
  endfacet
  facet normal -1 0 0
    outer loop
      vertex -335.05 35.98815965698052 5.6
      vertex -335.05 38.87491100292865 0
      vertex -335.05 35.98815965698052 0
    endloop
  endfacet
  facet normal -0.4999999999999998 -0.8660254037844388 0
    outer loop
      vertex -335.05 38.87491100292865 5.6
      vertex -337.55 40.31828667590271 0
      vertex -335.05 38.87491100292865 0
    endloop
  endfacet
  facet normal -0.4999999999999998 0.8660254037844388 0
    outer loop
      vertex -337.55 34.54478398400646 5.6
      vertex -335.05 35.98815965698052 0
      vertex -337.55 34.54478398400646 0
    endloop
  endfacet
  facet normal 0.4999999999999998 0.8660254037844388 0
    outer loop
      vertex -337.55 34.54478398400646 0
      vertex -340.05 35.98815965698052 0
      vertex -340.05 35.98815965698052 5.6
    endloop
  endfacet
  facet normal 0.4999999999999998 -0.8660254037844388 0
    outer loop
      vertex -337.55 40.31828667590271 5.6
      vertex -340.05 38.87491100292865 0
      vertex -337.55 40.31828667590271 0
    endloop
  endfacet
  facet normal 1 0 0
    outer loop
      vertex -340.05 35.98815965698052 5.6
      vertex -340.05 35.98815965698052 0
      vertex -340.05 38.87491100292865 5.6
    endloop
  endfacet
  facet normal 1 0 0
    outer loop
      vertex -340.05 38.87491100292865 5.6
      vertex -340.05 35.98815965698052 0
      vertex -340.05 38.87491100292865 0
    endloop
  endfacet
  facet normal -0.4999999999999998 0.8660254037844388 0
    outer loop
      vertex -341.65 35.98815965698052 5.6
      vertex -341.65 35.98815965698052 0
      vertex -344.15 34.54478398400646 5.6
    endloop
  endfacet
  facet normal -1 0 0
    outer loop
      vertex -341.65 35.98815965698052 5.6
      vertex -341.65 38.87491100292865 5.6
      vertex -341.65 38.87491100292865 0
    endloop
  endfacet
  facet normal -0.4999999999999998 -0.8660254037844388 0
    outer loop
      vertex -341.65 38.87491100292865 5.6
      vertex -344.15 40.31828667590271 5.6
      vertex -344.15 40.31828667590271 0
    endloop
  endfacet
  facet normal 0.4999999999999998 0.8660254037844388 0
    outer loop
      vertex -344.15 34.54478398400646 5.6
      vertex -344.15 34.54478398400646 0
      vertex -346.65 35.98815965698052 5.6
    endloop
  endfacet
  facet normal 1 0 0
    outer loop
      vertex -346.65 35.98815965698052 5.6
      vertex -346.65 35.98815965698052 0
      vertex -346.65 38.87491100292865 5.6
    endloop
  endfacet
  facet normal 0.4999999999999998 -0.8660254037844388 0
    outer loop
      vertex -344.15 40.31828667590271 5.6
      vertex -346.65 38.87491100292865 5.6
      vertex -346.65 38.87491100292865 0
    endloop
  endfacet
  facet normal -0.4999999999999998 0.8660254037844388 0
    outer loop
      vertex -344.15 34.54478398400646 5.6
      vertex -341.65 35.98815965698052 0
      vertex -344.15 34.54478398400646 0
    endloop
  endfacet
  facet normal -1 0 0
    outer loop
      vertex -341.65 35.98815965698052 5.6
      vertex -341.65 38.87491100292865 0
      vertex -341.65 35.98815965698052 0
    endloop
  endfacet
  facet normal -0.4999999999999998 -0.8660254037844388 0
    outer loop
      vertex -341.65 38.87491100292865 5.6
      vertex -344.15 40.31828667590271 0
      vertex -341.65 38.87491100292865 0
    endloop
  endfacet
  facet normal 0.4999999999999998 0.8660254037844388 0
    outer loop
      vertex -346.65 35.98815965698052 5.6
      vertex -344.15 34.54478398400646 0
      vertex -346.65 35.98815965698052 0
    endloop
  endfacet
  facet normal 0.4999999999999998 -0.8660254037844388 0
    outer loop
      vertex -344.15 40.31828667590271 5.6
      vertex -346.65 38.87491100292865 0
      vertex -344.15 40.31828667590271 0
    endloop
  endfacet
  facet normal 1 0 0
    outer loop
      vertex -346.65 38.87491100292865 5.6
      vertex -346.65 35.98815965698052 0
      vertex -346.65 38.87491100292865 0
    endloop
  endfacet
  facet normal -0.4999999999999998 0.8660254037844388 0
    outer loop
      vertex -348.25 35.98815965698052 5.6
      vertex -348.25 35.98815965698052 0
      vertex -350.75 34.54478398400646 5.6
    endloop
  endfacet
  facet normal -1 0 0
    outer loop
      vertex -348.25 35.98815965698052 5.6
      vertex -348.25 38.87491100292865 5.6
      vertex -348.25 38.87491100292865 0
    endloop
  endfacet
  facet normal -0.4999999999999998 -0.8660254037844388 0
    outer loop
      vertex -348.25 38.87491100292865 5.6
      vertex -350.75 40.31828667590271 5.6
      vertex -350.75 40.31828667590271 0
    endloop
  endfacet
  facet normal 0.4999999999999998 0.8660254037844388 0
    outer loop
      vertex -350.75 34.54478398400646 5.6
      vertex -350.75 34.54478398400646 0
      vertex -353.25 35.98815965698052 5.6
    endloop
  endfacet
  facet normal 0.4999999999999998 -0.8660254037844388 0
    outer loop
      vertex -350.75 40.31828667590271 5.6
      vertex -353.25 38.87491100292865 5.6
      vertex -353.25 38.87491100292865 0
    endloop
  endfacet
  facet normal 1 0 0
    outer loop
      vertex -353.25 35.98815965698052 5.6
      vertex -353.25 35.98815965698052 0
      vertex -353.25 38.87491100292865 5.6
    endloop
  endfacet
  facet normal -0.4999999999999998 0.8660254037844388 0
    outer loop
      vertex -350.75 34.54478398400646 5.6
      vertex -348.25 35.98815965698052 0
      vertex -350.75 34.54478398400646 0
    endloop
  endfacet
  facet normal -1 0 0
    outer loop
      vertex -348.25 35.98815965698052 5.6
      vertex -348.25 38.87491100292865 0
      vertex -348.25 35.98815965698052 0
    endloop
  endfacet
  facet normal -0.4999999999999998 -0.8660254037844388 0
    outer loop
      vertex -348.25 38.87491100292865 5.6
      vertex -350.75 40.31828667590271 0
      vertex -348.25 38.87491100292865 0
    endloop
  endfacet
  facet normal 0.4999999999999998 0.8660254037844388 0
    outer loop
      vertex -353.25 35.98815965698052 5.6
      vertex -350.75 34.54478398400646 0
      vertex -353.25 35.98815965698052 0
    endloop
  endfacet
  facet normal 0.4999999999999998 -0.8660254037844388 0
    outer loop
      vertex -350.75 40.31828667590271 5.6
      vertex -353.25 38.87491100292865 0
      vertex -350.75 40.31828667590271 0
    endloop
  endfacet
  facet normal 1 0 0
    outer loop
      vertex -353.25 38.87491100292865 5.6
      vertex -353.25 35.98815965698052 0
      vertex -353.25 38.87491100292865 0
    endloop
  endfacet
  facet normal -1 0 0
    outer loop
      vertex -354.85 35.98815965698052 5.6
      vertex -354.85 38.87491100292865 5.6
      vertex -354.85 38.87491100292865 0
    endloop
  endfacet
  facet normal -0.4999999999999998 0.8660254037844388 0
    outer loop
      vertex -354.85 35.98815965698052 5.6
      vertex -354.85 35.98815965698052 0
      vertex -357.35 34.54478398400646 5.6
    endloop
  endfacet
  facet normal 0.4999999999999998 0.8660254037844388 0
    outer loop
      vertex -357.35 34.54478398400646 5.6
      vertex -357.35 34.54478398400646 0
      vertex -359.85 35.98815965698052 5.6
    endloop
  endfacet
  facet normal -0.4999999999999998 -0.8660254037844388 0
    outer loop
      vertex -354.85 38.87491100292865 5.6
      vertex -357.35 40.31828667590271 5.6
      vertex -357.35 40.31828667590271 0
    endloop
  endfacet
  facet normal 1 0 0
    outer loop
      vertex -359.85 35.98815965698052 5.6
      vertex -359.85 35.98815965698052 0
      vertex -359.85 38.87491100292865 5.6
    endloop
  endfacet
  facet normal 0.4999999999999998 -0.8660254037844388 0
    outer loop
      vertex -357.35 40.31828667590271 5.6
      vertex -359.85 38.87491100292865 5.6
      vertex -359.85 38.87491100292865 0
    endloop
  endfacet
  facet normal -1 0 0
    outer loop
      vertex -354.85 35.98815965698052 5.6
      vertex -354.85 38.87491100292865 0
      vertex -354.85 35.98815965698052 0
    endloop
  endfacet
  facet normal -0.4999999999999998 0.8660254037844388 0
    outer loop
      vertex -357.35 34.54478398400646 5.6
      vertex -354.85 35.98815965698052 0
      vertex -357.35 34.54478398400646 0
    endloop
  endfacet
  facet normal -0.4999999999999998 -0.8660254037844388 0
    outer loop
      vertex -354.85 38.87491100292865 5.6
      vertex -357.35 40.31828667590271 0
      vertex -354.85 38.87491100292865 0
    endloop
  endfacet
  facet normal 0.4999999999999998 -0.8660254037844388 0
    outer loop
      vertex -357.35 40.31828667590271 5.6
      vertex -359.85 38.87491100292865 0
      vertex -357.35 40.31828667590271 0
    endloop
  endfacet
  facet normal 0.4999999999999998 0.8660254037844388 0
    outer loop
      vertex -359.85 35.98815965698052 5.6
      vertex -357.35 34.54478398400646 0
      vertex -359.85 35.98815965698052 0
    endloop
  endfacet
  facet normal 1 0 0
    outer loop
      vertex -359.85 38.87491100292865 5.6
      vertex -359.85 35.98815965698052 0
      vertex -359.85 38.87491100292865 0
    endloop
  endfacet
  facet normal -0.4999999999999998 0.8660254037844388 0
    outer loop
      vertex -307.85 40.26055164898376 5.6
      vertex -305.35 41.70392732195782 5.6
      vertex -305.35 41.70392732195782 0
    endloop
  endfacet
  facet normal -1 0 0
    outer loop
      vertex -305.35 41.70392732195782 5.6
      vertex -305.35 44.59067866790595 5.6
      vertex -305.35 44.59067866790595 0
    endloop
  endfacet
  facet normal 0.4999999999999998 0.8660254037844388 0
    outer loop
      vertex -307.85 40.26055164898376 5.6
      vertex -307.85 40.26055164898376 0
      vertex -310.35 41.70392732195782 5.6
    endloop
  endfacet
  facet normal -0.4999999999999998 -0.8660254037844388 0
    outer loop
      vertex -305.35 44.59067866790595 5.6
      vertex -307.85 46.03405434088001 5.6
      vertex -307.85 46.03405434088001 0
    endloop
  endfacet
  facet normal 0.4999999999999998 -0.8660254037844388 0
    outer loop
      vertex -307.85 46.03405434088001 5.6
      vertex -310.35 44.59067866790595 5.6
      vertex -310.35 44.59067866790595 0
    endloop
  endfacet
  facet normal -1 0 0
    outer loop
      vertex -305.35 41.70392732195782 5.6
      vertex -305.35 44.59067866790595 0
      vertex -305.35 41.70392732195782 0
    endloop
  endfacet
  facet normal -0.4999999999999998 -0.8660254037844388 0
    outer loop
      vertex -305.35 44.59067866790595 5.6
      vertex -307.85 46.03405434088001 0
      vertex -305.35 44.59067866790595 0
    endloop
  endfacet
  facet normal -0.4999999999999998 0.8660254037844388 0
    outer loop
      vertex -307.85 40.26055164898376 5.6
      vertex -305.35 41.70392732195782 0
      vertex -307.85 40.26055164898376 0
    endloop
  endfacet
  facet normal 0.4999999999999998 0.8660254037844388 0
    outer loop
      vertex -307.85 40.26055164898376 0
      vertex -310.35 41.70392732195782 0
      vertex -310.35 41.70392732195782 5.6
    endloop
  endfacet
  facet normal 0.4999999999999998 -0.8660254037844388 0
    outer loop
      vertex -307.85 46.03405434088001 5.6
      vertex -310.35 44.59067866790595 0
      vertex -307.85 46.03405434088001 0
    endloop
  endfacet
  facet normal 1 0 0
    outer loop
      vertex -310.35 41.70392732195782 5.6
      vertex -310.35 41.70392732195782 0
      vertex -310.35 44.59067866790595 5.6
    endloop
  endfacet
  facet normal 1 0 0
    outer loop
      vertex -310.35 44.59067866790595 5.6
      vertex -310.35 41.70392732195782 0
      vertex -310.35 44.59067866790595 0
    endloop
  endfacet
  facet normal -0.4999999999999998 0.8660254037844388 0
    outer loop
      vertex -314.45000000000005 40.26055164898376 5.6
      vertex -311.95000000000005 41.70392732195782 5.6
      vertex -311.95000000000005 41.70392732195782 0
    endloop
  endfacet
  facet normal -1 0 0
    outer loop
      vertex -311.95000000000005 41.70392732195782 5.6
      vertex -311.95000000000005 44.59067866790595 5.6
      vertex -311.95000000000005 44.59067866790595 0
    endloop
  endfacet
  facet normal -0.4999999999999998 -0.8660254037844388 0
    outer loop
      vertex -311.95000000000005 44.59067866790595 5.6
      vertex -314.45000000000005 46.03405434088001 5.6
      vertex -314.45000000000005 46.03405434088001 0
    endloop
  endfacet
  facet normal 0.4999999999999998 0.8660254037844388 0
    outer loop
      vertex -314.45000000000005 40.26055164898376 5.6
      vertex -314.45000000000005 40.26055164898376 0
      vertex -316.95000000000005 41.70392732195782 5.6
    endloop
  endfacet
  facet normal 1 0 0
    outer loop
      vertex -316.95000000000005 41.70392732195782 5.6
      vertex -316.95000000000005 41.70392732195782 0
      vertex -316.95000000000005 44.59067866790595 5.6
    endloop
  endfacet
  facet normal 0.4999999999999998 -0.8660254037844388 0
    outer loop
      vertex -316.95000000000005 44.59067866790595 5.6
      vertex -316.95000000000005 44.59067866790595 0
      vertex -314.45000000000005 46.03405434088001 5.6
    endloop
  endfacet
  facet normal -0.4999999999999998 0.8660254037844388 0
    outer loop
      vertex -314.45000000000005 40.26055164898376 5.6
      vertex -311.95000000000005 41.70392732195782 0
      vertex -314.45000000000005 40.26055164898376 0
    endloop
  endfacet
  facet normal -1 0 0
    outer loop
      vertex -311.95000000000005 41.70392732195782 5.6
      vertex -311.95000000000005 44.59067866790595 0
      vertex -311.95000000000005 41.70392732195782 0
    endloop
  endfacet
  facet normal -0.4999999999999998 -0.8660254037844388 0
    outer loop
      vertex -311.95000000000005 44.59067866790595 5.6
      vertex -314.45000000000005 46.03405434088001 0
      vertex -311.95000000000005 44.59067866790595 0
    endloop
  endfacet
  facet normal 0.4999999999999998 0.8660254037844388 0
    outer loop
      vertex -316.95000000000005 41.70392732195782 5.6
      vertex -314.45000000000005 40.26055164898376 0
      vertex -316.95000000000005 41.70392732195782 0
    endloop
  endfacet
  facet normal 1 0 0
    outer loop
      vertex -316.95000000000005 44.59067866790595 5.6
      vertex -316.95000000000005 41.70392732195782 0
      vertex -316.95000000000005 44.59067866790595 0
    endloop
  endfacet
  facet normal 0.4999999999999998 -0.8660254037844388 0
    outer loop
      vertex -314.45000000000005 46.03405434088001 5.6
      vertex -316.95000000000005 44.59067866790595 0
      vertex -314.45000000000005 46.03405434088001 0
    endloop
  endfacet
  facet normal -0.4999999999999998 0.8660254037844388 0
    outer loop
      vertex -321.05 40.26055164898376 5.6
      vertex -318.55 41.70392732195782 5.6
      vertex -318.55 41.70392732195782 0
    endloop
  endfacet
  facet normal -1 0 0
    outer loop
      vertex -318.55 41.70392732195782 5.6
      vertex -318.55 44.59067866790595 5.6
      vertex -318.55 44.59067866790595 0
    endloop
  endfacet
  facet normal -0.4999999999999998 -0.8660254037844388 0
    outer loop
      vertex -318.55 44.59067866790595 5.6
      vertex -321.05 46.03405434088001 5.6
      vertex -321.05 46.03405434088001 0
    endloop
  endfacet
  facet normal 0.4999999999999998 0.8660254037844388 0
    outer loop
      vertex -321.05 40.26055164898376 5.6
      vertex -321.05 40.26055164898376 0
      vertex -323.55 41.70392732195782 5.6
    endloop
  endfacet
  facet normal 1 0 0
    outer loop
      vertex -323.55 41.70392732195782 5.6
      vertex -323.55 41.70392732195782 0
      vertex -323.55 44.59067866790595 5.6
    endloop
  endfacet
  facet normal 0.4999999999999998 -0.8660254037844388 0
    outer loop
      vertex -321.05 46.03405434088001 5.6
      vertex -323.55 44.59067866790595 5.6
      vertex -323.55 44.59067866790595 0
    endloop
  endfacet
  facet normal -1 0 0
    outer loop
      vertex -318.55 41.70392732195782 5.6
      vertex -318.55 44.59067866790595 0
      vertex -318.55 41.70392732195782 0
    endloop
  endfacet
  facet normal -0.4999999999999998 0.8660254037844388 0
    outer loop
      vertex -321.05 40.26055164898376 5.6
      vertex -318.55 41.70392732195782 0
      vertex -321.05 40.26055164898376 0
    endloop
  endfacet
  facet normal -0.4999999999999998 -0.8660254037844388 0
    outer loop
      vertex -318.55 44.59067866790595 5.6
      vertex -321.05 46.03405434088001 0
      vertex -318.55 44.59067866790595 0
    endloop
  endfacet
  facet normal 0.4999999999999998 0.8660254037844388 0
    outer loop
      vertex -323.55 41.70392732195782 5.6
      vertex -321.05 40.26055164898376 0
      vertex -323.55 41.70392732195782 0
    endloop
  endfacet
  facet normal 1 0 0
    outer loop
      vertex -323.55 44.59067866790595 5.6
      vertex -323.55 41.70392732195782 0
      vertex -323.55 44.59067866790595 0
    endloop
  endfacet
  facet normal 0.4999999999999998 -0.8660254037844388 0
    outer loop
      vertex -321.05 46.03405434088001 5.6
      vertex -323.55 44.59067866790595 0
      vertex -321.05 46.03405434088001 0
    endloop
  endfacet
  facet normal -0.4999999999999998 0.8660254037844388 0
    outer loop
      vertex -327.65000000000003 40.26055164898376 5.6
      vertex -325.15000000000003 41.70392732195782 5.6
      vertex -325.15000000000003 41.70392732195782 0
    endloop
  endfacet
  facet normal -1 0 0
    outer loop
      vertex -325.15000000000003 41.70392732195782 5.6
      vertex -325.15000000000003 44.59067866790595 5.6
      vertex -325.15000000000003 44.59067866790595 0
    endloop
  endfacet
  facet normal 0.4999999999999998 0.8660254037844388 0
    outer loop
      vertex -327.65000000000003 40.26055164898376 5.6
      vertex -327.65000000000003 40.26055164898376 0
      vertex -330.15000000000003 41.70392732195782 5.6
    endloop
  endfacet
  facet normal -0.4999999999999998 -0.8660254037844388 0
    outer loop
      vertex -325.15000000000003 44.59067866790595 5.6
      vertex -327.65000000000003 46.03405434088001 5.6
      vertex -327.65000000000003 46.03405434088001 0
    endloop
  endfacet
  facet normal 1 0 0
    outer loop
      vertex -330.15000000000003 41.70392732195782 5.6
      vertex -330.15000000000003 41.70392732195782 0
      vertex -330.15000000000003 44.59067866790595 5.6
    endloop
  endfacet
  facet normal 0.4999999999999998 -0.8660254037844388 0
    outer loop
      vertex -327.65000000000003 46.03405434088001 5.6
      vertex -330.15000000000003 44.59067866790595 5.6
      vertex -330.15000000000003 44.59067866790595 0
    endloop
  endfacet
  facet normal -0.4999999999999998 0.8660254037844388 0
    outer loop
      vertex -327.65000000000003 40.26055164898376 5.6
      vertex -325.15000000000003 41.70392732195782 0
      vertex -327.65000000000003 40.26055164898376 0
    endloop
  endfacet
  facet normal -1 0 0
    outer loop
      vertex -325.15000000000003 41.70392732195782 5.6
      vertex -325.15000000000003 44.59067866790595 0
      vertex -325.15000000000003 41.70392732195782 0
    endloop
  endfacet
  facet normal -0.4999999999999998 -0.8660254037844388 0
    outer loop
      vertex -325.15000000000003 44.59067866790595 5.6
      vertex -327.65000000000003 46.03405434088001 0
      vertex -325.15000000000003 44.59067866790595 0
    endloop
  endfacet
  facet normal 0.4999999999999998 -0.8660254037844388 0
    outer loop
      vertex -327.65000000000003 46.03405434088001 5.6
      vertex -330.15000000000003 44.59067866790595 0
      vertex -327.65000000000003 46.03405434088001 0
    endloop
  endfacet
  facet normal 0.4999999999999998 0.8660254037844388 0
    outer loop
      vertex -330.15000000000003 41.70392732195782 5.6
      vertex -327.65000000000003 40.26055164898376 0
      vertex -330.15000000000003 41.70392732195782 0
    endloop
  endfacet
  facet normal 1 0 0
    outer loop
      vertex -330.15000000000003 44.59067866790595 5.6
      vertex -330.15000000000003 41.70392732195782 0
      vertex -330.15000000000003 44.59067866790595 0
    endloop
  endfacet
  facet normal -1 0 0
    outer loop
      vertex -331.75 41.70392732195782 5.6
      vertex -331.75 44.59067866790595 5.6
      vertex -331.75 44.59067866790595 0
    endloop
  endfacet
  facet normal -0.4999999999999998 0.8660254037844388 0
    outer loop
      vertex -331.75 41.70392732195782 5.6
      vertex -331.75 41.70392732195782 0
      vertex -334.25 40.26055164898376 5.6
    endloop
  endfacet
  facet normal 0.4999999999999998 0.8660254037844388 0
    outer loop
      vertex -334.25 40.26055164898376 5.6
      vertex -334.25 40.26055164898376 0
      vertex -336.75 41.70392732195782 5.6
    endloop
  endfacet
  facet normal -0.4999999999999998 -0.8660254037844388 0
    outer loop
      vertex -331.75 44.59067866790595 5.6
      vertex -334.25 46.03405434088001 5.6
      vertex -334.25 46.03405434088001 0
    endloop
  endfacet
  facet normal 0.4999999999999998 -0.8660254037844388 0
    outer loop
      vertex -334.25 46.03405434088001 5.6
      vertex -336.75 44.59067866790595 5.6
      vertex -336.75 44.59067866790595 0
    endloop
  endfacet
  facet normal 1 0 0
    outer loop
      vertex -336.75 41.70392732195782 5.6
      vertex -336.75 41.70392732195782 0
      vertex -336.75 44.59067866790595 5.6
    endloop
  endfacet
  facet normal -1 0 0
    outer loop
      vertex -331.75 41.70392732195782 5.6
      vertex -331.75 44.59067866790595 0
      vertex -331.75 41.70392732195782 0
    endloop
  endfacet
  facet normal -0.4999999999999998 0.8660254037844388 0
    outer loop
      vertex -334.25 40.26055164898376 5.6
      vertex -331.75 41.70392732195782 0
      vertex -334.25 40.26055164898376 0
    endloop
  endfacet
  facet normal 0.4999999999999998 0.8660254037844388 0
    outer loop
      vertex -336.75 41.70392732195782 5.6
      vertex -334.25 40.26055164898376 0
      vertex -336.75 41.70392732195782 0
    endloop
  endfacet
  facet normal -0.4999999999999998 -0.8660254037844388 0
    outer loop
      vertex -331.75 44.59067866790595 5.6
      vertex -334.25 46.03405434088001 0
      vertex -331.75 44.59067866790595 0
    endloop
  endfacet
  facet normal 0.4999999999999998 -0.8660254037844388 0
    outer loop
      vertex -334.25 46.03405434088001 5.6
      vertex -336.75 44.59067866790595 0
      vertex -334.25 46.03405434088001 0
    endloop
  endfacet
  facet normal 1 0 0
    outer loop
      vertex -336.75 44.59067866790595 5.6
      vertex -336.75 41.70392732195782 0
      vertex -336.75 44.59067866790595 0
    endloop
  endfacet
  facet normal -0.4999999999999998 0.8660254037844388 0
    outer loop
      vertex -338.35 41.70392732195782 5.6
      vertex -338.35 41.70392732195782 0
      vertex -340.85 40.26055164898376 5.6
    endloop
  endfacet
  facet normal -1 0 0
    outer loop
      vertex -338.35 41.70392732195782 5.6
      vertex -338.35 44.59067866790595 5.6
      vertex -338.35 44.59067866790595 0
    endloop
  endfacet
  facet normal -0.4999999999999998 -0.8660254037844388 0
    outer loop
      vertex -338.35 44.59067866790595 5.6
      vertex -340.85 46.03405434088001 5.6
      vertex -340.85 46.03405434088001 0
    endloop
  endfacet
  facet normal -0.4999999999999998 0.8660254037844388 0
    outer loop
      vertex -338.35 41.70392732195782 0
      vertex -340.85 40.26055164898376 0
      vertex -340.85 40.26055164898376 5.6
    endloop
  endfacet
  facet normal -1 0 0
    outer loop
      vertex -338.35 41.70392732195782 5.6
      vertex -338.35 44.59067866790595 0
      vertex -338.35 41.70392732195782 0
    endloop
  endfacet
  facet normal -0.4999999999999998 -0.8660254037844388 0
    outer loop
      vertex -338.35 44.59067866790595 5.6
      vertex -340.85 46.03405434088001 0
      vertex -338.35 44.59067866790595 0
    endloop
  endfacet
  facet normal 0.4999999999999998 0.8660254037844388 0
    outer loop
      vertex -340.85 40.26055164898376 5.6
      vertex -340.85 40.26055164898376 0
      vertex -343.35 41.70392732195782 5.6
    endloop
  endfacet
  facet normal 1 0 0
    outer loop
      vertex -343.35 41.70392732195782 5.6
      vertex -343.35 41.70392732195782 0
      vertex -343.35 44.59067866790595 5.6
    endloop
  endfacet
  facet normal 0.4999999999999998 -0.8660254037844388 0
    outer loop
      vertex -343.35 44.59067866790595 5.6
      vertex -343.35 44.59067866790595 0
      vertex -340.85 46.03405434088001 5.6
    endloop
  endfacet
  facet normal 0.4999999999999998 0.8660254037844388 0
    outer loop
      vertex -343.35 41.70392732195782 5.6
      vertex -340.85 40.26055164898376 0
      vertex -343.35 41.70392732195782 0
    endloop
  endfacet
  facet normal 1 0 0
    outer loop
      vertex -343.35 44.59067866790595 5.6
      vertex -343.35 41.70392732195782 0
      vertex -343.35 44.59067866790595 0
    endloop
  endfacet
  facet normal 0.4999999999999998 -0.8660254037844388 0
    outer loop
      vertex -340.85 46.03405434088001 5.6
      vertex -343.35 44.59067866790595 0
      vertex -340.85 46.03405434088001 0
    endloop
  endfacet
  facet normal -1 0 0
    outer loop
      vertex -344.95 41.70392732195782 5.6
      vertex -344.95 44.59067866790595 5.6
      vertex -344.95 44.59067866790595 0
    endloop
  endfacet
  facet normal -0.4999999999999998 0.8660254037844388 0
    outer loop
      vertex -347.45 40.26055164898376 5.6
      vertex -344.95 41.70392732195782 5.6
      vertex -344.95 41.70392732195782 0
    endloop
  endfacet
  facet normal -0.4999999999999998 -0.8660254037844388 0
    outer loop
      vertex -344.95 44.59067866790595 5.6
      vertex -347.45 46.03405434088001 5.6
      vertex -347.45 46.03405434088001 0
    endloop
  endfacet
  facet normal 0.4999999999999998 0.8660254037844388 0
    outer loop
      vertex -347.45 40.26055164898376 5.6
      vertex -347.45 40.26055164898376 0
      vertex -349.95 41.70392732195782 5.6
    endloop
  endfacet
  facet normal 1 0 0
    outer loop
      vertex -349.95 41.70392732195782 5.6
      vertex -349.95 41.70392732195782 0
      vertex -349.95 44.59067866790595 5.6
    endloop
  endfacet
  facet normal 0.4999999999999998 -0.8660254037844388 0
    outer loop
      vertex -347.45 46.03405434088001 5.6
      vertex -349.95 44.59067866790595 5.6
      vertex -349.95 44.59067866790595 0
    endloop
  endfacet
  facet normal -1 0 0
    outer loop
      vertex -344.95 41.70392732195782 5.6
      vertex -344.95 44.59067866790595 0
      vertex -344.95 41.70392732195782 0
    endloop
  endfacet
  facet normal -0.4999999999999998 0.8660254037844388 0
    outer loop
      vertex -347.45 40.26055164898376 5.6
      vertex -344.95 41.70392732195782 0
      vertex -347.45 40.26055164898376 0
    endloop
  endfacet
  facet normal -0.4999999999999998 -0.8660254037844388 0
    outer loop
      vertex -344.95 44.59067866790595 5.6
      vertex -347.45 46.03405434088001 0
      vertex -344.95 44.59067866790595 0
    endloop
  endfacet
  facet normal 0.4999999999999998 0.8660254037844388 0
    outer loop
      vertex -349.95 41.70392732195782 5.6
      vertex -347.45 40.26055164898376 0
      vertex -349.95 41.70392732195782 0
    endloop
  endfacet
  facet normal 1 0 0
    outer loop
      vertex -349.95 44.59067866790595 5.6
      vertex -349.95 41.70392732195782 0
      vertex -349.95 44.59067866790595 0
    endloop
  endfacet
  facet normal 0.4999999999999998 -0.8660254037844388 0
    outer loop
      vertex -347.45 46.03405434088001 5.6
      vertex -349.95 44.59067866790595 0
      vertex -347.45 46.03405434088001 0
    endloop
  endfacet
  facet normal -0.4999999999999998 0.8660254037844388 0
    outer loop
      vertex -354.05 40.26055164898376 5.6
      vertex -351.55 41.70392732195782 5.6
      vertex -351.55 41.70392732195782 0
    endloop
  endfacet
  facet normal -1 0 0
    outer loop
      vertex -351.55 41.70392732195782 5.6
      vertex -351.55 44.59067866790595 5.6
      vertex -351.55 44.59067866790595 0
    endloop
  endfacet
  facet normal 0.4999999999999998 0.8660254037844388 0
    outer loop
      vertex -354.05 40.26055164898376 5.6
      vertex -354.05 40.26055164898376 0
      vertex -356.55 41.70392732195782 5.6
    endloop
  endfacet
  facet normal -0.4999999999999998 -0.8660254037844388 0
    outer loop
      vertex -351.55 44.59067866790595 5.6
      vertex -354.05 46.03405434088001 5.6
      vertex -354.05 46.03405434088001 0
    endloop
  endfacet
  facet normal 1 0 0
    outer loop
      vertex -356.55 41.70392732195782 5.6
      vertex -356.55 41.70392732195782 0
      vertex -356.55 44.59067866790595 5.6
    endloop
  endfacet
  facet normal 0.4999999999999998 -0.8660254037844388 0
    outer loop
      vertex -354.05 46.03405434088001 5.6
      vertex -356.55 44.59067866790595 5.6
      vertex -356.55 44.59067866790595 0
    endloop
  endfacet
  facet normal -1 0 0
    outer loop
      vertex -351.55 41.70392732195782 5.6
      vertex -351.55 44.59067866790595 0
      vertex -351.55 41.70392732195782 0
    endloop
  endfacet
  facet normal -0.4999999999999998 0.8660254037844388 0
    outer loop
      vertex -354.05 40.26055164898376 5.6
      vertex -351.55 41.70392732195782 0
      vertex -354.05 40.26055164898376 0
    endloop
  endfacet
  facet normal -0.4999999999999998 -0.8660254037844388 0
    outer loop
      vertex -351.55 44.59067866790595 5.6
      vertex -354.05 46.03405434088001 0
      vertex -351.55 44.59067866790595 0
    endloop
  endfacet
  facet normal 0.4999999999999998 -0.8660254037844388 0
    outer loop
      vertex -354.05 46.03405434088001 5.6
      vertex -356.55 44.59067866790595 0
      vertex -354.05 46.03405434088001 0
    endloop
  endfacet
  facet normal 0.4999999999999998 0.8660254037844388 0
    outer loop
      vertex -356.55 41.70392732195782 5.6
      vertex -354.05 40.26055164898376 0
      vertex -356.55 41.70392732195782 0
    endloop
  endfacet
  facet normal 1 0 0
    outer loop
      vertex -356.55 44.59067866790595 5.6
      vertex -356.55 41.70392732195782 0
      vertex -356.55 44.59067866790595 0
    endloop
  endfacet
  facet normal -1 0 0
    outer loop
      vertex -358.15000000000003 41.70392732195782 5.6
      vertex -358.15000000000003 44.59067866790595 5.6
      vertex -358.15000000000003 44.59067866790595 0
    endloop
  endfacet
  facet normal -0.4999999999999998 0.8660254037844388 0
    outer loop
      vertex -360.65000000000003 40.26055164898376 5.6
      vertex -358.15000000000003 41.70392732195782 5.6
      vertex -358.15000000000003 41.70392732195782 0
    endloop
  endfacet
  facet normal 0.4999999999999998 0.8660254037844388 0
    outer loop
      vertex -360.65000000000003 40.26055164898376 5.6
      vertex -360.65000000000003 40.26055164898376 0
      vertex -363.15000000000003 41.70392732195782 5.6
    endloop
  endfacet
  facet normal -0.4999999999999998 -0.8660254037844388 0
    outer loop
      vertex -358.15000000000003 44.59067866790595 5.6
      vertex -360.65000000000003 46.03405434088001 5.6
      vertex -360.65000000000003 46.03405434088001 0
    endloop
  endfacet
  facet normal 0.4999999999999998 -0.8660254037844388 0
    outer loop
      vertex -360.65000000000003 46.03405434088001 5.6
      vertex -363.15000000000003 44.59067866790595 5.6
      vertex -363.15000000000003 44.59067866790595 0
    endloop
  endfacet
  facet normal 1 0 0
    outer loop
      vertex -363.15000000000003 41.70392732195782 5.6
      vertex -363.15000000000003 41.70392732195782 0
      vertex -363.15000000000003 44.59067866790595 5.6
    endloop
  endfacet
  facet normal -1 0 0
    outer loop
      vertex -358.15000000000003 41.70392732195782 5.6
      vertex -358.15000000000003 44.59067866790595 0
      vertex -358.15000000000003 41.70392732195782 0
    endloop
  endfacet
  facet normal -0.4999999999999998 0.8660254037844388 0
    outer loop
      vertex -360.65000000000003 40.26055164898376 5.6
      vertex -358.15000000000003 41.70392732195782 0
      vertex -360.65000000000003 40.26055164898376 0
    endloop
  endfacet
  facet normal 0.4999999999999998 0.8660254037844388 0
    outer loop
      vertex -363.15000000000003 41.70392732195782 5.6
      vertex -360.65000000000003 40.26055164898376 0
      vertex -363.15000000000003 41.70392732195782 0
    endloop
  endfacet
  facet normal -0.4999999999999998 -0.8660254037844388 0
    outer loop
      vertex -358.15000000000003 44.59067866790595 5.6
      vertex -360.65000000000003 46.03405434088001 0
      vertex -358.15000000000003 44.59067866790595 0
    endloop
  endfacet
  facet normal 0.4999999999999998 -0.8660254037844388 0
    outer loop
      vertex -360.65000000000003 46.03405434088001 5.6
      vertex -363.15000000000003 44.59067866790595 0
      vertex -360.65000000000003 46.03405434088001 0
    endloop
  endfacet
  facet normal 1 0 0
    outer loop
      vertex -363.15000000000003 44.59067866790595 5.6
      vertex -363.15000000000003 41.70392732195782 0
      vertex -363.15000000000003 44.59067866790595 0
    endloop
  endfacet
  facet normal -0.4999999999999998 0.8660254037844388 0
    outer loop
      vertex -308.65000000000003 47.41969498693511 5.6
      vertex -308.65000000000003 47.41969498693511 0
      vertex -311.15000000000003 45.97631931396105 5.6
    endloop
  endfacet
  facet normal -1 0 0
    outer loop
      vertex -308.65000000000003 47.41969498693511 5.6
      vertex -308.65000000000003 50.30644633288324 5.6
      vertex -308.65000000000003 50.30644633288324 0
    endloop
  endfacet
  facet normal -1 0 0
    outer loop
      vertex -308.65000000000003 47.41969498693511 5.6
      vertex -308.65000000000003 50.30644633288324 0
      vertex -308.65000000000003 47.41969498693511 0
    endloop
  endfacet
  facet normal -0.4999999999999998 -0.8660254037844388 0
    outer loop
      vertex -308.65000000000003 50.30644633288324 5.6
      vertex -311.15000000000003 51.749822005857304 0
      vertex -308.65000000000003 50.30644633288324 0
    endloop
  endfacet
  facet normal 0.4999999999999998 0.8660254037844388 0
    outer loop
      vertex -311.15000000000003 45.97631931396105 5.6
      vertex -311.15000000000003 45.97631931396105 0
      vertex -313.65000000000003 47.41969498693511 5.6
    endloop
  endfacet
  facet normal 1 0 0
    outer loop
      vertex -313.65000000000003 47.41969498693511 5.6
      vertex -313.65000000000003 47.41969498693511 0
      vertex -313.65000000000003 50.30644633288324 5.6
    endloop
  endfacet
  facet normal -0.4999999999999998 -0.8660254037844388 0
    outer loop
      vertex -308.65000000000003 50.30644633288324 5.6
      vertex -311.15000000000003 51.749822005857304 5.6
      vertex -311.15000000000003 51.749822005857304 0
    endloop
  endfacet
  facet normal 0.4999999999999998 -0.8660254037844388 0
    outer loop
      vertex -311.15000000000003 51.749822005857304 5.6
      vertex -313.65000000000003 50.30644633288324 5.6
      vertex -313.65000000000003 50.30644633288324 0
    endloop
  endfacet
  facet normal -0.4999999999999998 0.8660254037844388 0
    outer loop
      vertex -308.65000000000003 47.41969498693511 0
      vertex -311.15000000000003 45.97631931396105 0
      vertex -311.15000000000003 45.97631931396105 5.6
    endloop
  endfacet
  facet normal 0.4999999999999998 0.8660254037844388 0
    outer loop
      vertex -313.65000000000003 47.41969498693511 5.6
      vertex -311.15000000000003 45.97631931396105 0
      vertex -313.65000000000003 47.41969498693511 0
    endloop
  endfacet
  facet normal 1 0 0
    outer loop
      vertex -313.65000000000003 50.30644633288324 5.6
      vertex -313.65000000000003 47.41969498693511 0
      vertex -313.65000000000003 50.30644633288324 0
    endloop
  endfacet
  facet normal 0.4999999999999998 -0.8660254037844388 0
    outer loop
      vertex -311.15000000000003 51.749822005857304 5.6
      vertex -313.65000000000003 50.30644633288324 0
      vertex -311.15000000000003 51.749822005857304 0
    endloop
  endfacet
  facet normal -0.4999999999999998 0.8660254037844388 0
    outer loop
      vertex -315.25 47.41969498693511 5.6
      vertex -315.25 47.41969498693511 0
      vertex -317.75 45.97631931396105 5.6
    endloop
  endfacet
  facet normal 0.4999999999999998 0.8660254037844388 0
    outer loop
      vertex -317.75 45.97631931396105 5.6
      vertex -317.75 45.97631931396105 0
      vertex -320.25 47.41969498693511 5.6
    endloop
  endfacet
  facet normal 1 0 0
    outer loop
      vertex -320.25 47.41969498693511 5.6
      vertex -320.25 47.41969498693511 0
      vertex -320.25 50.30644633288324 5.6
    endloop
  endfacet
  facet normal -1 0 0
    outer loop
      vertex -315.25 47.41969498693511 5.6
      vertex -315.25 50.30644633288324 5.6
      vertex -315.25 50.30644633288324 0
    endloop
  endfacet
  facet normal -0.4999999999999998 -0.8660254037844388 0
    outer loop
      vertex -315.25 50.30644633288324 5.6
      vertex -317.75 51.749822005857304 5.6
      vertex -317.75 51.749822005857304 0
    endloop
  endfacet
  facet normal 0.4999999999999998 -0.8660254037844388 0
    outer loop
      vertex -317.75 51.749822005857304 5.6
      vertex -320.25 50.30644633288324 5.6
      vertex -320.25 50.30644633288324 0
    endloop
  endfacet
  facet normal -1 0 0
    outer loop
      vertex -315.25 47.41969498693511 5.6
      vertex -315.25 50.30644633288324 0
      vertex -315.25 47.41969498693511 0
    endloop
  endfacet
  facet normal -0.4999999999999998 0.8660254037844388 0
    outer loop
      vertex -317.75 45.97631931396105 5.6
      vertex -315.25 47.41969498693511 0
      vertex -317.75 45.97631931396105 0
    endloop
  endfacet
  facet normal 0.4999999999999998 0.8660254037844388 0
    outer loop
      vertex -320.25 47.41969498693511 5.6
      vertex -317.75 45.97631931396105 0
      vertex -320.25 47.41969498693511 0
    endloop
  endfacet
  facet normal -0.4999999999999998 -0.8660254037844388 0
    outer loop
      vertex -315.25 50.30644633288324 5.6
      vertex -317.75 51.749822005857304 0
      vertex -315.25 50.30644633288324 0
    endloop
  endfacet
  facet normal 0.4999999999999998 -0.8660254037844388 0
    outer loop
      vertex -317.75 51.749822005857304 5.6
      vertex -320.25 50.30644633288324 0
      vertex -317.75 51.749822005857304 0
    endloop
  endfacet
  facet normal 1 0 0
    outer loop
      vertex -320.25 50.30644633288324 5.6
      vertex -320.25 47.41969498693511 0
      vertex -320.25 50.30644633288324 0
    endloop
  endfacet
  facet normal -0.4999999999999998 0.8660254037844388 0
    outer loop
      vertex -321.85 47.41969498693511 5.6
      vertex -321.85 47.41969498693511 0
      vertex -324.35 45.97631931396105 5.6
    endloop
  endfacet
  facet normal -1 0 0
    outer loop
      vertex -321.85 47.41969498693511 5.6
      vertex -321.85 50.30644633288324 5.6
      vertex -321.85 50.30644633288324 0
    endloop
  endfacet
  facet normal -0.4999999999999998 -0.8660254037844388 0
    outer loop
      vertex -321.85 50.30644633288324 5.6
      vertex -324.35 51.749822005857304 5.6
      vertex -324.35 51.749822005857304 0
    endloop
  endfacet
  facet normal 0.4999999999999998 0.8660254037844388 0
    outer loop
      vertex -324.35 45.97631931396105 5.6
      vertex -324.35 45.97631931396105 0
      vertex -326.85 47.41969498693511 5.6
    endloop
  endfacet
  facet normal 1 0 0
    outer loop
      vertex -326.85 47.41969498693511 5.6
      vertex -326.85 47.41969498693511 0
      vertex -326.85 50.30644633288324 5.6
    endloop
  endfacet
  facet normal 0.4999999999999998 -0.8660254037844388 0
    outer loop
      vertex -324.35 51.749822005857304 5.6
      vertex -326.85 50.30644633288324 5.6
      vertex -326.85 50.30644633288324 0
    endloop
  endfacet
  facet normal -1 0 0
    outer loop
      vertex -321.85 47.41969498693511 5.6
      vertex -321.85 50.30644633288324 0
      vertex -321.85 47.41969498693511 0
    endloop
  endfacet
  facet normal -0.4999999999999998 0.8660254037844388 0
    outer loop
      vertex -324.35 45.97631931396105 5.6
      vertex -321.85 47.41969498693511 0
      vertex -324.35 45.97631931396105 0
    endloop
  endfacet
  facet normal -0.4999999999999998 -0.8660254037844388 0
    outer loop
      vertex -321.85 50.30644633288324 5.6
      vertex -324.35 51.749822005857304 0
      vertex -321.85 50.30644633288324 0
    endloop
  endfacet
  facet normal 0.4999999999999998 0.8660254037844388 0
    outer loop
      vertex -326.85 47.41969498693511 5.6
      vertex -324.35 45.97631931396105 0
      vertex -326.85 47.41969498693511 0
    endloop
  endfacet
  facet normal 1 0 0
    outer loop
      vertex -326.85 50.30644633288324 5.6
      vertex -326.85 47.41969498693511 0
      vertex -326.85 50.30644633288324 0
    endloop
  endfacet
  facet normal 0.4999999999999998 -0.8660254037844388 0
    outer loop
      vertex -324.35 51.749822005857304 5.6
      vertex -326.85 50.30644633288324 0
      vertex -324.35 51.749822005857304 0
    endloop
  endfacet
  facet normal -0.4999999999999998 0.8660254037844388 0
    outer loop
      vertex -328.45 47.41969498693511 5.6
      vertex -328.45 47.41969498693511 0
      vertex -330.95 45.97631931396105 5.6
    endloop
  endfacet
  facet normal 0.4999999999999998 0.8660254037844388 0
    outer loop
      vertex -330.95 45.97631931396105 5.6
      vertex -330.95 45.97631931396105 0
      vertex -333.45 47.41969498693511 5.6
    endloop
  endfacet
  facet normal 1 0 0
    outer loop
      vertex -333.45 47.41969498693511 5.6
      vertex -333.45 47.41969498693511 0
      vertex -333.45 50.30644633288324 5.6
    endloop
  endfacet
  facet normal -1 0 0
    outer loop
      vertex -328.45 47.41969498693511 5.6
      vertex -328.45 50.30644633288324 5.6
      vertex -328.45 50.30644633288324 0
    endloop
  endfacet
  facet normal -0.4999999999999998 -0.8660254037844388 0
    outer loop
      vertex -328.45 50.30644633288324 5.6
      vertex -330.95 51.749822005857304 5.6
      vertex -330.95 51.749822005857304 0
    endloop
  endfacet
  facet normal 0.4999999999999998 -0.8660254037844388 0
    outer loop
      vertex -330.95 51.749822005857304 5.6
      vertex -333.45 50.30644633288324 5.6
      vertex -333.45 50.30644633288324 0
    endloop
  endfacet
  facet normal -1 0 0
    outer loop
      vertex -328.45 47.41969498693511 5.6
      vertex -328.45 50.30644633288324 0
      vertex -328.45 47.41969498693511 0
    endloop
  endfacet
  facet normal -0.4999999999999998 0.8660254037844388 0
    outer loop
      vertex -330.95 45.97631931396105 5.6
      vertex -328.45 47.41969498693511 0
      vertex -330.95 45.97631931396105 0
    endloop
  endfacet
  facet normal 0.4999999999999998 0.8660254037844388 0
    outer loop
      vertex -333.45 47.41969498693511 5.6
      vertex -330.95 45.97631931396105 0
      vertex -333.45 47.41969498693511 0
    endloop
  endfacet
  facet normal -0.4999999999999998 -0.8660254037844388 0
    outer loop
      vertex -328.45 50.30644633288324 5.6
      vertex -330.95 51.749822005857304 0
      vertex -328.45 50.30644633288324 0
    endloop
  endfacet
  facet normal 0.4999999999999998 -0.8660254037844388 0
    outer loop
      vertex -330.95 51.749822005857304 5.6
      vertex -333.45 50.30644633288324 0
      vertex -330.95 51.749822005857304 0
    endloop
  endfacet
  facet normal 1 0 0
    outer loop
      vertex -333.45 50.30644633288324 5.6
      vertex -333.45 47.41969498693511 0
      vertex -333.45 50.30644633288324 0
    endloop
  endfacet
  facet normal -0.4999999999999998 0.8660254037844388 0
    outer loop
      vertex -335.05 47.41969498693511 5.6
      vertex -335.05 47.41969498693511 0
      vertex -337.55 45.97631931396105 5.6
    endloop
  endfacet
  facet normal 0.4999999999999998 0.8660254037844388 0
    outer loop
      vertex -337.55 45.97631931396105 5.6
      vertex -337.55 45.97631931396105 0
      vertex -340.05 47.41969498693511 5.6
    endloop
  endfacet
  facet normal -1 0 0
    outer loop
      vertex -335.05 47.41969498693511 5.6
      vertex -335.05 50.30644633288324 5.6
      vertex -335.05 50.30644633288324 0
    endloop
  endfacet
  facet normal -0.4999999999999998 -0.8660254037844388 0
    outer loop
      vertex -335.05 50.30644633288324 5.6
      vertex -337.55 51.749822005857304 5.6
      vertex -337.55 51.749822005857304 0
    endloop
  endfacet
  facet normal 0.4999999999999998 -0.8660254037844388 0
    outer loop
      vertex -337.55 51.749822005857304 5.6
      vertex -340.05 50.30644633288324 5.6
      vertex -340.05 50.30644633288324 0
    endloop
  endfacet
  facet normal -1 0 0
    outer loop
      vertex -335.05 47.41969498693511 5.6
      vertex -335.05 50.30644633288324 0
      vertex -335.05 47.41969498693511 0
    endloop
  endfacet
  facet normal -0.4999999999999998 0.8660254037844388 0
    outer loop
      vertex -337.55 45.97631931396105 5.6
      vertex -335.05 47.41969498693511 0
      vertex -337.55 45.97631931396105 0
    endloop
  endfacet
  facet normal 0.4999999999999998 0.8660254037844388 0
    outer loop
      vertex -337.55 45.97631931396105 0
      vertex -340.05 47.41969498693511 0
      vertex -340.05 47.41969498693511 5.6
    endloop
  endfacet
  facet normal -0.4999999999999998 -0.8660254037844388 0
    outer loop
      vertex -335.05 50.30644633288324 5.6
      vertex -337.55 51.749822005857304 0
      vertex -335.05 50.30644633288324 0
    endloop
  endfacet
  facet normal 0.4999999999999998 -0.8660254037844388 0
    outer loop
      vertex -337.55 51.749822005857304 5.6
      vertex -340.05 50.30644633288324 0
      vertex -337.55 51.749822005857304 0
    endloop
  endfacet
  facet normal 1 0 0
    outer loop
      vertex -340.05 47.41969498693511 5.6
      vertex -340.05 47.41969498693511 0
      vertex -340.05 50.30644633288324 5.6
    endloop
  endfacet
  facet normal 1 0 0
    outer loop
      vertex -340.05 50.30644633288324 5.6
      vertex -340.05 47.41969498693511 0
      vertex -340.05 50.30644633288324 0
    endloop
  endfacet
  facet normal -0.4999999999999998 0.8660254037844388 0
    outer loop
      vertex -341.65 47.41969498693511 5.6
      vertex -341.65 47.41969498693511 0
      vertex -344.15 45.97631931396105 5.6
    endloop
  endfacet
  facet normal 0.4999999999999998 0.8660254037844388 0
    outer loop
      vertex -344.15 45.97631931396105 5.6
      vertex -344.15 45.97631931396105 0
      vertex -346.65 47.41969498693511 5.6
    endloop
  endfacet
  facet normal 1 0 0
    outer loop
      vertex -346.65 47.41969498693511 5.6
      vertex -346.65 47.41969498693511 0
      vertex -346.65 50.30644633288324 5.6
    endloop
  endfacet
  facet normal -1 0 0
    outer loop
      vertex -341.65 47.41969498693511 5.6
      vertex -341.65 50.30644633288324 5.6
      vertex -341.65 50.30644633288324 0
    endloop
  endfacet
  facet normal -0.4999999999999998 -0.8660254037844388 0
    outer loop
      vertex -341.65 50.30644633288324 5.6
      vertex -344.15 51.749822005857304 5.6
      vertex -344.15 51.749822005857304 0
    endloop
  endfacet
  facet normal 0.4999999999999998 -0.8660254037844388 0
    outer loop
      vertex -344.15 51.749822005857304 5.6
      vertex -346.65 50.30644633288324 5.6
      vertex -346.65 50.30644633288324 0
    endloop
  endfacet
  facet normal -1 0 0
    outer loop
      vertex -341.65 47.41969498693511 5.6
      vertex -341.65 50.30644633288324 0
      vertex -341.65 47.41969498693511 0
    endloop
  endfacet
  facet normal -0.4999999999999998 0.8660254037844388 0
    outer loop
      vertex -344.15 45.97631931396105 5.6
      vertex -341.65 47.41969498693511 0
      vertex -344.15 45.97631931396105 0
    endloop
  endfacet
  facet normal 0.4999999999999998 0.8660254037844388 0
    outer loop
      vertex -346.65 47.41969498693511 5.6
      vertex -344.15 45.97631931396105 0
      vertex -346.65 47.41969498693511 0
    endloop
  endfacet
  facet normal -0.4999999999999998 -0.8660254037844388 0
    outer loop
      vertex -341.65 50.30644633288324 5.6
      vertex -344.15 51.749822005857304 0
      vertex -341.65 50.30644633288324 0
    endloop
  endfacet
  facet normal 0.4999999999999998 -0.8660254037844388 0
    outer loop
      vertex -344.15 51.749822005857304 5.6
      vertex -346.65 50.30644633288324 0
      vertex -344.15 51.749822005857304 0
    endloop
  endfacet
  facet normal 1 0 0
    outer loop
      vertex -346.65 50.30644633288324 5.6
      vertex -346.65 47.41969498693511 0
      vertex -346.65 50.30644633288324 0
    endloop
  endfacet
  facet normal -0.4999999999999998 0.8660254037844388 0
    outer loop
      vertex -348.25 47.41969498693511 5.6
      vertex -348.25 47.41969498693511 0
      vertex -350.75 45.97631931396105 5.6
    endloop
  endfacet
  facet normal 0.4999999999999998 0.8660254037844388 0
    outer loop
      vertex -350.75 45.97631931396105 5.6
      vertex -350.75 45.97631931396105 0
      vertex -353.25 47.41969498693511 5.6
    endloop
  endfacet
  facet normal 1 0 0
    outer loop
      vertex -353.25 47.41969498693511 5.6
      vertex -353.25 47.41969498693511 0
      vertex -353.25 50.30644633288324 5.6
    endloop
  endfacet
  facet normal -1 0 0
    outer loop
      vertex -348.25 47.41969498693511 5.6
      vertex -348.25 50.30644633288324 5.6
      vertex -348.25 50.30644633288324 0
    endloop
  endfacet
  facet normal -0.4999999999999998 -0.8660254037844388 0
    outer loop
      vertex -348.25 50.30644633288324 5.6
      vertex -350.75 51.749822005857304 5.6
      vertex -350.75 51.749822005857304 0
    endloop
  endfacet
  facet normal 0.4999999999999998 -0.8660254037844388 0
    outer loop
      vertex -350.75 51.749822005857304 5.6
      vertex -353.25 50.30644633288324 5.6
      vertex -353.25 50.30644633288324 0
    endloop
  endfacet
  facet normal -1 0 0
    outer loop
      vertex -348.25 47.41969498693511 5.6
      vertex -348.25 50.30644633288324 0
      vertex -348.25 47.41969498693511 0
    endloop
  endfacet
  facet normal -0.4999999999999998 0.8660254037844388 0
    outer loop
      vertex -350.75 45.97631931396105 5.6
      vertex -348.25 47.41969498693511 0
      vertex -350.75 45.97631931396105 0
    endloop
  endfacet
  facet normal 0.4999999999999998 0.8660254037844388 0
    outer loop
      vertex -353.25 47.41969498693511 5.6
      vertex -350.75 45.97631931396105 0
      vertex -353.25 47.41969498693511 0
    endloop
  endfacet
  facet normal -0.4999999999999998 -0.8660254037844388 0
    outer loop
      vertex -348.25 50.30644633288324 5.6
      vertex -350.75 51.749822005857304 0
      vertex -348.25 50.30644633288324 0
    endloop
  endfacet
  facet normal 0.4999999999999998 -0.8660254037844388 0
    outer loop
      vertex -350.75 51.749822005857304 5.6
      vertex -353.25 50.30644633288324 0
      vertex -350.75 51.749822005857304 0
    endloop
  endfacet
  facet normal 1 0 0
    outer loop
      vertex -353.25 50.30644633288324 5.6
      vertex -353.25 47.41969498693511 0
      vertex -353.25 50.30644633288324 0
    endloop
  endfacet
  facet normal -1 0 0
    outer loop
      vertex -354.85 47.41969498693511 5.6
      vertex -354.85 50.30644633288324 5.6
      vertex -354.85 50.30644633288324 0
    endloop
  endfacet
  facet normal -0.4999999999999998 0.8660254037844388 0
    outer loop
      vertex -354.85 47.41969498693511 5.6
      vertex -354.85 47.41969498693511 0
      vertex -357.35 45.97631931396105 5.6
    endloop
  endfacet
  facet normal 0.4999999999999998 0.8660254037844388 0
    outer loop
      vertex -357.35 45.97631931396105 5.6
      vertex -357.35 45.97631931396105 0
      vertex -359.85 47.41969498693511 5.6
    endloop
  endfacet
  facet normal 1 0 0
    outer loop
      vertex -359.85 47.41969498693511 5.6
      vertex -359.85 47.41969498693511 0
      vertex -359.85 50.30644633288324 5.6
    endloop
  endfacet
  facet normal -0.4999999999999998 -0.8660254037844388 0
    outer loop
      vertex -354.85 50.30644633288324 5.6
      vertex -357.35 51.749822005857304 5.6
      vertex -357.35 51.749822005857304 0
    endloop
  endfacet
  facet normal 0.4999999999999998 -0.8660254037844388 0
    outer loop
      vertex -357.35 51.749822005857304 5.6
      vertex -359.85 50.30644633288324 5.6
      vertex -359.85 50.30644633288324 0
    endloop
  endfacet
  facet normal -1 0 0
    outer loop
      vertex -354.85 47.41969498693511 5.6
      vertex -354.85 50.30644633288324 0
      vertex -354.85 47.41969498693511 0
    endloop
  endfacet
  facet normal -0.4999999999999998 0.8660254037844388 0
    outer loop
      vertex -357.35 45.97631931396105 5.6
      vertex -354.85 47.41969498693511 0
      vertex -357.35 45.97631931396105 0
    endloop
  endfacet
  facet normal 0.4999999999999998 0.8660254037844388 0
    outer loop
      vertex -359.85 47.41969498693511 5.6
      vertex -357.35 45.97631931396105 0
      vertex -359.85 47.41969498693511 0
    endloop
  endfacet
  facet normal -0.4999999999999998 -0.8660254037844388 0
    outer loop
      vertex -354.85 50.30644633288324 5.6
      vertex -357.35 51.749822005857304 0
      vertex -354.85 50.30644633288324 0
    endloop
  endfacet
  facet normal 0.4999999999999998 -0.8660254037844388 0
    outer loop
      vertex -357.35 51.749822005857304 5.6
      vertex -359.85 50.30644633288324 0
      vertex -357.35 51.749822005857304 0
    endloop
  endfacet
  facet normal 1 0 0
    outer loop
      vertex -359.85 50.30644633288324 5.6
      vertex -359.85 47.41969498693511 0
      vertex -359.85 50.30644633288324 0
    endloop
  endfacet
  facet normal -0.4999999999999998 0.8660254037844388 0
    outer loop
      vertex -305.35 53.135462651912405 5.6
      vertex -305.35 53.135462651912405 0
      vertex -307.85 51.69208697893834 5.6
    endloop
  endfacet
  facet normal -1 0 0
    outer loop
      vertex -305.35 53.135462651912405 5.6
      vertex -305.35 56.02221399786053 5.6
      vertex -305.35 56.02221399786053 0
    endloop
  endfacet
  facet normal 0.4999999999999998 0.8660254037844388 0
    outer loop
      vertex -307.85 51.69208697893834 5.6
      vertex -307.85 51.69208697893834 0
      vertex -310.35 53.135462651912405 5.6
    endloop
  endfacet
  facet normal 0.4999999999999998 -0.8660254037844388 0
    outer loop
      vertex -307.85 57.465589670834596 5.6
      vertex -310.35 56.02221399786053 5.6
      vertex -310.35 56.02221399786053 0
    endloop
  endfacet
  facet normal -0.4999999999999998 -0.8660254037844388 0
    outer loop
      vertex -305.35 56.02221399786053 5.6
      vertex -307.85 57.465589670834596 5.6
      vertex -307.85 57.465589670834596 0
    endloop
  endfacet
  facet normal -1 0 0
    outer loop
      vertex -305.35 53.135462651912405 5.6
      vertex -305.35 56.02221399786053 0
      vertex -305.35 53.135462651912405 0
    endloop
  endfacet
  facet normal -0.4999999999999998 -0.8660254037844388 0
    outer loop
      vertex -305.35 56.02221399786053 5.6
      vertex -307.85 57.465589670834596 0
      vertex -305.35 56.02221399786053 0
    endloop
  endfacet
  facet normal -0.4999999999999998 0.8660254037844388 0
    outer loop
      vertex -307.85 51.69208697893834 5.6
      vertex -305.35 53.135462651912405 0
      vertex -307.85 51.69208697893834 0
    endloop
  endfacet
  facet normal 0.4999999999999998 0.8660254037844388 0
    outer loop
      vertex -307.85 51.69208697893834 0
      vertex -310.35 53.135462651912405 0
      vertex -310.35 53.135462651912405 5.6
    endloop
  endfacet
  facet normal 0.4999999999999998 -0.8660254037844388 0
    outer loop
      vertex -307.85 57.465589670834596 5.6
      vertex -310.35 56.02221399786053 0
      vertex -307.85 57.465589670834596 0
    endloop
  endfacet
  facet normal 1 0 0
    outer loop
      vertex -310.35 53.135462651912405 5.6
      vertex -310.35 53.135462651912405 0
      vertex -310.35 56.02221399786053 5.6
    endloop
  endfacet
  facet normal 1 0 0
    outer loop
      vertex -310.35 56.02221399786053 5.6
      vertex -310.35 53.135462651912405 0
      vertex -310.35 56.02221399786053 0
    endloop
  endfacet
  facet normal -0.4999999999999998 0.8660254037844388 0
    outer loop
      vertex -311.95000000000005 53.135462651912405 5.6
      vertex -311.95000000000005 53.135462651912405 0
      vertex -314.45000000000005 51.69208697893834 5.6
    endloop
  endfacet
  facet normal -1 0 0
    outer loop
      vertex -311.95000000000005 53.135462651912405 5.6
      vertex -311.95000000000005 56.02221399786053 5.6
      vertex -311.95000000000005 56.02221399786053 0
    endloop
  endfacet
  facet normal 0.4999999999999998 0.8660254037844388 0
    outer loop
      vertex -314.45000000000005 51.69208697893834 5.6
      vertex -314.45000000000005 51.69208697893834 0
      vertex -316.95000000000005 53.135462651912405 5.6
    endloop
  endfacet
  facet normal 1 0 0
    outer loop
      vertex -316.95000000000005 53.135462651912405 5.6
      vertex -316.95000000000005 53.135462651912405 0
      vertex -316.95000000000005 56.02221399786053 5.6
    endloop
  endfacet
  facet normal 0.4999999999999998 -0.8660254037844388 0
    outer loop
      vertex -316.95000000000005 56.02221399786053 5.6
      vertex -316.95000000000005 56.02221399786053 0
      vertex -314.45000000000005 57.465589670834596 5.6
    endloop
  endfacet
  facet normal -0.4999999999999998 -0.8660254037844388 0
    outer loop
      vertex -311.95000000000005 56.02221399786053 5.6
      vertex -314.45000000000005 57.465589670834596 5.6
      vertex -314.45000000000005 57.465589670834596 0
    endloop
  endfacet
  facet normal -0.4999999999999998 0.8660254037844388 0
    outer loop
      vertex -314.45000000000005 51.69208697893834 5.6
      vertex -311.95000000000005 53.135462651912405 0
      vertex -314.45000000000005 51.69208697893834 0
    endloop
  endfacet
  facet normal -1 0 0
    outer loop
      vertex -311.95000000000005 53.135462651912405 5.6
      vertex -311.95000000000005 56.02221399786053 0
      vertex -311.95000000000005 53.135462651912405 0
    endloop
  endfacet
  facet normal -0.4999999999999998 -0.8660254037844388 0
    outer loop
      vertex -311.95000000000005 56.02221399786053 5.6
      vertex -314.45000000000005 57.465589670834596 0
      vertex -311.95000000000005 56.02221399786053 0
    endloop
  endfacet
  facet normal 0.4999999999999998 0.8660254037844388 0
    outer loop
      vertex -316.95000000000005 53.135462651912405 5.6
      vertex -314.45000000000005 51.69208697893834 0
      vertex -316.95000000000005 53.135462651912405 0
    endloop
  endfacet
  facet normal 1 0 0
    outer loop
      vertex -316.95000000000005 56.02221399786053 5.6
      vertex -316.95000000000005 53.135462651912405 0
      vertex -316.95000000000005 56.02221399786053 0
    endloop
  endfacet
  facet normal 0.4999999999999998 -0.8660254037844388 0
    outer loop
      vertex -314.45000000000005 57.465589670834596 5.6
      vertex -316.95000000000005 56.02221399786053 0
      vertex -314.45000000000005 57.465589670834596 0
    endloop
  endfacet
  facet normal -0.4999999999999998 0.8660254037844388 0
    outer loop
      vertex -321.05 51.69208697893834 5.6
      vertex -318.55 53.135462651912405 5.6
      vertex -318.55 53.135462651912405 0
    endloop
  endfacet
  facet normal -1 0 0
    outer loop
      vertex -318.55 53.135462651912405 5.6
      vertex -318.55 56.02221399786053 5.6
      vertex -318.55 56.02221399786053 0
    endloop
  endfacet
  facet normal 0.4999999999999998 0.8660254037844388 0
    outer loop
      vertex -321.05 51.69208697893834 5.6
      vertex -321.05 51.69208697893834 0
      vertex -323.55 53.135462651912405 5.6
    endloop
  endfacet
  facet normal 0.4999999999999998 -0.8660254037844388 0
    outer loop
      vertex -323.55 56.02221399786053 5.6
      vertex -323.55 56.02221399786053 0
      vertex -321.05 57.465589670834596 5.6
    endloop
  endfacet
  facet normal 1 0 0
    outer loop
      vertex -323.55 53.135462651912405 5.6
      vertex -323.55 53.135462651912405 0
      vertex -323.55 56.02221399786053 5.6
    endloop
  endfacet
  facet normal -0.4999999999999998 -0.8660254037844388 0
    outer loop
      vertex -318.55 56.02221399786053 5.6
      vertex -321.05 57.465589670834596 5.6
      vertex -321.05 57.465589670834596 0
    endloop
  endfacet
  facet normal -0.4999999999999998 0.8660254037844388 0
    outer loop
      vertex -321.05 51.69208697893834 5.6
      vertex -318.55 53.135462651912405 0
      vertex -321.05 51.69208697893834 0
    endloop
  endfacet
  facet normal -1 0 0
    outer loop
      vertex -318.55 53.135462651912405 5.6
      vertex -318.55 56.02221399786053 0
      vertex -318.55 53.135462651912405 0
    endloop
  endfacet
  facet normal -0.4999999999999998 -0.8660254037844388 0
    outer loop
      vertex -318.55 56.02221399786053 5.6
      vertex -321.05 57.465589670834596 0
      vertex -318.55 56.02221399786053 0
    endloop
  endfacet
  facet normal 0.4999999999999998 0.8660254037844388 0
    outer loop
      vertex -323.55 53.135462651912405 5.6
      vertex -321.05 51.69208697893834 0
      vertex -323.55 53.135462651912405 0
    endloop
  endfacet
  facet normal 1 0 0
    outer loop
      vertex -323.55 56.02221399786053 5.6
      vertex -323.55 53.135462651912405 0
      vertex -323.55 56.02221399786053 0
    endloop
  endfacet
  facet normal 0.4999999999999998 -0.8660254037844388 0
    outer loop
      vertex -321.05 57.465589670834596 5.6
      vertex -323.55 56.02221399786053 0
      vertex -321.05 57.465589670834596 0
    endloop
  endfacet
  facet normal -0.4999999999999998 0.8660254037844388 0
    outer loop
      vertex -327.65000000000003 51.69208697893834 5.6
      vertex -325.15000000000003 53.135462651912405 5.6
      vertex -325.15000000000003 53.135462651912405 0
    endloop
  endfacet
  facet normal 0.4999999999999998 0.8660254037844388 0
    outer loop
      vertex -327.65000000000003 51.69208697893834 5.6
      vertex -327.65000000000003 51.69208697893834 0
      vertex -330.15000000000003 53.135462651912405 5.6
    endloop
  endfacet
  facet normal -1 0 0
    outer loop
      vertex -325.15000000000003 53.135462651912405 5.6
      vertex -325.15000000000003 56.02221399786053 5.6
      vertex -325.15000000000003 56.02221399786053 0
    endloop
  endfacet
  facet normal 1 0 0
    outer loop
      vertex -330.15000000000003 53.135462651912405 5.6
      vertex -330.15000000000003 53.135462651912405 0
      vertex -330.15000000000003 56.02221399786053 5.6
    endloop
  endfacet
  facet normal 0.4999999999999998 -0.8660254037844388 0
    outer loop
      vertex -330.15000000000003 56.02221399786053 5.6
      vertex -330.15000000000003 56.02221399786053 0
      vertex -327.65000000000003 57.465589670834596 5.6
    endloop
  endfacet
  facet normal -0.4999999999999998 -0.8660254037844388 0
    outer loop
      vertex -325.15000000000003 56.02221399786053 5.6
      vertex -327.65000000000003 57.465589670834596 5.6
      vertex -327.65000000000003 57.465589670834596 0
    endloop
  endfacet
  facet normal -0.4999999999999998 0.8660254037844388 0
    outer loop
      vertex -327.65000000000003 51.69208697893834 5.6
      vertex -325.15000000000003 53.135462651912405 0
      vertex -327.65000000000003 51.69208697893834 0
    endloop
  endfacet
  facet normal -1 0 0
    outer loop
      vertex -325.15000000000003 53.135462651912405 5.6
      vertex -325.15000000000003 56.02221399786053 0
      vertex -325.15000000000003 53.135462651912405 0
    endloop
  endfacet
  facet normal -0.4999999999999998 -0.8660254037844388 0
    outer loop
      vertex -325.15000000000003 56.02221399786053 5.6
      vertex -327.65000000000003 57.465589670834596 0
      vertex -325.15000000000003 56.02221399786053 0
    endloop
  endfacet
  facet normal 0.4999999999999998 0.8660254037844388 0
    outer loop
      vertex -330.15000000000003 53.135462651912405 5.6
      vertex -327.65000000000003 51.69208697893834 0
      vertex -330.15000000000003 53.135462651912405 0
    endloop
  endfacet
  facet normal 1 0 0
    outer loop
      vertex -330.15000000000003 56.02221399786053 5.6
      vertex -330.15000000000003 53.135462651912405 0
      vertex -330.15000000000003 56.02221399786053 0
    endloop
  endfacet
  facet normal 0.4999999999999998 -0.8660254037844388 0
    outer loop
      vertex -327.65000000000003 57.465589670834596 5.6
      vertex -330.15000000000003 56.02221399786053 0
      vertex -327.65000000000003 57.465589670834596 0
    endloop
  endfacet
  facet normal -1 0 0
    outer loop
      vertex -331.75 53.135462651912405 5.6
      vertex -331.75 56.02221399786053 5.6
      vertex -331.75 56.02221399786053 0
    endloop
  endfacet
  facet normal -0.4999999999999998 0.8660254037844388 0
    outer loop
      vertex -331.75 53.135462651912405 5.6
      vertex -331.75 53.135462651912405 0
      vertex -334.25 51.69208697893834 5.6
    endloop
  endfacet
  facet normal 0.4999999999999998 0.8660254037844388 0
    outer loop
      vertex -334.25 51.69208697893834 5.6
      vertex -334.25 51.69208697893834 0
      vertex -336.75 53.135462651912405 5.6
    endloop
  endfacet
  facet normal 0.4999999999999998 -0.8660254037844388 0
    outer loop
      vertex -336.75 56.02221399786053 5.6
      vertex -336.75 56.02221399786053 0
      vertex -334.25 57.465589670834596 5.6
    endloop
  endfacet
  facet normal 1 0 0
    outer loop
      vertex -336.75 53.135462651912405 5.6
      vertex -336.75 53.135462651912405 0
      vertex -336.75 56.02221399786053 5.6
    endloop
  endfacet
  facet normal -0.4999999999999998 -0.8660254037844388 0
    outer loop
      vertex -331.75 56.02221399786053 5.6
      vertex -334.25 57.465589670834596 5.6
      vertex -334.25 57.465589670834596 0
    endloop
  endfacet
  facet normal -1 0 0
    outer loop
      vertex -331.75 53.135462651912405 5.6
      vertex -331.75 56.02221399786053 0
      vertex -331.75 53.135462651912405 0
    endloop
  endfacet
  facet normal -0.4999999999999998 0.8660254037844388 0
    outer loop
      vertex -334.25 51.69208697893834 5.6
      vertex -331.75 53.135462651912405 0
      vertex -334.25 51.69208697893834 0
    endloop
  endfacet
  facet normal 0.4999999999999998 0.8660254037844388 0
    outer loop
      vertex -336.75 53.135462651912405 5.6
      vertex -334.25 51.69208697893834 0
      vertex -336.75 53.135462651912405 0
    endloop
  endfacet
  facet normal -0.4999999999999998 -0.8660254037844388 0
    outer loop
      vertex -331.75 56.02221399786053 5.6
      vertex -334.25 57.465589670834596 0
      vertex -331.75 56.02221399786053 0
    endloop
  endfacet
  facet normal 1 0 0
    outer loop
      vertex -336.75 56.02221399786053 5.6
      vertex -336.75 53.135462651912405 0
      vertex -336.75 56.02221399786053 0
    endloop
  endfacet
  facet normal 0.4999999999999998 -0.8660254037844388 0
    outer loop
      vertex -334.25 57.465589670834596 5.6
      vertex -336.75 56.02221399786053 0
      vertex -334.25 57.465589670834596 0
    endloop
  endfacet
  facet normal -0.4999999999999998 0.8660254037844388 0
    outer loop
      vertex -338.35 53.135462651912405 5.6
      vertex -338.35 53.135462651912405 0
      vertex -340.85 51.69208697893834 5.6
    endloop
  endfacet
  facet normal -1 0 0
    outer loop
      vertex -338.35 53.135462651912405 5.6
      vertex -338.35 56.02221399786053 5.6
      vertex -338.35 56.02221399786053 0
    endloop
  endfacet
  facet normal -0.4999999999999998 -0.8660254037844388 0
    outer loop
      vertex -338.35 56.02221399786053 5.6
      vertex -340.85 57.465589670834596 5.6
      vertex -340.85 57.465589670834596 0
    endloop
  endfacet
  facet normal -0.4999999999999998 0.8660254037844388 0
    outer loop
      vertex -338.35 53.135462651912405 0
      vertex -340.85 51.69208697893834 0
      vertex -340.85 51.69208697893834 5.6
    endloop
  endfacet
  facet normal -1 0 0
    outer loop
      vertex -338.35 53.135462651912405 5.6
      vertex -338.35 56.02221399786053 0
      vertex -338.35 53.135462651912405 0
    endloop
  endfacet
  facet normal -0.4999999999999998 -0.8660254037844388 0
    outer loop
      vertex -338.35 56.02221399786053 5.6
      vertex -340.85 57.465589670834596 0
      vertex -338.35 56.02221399786053 0
    endloop
  endfacet
  facet normal 0.4999999999999998 0.8660254037844388 0
    outer loop
      vertex -340.85 51.69208697893834 5.6
      vertex -340.85 51.69208697893834 0
      vertex -343.35 53.135462651912405 5.6
    endloop
  endfacet
  facet normal 1 0 0
    outer loop
      vertex -343.35 53.135462651912405 5.6
      vertex -343.35 53.135462651912405 0
      vertex -343.35 56.02221399786053 5.6
    endloop
  endfacet
  facet normal 0.4999999999999998 -0.8660254037844388 0
    outer loop
      vertex -343.35 56.02221399786053 5.6
      vertex -343.35 56.02221399786053 0
      vertex -340.85 57.465589670834596 5.6
    endloop
  endfacet
  facet normal 0.4999999999999998 0.8660254037844388 0
    outer loop
      vertex -343.35 53.135462651912405 5.6
      vertex -340.85 51.69208697893834 0
      vertex -343.35 53.135462651912405 0
    endloop
  endfacet
  facet normal 1 0 0
    outer loop
      vertex -343.35 56.02221399786053 5.6
      vertex -343.35 53.135462651912405 0
      vertex -343.35 56.02221399786053 0
    endloop
  endfacet
  facet normal 0.4999999999999998 -0.8660254037844388 0
    outer loop
      vertex -340.85 57.465589670834596 5.6
      vertex -343.35 56.02221399786053 0
      vertex -340.85 57.465589670834596 0
    endloop
  endfacet
  facet normal -0.4999999999999998 0.8660254037844388 0
    outer loop
      vertex -347.45 51.69208697893834 5.6
      vertex -344.95 53.135462651912405 5.6
      vertex -344.95 53.135462651912405 0
    endloop
  endfacet
  facet normal -1 0 0
    outer loop
      vertex -344.95 53.135462651912405 5.6
      vertex -344.95 56.02221399786053 5.6
      vertex -344.95 56.02221399786053 0
    endloop
  endfacet
  facet normal -0.4999999999999998 -0.8660254037844388 0
    outer loop
      vertex -344.95 56.02221399786053 5.6
      vertex -347.45 57.465589670834596 5.6
      vertex -347.45 57.465589670834596 0
    endloop
  endfacet
  facet normal 0.4999999999999998 0.8660254037844388 0
    outer loop
      vertex -347.45 51.69208697893834 5.6
      vertex -347.45 51.69208697893834 0
      vertex -349.95 53.135462651912405 5.6
    endloop
  endfacet
  facet normal 0.4999999999999998 -0.8660254037844388 0
    outer loop
      vertex -347.45 57.465589670834596 5.6
      vertex -349.95 56.02221399786053 5.6
      vertex -349.95 56.02221399786053 0
    endloop
  endfacet
  facet normal 1 0 0
    outer loop
      vertex -349.95 53.135462651912405 5.6
      vertex -349.95 53.135462651912405 0
      vertex -349.95 56.02221399786053 5.6
    endloop
  endfacet
  facet normal -0.4999999999999998 0.8660254037844388 0
    outer loop
      vertex -347.45 51.69208697893834 5.6
      vertex -344.95 53.135462651912405 0
      vertex -347.45 51.69208697893834 0
    endloop
  endfacet
  facet normal -1 0 0
    outer loop
      vertex -344.95 53.135462651912405 5.6
      vertex -344.95 56.02221399786053 0
      vertex -344.95 53.135462651912405 0
    endloop
  endfacet
  facet normal -0.4999999999999998 -0.8660254037844388 0
    outer loop
      vertex -344.95 56.02221399786053 5.6
      vertex -347.45 57.465589670834596 0
      vertex -344.95 56.02221399786053 0
    endloop
  endfacet
  facet normal 0.4999999999999998 0.8660254037844388 0
    outer loop
      vertex -349.95 53.135462651912405 5.6
      vertex -347.45 51.69208697893834 0
      vertex -349.95 53.135462651912405 0
    endloop
  endfacet
  facet normal 1 0 0
    outer loop
      vertex -349.95 56.02221399786053 5.6
      vertex -349.95 53.135462651912405 0
      vertex -349.95 56.02221399786053 0
    endloop
  endfacet
  facet normal 0.4999999999999998 -0.8660254037844388 0
    outer loop
      vertex -347.45 57.465589670834596 5.6
      vertex -349.95 56.02221399786053 0
      vertex -347.45 57.465589670834596 0
    endloop
  endfacet
  facet normal -0.4999999999999998 0.8660254037844388 0
    outer loop
      vertex -354.05 51.69208697893834 5.6
      vertex -351.55 53.135462651912405 5.6
      vertex -351.55 53.135462651912405 0
    endloop
  endfacet
  facet normal 0.4999999999999998 0.8660254037844388 0
    outer loop
      vertex -354.05 51.69208697893834 5.6
      vertex -354.05 51.69208697893834 0
      vertex -356.55 53.135462651912405 5.6
    endloop
  endfacet
  facet normal -1 0 0
    outer loop
      vertex -351.55 53.135462651912405 5.6
      vertex -351.55 56.02221399786053 5.6
      vertex -351.55 56.02221399786053 0
    endloop
  endfacet
  facet normal -0.4999999999999998 -0.8660254037844388 0
    outer loop
      vertex -351.55 56.02221399786053 5.6
      vertex -354.05 57.465589670834596 5.6
      vertex -354.05 57.465589670834596 0
    endloop
  endfacet
  facet normal 1 0 0
    outer loop
      vertex -356.55 53.135462651912405 5.6
      vertex -356.55 53.135462651912405 0
      vertex -356.55 56.02221399786053 5.6
    endloop
  endfacet
  facet normal 0.4999999999999998 -0.8660254037844388 0
    outer loop
      vertex -354.05 57.465589670834596 5.6
      vertex -356.55 56.02221399786053 5.6
      vertex -356.55 56.02221399786053 0
    endloop
  endfacet
  facet normal -0.4999999999999998 0.8660254037844388 0
    outer loop
      vertex -354.05 51.69208697893834 5.6
      vertex -351.55 53.135462651912405 0
      vertex -354.05 51.69208697893834 0
    endloop
  endfacet
  facet normal -1 0 0
    outer loop
      vertex -351.55 53.135462651912405 5.6
      vertex -351.55 56.02221399786053 0
      vertex -351.55 53.135462651912405 0
    endloop
  endfacet
  facet normal -0.4999999999999998 -0.8660254037844388 0
    outer loop
      vertex -351.55 56.02221399786053 5.6
      vertex -354.05 57.465589670834596 0
      vertex -351.55 56.02221399786053 0
    endloop
  endfacet
  facet normal 0.4999999999999998 -0.8660254037844388 0
    outer loop
      vertex -354.05 57.465589670834596 5.6
      vertex -356.55 56.02221399786053 0
      vertex -354.05 57.465589670834596 0
    endloop
  endfacet
  facet normal 0.4999999999999998 0.8660254037844388 0
    outer loop
      vertex -356.55 53.135462651912405 5.6
      vertex -354.05 51.69208697893834 0
      vertex -356.55 53.135462651912405 0
    endloop
  endfacet
  facet normal 1 0 0
    outer loop
      vertex -356.55 56.02221399786053 5.6
      vertex -356.55 53.135462651912405 0
      vertex -356.55 56.02221399786053 0
    endloop
  endfacet
  facet normal -1 0 0
    outer loop
      vertex -358.15000000000003 53.135462651912405 5.6
      vertex -358.15000000000003 56.02221399786053 5.6
      vertex -358.15000000000003 56.02221399786053 0
    endloop
  endfacet
  facet normal -0.4999999999999998 0.8660254037844388 0
    outer loop
      vertex -358.15000000000003 53.135462651912405 5.6
      vertex -358.15000000000003 53.135462651912405 0
      vertex -360.65000000000003 51.69208697893834 5.6
    endloop
  endfacet
  facet normal 0.4999999999999998 0.8660254037844388 0
    outer loop
      vertex -360.65000000000003 51.69208697893834 5.6
      vertex -360.65000000000003 51.69208697893834 0
      vertex -363.15000000000003 53.135462651912405 5.6
    endloop
  endfacet
  facet normal 0.4999999999999998 -0.8660254037844388 0
    outer loop
      vertex -360.65000000000003 57.465589670834596 5.6
      vertex -363.15000000000003 56.02221399786053 5.6
      vertex -363.15000000000003 56.02221399786053 0
    endloop
  endfacet
  facet normal -0.4999999999999998 -0.8660254037844388 0
    outer loop
      vertex -358.15000000000003 56.02221399786053 5.6
      vertex -360.65000000000003 57.465589670834596 5.6
      vertex -360.65000000000003 57.465589670834596 0
    endloop
  endfacet
  facet normal 1 0 0
    outer loop
      vertex -363.15000000000003 53.135462651912405 5.6
      vertex -363.15000000000003 53.135462651912405 0
      vertex -363.15000000000003 56.02221399786053 5.6
    endloop
  endfacet
  facet normal -1 0 0
    outer loop
      vertex -358.15000000000003 53.135462651912405 5.6
      vertex -358.15000000000003 56.02221399786053 0
      vertex -358.15000000000003 53.135462651912405 0
    endloop
  endfacet
  facet normal -0.4999999999999998 0.8660254037844388 0
    outer loop
      vertex -360.65000000000003 51.69208697893834 5.6
      vertex -358.15000000000003 53.135462651912405 0
      vertex -360.65000000000003 51.69208697893834 0
    endloop
  endfacet
  facet normal 0.4999999999999998 0.8660254037844388 0
    outer loop
      vertex -363.15000000000003 53.135462651912405 5.6
      vertex -360.65000000000003 51.69208697893834 0
      vertex -363.15000000000003 53.135462651912405 0
    endloop
  endfacet
  facet normal -0.4999999999999998 -0.8660254037844388 0
    outer loop
      vertex -358.15000000000003 56.02221399786053 5.6
      vertex -360.65000000000003 57.465589670834596 0
      vertex -358.15000000000003 56.02221399786053 0
    endloop
  endfacet
  facet normal 0.4999999999999998 -0.8660254037844388 0
    outer loop
      vertex -360.65000000000003 57.465589670834596 5.6
      vertex -363.15000000000003 56.02221399786053 0
      vertex -360.65000000000003 57.465589670834596 0
    endloop
  endfacet
  facet normal 1 0 0
    outer loop
      vertex -363.15000000000003 56.02221399786053 5.6
      vertex -363.15000000000003 53.135462651912405 0
      vertex -363.15000000000003 56.02221399786053 0
    endloop
  endfacet
  facet normal -0.4999999999999998 0.8660254037844388 0
    outer loop
      vertex -308.65000000000003 58.851230316889705 5.6
      vertex -308.65000000000003 58.851230316889705 0
      vertex -311.15000000000003 57.40785464391564 5.6
    endloop
  endfacet
  facet normal -1 0 0
    outer loop
      vertex -308.65000000000003 58.851230316889705 5.6
      vertex -308.65000000000003 61.73798166283783 5.6
      vertex -308.65000000000003 61.73798166283783 0
    endloop
  endfacet
  facet normal -1 0 0
    outer loop
      vertex -308.65000000000003 58.851230316889705 5.6
      vertex -308.65000000000003 61.73798166283783 0
      vertex -308.65000000000003 58.851230316889705 0
    endloop
  endfacet
  facet normal -0.4999999999999998 -0.8660254037844388 0
    outer loop
      vertex -308.65000000000003 61.73798166283783 5.6
      vertex -311.15000000000003 63.181357335811896 0
      vertex -308.65000000000003 61.73798166283783 0
    endloop
  endfacet
  facet normal 0.4999999999999998 0.8660254037844388 0
    outer loop
      vertex -311.15000000000003 57.40785464391564 5.6
      vertex -311.15000000000003 57.40785464391564 0
      vertex -313.65000000000003 58.851230316889705 5.6
    endloop
  endfacet
  facet normal 1 0 0
    outer loop
      vertex -313.65000000000003 58.851230316889705 5.6
      vertex -313.65000000000003 58.851230316889705 0
      vertex -313.65000000000003 61.73798166283783 5.6
    endloop
  endfacet
  facet normal -0.4999999999999998 -0.8660254037844388 0
    outer loop
      vertex -308.65000000000003 61.73798166283783 5.6
      vertex -311.15000000000003 63.181357335811896 5.6
      vertex -311.15000000000003 63.181357335811896 0
    endloop
  endfacet
  facet normal 0.4999999999999998 -0.8660254037844388 0
    outer loop
      vertex -311.15000000000003 63.181357335811896 5.6
      vertex -313.65000000000003 61.73798166283783 5.6
      vertex -313.65000000000003 61.73798166283783 0
    endloop
  endfacet
  facet normal -0.4999999999999998 0.8660254037844388 0
    outer loop
      vertex -308.65000000000003 58.851230316889705 0
      vertex -311.15000000000003 57.40785464391564 0
      vertex -311.15000000000003 57.40785464391564 5.6
    endloop
  endfacet
  facet normal 0.4999999999999998 0.8660254037844388 0
    outer loop
      vertex -313.65000000000003 58.851230316889705 5.6
      vertex -311.15000000000003 57.40785464391564 0
      vertex -313.65000000000003 58.851230316889705 0
    endloop
  endfacet
  facet normal 1 0 0
    outer loop
      vertex -313.65000000000003 61.73798166283783 5.6
      vertex -313.65000000000003 58.851230316889705 0
      vertex -313.65000000000003 61.73798166283783 0
    endloop
  endfacet
  facet normal 0.4999999999999998 -0.8660254037844388 0
    outer loop
      vertex -311.15000000000003 63.181357335811896 5.6
      vertex -313.65000000000003 61.73798166283783 0
      vertex -311.15000000000003 63.181357335811896 0
    endloop
  endfacet
  facet normal -1 0 0
    outer loop
      vertex -315.25 58.851230316889705 5.6
      vertex -315.25 61.73798166283783 5.6
      vertex -315.25 61.73798166283783 0
    endloop
  endfacet
  facet normal -0.4999999999999998 0.8660254037844388 0
    outer loop
      vertex -315.25 58.851230316889705 5.6
      vertex -315.25 58.851230316889705 0
      vertex -317.75 57.40785464391564 5.6
    endloop
  endfacet
  facet normal -0.4999999999999998 -0.8660254037844388 0
    outer loop
      vertex -315.25 61.73798166283783 5.6
      vertex -317.75 63.181357335811896 5.6
      vertex -317.75 63.181357335811896 0
    endloop
  endfacet
  facet normal 0.4999999999999998 0.8660254037844388 0
    outer loop
      vertex -317.75 57.40785464391564 5.6
      vertex -317.75 57.40785464391564 0
      vertex -320.25 58.851230316889705 5.6
    endloop
  endfacet
  facet normal 1 0 0
    outer loop
      vertex -320.25 58.851230316889705 5.6
      vertex -320.25 58.851230316889705 0
      vertex -320.25 61.73798166283783 5.6
    endloop
  endfacet
  facet normal 0.4999999999999998 -0.8660254037844388 0
    outer loop
      vertex -317.75 63.181357335811896 5.6
      vertex -320.25 61.73798166283783 5.6
      vertex -320.25 61.73798166283783 0
    endloop
  endfacet
  facet normal -1 0 0
    outer loop
      vertex -315.25 58.851230316889705 5.6
      vertex -315.25 61.73798166283783 0
      vertex -315.25 58.851230316889705 0
    endloop
  endfacet
  facet normal -0.4999999999999998 0.8660254037844388 0
    outer loop
      vertex -317.75 57.40785464391564 5.6
      vertex -315.25 58.851230316889705 0
      vertex -317.75 57.40785464391564 0
    endloop
  endfacet
  facet normal -0.4999999999999998 -0.8660254037844388 0
    outer loop
      vertex -315.25 61.73798166283783 5.6
      vertex -317.75 63.181357335811896 0
      vertex -315.25 61.73798166283783 0
    endloop
  endfacet
  facet normal 0.4999999999999998 0.8660254037844388 0
    outer loop
      vertex -320.25 58.851230316889705 5.6
      vertex -317.75 57.40785464391564 0
      vertex -320.25 58.851230316889705 0
    endloop
  endfacet
  facet normal 1 0 0
    outer loop
      vertex -320.25 61.73798166283783 5.6
      vertex -320.25 58.851230316889705 0
      vertex -320.25 61.73798166283783 0
    endloop
  endfacet
  facet normal 0.4999999999999998 -0.8660254037844388 0
    outer loop
      vertex -317.75 63.181357335811896 5.6
      vertex -320.25 61.73798166283783 0
      vertex -317.75 63.181357335811896 0
    endloop
  endfacet
  facet normal -0.4999999999999998 0.8660254037844388 0
    outer loop
      vertex -321.85 58.851230316889705 5.6
      vertex -321.85 58.851230316889705 0
      vertex -324.35 57.40785464391564 5.6
    endloop
  endfacet
  facet normal -1 0 0
    outer loop
      vertex -321.85 58.851230316889705 5.6
      vertex -321.85 61.73798166283783 5.6
      vertex -321.85 61.73798166283783 0
    endloop
  endfacet
  facet normal -0.4999999999999998 -0.8660254037844388 0
    outer loop
      vertex -321.85 61.73798166283783 5.6
      vertex -324.35 63.181357335811896 5.6
      vertex -324.35 63.181357335811896 0
    endloop
  endfacet
  facet normal 0.4999999999999998 0.8660254037844388 0
    outer loop
      vertex -324.35 57.40785464391564 5.6
      vertex -324.35 57.40785464391564 0
      vertex -326.85 58.851230316889705 5.6
    endloop
  endfacet
  facet normal 1 0 0
    outer loop
      vertex -326.85 58.851230316889705 5.6
      vertex -326.85 58.851230316889705 0
      vertex -326.85 61.73798166283783 5.6
    endloop
  endfacet
  facet normal 0.4999999999999998 -0.8660254037844388 0
    outer loop
      vertex -324.35 63.181357335811896 5.6
      vertex -326.85 61.73798166283783 5.6
      vertex -326.85 61.73798166283783 0
    endloop
  endfacet
  facet normal -1 0 0
    outer loop
      vertex -321.85 58.851230316889705 5.6
      vertex -321.85 61.73798166283783 0
      vertex -321.85 58.851230316889705 0
    endloop
  endfacet
  facet normal -0.4999999999999998 0.8660254037844388 0
    outer loop
      vertex -324.35 57.40785464391564 5.6
      vertex -321.85 58.851230316889705 0
      vertex -324.35 57.40785464391564 0
    endloop
  endfacet
  facet normal -0.4999999999999998 -0.8660254037844388 0
    outer loop
      vertex -321.85 61.73798166283783 5.6
      vertex -324.35 63.181357335811896 0
      vertex -321.85 61.73798166283783 0
    endloop
  endfacet
  facet normal 0.4999999999999998 0.8660254037844388 0
    outer loop
      vertex -326.85 58.851230316889705 5.6
      vertex -324.35 57.40785464391564 0
      vertex -326.85 58.851230316889705 0
    endloop
  endfacet
  facet normal 1 0 0
    outer loop
      vertex -326.85 61.73798166283783 5.6
      vertex -326.85 58.851230316889705 0
      vertex -326.85 61.73798166283783 0
    endloop
  endfacet
  facet normal 0.4999999999999998 -0.8660254037844388 0
    outer loop
      vertex -324.35 63.181357335811896 5.6
      vertex -326.85 61.73798166283783 0
      vertex -324.35 63.181357335811896 0
    endloop
  endfacet
  facet normal -1 0 0
    outer loop
      vertex -328.45 58.851230316889705 5.6
      vertex -328.45 61.73798166283783 5.6
      vertex -328.45 61.73798166283783 0
    endloop
  endfacet
  facet normal -0.4999999999999998 0.8660254037844388 0
    outer loop
      vertex -328.45 58.851230316889705 5.6
      vertex -328.45 58.851230316889705 0
      vertex -330.95 57.40785464391564 5.6
    endloop
  endfacet
  facet normal 0.4999999999999998 0.8660254037844388 0
    outer loop
      vertex -330.95 57.40785464391564 5.6
      vertex -330.95 57.40785464391564 0
      vertex -333.45 58.851230316889705 5.6
    endloop
  endfacet
  facet normal -0.4999999999999998 -0.8660254037844388 0
    outer loop
      vertex -328.45 61.73798166283783 5.6
      vertex -330.95 63.181357335811896 5.6
      vertex -330.95 63.181357335811896 0
    endloop
  endfacet
  facet normal 1 0 0
    outer loop
      vertex -333.45 58.851230316889705 5.6
      vertex -333.45 58.851230316889705 0
      vertex -333.45 61.73798166283783 5.6
    endloop
  endfacet
  facet normal 0.4999999999999998 -0.8660254037844388 0
    outer loop
      vertex -330.95 63.181357335811896 5.6
      vertex -333.45 61.73798166283783 5.6
      vertex -333.45 61.73798166283783 0
    endloop
  endfacet
  facet normal -1 0 0
    outer loop
      vertex -328.45 58.851230316889705 5.6
      vertex -328.45 61.73798166283783 0
      vertex -328.45 58.851230316889705 0
    endloop
  endfacet
  facet normal -0.4999999999999998 0.8660254037844388 0
    outer loop
      vertex -330.95 57.40785464391564 5.6
      vertex -328.45 58.851230316889705 0
      vertex -330.95 57.40785464391564 0
    endloop
  endfacet
  facet normal -0.4999999999999998 -0.8660254037844388 0
    outer loop
      vertex -328.45 61.73798166283783 5.6
      vertex -330.95 63.181357335811896 0
      vertex -328.45 61.73798166283783 0
    endloop
  endfacet
  facet normal 0.4999999999999998 -0.8660254037844388 0
    outer loop
      vertex -330.95 63.181357335811896 5.6
      vertex -333.45 61.73798166283783 0
      vertex -330.95 63.181357335811896 0
    endloop
  endfacet
  facet normal 0.4999999999999998 0.8660254037844388 0
    outer loop
      vertex -333.45 58.851230316889705 5.6
      vertex -330.95 57.40785464391564 0
      vertex -333.45 58.851230316889705 0
    endloop
  endfacet
  facet normal 1 0 0
    outer loop
      vertex -333.45 61.73798166283783 5.6
      vertex -333.45 58.851230316889705 0
      vertex -333.45 61.73798166283783 0
    endloop
  endfacet
  facet normal -0.4999999999999998 0.8660254037844388 0
    outer loop
      vertex -335.05 58.851230316889705 5.6
      vertex -335.05 58.851230316889705 0
      vertex -337.55 57.40785464391564 5.6
    endloop
  endfacet
  facet normal -1 0 0
    outer loop
      vertex -335.05 58.851230316889705 5.6
      vertex -335.05 61.73798166283783 5.6
      vertex -335.05 61.73798166283783 0
    endloop
  endfacet
  facet normal 0.4999999999999998 0.8660254037844388 0
    outer loop
      vertex -337.55 57.40785464391564 5.6
      vertex -337.55 57.40785464391564 0
      vertex -340.05 58.851230316889705 5.6
    endloop
  endfacet
  facet normal -0.4999999999999998 -0.8660254037844388 0
    outer loop
      vertex -335.05 61.73798166283783 5.6
      vertex -337.55 63.181357335811896 5.6
      vertex -337.55 63.181357335811896 0
    endloop
  endfacet
  facet normal 0.4999999999999998 -0.8660254037844388 0
    outer loop
      vertex -337.55 63.181357335811896 5.6
      vertex -340.05 61.73798166283783 5.6
      vertex -340.05 61.73798166283783 0
    endloop
  endfacet
  facet normal -1 0 0
    outer loop
      vertex -335.05 58.851230316889705 5.6
      vertex -335.05 61.73798166283783 0
      vertex -335.05 58.851230316889705 0
    endloop
  endfacet
  facet normal -0.4999999999999998 -0.8660254037844388 0
    outer loop
      vertex -335.05 61.73798166283783 5.6
      vertex -337.55 63.181357335811896 0
      vertex -335.05 61.73798166283783 0
    endloop
  endfacet
  facet normal -0.4999999999999998 0.8660254037844388 0
    outer loop
      vertex -337.55 57.40785464391564 5.6
      vertex -335.05 58.851230316889705 0
      vertex -337.55 57.40785464391564 0
    endloop
  endfacet
  facet normal 0.4999999999999998 0.8660254037844388 0
    outer loop
      vertex -337.55 57.40785464391564 0
      vertex -340.05 58.851230316889705 0
      vertex -340.05 58.851230316889705 5.6
    endloop
  endfacet
  facet normal 0.4999999999999998 -0.8660254037844388 0
    outer loop
      vertex -337.55 63.181357335811896 5.6
      vertex -340.05 61.73798166283783 0
      vertex -337.55 63.181357335811896 0
    endloop
  endfacet
  facet normal 1 0 0
    outer loop
      vertex -340.05 58.851230316889705 5.6
      vertex -340.05 58.851230316889705 0
      vertex -340.05 61.73798166283783 5.6
    endloop
  endfacet
  facet normal 1 0 0
    outer loop
      vertex -340.05 61.73798166283783 5.6
      vertex -340.05 58.851230316889705 0
      vertex -340.05 61.73798166283783 0
    endloop
  endfacet
  facet normal -1 0 0
    outer loop
      vertex -341.65 58.851230316889705 5.6
      vertex -341.65 61.73798166283783 5.6
      vertex -341.65 61.73798166283783 0
    endloop
  endfacet
  facet normal -0.4999999999999998 0.8660254037844388 0
    outer loop
      vertex -341.65 58.851230316889705 5.6
      vertex -341.65 58.851230316889705 0
      vertex -344.15 57.40785464391564 5.6
    endloop
  endfacet
  facet normal -0.4999999999999998 -0.8660254037844388 0
    outer loop
      vertex -341.65 61.73798166283783 5.6
      vertex -344.15 63.181357335811896 5.6
      vertex -344.15 63.181357335811896 0
    endloop
  endfacet
  facet normal 0.4999999999999998 0.8660254037844388 0
    outer loop
      vertex -344.15 57.40785464391564 5.6
      vertex -344.15 57.40785464391564 0
      vertex -346.65 58.851230316889705 5.6
    endloop
  endfacet
  facet normal 1 0 0
    outer loop
      vertex -346.65 58.851230316889705 5.6
      vertex -346.65 58.851230316889705 0
      vertex -346.65 61.73798166283783 5.6
    endloop
  endfacet
  facet normal 0.4999999999999998 -0.8660254037844388 0
    outer loop
      vertex -344.15 63.181357335811896 5.6
      vertex -346.65 61.73798166283783 5.6
      vertex -346.65 61.73798166283783 0
    endloop
  endfacet
  facet normal -1 0 0
    outer loop
      vertex -341.65 58.851230316889705 5.6
      vertex -341.65 61.73798166283783 0
      vertex -341.65 58.851230316889705 0
    endloop
  endfacet
  facet normal -0.4999999999999998 0.8660254037844388 0
    outer loop
      vertex -344.15 57.40785464391564 5.6
      vertex -341.65 58.851230316889705 0
      vertex -344.15 57.40785464391564 0
    endloop
  endfacet
  facet normal -0.4999999999999998 -0.8660254037844388 0
    outer loop
      vertex -341.65 61.73798166283783 5.6
      vertex -344.15 63.181357335811896 0
      vertex -341.65 61.73798166283783 0
    endloop
  endfacet
  facet normal 0.4999999999999998 0.8660254037844388 0
    outer loop
      vertex -346.65 58.851230316889705 5.6
      vertex -344.15 57.40785464391564 0
      vertex -346.65 58.851230316889705 0
    endloop
  endfacet
  facet normal 1 0 0
    outer loop
      vertex -346.65 61.73798166283783 5.6
      vertex -346.65 58.851230316889705 0
      vertex -346.65 61.73798166283783 0
    endloop
  endfacet
  facet normal 0.4999999999999998 -0.8660254037844388 0
    outer loop
      vertex -344.15 63.181357335811896 5.6
      vertex -346.65 61.73798166283783 0
      vertex -344.15 63.181357335811896 0
    endloop
  endfacet
  facet normal -0.4999999999999998 0.8660254037844388 0
    outer loop
      vertex -348.25 58.851230316889705 5.6
      vertex -348.25 58.851230316889705 0
      vertex -350.75 57.40785464391564 5.6
    endloop
  endfacet
  facet normal -1 0 0
    outer loop
      vertex -348.25 58.851230316889705 5.6
      vertex -348.25 61.73798166283783 5.6
      vertex -348.25 61.73798166283783 0
    endloop
  endfacet
  facet normal -0.4999999999999998 -0.8660254037844388 0
    outer loop
      vertex -348.25 61.73798166283783 5.6
      vertex -350.75 63.181357335811896 5.6
      vertex -350.75 63.181357335811896 0
    endloop
  endfacet
  facet normal 0.4999999999999998 0.8660254037844388 0
    outer loop
      vertex -350.75 57.40785464391564 5.6
      vertex -350.75 57.40785464391564 0
      vertex -353.25 58.851230316889705 5.6
    endloop
  endfacet
  facet normal 1 0 0
    outer loop
      vertex -353.25 58.851230316889705 5.6
      vertex -353.25 58.851230316889705 0
      vertex -353.25 61.73798166283783 5.6
    endloop
  endfacet
  facet normal 0.4999999999999998 -0.8660254037844388 0
    outer loop
      vertex -350.75 63.181357335811896 5.6
      vertex -353.25 61.73798166283783 5.6
      vertex -353.25 61.73798166283783 0
    endloop
  endfacet
  facet normal -1 0 0
    outer loop
      vertex -348.25 58.851230316889705 5.6
      vertex -348.25 61.73798166283783 0
      vertex -348.25 58.851230316889705 0
    endloop
  endfacet
  facet normal -0.4999999999999998 0.8660254037844388 0
    outer loop
      vertex -350.75 57.40785464391564 5.6
      vertex -348.25 58.851230316889705 0
      vertex -350.75 57.40785464391564 0
    endloop
  endfacet
  facet normal -0.4999999999999998 -0.8660254037844388 0
    outer loop
      vertex -348.25 61.73798166283783 5.6
      vertex -350.75 63.181357335811896 0
      vertex -348.25 61.73798166283783 0
    endloop
  endfacet
  facet normal 0.4999999999999998 0.8660254037844388 0
    outer loop
      vertex -353.25 58.851230316889705 5.6
      vertex -350.75 57.40785464391564 0
      vertex -353.25 58.851230316889705 0
    endloop
  endfacet
  facet normal 1 0 0
    outer loop
      vertex -353.25 61.73798166283783 5.6
      vertex -353.25 58.851230316889705 0
      vertex -353.25 61.73798166283783 0
    endloop
  endfacet
  facet normal 0.4999999999999998 -0.8660254037844388 0
    outer loop
      vertex -350.75 63.181357335811896 5.6
      vertex -353.25 61.73798166283783 0
      vertex -350.75 63.181357335811896 0
    endloop
  endfacet
  facet normal -1 0 0
    outer loop
      vertex -354.85 58.851230316889705 5.6
      vertex -354.85 61.73798166283783 5.6
      vertex -354.85 61.73798166283783 0
    endloop
  endfacet
  facet normal -0.4999999999999998 0.8660254037844388 0
    outer loop
      vertex -354.85 58.851230316889705 5.6
      vertex -354.85 58.851230316889705 0
      vertex -357.35 57.40785464391564 5.6
    endloop
  endfacet
  facet normal 0.4999999999999998 0.8660254037844388 0
    outer loop
      vertex -357.35 57.40785464391564 5.6
      vertex -357.35 57.40785464391564 0
      vertex -359.85 58.851230316889705 5.6
    endloop
  endfacet
  facet normal -0.4999999999999998 -0.8660254037844388 0
    outer loop
      vertex -354.85 61.73798166283783 5.6
      vertex -357.35 63.181357335811896 5.6
      vertex -357.35 63.181357335811896 0
    endloop
  endfacet
  facet normal 1 0 0
    outer loop
      vertex -359.85 58.851230316889705 5.6
      vertex -359.85 58.851230316889705 0
      vertex -359.85 61.73798166283783 5.6
    endloop
  endfacet
  facet normal 0.4999999999999998 -0.8660254037844388 0
    outer loop
      vertex -357.35 63.181357335811896 5.6
      vertex -359.85 61.73798166283783 5.6
      vertex -359.85 61.73798166283783 0
    endloop
  endfacet
  facet normal -1 0 0
    outer loop
      vertex -354.85 58.851230316889705 5.6
      vertex -354.85 61.73798166283783 0
      vertex -354.85 58.851230316889705 0
    endloop
  endfacet
  facet normal -0.4999999999999998 0.8660254037844388 0
    outer loop
      vertex -357.35 57.40785464391564 5.6
      vertex -354.85 58.851230316889705 0
      vertex -357.35 57.40785464391564 0
    endloop
  endfacet
  facet normal -0.4999999999999998 -0.8660254037844388 0
    outer loop
      vertex -354.85 61.73798166283783 5.6
      vertex -357.35 63.181357335811896 0
      vertex -354.85 61.73798166283783 0
    endloop
  endfacet
  facet normal 0.4999999999999998 -0.8660254037844388 0
    outer loop
      vertex -357.35 63.181357335811896 5.6
      vertex -359.85 61.73798166283783 0
      vertex -357.35 63.181357335811896 0
    endloop
  endfacet
  facet normal 0.4999999999999998 0.8660254037844388 0
    outer loop
      vertex -359.85 58.851230316889705 5.6
      vertex -357.35 57.40785464391564 0
      vertex -359.85 58.851230316889705 0
    endloop
  endfacet
  facet normal 1 0 0
    outer loop
      vertex -359.85 61.73798166283783 5.6
      vertex -359.85 58.851230316889705 0
      vertex -359.85 61.73798166283783 0
    endloop
  endfacet
  facet normal -0.4999999999999979 0.8660254037844397 0
    outer loop
      vertex -305.35 64.56699798186699 5.6
      vertex -305.35 64.56699798186699 0
      vertex -307.85 63.123622308892934 5.6
    endloop
  endfacet
  facet normal 0.4999999999999979 0.8660254037844397 0
    outer loop
      vertex -307.85 63.123622308892934 5.6
      vertex -307.85 63.123622308892934 0
      vertex -310.35 64.56699798186699 5.6
    endloop
  endfacet
  facet normal -0.4999999999999979 0.8660254037844397 0
    outer loop
      vertex -307.85 63.123622308892934 5.6
      vertex -305.35 64.56699798186699 0
      vertex -307.85 63.123622308892934 0
    endloop
  endfacet
  facet normal 0.4999999999999979 0.8660254037844397 0
    outer loop
      vertex -307.85 63.123622308892934 0
      vertex -310.35 64.56699798186699 0
      vertex -310.35 64.56699798186699 5.6
    endloop
  endfacet
  facet normal -1 0 0
    outer loop
      vertex -305.35 64.56699798186699 5.6
      vertex -305.35 67.45374932781513 5.6
      vertex -305.35 67.45374932781513 0
    endloop
  endfacet
  facet normal -0.4999999999999979 -0.8660254037844397 0
    outer loop
      vertex -305.35 67.45374932781513 5.6
      vertex -307.85 68.89712500078919 5.6
      vertex -307.85 68.89712500078919 0
    endloop
  endfacet
  facet normal 0.4999999999999979 -0.8660254037844397 0
    outer loop
      vertex -307.85 68.89712500078919 5.6
      vertex -310.35 67.45374932781513 5.6
      vertex -310.35 67.45374932781513 0
    endloop
  endfacet
  facet normal -1 0 0
    outer loop
      vertex -305.35 64.56699798186699 5.6
      vertex -305.35 67.45374932781513 0
      vertex -305.35 64.56699798186699 0
    endloop
  endfacet
  facet normal -0.4999999999999979 -0.8660254037844397 0
    outer loop
      vertex -305.35 67.45374932781513 5.6
      vertex -307.85 68.89712500078919 0
      vertex -305.35 67.45374932781513 0
    endloop
  endfacet
  facet normal 0.4999999999999979 -0.8660254037844397 0
    outer loop
      vertex -307.85 68.89712500078919 5.6
      vertex -310.35 67.45374932781513 0
      vertex -307.85 68.89712500078919 0
    endloop
  endfacet
  facet normal 1 0 0
    outer loop
      vertex -310.35 64.56699798186699 5.6
      vertex -310.35 64.56699798186699 0
      vertex -310.35 67.45374932781513 5.6
    endloop
  endfacet
  facet normal 1 0 0
    outer loop
      vertex -310.35 64.56699798186699 0
      vertex -310.35 67.45374932781513 0
      vertex -310.35 67.45374932781513 5.6
    endloop
  endfacet
  facet normal -0.4999999999999979 0.8660254037844397 0
    outer loop
      vertex -311.95000000000005 64.56699798186699 5.6
      vertex -311.95000000000005 64.56699798186699 0
      vertex -314.45000000000005 63.123622308892934 5.6
    endloop
  endfacet
  facet normal 0.4999999999999979 0.8660254037844397 0
    outer loop
      vertex -314.45000000000005 63.123622308892934 5.6
      vertex -314.45000000000005 63.123622308892934 0
      vertex -316.95000000000005 64.56699798186699 5.6
    endloop
  endfacet
  facet normal -0.4999999999999979 0.8660254037844397 0
    outer loop
      vertex -314.45000000000005 63.123622308892934 5.6
      vertex -311.95000000000005 64.56699798186699 0
      vertex -314.45000000000005 63.123622308892934 0
    endloop
  endfacet
  facet normal 0.4999999999999979 0.8660254037844397 0
    outer loop
      vertex -316.95000000000005 64.56699798186699 5.6
      vertex -314.45000000000005 63.123622308892934 0
      vertex -316.95000000000005 64.56699798186699 0
    endloop
  endfacet
  facet normal -1 0 0
    outer loop
      vertex -311.95000000000005 64.56699798186699 5.6
      vertex -311.95000000000005 67.45374932781513 5.6
      vertex -311.95000000000005 67.45374932781513 0
    endloop
  endfacet
  facet normal -0.4999999999999979 -0.8660254037844397 0
    outer loop
      vertex -311.95000000000005 67.45374932781513 5.6
      vertex -314.45000000000005 68.89712500078919 5.6
      vertex -314.45000000000005 68.89712500078919 0
    endloop
  endfacet
  facet normal 1 0 0
    outer loop
      vertex -316.95000000000005 64.56699798186699 5.6
      vertex -316.95000000000005 64.56699798186699 0
      vertex -316.95000000000005 67.45374932781513 5.6
    endloop
  endfacet
  facet normal 0.4999999999999979 -0.8660254037844397 0
    outer loop
      vertex -314.45000000000005 68.89712500078919 5.6
      vertex -316.95000000000005 67.45374932781513 5.6
      vertex -316.95000000000005 67.45374932781513 0
    endloop
  endfacet
  facet normal -1 0 0
    outer loop
      vertex -311.95000000000005 64.56699798186699 5.6
      vertex -311.95000000000005 67.45374932781513 0
      vertex -311.95000000000005 64.56699798186699 0
    endloop
  endfacet
  facet normal -0.4999999999999979 -0.8660254037844397 0
    outer loop
      vertex -311.95000000000005 67.45374932781513 5.6
      vertex -314.45000000000005 68.89712500078919 0
      vertex -311.95000000000005 67.45374932781513 0
    endloop
  endfacet
  facet normal 0.4999999999999979 -0.8660254037844397 0
    outer loop
      vertex -314.45000000000005 68.89712500078919 5.6
      vertex -316.95000000000005 67.45374932781513 0
      vertex -314.45000000000005 68.89712500078919 0
    endloop
  endfacet
  facet normal 1 0 0
    outer loop
      vertex -316.95000000000005 64.56699798186699 0
      vertex -316.95000000000005 67.45374932781513 0
      vertex -316.95000000000005 67.45374932781513 5.6
    endloop
  endfacet
  facet normal -0.4999999999999979 0.8660254037844397 0
    outer loop
      vertex -318.55 64.56699798186699 5.6
      vertex -318.55 64.56699798186699 0
      vertex -321.05 63.123622308892934 5.6
    endloop
  endfacet
  facet normal 0.4999999999999979 0.8660254037844397 0
    outer loop
      vertex -321.05 63.123622308892934 5.6
      vertex -321.05 63.123622308892934 0
      vertex -323.55 64.56699798186699 5.6
    endloop
  endfacet
  facet normal -0.4999999999999979 0.8660254037844397 0
    outer loop
      vertex -321.05 63.123622308892934 5.6
      vertex -318.55 64.56699798186699 0
      vertex -321.05 63.123622308892934 0
    endloop
  endfacet
  facet normal 0.4999999999999979 0.8660254037844397 0
    outer loop
      vertex -323.55 64.56699798186699 5.6
      vertex -321.05 63.123622308892934 0
      vertex -323.55 64.56699798186699 0
    endloop
  endfacet
  facet normal -1 0 0
    outer loop
      vertex -318.55 64.56699798186699 5.6
      vertex -318.55 67.45374932781513 5.6
      vertex -318.55 67.45374932781513 0
    endloop
  endfacet
  facet normal -0.4999999999999979 -0.8660254037844397 0
    outer loop
      vertex -318.55 67.45374932781513 5.6
      vertex -321.05 68.89712500078919 5.6
      vertex -321.05 68.89712500078919 0
    endloop
  endfacet
  facet normal 0.4999999999999979 -0.8660254037844397 0
    outer loop
      vertex -321.05 68.89712500078919 5.6
      vertex -323.55 67.45374932781513 5.6
      vertex -323.55 67.45374932781513 0
    endloop
  endfacet
  facet normal 1 0 0
    outer loop
      vertex -323.55 64.56699798186699 5.6
      vertex -323.55 64.56699798186699 0
      vertex -323.55 67.45374932781513 5.6
    endloop
  endfacet
  facet normal -1 0 0
    outer loop
      vertex -318.55 64.56699798186699 5.6
      vertex -318.55 67.45374932781513 0
      vertex -318.55 64.56699798186699 0
    endloop
  endfacet
  facet normal -0.4999999999999979 -0.8660254037844397 0
    outer loop
      vertex -318.55 67.45374932781513 5.6
      vertex -321.05 68.89712500078919 0
      vertex -318.55 67.45374932781513 0
    endloop
  endfacet
  facet normal 0.4999999999999979 -0.8660254037844397 0
    outer loop
      vertex -321.05 68.89712500078919 5.6
      vertex -323.55 67.45374932781513 0
      vertex -321.05 68.89712500078919 0
    endloop
  endfacet
  facet normal 1 0 0
    outer loop
      vertex -323.55 64.56699798186699 0
      vertex -323.55 67.45374932781513 0
      vertex -323.55 67.45374932781513 5.6
    endloop
  endfacet
  facet normal -0.4999999999999979 0.8660254037844397 0
    outer loop
      vertex -325.15000000000003 64.56699798186699 5.6
      vertex -325.15000000000003 64.56699798186699 0
      vertex -327.65000000000003 63.123622308892934 5.6
    endloop
  endfacet
  facet normal 0.4999999999999979 0.8660254037844397 0
    outer loop
      vertex -327.65000000000003 63.123622308892934 5.6
      vertex -327.65000000000003 63.123622308892934 0
      vertex -330.15000000000003 64.56699798186699 5.6
    endloop
  endfacet
  facet normal -0.4999999999999979 0.8660254037844397 0
    outer loop
      vertex -327.65000000000003 63.123622308892934 5.6
      vertex -325.15000000000003 64.56699798186699 0
      vertex -327.65000000000003 63.123622308892934 0
    endloop
  endfacet
  facet normal 0.4999999999999979 0.8660254037844397 0
    outer loop
      vertex -330.15000000000003 64.56699798186699 5.6
      vertex -327.65000000000003 63.123622308892934 0
      vertex -330.15000000000003 64.56699798186699 0
    endloop
  endfacet
  facet normal -1 0 0
    outer loop
      vertex -325.15000000000003 64.56699798186699 5.6
      vertex -325.15000000000003 67.45374932781513 5.6
      vertex -325.15000000000003 67.45374932781513 0
    endloop
  endfacet
  facet normal -0.4999999999999979 -0.8660254037844397 0
    outer loop
      vertex -325.15000000000003 67.45374932781513 5.6
      vertex -327.65000000000003 68.89712500078919 5.6
      vertex -327.65000000000003 68.89712500078919 0
    endloop
  endfacet
  facet normal 1 0 0
    outer loop
      vertex -330.15000000000003 64.56699798186699 5.6
      vertex -330.15000000000003 64.56699798186699 0
      vertex -330.15000000000003 67.45374932781513 5.6
    endloop
  endfacet
  facet normal 0.4999999999999979 -0.8660254037844397 0
    outer loop
      vertex -327.65000000000003 68.89712500078919 5.6
      vertex -330.15000000000003 67.45374932781513 5.6
      vertex -330.15000000000003 67.45374932781513 0
    endloop
  endfacet
  facet normal -1 0 0
    outer loop
      vertex -325.15000000000003 64.56699798186699 5.6
      vertex -325.15000000000003 67.45374932781513 0
      vertex -325.15000000000003 64.56699798186699 0
    endloop
  endfacet
  facet normal -0.4999999999999979 -0.8660254037844397 0
    outer loop
      vertex -325.15000000000003 67.45374932781513 5.6
      vertex -327.65000000000003 68.89712500078919 0
      vertex -325.15000000000003 67.45374932781513 0
    endloop
  endfacet
  facet normal 0.4999999999999979 -0.8660254037844397 0
    outer loop
      vertex -327.65000000000003 68.89712500078919 5.6
      vertex -330.15000000000003 67.45374932781513 0
      vertex -327.65000000000003 68.89712500078919 0
    endloop
  endfacet
  facet normal 1 0 0
    outer loop
      vertex -330.15000000000003 64.56699798186699 0
      vertex -330.15000000000003 67.45374932781513 0
      vertex -330.15000000000003 67.45374932781513 5.6
    endloop
  endfacet
  facet normal -0.4999999999999979 0.8660254037844397 0
    outer loop
      vertex -331.75 64.56699798186699 5.6
      vertex -331.75 64.56699798186699 0
      vertex -334.25 63.123622308892934 5.6
    endloop
  endfacet
  facet normal 0.4999999999999979 0.8660254037844397 0
    outer loop
      vertex -334.25 63.123622308892934 5.6
      vertex -334.25 63.123622308892934 0
      vertex -336.75 64.56699798186699 5.6
    endloop
  endfacet
  facet normal -0.4999999999999979 0.8660254037844397 0
    outer loop
      vertex -334.25 63.123622308892934 5.6
      vertex -331.75 64.56699798186699 0
      vertex -334.25 63.123622308892934 0
    endloop
  endfacet
  facet normal 0.4999999999999979 0.8660254037844397 0
    outer loop
      vertex -336.75 64.56699798186699 5.6
      vertex -334.25 63.123622308892934 0
      vertex -336.75 64.56699798186699 0
    endloop
  endfacet
  facet normal -1 0 0
    outer loop
      vertex -331.75 64.56699798186699 5.6
      vertex -331.75 67.45374932781513 5.6
      vertex -331.75 67.45374932781513 0
    endloop
  endfacet
  facet normal -0.4999999999999979 -0.8660254037844397 0
    outer loop
      vertex -331.75 67.45374932781513 5.6
      vertex -334.25 68.89712500078919 5.6
      vertex -334.25 68.89712500078919 0
    endloop
  endfacet
  facet normal 0.4999999999999979 -0.8660254037844397 0
    outer loop
      vertex -334.25 68.89712500078919 5.6
      vertex -336.75 67.45374932781513 5.6
      vertex -336.75 67.45374932781513 0
    endloop
  endfacet
  facet normal 1 0 0
    outer loop
      vertex -336.75 64.56699798186699 5.6
      vertex -336.75 64.56699798186699 0
      vertex -336.75 67.45374932781513 5.6
    endloop
  endfacet
  facet normal -1 0 0
    outer loop
      vertex -331.75 64.56699798186699 5.6
      vertex -331.75 67.45374932781513 0
      vertex -331.75 64.56699798186699 0
    endloop
  endfacet
  facet normal -0.4999999999999979 -0.8660254037844397 0
    outer loop
      vertex -331.75 67.45374932781513 5.6
      vertex -334.25 68.89712500078919 0
      vertex -331.75 67.45374932781513 0
    endloop
  endfacet
  facet normal 0.4999999999999979 -0.8660254037844397 0
    outer loop
      vertex -334.25 68.89712500078919 5.6
      vertex -336.75 67.45374932781513 0
      vertex -334.25 68.89712500078919 0
    endloop
  endfacet
  facet normal 1 0 0
    outer loop
      vertex -336.75 64.56699798186699 0
      vertex -336.75 67.45374932781513 0
      vertex -336.75 67.45374932781513 5.6
    endloop
  endfacet
  facet normal -0.4999999999999979 0.8660254037844397 0
    outer loop
      vertex -338.35 64.56699798186699 5.6
      vertex -338.35 64.56699798186699 0
      vertex -340.85 63.123622308892934 5.6
    endloop
  endfacet
  facet normal -0.4999999999999979 0.8660254037844397 0
    outer loop
      vertex -338.35 64.56699798186699 0
      vertex -340.85 63.123622308892934 0
      vertex -340.85 63.123622308892934 5.6
    endloop
  endfacet
  facet normal -1 0 0
    outer loop
      vertex -338.35 64.56699798186699 5.6
      vertex -338.35 67.45374932781513 5.6
      vertex -338.35 67.45374932781513 0
    endloop
  endfacet
  facet normal -0.4999999999999979 -0.8660254037844397 0
    outer loop
      vertex -338.35 67.45374932781513 5.6
      vertex -340.85 68.89712500078919 5.6
      vertex -340.85 68.89712500078919 0
    endloop
  endfacet
  facet normal -1 0 0
    outer loop
      vertex -338.35 64.56699798186699 5.6
      vertex -338.35 67.45374932781513 0
      vertex -338.35 64.56699798186699 0
    endloop
  endfacet
  facet normal -0.4999999999999979 -0.8660254037844397 0
    outer loop
      vertex -338.35 67.45374932781513 5.6
      vertex -340.85 68.89712500078919 0
      vertex -338.35 67.45374932781513 0
    endloop
  endfacet
  facet normal 0.4999999999999979 0.8660254037844397 0
    outer loop
      vertex -340.85 63.123622308892934 5.6
      vertex -340.85 63.123622308892934 0
      vertex -343.35 64.56699798186699 5.6
    endloop
  endfacet
  facet normal 0.4999999999999979 0.8660254037844397 0
    outer loop
      vertex -343.35 64.56699798186699 5.6
      vertex -340.85 63.123622308892934 0
      vertex -343.35 64.56699798186699 0
    endloop
  endfacet
  facet normal 1 0 0
    outer loop
      vertex -343.35 64.56699798186699 5.6
      vertex -343.35 64.56699798186699 0
      vertex -343.35 67.45374932781513 5.6
    endloop
  endfacet
  facet normal 0.4999999999999979 -0.8660254037844397 0
    outer loop
      vertex -340.85 68.89712500078919 5.6
      vertex -343.35 67.45374932781513 5.6
      vertex -343.35 67.45374932781513 0
    endloop
  endfacet
  facet normal 0.4999999999999979 -0.8660254037844397 0
    outer loop
      vertex -340.85 68.89712500078919 5.6
      vertex -343.35 67.45374932781513 0
      vertex -340.85 68.89712500078919 0
    endloop
  endfacet
  facet normal 1 0 0
    outer loop
      vertex -343.35 64.56699798186699 0
      vertex -343.35 67.45374932781513 0
      vertex -343.35 67.45374932781513 5.6
    endloop
  endfacet
  facet normal -0.4999999999999979 0.8660254037844397 0
    outer loop
      vertex -344.95 64.56699798186699 5.6
      vertex -344.95 64.56699798186699 0
      vertex -347.45 63.123622308892934 5.6
    endloop
  endfacet
  facet normal 0.4999999999999979 0.8660254037844397 0
    outer loop
      vertex -347.45 63.123622308892934 5.6
      vertex -347.45 63.123622308892934 0
      vertex -349.95 64.56699798186699 5.6
    endloop
  endfacet
  facet normal -0.4999999999999979 0.8660254037844397 0
    outer loop
      vertex -347.45 63.123622308892934 5.6
      vertex -344.95 64.56699798186699 0
      vertex -347.45 63.123622308892934 0
    endloop
  endfacet
  facet normal 0.4999999999999979 0.8660254037844397 0
    outer loop
      vertex -349.95 64.56699798186699 5.6
      vertex -347.45 63.123622308892934 0
      vertex -349.95 64.56699798186699 0
    endloop
  endfacet
  facet normal -1 0 0
    outer loop
      vertex -344.95 64.56699798186699 5.6
      vertex -344.95 67.45374932781513 5.6
      vertex -344.95 67.45374932781513 0
    endloop
  endfacet
  facet normal -0.4999999999999979 -0.8660254037844397 0
    outer loop
      vertex -344.95 67.45374932781513 5.6
      vertex -347.45 68.89712500078919 5.6
      vertex -347.45 68.89712500078919 0
    endloop
  endfacet
  facet normal 0.4999999999999979 -0.8660254037844397 0
    outer loop
      vertex -347.45 68.89712500078919 5.6
      vertex -349.95 67.45374932781513 5.6
      vertex -349.95 67.45374932781513 0
    endloop
  endfacet
  facet normal 1 0 0
    outer loop
      vertex -349.95 64.56699798186699 5.6
      vertex -349.95 64.56699798186699 0
      vertex -349.95 67.45374932781513 5.6
    endloop
  endfacet
  facet normal -1 0 0
    outer loop
      vertex -344.95 64.56699798186699 5.6
      vertex -344.95 67.45374932781513 0
      vertex -344.95 64.56699798186699 0
    endloop
  endfacet
  facet normal -0.4999999999999979 -0.8660254037844397 0
    outer loop
      vertex -344.95 67.45374932781513 5.6
      vertex -347.45 68.89712500078919 0
      vertex -344.95 67.45374932781513 0
    endloop
  endfacet
  facet normal 0.4999999999999979 -0.8660254037844397 0
    outer loop
      vertex -347.45 68.89712500078919 5.6
      vertex -349.95 67.45374932781513 0
      vertex -347.45 68.89712500078919 0
    endloop
  endfacet
  facet normal 1 0 0
    outer loop
      vertex -349.95 64.56699798186699 0
      vertex -349.95 67.45374932781513 0
      vertex -349.95 67.45374932781513 5.6
    endloop
  endfacet
  facet normal -0.4999999999999979 0.8660254037844397 0
    outer loop
      vertex -351.55 64.56699798186699 5.6
      vertex -351.55 64.56699798186699 0
      vertex -354.05 63.123622308892934 5.6
    endloop
  endfacet
  facet normal 0.4999999999999979 0.8660254037844397 0
    outer loop
      vertex -354.05 63.123622308892934 5.6
      vertex -354.05 63.123622308892934 0
      vertex -356.55 64.56699798186699 5.6
    endloop
  endfacet
  facet normal -0.4999999999999979 0.8660254037844397 0
    outer loop
      vertex -354.05 63.123622308892934 5.6
      vertex -351.55 64.56699798186699 0
      vertex -354.05 63.123622308892934 0
    endloop
  endfacet
  facet normal 0.4999999999999979 0.8660254037844397 0
    outer loop
      vertex -356.55 64.56699798186699 5.6
      vertex -354.05 63.123622308892934 0
      vertex -356.55 64.56699798186699 0
    endloop
  endfacet
  facet normal -1 0 0
    outer loop
      vertex -351.55 64.56699798186699 5.6
      vertex -351.55 67.45374932781513 5.6
      vertex -351.55 67.45374932781513 0
    endloop
  endfacet
  facet normal -0.4999999999999979 -0.8660254037844397 0
    outer loop
      vertex -351.55 67.45374932781513 5.6
      vertex -354.05 68.89712500078919 5.6
      vertex -354.05 68.89712500078919 0
    endloop
  endfacet
  facet normal 1 0 0
    outer loop
      vertex -356.55 64.56699798186699 5.6
      vertex -356.55 64.56699798186699 0
      vertex -356.55 67.45374932781513 5.6
    endloop
  endfacet
  facet normal 0.4999999999999979 -0.8660254037844397 0
    outer loop
      vertex -354.05 68.89712500078919 5.6
      vertex -356.55 67.45374932781513 5.6
      vertex -356.55 67.45374932781513 0
    endloop
  endfacet
  facet normal -1 0 0
    outer loop
      vertex -351.55 64.56699798186699 5.6
      vertex -351.55 67.45374932781513 0
      vertex -351.55 64.56699798186699 0
    endloop
  endfacet
  facet normal -0.4999999999999979 -0.8660254037844397 0
    outer loop
      vertex -351.55 67.45374932781513 5.6
      vertex -354.05 68.89712500078919 0
      vertex -351.55 67.45374932781513 0
    endloop
  endfacet
  facet normal 0.4999999999999979 -0.8660254037844397 0
    outer loop
      vertex -354.05 68.89712500078919 5.6
      vertex -356.55 67.45374932781513 0
      vertex -354.05 68.89712500078919 0
    endloop
  endfacet
  facet normal 1 0 0
    outer loop
      vertex -356.55 64.56699798186699 0
      vertex -356.55 67.45374932781513 0
      vertex -356.55 67.45374932781513 5.6
    endloop
  endfacet
  facet normal -0.4999999999999979 0.8660254037844397 0
    outer loop
      vertex -358.15000000000003 64.56699798186699 5.6
      vertex -358.15000000000003 64.56699798186699 0
      vertex -360.65000000000003 63.123622308892934 5.6
    endloop
  endfacet
  facet normal 0.4999999999999979 0.8660254037844397 0
    outer loop
      vertex -360.65000000000003 63.123622308892934 5.6
      vertex -360.65000000000003 63.123622308892934 0
      vertex -363.15000000000003 64.56699798186699 5.6
    endloop
  endfacet
  facet normal -0.4999999999999979 0.8660254037844397 0
    outer loop
      vertex -360.65000000000003 63.123622308892934 5.6
      vertex -358.15000000000003 64.56699798186699 0
      vertex -360.65000000000003 63.123622308892934 0
    endloop
  endfacet
  facet normal 0.4999999999999979 0.8660254037844397 0
    outer loop
      vertex -363.15000000000003 64.56699798186699 5.6
      vertex -360.65000000000003 63.123622308892934 0
      vertex -363.15000000000003 64.56699798186699 0
    endloop
  endfacet
  facet normal -1 0 0
    outer loop
      vertex -358.15000000000003 64.56699798186699 5.6
      vertex -358.15000000000003 67.45374932781513 5.6
      vertex -358.15000000000003 67.45374932781513 0
    endloop
  endfacet
  facet normal -0.4999999999999979 -0.8660254037844397 0
    outer loop
      vertex -358.15000000000003 67.45374932781513 5.6
      vertex -360.65000000000003 68.89712500078919 5.6
      vertex -360.65000000000003 68.89712500078919 0
    endloop
  endfacet
  facet normal 0.4999999999999979 -0.8660254037844397 0
    outer loop
      vertex -360.65000000000003 68.89712500078919 5.6
      vertex -363.15000000000003 67.45374932781513 5.6
      vertex -363.15000000000003 67.45374932781513 0
    endloop
  endfacet
  facet normal 1 0 0
    outer loop
      vertex -363.15000000000003 64.56699798186699 5.6
      vertex -363.15000000000003 64.56699798186699 0
      vertex -363.15000000000003 67.45374932781513 5.6
    endloop
  endfacet
  facet normal -1 0 0
    outer loop
      vertex -358.15000000000003 64.56699798186699 5.6
      vertex -358.15000000000003 67.45374932781513 0
      vertex -358.15000000000003 64.56699798186699 0
    endloop
  endfacet
  facet normal -0.4999999999999979 -0.8660254037844397 0
    outer loop
      vertex -358.15000000000003 67.45374932781513 5.6
      vertex -360.65000000000003 68.89712500078919 0
      vertex -358.15000000000003 67.45374932781513 0
    endloop
  endfacet
  facet normal 0.4999999999999979 -0.8660254037844397 0
    outer loop
      vertex -360.65000000000003 68.89712500078919 5.6
      vertex -363.15000000000003 67.45374932781513 0
      vertex -360.65000000000003 68.89712500078919 0
    endloop
  endfacet
  facet normal 1 0 0
    outer loop
      vertex -363.15000000000003 64.56699798186699 0
      vertex -363.15000000000003 67.45374932781513 0
      vertex -363.15000000000003 67.45374932781513 5.6
    endloop
  endfacet
  facet normal -0.4999999999999979 0.8660254037844397 0
    outer loop
      vertex -308.65000000000003 70.28276564684428 5.6
      vertex -308.65000000000003 70.28276564684428 0
      vertex -311.15000000000003 68.83938997387023 5.6
    endloop
  endfacet
  facet normal -1 0 0
    outer loop
      vertex -308.65000000000003 70.28276564684428 5.6
      vertex -308.65000000000003 73.16951699279242 5.6
      vertex -308.65000000000003 73.16951699279242 0
    endloop
  endfacet
  facet normal -1 0 0
    outer loop
      vertex -308.65000000000003 70.28276564684428 5.6
      vertex -308.65000000000003 73.16951699279242 0
      vertex -308.65000000000003 70.28276564684428 0
    endloop
  endfacet
  facet normal -0.4999999999999979 -0.8660254037844397 0
    outer loop
      vertex -308.65000000000003 73.16951699279242 5.6
      vertex -311.15000000000003 74.61289266576648 0
      vertex -308.65000000000003 73.16951699279242 0
    endloop
  endfacet
  facet normal 0.4999999999999979 0.8660254037844397 0
    outer loop
      vertex -311.15000000000003 68.83938997387023 5.6
      vertex -311.15000000000003 68.83938997387023 0
      vertex -313.65000000000003 70.28276564684428 5.6
    endloop
  endfacet
  facet normal 1 0 0
    outer loop
      vertex -313.65000000000003 70.28276564684428 5.6
      vertex -313.65000000000003 70.28276564684428 0
      vertex -313.65000000000003 73.16951699279242 5.6
    endloop
  endfacet
  facet normal -0.4999999999999979 -0.8660254037844397 0
    outer loop
      vertex -308.65000000000003 73.16951699279242 5.6
      vertex -311.15000000000003 74.61289266576648 5.6
      vertex -311.15000000000003 74.61289266576648 0
    endloop
  endfacet
  facet normal 0.4999999999999979 -0.8660254037844397 0
    outer loop
      vertex -311.15000000000003 74.61289266576648 5.6
      vertex -313.65000000000003 73.16951699279242 5.6
      vertex -313.65000000000003 73.16951699279242 0
    endloop
  endfacet
  facet normal -0.4999999999999979 0.8660254037844397 0
    outer loop
      vertex -308.65000000000003 70.28276564684428 0
      vertex -311.15000000000003 68.83938997387023 0
      vertex -311.15000000000003 68.83938997387023 5.6
    endloop
  endfacet
  facet normal 0.4999999999999979 0.8660254037844397 0
    outer loop
      vertex -313.65000000000003 70.28276564684428 5.6
      vertex -311.15000000000003 68.83938997387023 0
      vertex -313.65000000000003 70.28276564684428 0
    endloop
  endfacet
  facet normal 1 0 0
    outer loop
      vertex -313.65000000000003 73.16951699279242 5.6
      vertex -313.65000000000003 70.28276564684428 0
      vertex -313.65000000000003 73.16951699279242 0
    endloop
  endfacet
  facet normal 0.4999999999999979 -0.8660254037844397 0
    outer loop
      vertex -311.15000000000003 74.61289266576648 5.6
      vertex -313.65000000000003 73.16951699279242 0
      vertex -311.15000000000003 74.61289266576648 0
    endloop
  endfacet
  facet normal -1 0 0
    outer loop
      vertex -315.25 70.28276564684428 5.6
      vertex -315.25 73.16951699279242 5.6
      vertex -315.25 73.16951699279242 0
    endloop
  endfacet
  facet normal -0.4999999999999979 0.8660254037844397 0
    outer loop
      vertex -315.25 70.28276564684428 5.6
      vertex -315.25 70.28276564684428 0
      vertex -317.75 68.83938997387023 5.6
    endloop
  endfacet
  facet normal -0.4999999999999979 -0.8660254037844397 0
    outer loop
      vertex -315.25 73.16951699279242 5.6
      vertex -317.75 74.61289266576648 5.6
      vertex -317.75 74.61289266576648 0
    endloop
  endfacet
  facet normal 0.4999999999999979 0.8660254037844397 0
    outer loop
      vertex -317.75 68.83938997387023 5.6
      vertex -317.75 68.83938997387023 0
      vertex -320.25 70.28276564684428 5.6
    endloop
  endfacet
  facet normal 1 0 0
    outer loop
      vertex -320.25 70.28276564684428 5.6
      vertex -320.25 70.28276564684428 0
      vertex -320.25 73.16951699279242 5.6
    endloop
  endfacet
  facet normal 0.4999999999999979 -0.8660254037844397 0
    outer loop
      vertex -317.75 74.61289266576648 5.6
      vertex -320.25 73.16951699279242 5.6
      vertex -320.25 73.16951699279242 0
    endloop
  endfacet
  facet normal -1 0 0
    outer loop
      vertex -315.25 70.28276564684428 5.6
      vertex -315.25 73.16951699279242 0
      vertex -315.25 70.28276564684428 0
    endloop
  endfacet
  facet normal -0.4999999999999979 0.8660254037844397 0
    outer loop
      vertex -317.75 68.83938997387023 5.6
      vertex -315.25 70.28276564684428 0
      vertex -317.75 68.83938997387023 0
    endloop
  endfacet
  facet normal -0.4999999999999979 -0.8660254037844397 0
    outer loop
      vertex -315.25 73.16951699279242 5.6
      vertex -317.75 74.61289266576648 0
      vertex -315.25 73.16951699279242 0
    endloop
  endfacet
  facet normal 0.4999999999999979 0.8660254037844397 0
    outer loop
      vertex -320.25 70.28276564684428 5.6
      vertex -317.75 68.83938997387023 0
      vertex -320.25 70.28276564684428 0
    endloop
  endfacet
  facet normal 1 0 0
    outer loop
      vertex -320.25 73.16951699279242 5.6
      vertex -320.25 70.28276564684428 0
      vertex -320.25 73.16951699279242 0
    endloop
  endfacet
  facet normal 0.4999999999999979 -0.8660254037844397 0
    outer loop
      vertex -317.75 74.61289266576648 5.6
      vertex -320.25 73.16951699279242 0
      vertex -317.75 74.61289266576648 0
    endloop
  endfacet
  facet normal -0.4999999999999979 0.8660254037844397 0
    outer loop
      vertex -324.35 68.83938997387023 5.6
      vertex -321.85 70.28276564684428 5.6
      vertex -321.85 70.28276564684428 0
    endloop
  endfacet
  facet normal -1 0 0
    outer loop
      vertex -321.85 70.28276564684428 5.6
      vertex -321.85 73.16951699279242 5.6
      vertex -321.85 73.16951699279242 0
    endloop
  endfacet
  facet normal -0.4999999999999979 -0.8660254037844397 0
    outer loop
      vertex -321.85 73.16951699279242 5.6
      vertex -324.35 74.61289266576648 5.6
      vertex -324.35 74.61289266576648 0
    endloop
  endfacet
  facet normal 0.4999999999999979 0.8660254037844397 0
    outer loop
      vertex -324.35 68.83938997387023 5.6
      vertex -324.35 68.83938997387023 0
      vertex -326.85 70.28276564684428 5.6
    endloop
  endfacet
  facet normal 1 0 0
    outer loop
      vertex -326.85 70.28276564684428 5.6
      vertex -326.85 70.28276564684428 0
      vertex -326.85 73.16951699279242 5.6
    endloop
  endfacet
  facet normal 0.4999999999999979 -0.8660254037844397 0
    outer loop
      vertex -324.35 74.61289266576648 5.6
      vertex -326.85 73.16951699279242 5.6
      vertex -326.85 73.16951699279242 0
    endloop
  endfacet
  facet normal -1 0 0
    outer loop
      vertex -321.85 70.28276564684428 5.6
      vertex -321.85 73.16951699279242 0
      vertex -321.85 70.28276564684428 0
    endloop
  endfacet
  facet normal -0.4999999999999979 0.8660254037844397 0
    outer loop
      vertex -324.35 68.83938997387023 5.6
      vertex -321.85 70.28276564684428 0
      vertex -324.35 68.83938997387023 0
    endloop
  endfacet
  facet normal -0.4999999999999979 -0.8660254037844397 0
    outer loop
      vertex -321.85 73.16951699279242 5.6
      vertex -324.35 74.61289266576648 0
      vertex -321.85 73.16951699279242 0
    endloop
  endfacet
  facet normal 0.4999999999999979 0.8660254037844397 0
    outer loop
      vertex -326.85 70.28276564684428 5.6
      vertex -324.35 68.83938997387023 0
      vertex -326.85 70.28276564684428 0
    endloop
  endfacet
  facet normal 1 0 0
    outer loop
      vertex -326.85 73.16951699279242 5.6
      vertex -326.85 70.28276564684428 0
      vertex -326.85 73.16951699279242 0
    endloop
  endfacet
  facet normal 0.4999999999999979 -0.8660254037844397 0
    outer loop
      vertex -324.35 74.61289266576648 5.6
      vertex -326.85 73.16951699279242 0
      vertex -324.35 74.61289266576648 0
    endloop
  endfacet
  facet normal -1 0 0
    outer loop
      vertex -328.45 70.28276564684428 5.6
      vertex -328.45 73.16951699279242 5.6
      vertex -328.45 73.16951699279242 0
    endloop
  endfacet
  facet normal -0.4999999999999979 0.8660254037844397 0
    outer loop
      vertex -328.45 70.28276564684428 5.6
      vertex -328.45 70.28276564684428 0
      vertex -330.95 68.83938997387023 5.6
    endloop
  endfacet
  facet normal 0.4999999999999979 0.8660254037844397 0
    outer loop
      vertex -330.95 68.83938997387023 5.6
      vertex -330.95 68.83938997387023 0
      vertex -333.45 70.28276564684428 5.6
    endloop
  endfacet
  facet normal -0.4999999999999979 -0.8660254037844397 0
    outer loop
      vertex -328.45 73.16951699279242 5.6
      vertex -330.95 74.61289266576648 5.6
      vertex -330.95 74.61289266576648 0
    endloop
  endfacet
  facet normal 1 0 0
    outer loop
      vertex -333.45 70.28276564684428 5.6
      vertex -333.45 70.28276564684428 0
      vertex -333.45 73.16951699279242 5.6
    endloop
  endfacet
  facet normal 0.4999999999999979 -0.8660254037844397 0
    outer loop
      vertex -330.95 74.61289266576648 5.6
      vertex -333.45 73.16951699279242 5.6
      vertex -333.45 73.16951699279242 0
    endloop
  endfacet
  facet normal -1 0 0
    outer loop
      vertex -328.45 70.28276564684428 5.6
      vertex -328.45 73.16951699279242 0
      vertex -328.45 70.28276564684428 0
    endloop
  endfacet
  facet normal -0.4999999999999979 0.8660254037844397 0
    outer loop
      vertex -330.95 68.83938997387023 5.6
      vertex -328.45 70.28276564684428 0
      vertex -330.95 68.83938997387023 0
    endloop
  endfacet
  facet normal -0.4999999999999979 -0.8660254037844397 0
    outer loop
      vertex -328.45 73.16951699279242 5.6
      vertex -330.95 74.61289266576648 0
      vertex -328.45 73.16951699279242 0
    endloop
  endfacet
  facet normal 0.4999999999999979 -0.8660254037844397 0
    outer loop
      vertex -330.95 74.61289266576648 5.6
      vertex -333.45 73.16951699279242 0
      vertex -330.95 74.61289266576648 0
    endloop
  endfacet
  facet normal 0.4999999999999979 0.8660254037844397 0
    outer loop
      vertex -333.45 70.28276564684428 5.6
      vertex -330.95 68.83938997387023 0
      vertex -333.45 70.28276564684428 0
    endloop
  endfacet
  facet normal 1 0 0
    outer loop
      vertex -333.45 73.16951699279242 5.6
      vertex -333.45 70.28276564684428 0
      vertex -333.45 73.16951699279242 0
    endloop
  endfacet
  facet normal -0.4999999999999979 0.8660254037844397 0
    outer loop
      vertex -335.05 70.28276564684428 5.6
      vertex -335.05 70.28276564684428 0
      vertex -337.55 68.83938997387023 5.6
    endloop
  endfacet
  facet normal -1 0 0
    outer loop
      vertex -335.05 70.28276564684428 5.6
      vertex -335.05 73.16951699279242 5.6
      vertex -335.05 73.16951699279242 0
    endloop
  endfacet
  facet normal 0.4999999999999979 0.8660254037844397 0
    outer loop
      vertex -337.55 68.83938997387023 5.6
      vertex -337.55 68.83938997387023 0
      vertex -340.05 70.28276564684428 5.6
    endloop
  endfacet
  facet normal -0.4999999999999979 -0.8660254037844397 0
    outer loop
      vertex -335.05 73.16951699279242 5.6
      vertex -337.55 74.61289266576648 5.6
      vertex -337.55 74.61289266576648 0
    endloop
  endfacet
  facet normal 0.4999999999999979 -0.8660254037844397 0
    outer loop
      vertex -337.55 74.61289266576648 5.6
      vertex -340.05 73.16951699279242 5.6
      vertex -340.05 73.16951699279242 0
    endloop
  endfacet
  facet normal -1 0 0
    outer loop
      vertex -335.05 70.28276564684428 5.6
      vertex -335.05 73.16951699279242 0
      vertex -335.05 70.28276564684428 0
    endloop
  endfacet
  facet normal -0.4999999999999979 0.8660254037844397 0
    outer loop
      vertex -337.55 68.83938997387023 5.6
      vertex -335.05 70.28276564684428 0
      vertex -337.55 68.83938997387023 0
    endloop
  endfacet
  facet normal 0.4999999999999979 0.8660254037844397 0
    outer loop
      vertex -337.55 68.83938997387023 0
      vertex -340.05 70.28276564684428 0
      vertex -340.05 70.28276564684428 5.6
    endloop
  endfacet
  facet normal -0.4999999999999979 -0.8660254037844397 0
    outer loop
      vertex -335.05 73.16951699279242 5.6
      vertex -337.55 74.61289266576648 0
      vertex -335.05 73.16951699279242 0
    endloop
  endfacet
  facet normal 0.4999999999999979 -0.8660254037844397 0
    outer loop
      vertex -337.55 74.61289266576648 5.6
      vertex -340.05 73.16951699279242 0
      vertex -337.55 74.61289266576648 0
    endloop
  endfacet
  facet normal 1 0 0
    outer loop
      vertex -340.05 70.28276564684428 5.6
      vertex -340.05 70.28276564684428 0
      vertex -340.05 73.16951699279242 5.6
    endloop
  endfacet
  facet normal 1 0 0
    outer loop
      vertex -340.05 73.16951699279242 5.6
      vertex -340.05 70.28276564684428 0
      vertex -340.05 73.16951699279242 0
    endloop
  endfacet
  facet normal -1 0 0
    outer loop
      vertex -341.65 70.28276564684428 5.6
      vertex -341.65 73.16951699279242 5.6
      vertex -341.65 73.16951699279242 0
    endloop
  endfacet
  facet normal -0.4999999999999979 0.8660254037844397 0
    outer loop
      vertex -341.65 70.28276564684428 5.6
      vertex -341.65 70.28276564684428 0
      vertex -344.15 68.83938997387023 5.6
    endloop
  endfacet
  facet normal 0.4999999999999979 0.8660254037844397 0
    outer loop
      vertex -344.15 68.83938997387023 5.6
      vertex -344.15 68.83938997387023 0
      vertex -346.65 70.28276564684428 5.6
    endloop
  endfacet
  facet normal 1 0 0
    outer loop
      vertex -346.65 70.28276564684428 5.6
      vertex -346.65 70.28276564684428 0
      vertex -346.65 73.16951699279242 5.6
    endloop
  endfacet
  facet normal -0.4999999999999979 -0.8660254037844397 0
    outer loop
      vertex -341.65 73.16951699279242 5.6
      vertex -344.15 74.61289266576648 5.6
      vertex -344.15 74.61289266576648 0
    endloop
  endfacet
  facet normal 0.4999999999999979 -0.8660254037844397 0
    outer loop
      vertex -344.15 74.61289266576648 5.6
      vertex -346.65 73.16951699279242 5.6
      vertex -346.65 73.16951699279242 0
    endloop
  endfacet
  facet normal -1 0 0
    outer loop
      vertex -341.65 70.28276564684428 5.6
      vertex -341.65 73.16951699279242 0
      vertex -341.65 70.28276564684428 0
    endloop
  endfacet
  facet normal -0.4999999999999979 0.8660254037844397 0
    outer loop
      vertex -344.15 68.83938997387023 5.6
      vertex -341.65 70.28276564684428 0
      vertex -344.15 68.83938997387023 0
    endloop
  endfacet
  facet normal 0.4999999999999979 0.8660254037844397 0
    outer loop
      vertex -346.65 70.28276564684428 5.6
      vertex -344.15 68.83938997387023 0
      vertex -346.65 70.28276564684428 0
    endloop
  endfacet
  facet normal 1 0 0
    outer loop
      vertex -346.65 73.16951699279242 5.6
      vertex -346.65 70.28276564684428 0
      vertex -346.65 73.16951699279242 0
    endloop
  endfacet
  facet normal -0.4999999999999979 -0.8660254037844397 0
    outer loop
      vertex -341.65 73.16951699279242 5.6
      vertex -344.15 74.61289266576648 0
      vertex -341.65 73.16951699279242 0
    endloop
  endfacet
  facet normal 0.4999999999999979 -0.8660254037844397 0
    outer loop
      vertex -344.15 74.61289266576648 5.6
      vertex -346.65 73.16951699279242 0
      vertex -344.15 74.61289266576648 0
    endloop
  endfacet
  facet normal -0.4999999999999979 0.8660254037844397 0
    outer loop
      vertex -350.75 68.83938997387023 5.6
      vertex -348.25 70.28276564684428 5.6
      vertex -348.25 70.28276564684428 0
    endloop
  endfacet
  facet normal -1 0 0
    outer loop
      vertex -348.25 70.28276564684428 5.6
      vertex -348.25 73.16951699279242 5.6
      vertex -348.25 73.16951699279242 0
    endloop
  endfacet
  facet normal 0.4999999999999979 0.8660254037844397 0
    outer loop
      vertex -350.75 68.83938997387023 5.6
      vertex -350.75 68.83938997387023 0
      vertex -353.25 70.28276564684428 5.6
    endloop
  endfacet
  facet normal 1 0 0
    outer loop
      vertex -353.25 70.28276564684428 5.6
      vertex -353.25 70.28276564684428 0
      vertex -353.25 73.16951699279242 5.6
    endloop
  endfacet
  facet normal -0.4999999999999979 -0.8660254037844397 0
    outer loop
      vertex -348.25 73.16951699279242 5.6
      vertex -350.75 74.61289266576648 5.6
      vertex -350.75 74.61289266576648 0
    endloop
  endfacet
  facet normal 0.4999999999999979 -0.8660254037844397 0
    outer loop
      vertex -350.75 74.61289266576648 5.6
      vertex -353.25 73.16951699279242 5.6
      vertex -353.25 73.16951699279242 0
    endloop
  endfacet
  facet normal -1 0 0
    outer loop
      vertex -348.25 70.28276564684428 5.6
      vertex -348.25 73.16951699279242 0
      vertex -348.25 70.28276564684428 0
    endloop
  endfacet
  facet normal -0.4999999999999979 0.8660254037844397 0
    outer loop
      vertex -350.75 68.83938997387023 5.6
      vertex -348.25 70.28276564684428 0
      vertex -350.75 68.83938997387023 0
    endloop
  endfacet
  facet normal 0.4999999999999979 0.8660254037844397 0
    outer loop
      vertex -353.25 70.28276564684428 5.6
      vertex -350.75 68.83938997387023 0
      vertex -353.25 70.28276564684428 0
    endloop
  endfacet
  facet normal 1 0 0
    outer loop
      vertex -353.25 73.16951699279242 5.6
      vertex -353.25 70.28276564684428 0
      vertex -353.25 73.16951699279242 0
    endloop
  endfacet
  facet normal -0.4999999999999979 -0.8660254037844397 0
    outer loop
      vertex -348.25 73.16951699279242 5.6
      vertex -350.75 74.61289266576648 0
      vertex -348.25 73.16951699279242 0
    endloop
  endfacet
  facet normal 0.4999999999999979 -0.8660254037844397 0
    outer loop
      vertex -350.75 74.61289266576648 5.6
      vertex -353.25 73.16951699279242 0
      vertex -350.75 74.61289266576648 0
    endloop
  endfacet
  facet normal -1 0 0
    outer loop
      vertex -354.85 70.28276564684428 5.6
      vertex -354.85 73.16951699279242 5.6
      vertex -354.85 73.16951699279242 0
    endloop
  endfacet
  facet normal -0.4999999999999979 0.8660254037844397 0
    outer loop
      vertex -354.85 70.28276564684428 5.6
      vertex -354.85 70.28276564684428 0
      vertex -357.35 68.83938997387023 5.6
    endloop
  endfacet
  facet normal 0.4999999999999979 0.8660254037844397 0
    outer loop
      vertex -357.35 68.83938997387023 5.6
      vertex -357.35 68.83938997387023 0
      vertex -359.85 70.28276564684428 5.6
    endloop
  endfacet
  facet normal 1 0 0
    outer loop
      vertex -359.85 70.28276564684428 5.6
      vertex -359.85 70.28276564684428 0
      vertex -359.85 73.16951699279242 5.6
    endloop
  endfacet
  facet normal -0.4999999999999979 -0.8660254037844397 0
    outer loop
      vertex -354.85 73.16951699279242 5.6
      vertex -357.35 74.61289266576648 5.6
      vertex -357.35 74.61289266576648 0
    endloop
  endfacet
  facet normal 0.4999999999999979 -0.8660254037844397 0
    outer loop
      vertex -357.35 74.61289266576648 5.6
      vertex -359.85 73.16951699279242 5.6
      vertex -359.85 73.16951699279242 0
    endloop
  endfacet
  facet normal -1 0 0
    outer loop
      vertex -354.85 70.28276564684428 5.6
      vertex -354.85 73.16951699279242 0
      vertex -354.85 70.28276564684428 0
    endloop
  endfacet
  facet normal -0.4999999999999979 0.8660254037844397 0
    outer loop
      vertex -357.35 68.83938997387023 5.6
      vertex -354.85 70.28276564684428 0
      vertex -357.35 68.83938997387023 0
    endloop
  endfacet
  facet normal 0.4999999999999979 0.8660254037844397 0
    outer loop
      vertex -359.85 70.28276564684428 5.6
      vertex -357.35 68.83938997387023 0
      vertex -359.85 70.28276564684428 0
    endloop
  endfacet
  facet normal 1 0 0
    outer loop
      vertex -359.85 73.16951699279242 5.6
      vertex -359.85 70.28276564684428 0
      vertex -359.85 73.16951699279242 0
    endloop
  endfacet
  facet normal -0.4999999999999979 -0.8660254037844397 0
    outer loop
      vertex -354.85 73.16951699279242 5.6
      vertex -357.35 74.61289266576648 0
      vertex -354.85 73.16951699279242 0
    endloop
  endfacet
  facet normal 0.4999999999999979 -0.8660254037844397 0
    outer loop
      vertex -357.35 74.61289266576648 5.6
      vertex -359.85 73.16951699279242 0
      vertex -357.35 74.61289266576648 0
    endloop
  endfacet
  facet normal -0.4999999999999979 0.8660254037844397 0
    outer loop
      vertex -305.35 75.99853331182157 5.6
      vertex -305.35 75.99853331182157 0
      vertex -307.85 74.55515763884752 5.6
    endloop
  endfacet
  facet normal -1 0 0
    outer loop
      vertex -305.35 75.99853331182157 5.6
      vertex -305.35 78.88528465776972 5.6
      vertex -305.35 78.88528465776972 0
    endloop
  endfacet
  facet normal 0.4999999999999979 0.8660254037844397 0
    outer loop
      vertex -307.85 74.55515763884752 5.6
      vertex -307.85 74.55515763884752 0
      vertex -310.35 75.99853331182157 5.6
    endloop
  endfacet
  facet normal -0.4999999999999979 -0.8660254037844397 0
    outer loop
      vertex -305.35 78.88528465776972 5.6
      vertex -307.85 80.32866033074377 5.6
      vertex -307.85 80.32866033074377 0
    endloop
  endfacet
  facet normal 0.4999999999999979 -0.8660254037844397 0
    outer loop
      vertex -307.85 80.32866033074377 5.6
      vertex -310.35 78.88528465776972 5.6
      vertex -310.35 78.88528465776972 0
    endloop
  endfacet
  facet normal -1 0 0
    outer loop
      vertex -305.35 75.99853331182157 5.6
      vertex -305.35 78.88528465776972 0
      vertex -305.35 75.99853331182157 0
    endloop
  endfacet
  facet normal -0.4999999999999979 -0.8660254037844397 0
    outer loop
      vertex -305.35 78.88528465776972 5.6
      vertex -307.85 80.32866033074377 0
      vertex -305.35 78.88528465776972 0
    endloop
  endfacet
  facet normal -0.4999999999999979 0.8660254037844397 0
    outer loop
      vertex -307.85 74.55515763884752 5.6
      vertex -305.35 75.99853331182157 0
      vertex -307.85 74.55515763884752 0
    endloop
  endfacet
  facet normal 0.4999999999999979 0.8660254037844397 0
    outer loop
      vertex -307.85 74.55515763884752 0
      vertex -310.35 75.99853331182157 0
      vertex -310.35 75.99853331182157 5.6
    endloop
  endfacet
  facet normal 0.4999999999999979 -0.8660254037844397 0
    outer loop
      vertex -307.85 80.32866033074377 5.6
      vertex -310.35 78.88528465776972 0
      vertex -307.85 80.32866033074377 0
    endloop
  endfacet
  facet normal 1 0 0
    outer loop
      vertex -310.35 75.99853331182157 5.6
      vertex -310.35 75.99853331182157 0
      vertex -310.35 78.88528465776972 5.6
    endloop
  endfacet
  facet normal 1 0 0
    outer loop
      vertex -310.35 78.88528465776972 5.6
      vertex -310.35 75.99853331182157 0
      vertex -310.35 78.88528465776972 0
    endloop
  endfacet
  facet normal -0.4999999999999979 0.8660254037844397 0
    outer loop
      vertex -311.95000000000005 75.99853331182157 5.6
      vertex -311.95000000000005 75.99853331182157 0
      vertex -314.45000000000005 74.55515763884752 5.6
    endloop
  endfacet
  facet normal -1 0 0
    outer loop
      vertex -311.95000000000005 75.99853331182157 5.6
      vertex -311.95000000000005 78.88528465776972 5.6
      vertex -311.95000000000005 78.88528465776972 0
    endloop
  endfacet
  facet normal -0.4999999999999979 -0.8660254037844397 0
    outer loop
      vertex -311.95000000000005 78.88528465776972 5.6
      vertex -314.45000000000005 80.32866033074377 5.6
      vertex -314.45000000000005 80.32866033074377 0
    endloop
  endfacet
  facet normal 0.4999999999999979 0.8660254037844397 0
    outer loop
      vertex -314.45000000000005 74.55515763884752 5.6
      vertex -314.45000000000005 74.55515763884752 0
      vertex -316.95000000000005 75.99853331182157 5.6
    endloop
  endfacet
  facet normal 1 0 0
    outer loop
      vertex -316.95000000000005 75.99853331182157 5.6
      vertex -316.95000000000005 75.99853331182157 0
      vertex -316.95000000000005 78.88528465776972 5.6
    endloop
  endfacet
  facet normal 0.4999999999999979 -0.8660254037844397 0
    outer loop
      vertex -314.45000000000005 80.32866033074377 5.6
      vertex -316.95000000000005 78.88528465776972 5.6
      vertex -316.95000000000005 78.88528465776972 0
    endloop
  endfacet
  facet normal -0.4999999999999979 0.8660254037844397 0
    outer loop
      vertex -314.45000000000005 74.55515763884752 5.6
      vertex -311.95000000000005 75.99853331182157 0
      vertex -314.45000000000005 74.55515763884752 0
    endloop
  endfacet
  facet normal -1 0 0
    outer loop
      vertex -311.95000000000005 75.99853331182157 5.6
      vertex -311.95000000000005 78.88528465776972 0
      vertex -311.95000000000005 75.99853331182157 0
    endloop
  endfacet
  facet normal -0.4999999999999979 -0.8660254037844397 0
    outer loop
      vertex -311.95000000000005 78.88528465776972 5.6
      vertex -314.45000000000005 80.32866033074377 0
      vertex -311.95000000000005 78.88528465776972 0
    endloop
  endfacet
  facet normal 0.4999999999999979 0.8660254037844397 0
    outer loop
      vertex -316.95000000000005 75.99853331182157 5.6
      vertex -314.45000000000005 74.55515763884752 0
      vertex -316.95000000000005 75.99853331182157 0
    endloop
  endfacet
  facet normal 0.4999999999999979 -0.8660254037844397 0
    outer loop
      vertex -314.45000000000005 80.32866033074377 5.6
      vertex -316.95000000000005 78.88528465776972 0
      vertex -314.45000000000005 80.32866033074377 0
    endloop
  endfacet
  facet normal 1 0 0
    outer loop
      vertex -316.95000000000005 78.88528465776972 5.6
      vertex -316.95000000000005 75.99853331182157 0
      vertex -316.95000000000005 78.88528465776972 0
    endloop
  endfacet
  facet normal -0.4999999999999979 0.8660254037844397 0
    outer loop
      vertex -318.55 75.99853331182157 5.6
      vertex -318.55 75.99853331182157 0
      vertex -321.05 74.55515763884752 5.6
    endloop
  endfacet
  facet normal -1 0 0
    outer loop
      vertex -318.55 75.99853331182157 5.6
      vertex -318.55 78.88528465776972 5.6
      vertex -318.55 78.88528465776972 0
    endloop
  endfacet
  facet normal -0.4999999999999979 -0.8660254037844397 0
    outer loop
      vertex -318.55 78.88528465776972 5.6
      vertex -321.05 80.32866033074377 5.6
      vertex -321.05 80.32866033074377 0
    endloop
  endfacet
  facet normal 0.4999999999999979 0.8660254037844397 0
    outer loop
      vertex -321.05 74.55515763884752 5.6
      vertex -321.05 74.55515763884752 0
      vertex -323.55 75.99853331182157 5.6
    endloop
  endfacet
  facet normal 1 0 0
    outer loop
      vertex -323.55 75.99853331182157 5.6
      vertex -323.55 75.99853331182157 0
      vertex -323.55 78.88528465776972 5.6
    endloop
  endfacet
  facet normal 0.4999999999999979 -0.8660254037844397 0
    outer loop
      vertex -321.05 80.32866033074377 5.6
      vertex -323.55 78.88528465776972 5.6
      vertex -323.55 78.88528465776972 0
    endloop
  endfacet
  facet normal -1 0 0
    outer loop
      vertex -318.55 75.99853331182157 5.6
      vertex -318.55 78.88528465776972 0
      vertex -318.55 75.99853331182157 0
    endloop
  endfacet
  facet normal -0.4999999999999979 0.8660254037844397 0
    outer loop
      vertex -321.05 74.55515763884752 5.6
      vertex -318.55 75.99853331182157 0
      vertex -321.05 74.55515763884752 0
    endloop
  endfacet
  facet normal -0.4999999999999979 -0.8660254037844397 0
    outer loop
      vertex -318.55 78.88528465776972 5.6
      vertex -321.05 80.32866033074377 0
      vertex -318.55 78.88528465776972 0
    endloop
  endfacet
  facet normal 0.4999999999999979 0.8660254037844397 0
    outer loop
      vertex -323.55 75.99853331182157 5.6
      vertex -321.05 74.55515763884752 0
      vertex -323.55 75.99853331182157 0
    endloop
  endfacet
  facet normal 0.4999999999999979 -0.8660254037844397 0
    outer loop
      vertex -321.05 80.32866033074377 5.6
      vertex -323.55 78.88528465776972 0
      vertex -321.05 80.32866033074377 0
    endloop
  endfacet
  facet normal 1 0 0
    outer loop
      vertex -323.55 78.88528465776972 5.6
      vertex -323.55 75.99853331182157 0
      vertex -323.55 78.88528465776972 0
    endloop
  endfacet
  facet normal -0.4999999999999979 0.8660254037844397 0
    outer loop
      vertex -325.15000000000003 75.99853331182157 5.6
      vertex -325.15000000000003 75.99853331182157 0
      vertex -327.65000000000003 74.55515763884752 5.6
    endloop
  endfacet
  facet normal 0.4999999999999979 0.8660254037844397 0
    outer loop
      vertex -327.65000000000003 74.55515763884752 5.6
      vertex -327.65000000000003 74.55515763884752 0
      vertex -330.15000000000003 75.99853331182157 5.6
    endloop
  endfacet
  facet normal -1 0 0
    outer loop
      vertex -325.15000000000003 75.99853331182157 5.6
      vertex -325.15000000000003 78.88528465776972 5.6
      vertex -325.15000000000003 78.88528465776972 0
    endloop
  endfacet
  facet normal -0.4999999999999979 -0.8660254037844397 0
    outer loop
      vertex -325.15000000000003 78.88528465776972 5.6
      vertex -327.65000000000003 80.32866033074377 5.6
      vertex -327.65000000000003 80.32866033074377 0
    endloop
  endfacet
  facet normal 1 0 0
    outer loop
      vertex -330.15000000000003 75.99853331182157 5.6
      vertex -330.15000000000003 75.99853331182157 0
      vertex -330.15000000000003 78.88528465776972 5.6
    endloop
  endfacet
  facet normal 0.4999999999999979 -0.8660254037844397 0
    outer loop
      vertex -327.65000000000003 80.32866033074377 5.6
      vertex -330.15000000000003 78.88528465776972 5.6
      vertex -330.15000000000003 78.88528465776972 0
    endloop
  endfacet
  facet normal -0.4999999999999979 0.8660254037844397 0
    outer loop
      vertex -327.65000000000003 74.55515763884752 5.6
      vertex -325.15000000000003 75.99853331182157 0
      vertex -327.65000000000003 74.55515763884752 0
    endloop
  endfacet
  facet normal -1 0 0
    outer loop
      vertex -325.15000000000003 75.99853331182157 5.6
      vertex -325.15000000000003 78.88528465776972 0
      vertex -325.15000000000003 75.99853331182157 0
    endloop
  endfacet
  facet normal -0.4999999999999979 -0.8660254037844397 0
    outer loop
      vertex -325.15000000000003 78.88528465776972 5.6
      vertex -327.65000000000003 80.32866033074377 0
      vertex -325.15000000000003 78.88528465776972 0
    endloop
  endfacet
  facet normal 0.4999999999999979 -0.8660254037844397 0
    outer loop
      vertex -327.65000000000003 80.32866033074377 5.6
      vertex -330.15000000000003 78.88528465776972 0
      vertex -327.65000000000003 80.32866033074377 0
    endloop
  endfacet
  facet normal 0.4999999999999979 0.8660254037844397 0
    outer loop
      vertex -330.15000000000003 75.99853331182157 5.6
      vertex -327.65000000000003 74.55515763884752 0
      vertex -330.15000000000003 75.99853331182157 0
    endloop
  endfacet
  facet normal 1 0 0
    outer loop
      vertex -330.15000000000003 78.88528465776972 5.6
      vertex -330.15000000000003 75.99853331182157 0
      vertex -330.15000000000003 78.88528465776972 0
    endloop
  endfacet
  facet normal -1 0 0
    outer loop
      vertex -331.75 75.99853331182157 5.6
      vertex -331.75 78.88528465776972 5.6
      vertex -331.75 78.88528465776972 0
    endloop
  endfacet
  facet normal -0.4999999999999979 0.8660254037844397 0
    outer loop
      vertex -331.75 75.99853331182157 5.6
      vertex -331.75 75.99853331182157 0
      vertex -334.25 74.55515763884752 5.6
    endloop
  endfacet
  facet normal 0.4999999999999979 0.8660254037844397 0
    outer loop
      vertex -334.25 74.55515763884752 5.6
      vertex -334.25 74.55515763884752 0
      vertex -336.75 75.99853331182157 5.6
    endloop
  endfacet
  facet normal -0.4999999999999979 -0.8660254037844397 0
    outer loop
      vertex -331.75 78.88528465776972 5.6
      vertex -334.25 80.32866033074377 5.6
      vertex -334.25 80.32866033074377 0
    endloop
  endfacet
  facet normal 0.4999999999999979 -0.8660254037844397 0
    outer loop
      vertex -334.25 80.32866033074377 5.6
      vertex -336.75 78.88528465776972 5.6
      vertex -336.75 78.88528465776972 0
    endloop
  endfacet
  facet normal 1 0 0
    outer loop
      vertex -336.75 75.99853331182157 5.6
      vertex -336.75 75.99853331182157 0
      vertex -336.75 78.88528465776972 5.6
    endloop
  endfacet
  facet normal -1 0 0
    outer loop
      vertex -331.75 75.99853331182157 5.6
      vertex -331.75 78.88528465776972 0
      vertex -331.75 75.99853331182157 0
    endloop
  endfacet
  facet normal -0.4999999999999979 0.8660254037844397 0
    outer loop
      vertex -334.25 74.55515763884752 5.6
      vertex -331.75 75.99853331182157 0
      vertex -334.25 74.55515763884752 0
    endloop
  endfacet
  facet normal 0.4999999999999979 0.8660254037844397 0
    outer loop
      vertex -336.75 75.99853331182157 5.6
      vertex -334.25 74.55515763884752 0
      vertex -336.75 75.99853331182157 0
    endloop
  endfacet
  facet normal -0.4999999999999979 -0.8660254037844397 0
    outer loop
      vertex -331.75 78.88528465776972 5.6
      vertex -334.25 80.32866033074377 0
      vertex -331.75 78.88528465776972 0
    endloop
  endfacet
  facet normal 0.4999999999999979 -0.8660254037844397 0
    outer loop
      vertex -334.25 80.32866033074377 5.6
      vertex -336.75 78.88528465776972 0
      vertex -334.25 80.32866033074377 0
    endloop
  endfacet
  facet normal 1 0 0
    outer loop
      vertex -336.75 78.88528465776972 5.6
      vertex -336.75 75.99853331182157 0
      vertex -336.75 78.88528465776972 0
    endloop
  endfacet
  facet normal -0.4999999999999979 0.8660254037844397 0
    outer loop
      vertex -338.35 75.99853331182157 5.6
      vertex -338.35 75.99853331182157 0
      vertex -340.85 74.55515763884752 5.6
    endloop
  endfacet
  facet normal -1 0 0
    outer loop
      vertex -338.35 75.99853331182157 5.6
      vertex -338.35 78.88528465776972 5.6
      vertex -338.35 78.88528465776972 0
    endloop
  endfacet
  facet normal -0.4999999999999979 -0.8660254037844397 0
    outer loop
      vertex -338.35 78.88528465776972 5.6
      vertex -340.85 80.32866033074377 5.6
      vertex -340.85 80.32866033074377 0
    endloop
  endfacet
  facet normal -0.4999999999999979 0.8660254037844397 0
    outer loop
      vertex -338.35 75.99853331182157 0
      vertex -340.85 74.55515763884752 0
      vertex -340.85 74.55515763884752 5.6
    endloop
  endfacet
  facet normal -1 0 0
    outer loop
      vertex -338.35 75.99853331182157 5.6
      vertex -338.35 78.88528465776972 0
      vertex -338.35 75.99853331182157 0
    endloop
  endfacet
  facet normal -0.4999999999999979 -0.8660254037844397 0
    outer loop
      vertex -338.35 78.88528465776972 5.6
      vertex -340.85 80.32866033074377 0
      vertex -338.35 78.88528465776972 0
    endloop
  endfacet
  facet normal 0.4999999999999979 0.8660254037844397 0
    outer loop
      vertex -340.85 74.55515763884752 5.6
      vertex -340.85 74.55515763884752 0
      vertex -343.35 75.99853331182157 5.6
    endloop
  endfacet
  facet normal 1 0 0
    outer loop
      vertex -343.35 75.99853331182157 5.6
      vertex -343.35 75.99853331182157 0
      vertex -343.35 78.88528465776972 5.6
    endloop
  endfacet
  facet normal 0.4999999999999979 -0.8660254037844397 0
    outer loop
      vertex -340.85 80.32866033074377 5.6
      vertex -343.35 78.88528465776972 5.6
      vertex -343.35 78.88528465776972 0
    endloop
  endfacet
  facet normal 0.4999999999999979 0.8660254037844397 0
    outer loop
      vertex -343.35 75.99853331182157 5.6
      vertex -340.85 74.55515763884752 0
      vertex -343.35 75.99853331182157 0
    endloop
  endfacet
  facet normal 0.4999999999999979 -0.8660254037844397 0
    outer loop
      vertex -340.85 80.32866033074377 5.6
      vertex -343.35 78.88528465776972 0
      vertex -340.85 80.32866033074377 0
    endloop
  endfacet
  facet normal 1 0 0
    outer loop
      vertex -343.35 78.88528465776972 5.6
      vertex -343.35 75.99853331182157 0
      vertex -343.35 78.88528465776972 0
    endloop
  endfacet
  facet normal -0.4999999999999979 0.8660254037844397 0
    outer loop
      vertex -344.95 75.99853331182157 5.6
      vertex -344.95 75.99853331182157 0
      vertex -347.45 74.55515763884752 5.6
    endloop
  endfacet
  facet normal -1 0 0
    outer loop
      vertex -344.95 75.99853331182157 5.6
      vertex -344.95 78.88528465776972 5.6
      vertex -344.95 78.88528465776972 0
    endloop
  endfacet
  facet normal -0.4999999999999979 -0.8660254037844397 0
    outer loop
      vertex -344.95 78.88528465776972 5.6
      vertex -347.45 80.32866033074377 5.6
      vertex -347.45 80.32866033074377 0
    endloop
  endfacet
  facet normal 0.4999999999999979 0.8660254037844397 0
    outer loop
      vertex -347.45 74.55515763884752 5.6
      vertex -347.45 74.55515763884752 0
      vertex -349.95 75.99853331182157 5.6
    endloop
  endfacet
  facet normal 1 0 0
    outer loop
      vertex -349.95 75.99853331182157 5.6
      vertex -349.95 75.99853331182157 0
      vertex -349.95 78.88528465776972 5.6
    endloop
  endfacet
  facet normal 0.4999999999999979 -0.8660254037844397 0
    outer loop
      vertex -347.45 80.32866033074377 5.6
      vertex -349.95 78.88528465776972 5.6
      vertex -349.95 78.88528465776972 0
    endloop
  endfacet
  facet normal -1 0 0
    outer loop
      vertex -344.95 75.99853331182157 5.6
      vertex -344.95 78.88528465776972 0
      vertex -344.95 75.99853331182157 0
    endloop
  endfacet
  facet normal -0.4999999999999979 0.8660254037844397 0
    outer loop
      vertex -347.45 74.55515763884752 5.6
      vertex -344.95 75.99853331182157 0
      vertex -347.45 74.55515763884752 0
    endloop
  endfacet
  facet normal -0.4999999999999979 -0.8660254037844397 0
    outer loop
      vertex -344.95 78.88528465776972 5.6
      vertex -347.45 80.32866033074377 0
      vertex -344.95 78.88528465776972 0
    endloop
  endfacet
  facet normal 0.4999999999999979 0.8660254037844397 0
    outer loop
      vertex -349.95 75.99853331182157 5.6
      vertex -347.45 74.55515763884752 0
      vertex -349.95 75.99853331182157 0
    endloop
  endfacet
  facet normal 0.4999999999999979 -0.8660254037844397 0
    outer loop
      vertex -347.45 80.32866033074377 5.6
      vertex -349.95 78.88528465776972 0
      vertex -347.45 80.32866033074377 0
    endloop
  endfacet
  facet normal 1 0 0
    outer loop
      vertex -349.95 78.88528465776972 5.6
      vertex -349.95 75.99853331182157 0
      vertex -349.95 78.88528465776972 0
    endloop
  endfacet
  facet normal -0.4999999999999979 0.8660254037844397 0
    outer loop
      vertex -351.55 75.99853331182157 5.6
      vertex -351.55 75.99853331182157 0
      vertex -354.05 74.55515763884752 5.6
    endloop
  endfacet
  facet normal 0.4999999999999979 0.8660254037844397 0
    outer loop
      vertex -354.05 74.55515763884752 5.6
      vertex -354.05 74.55515763884752 0
      vertex -356.55 75.99853331182157 5.6
    endloop
  endfacet
  facet normal -1 0 0
    outer loop
      vertex -351.55 75.99853331182157 5.6
      vertex -351.55 78.88528465776972 5.6
      vertex -351.55 78.88528465776972 0
    endloop
  endfacet
  facet normal -0.4999999999999979 -0.8660254037844397 0
    outer loop
      vertex -351.55 78.88528465776972 5.6
      vertex -354.05 80.32866033074377 5.6
      vertex -354.05 80.32866033074377 0
    endloop
  endfacet
  facet normal 1 0 0
    outer loop
      vertex -356.55 75.99853331182157 5.6
      vertex -356.55 75.99853331182157 0
      vertex -356.55 78.88528465776972 5.6
    endloop
  endfacet
  facet normal 0.4999999999999979 -0.8660254037844397 0
    outer loop
      vertex -354.05 80.32866033074377 5.6
      vertex -356.55 78.88528465776972 5.6
      vertex -356.55 78.88528465776972 0
    endloop
  endfacet
  facet normal -1 0 0
    outer loop
      vertex -351.55 75.99853331182157 5.6
      vertex -351.55 78.88528465776972 0
      vertex -351.55 75.99853331182157 0
    endloop
  endfacet
  facet normal -0.4999999999999979 0.8660254037844397 0
    outer loop
      vertex -354.05 74.55515763884752 5.6
      vertex -351.55 75.99853331182157 0
      vertex -354.05 74.55515763884752 0
    endloop
  endfacet
  facet normal -0.4999999999999979 -0.8660254037844397 0
    outer loop
      vertex -351.55 78.88528465776972 5.6
      vertex -354.05 80.32866033074377 0
      vertex -351.55 78.88528465776972 0
    endloop
  endfacet
  facet normal 0.4999999999999979 -0.8660254037844397 0
    outer loop
      vertex -354.05 80.32866033074377 5.6
      vertex -356.55 78.88528465776972 0
      vertex -354.05 80.32866033074377 0
    endloop
  endfacet
  facet normal 0.4999999999999979 0.8660254037844397 0
    outer loop
      vertex -356.55 75.99853331182157 5.6
      vertex -354.05 74.55515763884752 0
      vertex -356.55 75.99853331182157 0
    endloop
  endfacet
  facet normal 1 0 0
    outer loop
      vertex -356.55 78.88528465776972 5.6
      vertex -356.55 75.99853331182157 0
      vertex -356.55 78.88528465776972 0
    endloop
  endfacet
  facet normal -1 0 0
    outer loop
      vertex -358.15000000000003 75.99853331182157 5.6
      vertex -358.15000000000003 78.88528465776972 5.6
      vertex -358.15000000000003 78.88528465776972 0
    endloop
  endfacet
  facet normal -0.4999999999999979 0.8660254037844397 0
    outer loop
      vertex -358.15000000000003 75.99853331182157 5.6
      vertex -358.15000000000003 75.99853331182157 0
      vertex -360.65000000000003 74.55515763884752 5.6
    endloop
  endfacet
  facet normal 0.4999999999999979 0.8660254037844397 0
    outer loop
      vertex -360.65000000000003 74.55515763884752 5.6
      vertex -360.65000000000003 74.55515763884752 0
      vertex -363.15000000000003 75.99853331182157 5.6
    endloop
  endfacet
  facet normal -0.4999999999999979 -0.8660254037844397 0
    outer loop
      vertex -358.15000000000003 78.88528465776972 5.6
      vertex -360.65000000000003 80.32866033074377 5.6
      vertex -360.65000000000003 80.32866033074377 0
    endloop
  endfacet
  facet normal 0.4999999999999979 -0.8660254037844397 0
    outer loop
      vertex -360.65000000000003 80.32866033074377 5.6
      vertex -363.15000000000003 78.88528465776972 5.6
      vertex -363.15000000000003 78.88528465776972 0
    endloop
  endfacet
  facet normal 1 0 0
    outer loop
      vertex -363.15000000000003 75.99853331182157 5.6
      vertex -363.15000000000003 75.99853331182157 0
      vertex -363.15000000000003 78.88528465776972 5.6
    endloop
  endfacet
  facet normal -1 0 0
    outer loop
      vertex -358.15000000000003 75.99853331182157 5.6
      vertex -358.15000000000003 78.88528465776972 0
      vertex -358.15000000000003 75.99853331182157 0
    endloop
  endfacet
  facet normal -0.4999999999999979 0.8660254037844397 0
    outer loop
      vertex -360.65000000000003 74.55515763884752 5.6
      vertex -358.15000000000003 75.99853331182157 0
      vertex -360.65000000000003 74.55515763884752 0
    endloop
  endfacet
  facet normal 0.4999999999999979 0.8660254037844397 0
    outer loop
      vertex -363.15000000000003 75.99853331182157 5.6
      vertex -360.65000000000003 74.55515763884752 0
      vertex -363.15000000000003 75.99853331182157 0
    endloop
  endfacet
  facet normal -0.4999999999999979 -0.8660254037844397 0
    outer loop
      vertex -358.15000000000003 78.88528465776972 5.6
      vertex -360.65000000000003 80.32866033074377 0
      vertex -358.15000000000003 78.88528465776972 0
    endloop
  endfacet
  facet normal 0.4999999999999979 -0.8660254037844397 0
    outer loop
      vertex -360.65000000000003 80.32866033074377 5.6
      vertex -363.15000000000003 78.88528465776972 0
      vertex -360.65000000000003 80.32866033074377 0
    endloop
  endfacet
  facet normal 1 0 0
    outer loop
      vertex -363.15000000000003 78.88528465776972 5.6
      vertex -363.15000000000003 75.99853331182157 0
      vertex -363.15000000000003 78.88528465776972 0
    endloop
  endfacet
  facet normal -0.4999999999999979 0.8660254037844397 0
    outer loop
      vertex -308.65000000000003 81.71430097679887 5.6
      vertex -308.65000000000003 81.71430097679887 0
      vertex -311.15000000000003 80.27092530382481 5.6
    endloop
  endfacet
  facet normal -1 0 0
    outer loop
      vertex -308.65000000000003 81.71430097679887 5.6
      vertex -308.65000000000003 84.60105232274701 5.6
      vertex -308.65000000000003 84.60105232274701 0
    endloop
  endfacet
  facet normal -1 0 0
    outer loop
      vertex -308.65000000000003 81.71430097679887 5.6
      vertex -308.65000000000003 84.60105232274701 0
      vertex -308.65000000000003 81.71430097679887 0
    endloop
  endfacet
  facet normal -0.4999999999999979 -0.8660254037844397 0
    outer loop
      vertex -308.65000000000003 84.60105232274701 5.6
      vertex -311.15000000000003 86.04442799572107 0
      vertex -308.65000000000003 84.60105232274701 0
    endloop
  endfacet
  facet normal 0.4999999999999979 0.8660254037844397 0
    outer loop
      vertex -311.15000000000003 80.27092530382481 5.6
      vertex -311.15000000000003 80.27092530382481 0
      vertex -313.65000000000003 81.71430097679887 5.6
    endloop
  endfacet
  facet normal 1 0 0
    outer loop
      vertex -313.65000000000003 81.71430097679887 5.6
      vertex -313.65000000000003 81.71430097679887 0
      vertex -313.65000000000003 84.60105232274701 5.6
    endloop
  endfacet
  facet normal 0.4999999999999979 -0.8660254037844397 0
    outer loop
      vertex -313.65000000000003 84.60105232274701 5.6
      vertex -313.65000000000003 84.60105232274701 0
      vertex -311.15000000000003 86.04442799572107 5.6
    endloop
  endfacet
  facet normal -0.4999999999999979 -0.8660254037844397 0
    outer loop
      vertex -308.65000000000003 84.60105232274701 5.6
      vertex -311.15000000000003 86.04442799572107 5.6
      vertex -311.15000000000003 86.04442799572107 0
    endloop
  endfacet
  facet normal -0.4999999999999979 0.8660254037844397 0
    outer loop
      vertex -308.65000000000003 81.71430097679887 0
      vertex -311.15000000000003 80.27092530382481 0
      vertex -311.15000000000003 80.27092530382481 5.6
    endloop
  endfacet
  facet normal 0.4999999999999979 0.8660254037844397 0
    outer loop
      vertex -313.65000000000003 81.71430097679887 5.6
      vertex -311.15000000000003 80.27092530382481 0
      vertex -313.65000000000003 81.71430097679887 0
    endloop
  endfacet
  facet normal 1 0 0
    outer loop
      vertex -313.65000000000003 84.60105232274701 5.6
      vertex -313.65000000000003 81.71430097679887 0
      vertex -313.65000000000003 84.60105232274701 0
    endloop
  endfacet
  facet normal 0.4999999999999979 -0.8660254037844397 0
    outer loop
      vertex -311.15000000000003 86.04442799572107 5.6
      vertex -313.65000000000003 84.60105232274701 0
      vertex -311.15000000000003 86.04442799572107 0
    endloop
  endfacet
  facet normal -0.4999999999999979 0.8660254037844397 0
    outer loop
      vertex -317.75 80.27092530382481 5.6
      vertex -315.25 81.71430097679887 5.6
      vertex -315.25 81.71430097679887 0
    endloop
  endfacet
  facet normal 0.4999999999999979 0.8660254037844397 0
    outer loop
      vertex -317.75 80.27092530382481 5.6
      vertex -317.75 80.27092530382481 0
      vertex -320.25 81.71430097679887 5.6
    endloop
  endfacet
  facet normal -1 0 0
    outer loop
      vertex -315.25 81.71430097679887 5.6
      vertex -315.25 84.60105232274701 5.6
      vertex -315.25 84.60105232274701 0
    endloop
  endfacet
  facet normal -0.4999999999999979 -0.8660254037844397 0
    outer loop
      vertex -315.25 84.60105232274701 5.6
      vertex -317.75 86.04442799572107 5.6
      vertex -317.75 86.04442799572107 0
    endloop
  endfacet
  facet normal 0.4999999999999979 -0.8660254037844397 0
    outer loop
      vertex -320.25 84.60105232274701 5.6
      vertex -320.25 84.60105232274701 0
      vertex -317.75 86.04442799572107 5.6
    endloop
  endfacet
  facet normal 1 0 0
    outer loop
      vertex -320.25 81.71430097679887 5.6
      vertex -320.25 81.71430097679887 0
      vertex -320.25 84.60105232274701 5.6
    endloop
  endfacet
  facet normal -0.4999999999999979 0.8660254037844397 0
    outer loop
      vertex -317.75 80.27092530382481 5.6
      vertex -315.25 81.71430097679887 0
      vertex -317.75 80.27092530382481 0
    endloop
  endfacet
  facet normal 0.4999999999999979 0.8660254037844397 0
    outer loop
      vertex -320.25 81.71430097679887 5.6
      vertex -317.75 80.27092530382481 0
      vertex -320.25 81.71430097679887 0
    endloop
  endfacet
  facet normal -1 0 0
    outer loop
      vertex -315.25 81.71430097679887 5.6
      vertex -315.25 84.60105232274701 0
      vertex -315.25 81.71430097679887 0
    endloop
  endfacet
  facet normal -0.4999999999999979 -0.8660254037844397 0
    outer loop
      vertex -315.25 84.60105232274701 5.6
      vertex -317.75 86.04442799572107 0
      vertex -315.25 84.60105232274701 0
    endloop
  endfacet
  facet normal 1 0 0
    outer loop
      vertex -320.25 84.60105232274701 5.6
      vertex -320.25 81.71430097679887 0
      vertex -320.25 84.60105232274701 0
    endloop
  endfacet
  facet normal 0.4999999999999979 -0.8660254037844397 0
    outer loop
      vertex -317.75 86.04442799572107 5.6
      vertex -320.25 84.60105232274701 0
      vertex -317.75 86.04442799572107 0
    endloop
  endfacet
  facet normal -0.4999999999999979 0.8660254037844397 0
    outer loop
      vertex -324.35 80.27092530382481 5.6
      vertex -321.85 81.71430097679887 5.6
      vertex -321.85 81.71430097679887 0
    endloop
  endfacet
  facet normal -1 0 0
    outer loop
      vertex -321.85 81.71430097679887 5.6
      vertex -321.85 84.60105232274701 5.6
      vertex -321.85 84.60105232274701 0
    endloop
  endfacet
  facet normal -0.4999999999999979 -0.8660254037844397 0
    outer loop
      vertex -321.85 84.60105232274701 5.6
      vertex -324.35 86.04442799572107 5.6
      vertex -324.35 86.04442799572107 0
    endloop
  endfacet
  facet normal 0.4999999999999979 0.8660254037844397 0
    outer loop
      vertex -324.35 80.27092530382481 5.6
      vertex -324.35 80.27092530382481 0
      vertex -326.85 81.71430097679887 5.6
    endloop
  endfacet
  facet normal 1 0 0
    outer loop
      vertex -326.85 81.71430097679887 5.6
      vertex -326.85 81.71430097679887 0
      vertex -326.85 84.60105232274701 5.6
    endloop
  endfacet
  facet normal 0.4999999999999979 -0.8660254037844397 0
    outer loop
      vertex -324.35 86.04442799572107 5.6
      vertex -326.85 84.60105232274701 5.6
      vertex -326.85 84.60105232274701 0
    endloop
  endfacet
  facet normal -0.4999999999999979 0.8660254037844397 0
    outer loop
      vertex -324.35 80.27092530382481 5.6
      vertex -321.85 81.71430097679887 0
      vertex -324.35 80.27092530382481 0
    endloop
  endfacet
  facet normal -1 0 0
    outer loop
      vertex -321.85 81.71430097679887 5.6
      vertex -321.85 84.60105232274701 0
      vertex -321.85 81.71430097679887 0
    endloop
  endfacet
  facet normal -0.4999999999999979 -0.8660254037844397 0
    outer loop
      vertex -321.85 84.60105232274701 5.6
      vertex -324.35 86.04442799572107 0
      vertex -321.85 84.60105232274701 0
    endloop
  endfacet
  facet normal 0.4999999999999979 0.8660254037844397 0
    outer loop
      vertex -326.85 81.71430097679887 5.6
      vertex -324.35 80.27092530382481 0
      vertex -326.85 81.71430097679887 0
    endloop
  endfacet
  facet normal 1 0 0
    outer loop
      vertex -326.85 84.60105232274701 5.6
      vertex -326.85 81.71430097679887 0
      vertex -326.85 84.60105232274701 0
    endloop
  endfacet
  facet normal 0.4999999999999979 -0.8660254037844397 0
    outer loop
      vertex -324.35 86.04442799572107 5.6
      vertex -326.85 84.60105232274701 0
      vertex -324.35 86.04442799572107 0
    endloop
  endfacet
  facet normal -0.4999999999999979 0.8660254037844397 0
    outer loop
      vertex -330.95 80.27092530382481 5.6
      vertex -328.45 81.71430097679887 5.6
      vertex -328.45 81.71430097679887 0
    endloop
  endfacet
  facet normal 0.4999999999999979 0.8660254037844397 0
    outer loop
      vertex -330.95 80.27092530382481 5.6
      vertex -330.95 80.27092530382481 0
      vertex -333.45 81.71430097679887 5.6
    endloop
  endfacet
  facet normal -1 0 0
    outer loop
      vertex -328.45 81.71430097679887 5.6
      vertex -328.45 84.60105232274701 5.6
      vertex -328.45 84.60105232274701 0
    endloop
  endfacet
  facet normal -0.4999999999999979 -0.8660254037844397 0
    outer loop
      vertex -328.45 84.60105232274701 5.6
      vertex -330.95 86.04442799572107 5.6
      vertex -330.95 86.04442799572107 0
    endloop
  endfacet
  facet normal 1 0 0
    outer loop
      vertex -333.45 81.71430097679887 5.6
      vertex -333.45 81.71430097679887 0
      vertex -333.45 84.60105232274701 5.6
    endloop
  endfacet
  facet normal 0.4999999999999979 -0.8660254037844397 0
    outer loop
      vertex -330.95 86.04442799572107 5.6
      vertex -333.45 84.60105232274701 5.6
      vertex -333.45 84.60105232274701 0
    endloop
  endfacet
  facet normal -0.4999999999999979 0.8660254037844397 0
    outer loop
      vertex -330.95 80.27092530382481 5.6
      vertex -328.45 81.71430097679887 0
      vertex -330.95 80.27092530382481 0
    endloop
  endfacet
  facet normal 0.4999999999999979 0.8660254037844397 0
    outer loop
      vertex -333.45 81.71430097679887 5.6
      vertex -330.95 80.27092530382481 0
      vertex -333.45 81.71430097679887 0
    endloop
  endfacet
  facet normal -1 0 0
    outer loop
      vertex -328.45 81.71430097679887 5.6
      vertex -328.45 84.60105232274701 0
      vertex -328.45 81.71430097679887 0
    endloop
  endfacet
  facet normal -0.4999999999999979 -0.8660254037844397 0
    outer loop
      vertex -328.45 84.60105232274701 5.6
      vertex -330.95 86.04442799572107 0
      vertex -328.45 84.60105232274701 0
    endloop
  endfacet
  facet normal 0.4999999999999979 -0.8660254037844397 0
    outer loop
      vertex -330.95 86.04442799572107 5.6
      vertex -333.45 84.60105232274701 0
      vertex -330.95 86.04442799572107 0
    endloop
  endfacet
  facet normal 1 0 0
    outer loop
      vertex -333.45 84.60105232274701 5.6
      vertex -333.45 81.71430097679887 0
      vertex -333.45 84.60105232274701 0
    endloop
  endfacet
  facet normal -0.4999999999999979 0.8660254037844397 0
    outer loop
      vertex -337.55 80.27092530382481 5.6
      vertex -335.05 81.71430097679887 5.6
      vertex -335.05 81.71430097679887 0
    endloop
  endfacet
  facet normal 0.4999999999999979 0.8660254037844397 0
    outer loop
      vertex -337.55 80.27092530382481 5.6
      vertex -337.55 80.27092530382481 0
      vertex -340.05 81.71430097679887 5.6
    endloop
  endfacet
  facet normal -1 0 0
    outer loop
      vertex -335.05 81.71430097679887 5.6
      vertex -335.05 84.60105232274701 5.6
      vertex -335.05 84.60105232274701 0
    endloop
  endfacet
  facet normal 0.4999999999999979 -0.8660254037844397 0
    outer loop
      vertex -337.55 86.04442799572107 5.6
      vertex -340.05 84.60105232274701 5.6
      vertex -340.05 84.60105232274701 0
    endloop
  endfacet
  facet normal -0.4999999999999979 -0.8660254037844397 0
    outer loop
      vertex -335.05 84.60105232274701 5.6
      vertex -337.55 86.04442799572107 5.6
      vertex -337.55 86.04442799572107 0
    endloop
  endfacet
  facet normal -0.4999999999999979 0.8660254037844397 0
    outer loop
      vertex -337.55 80.27092530382481 5.6
      vertex -335.05 81.71430097679887 0
      vertex -337.55 80.27092530382481 0
    endloop
  endfacet
  facet normal 0.4999999999999979 0.8660254037844397 0
    outer loop
      vertex -337.55 80.27092530382481 0
      vertex -340.05 81.71430097679887 0
      vertex -340.05 81.71430097679887 5.6
    endloop
  endfacet
  facet normal -1 0 0
    outer loop
      vertex -335.05 81.71430097679887 5.6
      vertex -335.05 84.60105232274701 0
      vertex -335.05 81.71430097679887 0
    endloop
  endfacet
  facet normal -0.4999999999999979 -0.8660254037844397 0
    outer loop
      vertex -335.05 84.60105232274701 5.6
      vertex -337.55 86.04442799572107 0
      vertex -335.05 84.60105232274701 0
    endloop
  endfacet
  facet normal 0.4999999999999979 -0.8660254037844397 0
    outer loop
      vertex -337.55 86.04442799572107 5.6
      vertex -340.05 84.60105232274701 0
      vertex -337.55 86.04442799572107 0
    endloop
  endfacet
  facet normal 1 0 0
    outer loop
      vertex -340.05 81.71430097679887 5.6
      vertex -340.05 81.71430097679887 0
      vertex -340.05 84.60105232274701 5.6
    endloop
  endfacet
  facet normal 1 0 0
    outer loop
      vertex -340.05 84.60105232274701 5.6
      vertex -340.05 81.71430097679887 0
      vertex -340.05 84.60105232274701 0
    endloop
  endfacet
  facet normal -0.4999999999999979 0.8660254037844397 0
    outer loop
      vertex -344.15 80.27092530382481 5.6
      vertex -341.65 81.71430097679887 5.6
      vertex -341.65 81.71430097679887 0
    endloop
  endfacet
  facet normal 0.4999999999999979 0.8660254037844397 0
    outer loop
      vertex -344.15 80.27092530382481 5.6
      vertex -344.15 80.27092530382481 0
      vertex -346.65 81.71430097679887 5.6
    endloop
  endfacet
  facet normal -1 0 0
    outer loop
      vertex -341.65 81.71430097679887 5.6
      vertex -341.65 84.60105232274701 5.6
      vertex -341.65 84.60105232274701 0
    endloop
  endfacet
  facet normal -0.4999999999999979 -0.8660254037844397 0
    outer loop
      vertex -341.65 84.60105232274701 5.6
      vertex -344.15 86.04442799572107 5.6
      vertex -344.15 86.04442799572107 0
    endloop
  endfacet
  facet normal 1 0 0
    outer loop
      vertex -346.65 81.71430097679887 5.6
      vertex -346.65 81.71430097679887 0
      vertex -346.65 84.60105232274701 5.6
    endloop
  endfacet
  facet normal 0.4999999999999979 -0.8660254037844397 0
    outer loop
      vertex -346.65 84.60105232274701 5.6
      vertex -346.65 84.60105232274701 0
      vertex -344.15 86.04442799572107 5.6
    endloop
  endfacet
  facet normal -0.4999999999999979 0.8660254037844397 0
    outer loop
      vertex -344.15 80.27092530382481 5.6
      vertex -341.65 81.71430097679887 0
      vertex -344.15 80.27092530382481 0
    endloop
  endfacet
  facet normal 0.4999999999999979 0.8660254037844397 0
    outer loop
      vertex -346.65 81.71430097679887 5.6
      vertex -344.15 80.27092530382481 0
      vertex -346.65 81.71430097679887 0
    endloop
  endfacet
  facet normal -1 0 0
    outer loop
      vertex -341.65 81.71430097679887 5.6
      vertex -341.65 84.60105232274701 0
      vertex -341.65 81.71430097679887 0
    endloop
  endfacet
  facet normal -0.4999999999999979 -0.8660254037844397 0
    outer loop
      vertex -341.65 84.60105232274701 5.6
      vertex -344.15 86.04442799572107 0
      vertex -341.65 84.60105232274701 0
    endloop
  endfacet
  facet normal 1 0 0
    outer loop
      vertex -346.65 84.60105232274701 5.6
      vertex -346.65 81.71430097679887 0
      vertex -346.65 84.60105232274701 0
    endloop
  endfacet
  facet normal 0.4999999999999979 -0.8660254037844397 0
    outer loop
      vertex -344.15 86.04442799572107 5.6
      vertex -346.65 84.60105232274701 0
      vertex -344.15 86.04442799572107 0
    endloop
  endfacet
  facet normal -0.4999999999999979 0.8660254037844397 0
    outer loop
      vertex -350.75 80.27092530382481 5.6
      vertex -348.25 81.71430097679887 5.6
      vertex -348.25 81.71430097679887 0
    endloop
  endfacet
  facet normal 0.4999999999999979 0.8660254037844397 0
    outer loop
      vertex -350.75 80.27092530382481 5.6
      vertex -350.75 80.27092530382481 0
      vertex -353.25 81.71430097679887 5.6
    endloop
  endfacet
  facet normal -1 0 0
    outer loop
      vertex -348.25 81.71430097679887 5.6
      vertex -348.25 84.60105232274701 5.6
      vertex -348.25 84.60105232274701 0
    endloop
  endfacet
  facet normal -0.4999999999999979 -0.8660254037844397 0
    outer loop
      vertex -348.25 84.60105232274701 5.6
      vertex -350.75 86.04442799572107 5.6
      vertex -350.75 86.04442799572107 0
    endloop
  endfacet
  facet normal 0.4999999999999979 -0.8660254037844397 0
    outer loop
      vertex -350.75 86.04442799572107 5.6
      vertex -353.25 84.60105232274701 5.6
      vertex -353.25 84.60105232274701 0
    endloop
  endfacet
  facet normal 1 0 0
    outer loop
      vertex -353.25 81.71430097679887 5.6
      vertex -353.25 81.71430097679887 0
      vertex -353.25 84.60105232274701 5.6
    endloop
  endfacet
  facet normal -0.4999999999999979 0.8660254037844397 0
    outer loop
      vertex -350.75 80.27092530382481 5.6
      vertex -348.25 81.71430097679887 0
      vertex -350.75 80.27092530382481 0
    endloop
  endfacet
  facet normal 0.4999999999999979 0.8660254037844397 0
    outer loop
      vertex -353.25 81.71430097679887 5.6
      vertex -350.75 80.27092530382481 0
      vertex -353.25 81.71430097679887 0
    endloop
  endfacet
  facet normal -1 0 0
    outer loop
      vertex -348.25 81.71430097679887 5.6
      vertex -348.25 84.60105232274701 0
      vertex -348.25 81.71430097679887 0
    endloop
  endfacet
  facet normal -0.4999999999999979 -0.8660254037844397 0
    outer loop
      vertex -348.25 84.60105232274701 5.6
      vertex -350.75 86.04442799572107 0
      vertex -348.25 84.60105232274701 0
    endloop
  endfacet
  facet normal 1 0 0
    outer loop
      vertex -353.25 84.60105232274701 5.6
      vertex -353.25 81.71430097679887 0
      vertex -353.25 84.60105232274701 0
    endloop
  endfacet
  facet normal 0.4999999999999979 -0.8660254037844397 0
    outer loop
      vertex -350.75 86.04442799572107 5.6
      vertex -353.25 84.60105232274701 0
      vertex -350.75 86.04442799572107 0
    endloop
  endfacet
  facet normal -1 0 0
    outer loop
      vertex -354.85 81.71430097679887 5.6
      vertex -354.85 84.60105232274701 5.6
      vertex -354.85 84.60105232274701 0
    endloop
  endfacet
  facet normal -0.4999999999999979 0.8660254037844397 0
    outer loop
      vertex -354.85 81.71430097679887 5.6
      vertex -354.85 81.71430097679887 0
      vertex -357.35 80.27092530382481 5.6
    endloop
  endfacet
  facet normal 0.4999999999999979 0.8660254037844397 0
    outer loop
      vertex -357.35 80.27092530382481 5.6
      vertex -357.35 80.27092530382481 0
      vertex -359.85 81.71430097679887 5.6
    endloop
  endfacet
  facet normal -0.4999999999999979 -0.8660254037844397 0
    outer loop
      vertex -354.85 84.60105232274701 5.6
      vertex -357.35 86.04442799572107 5.6
      vertex -357.35 86.04442799572107 0
    endloop
  endfacet
  facet normal 1 0 0
    outer loop
      vertex -359.85 81.71430097679887 5.6
      vertex -359.85 81.71430097679887 0
      vertex -359.85 84.60105232274701 5.6
    endloop
  endfacet
  facet normal 0.4999999999999979 -0.8660254037844397 0
    outer loop
      vertex -357.35 86.04442799572107 5.6
      vertex -359.85 84.60105232274701 5.6
      vertex -359.85 84.60105232274701 0
    endloop
  endfacet
  facet normal -1 0 0
    outer loop
      vertex -354.85 81.71430097679887 5.6
      vertex -354.85 84.60105232274701 0
      vertex -354.85 81.71430097679887 0
    endloop
  endfacet
  facet normal -0.4999999999999979 0.8660254037844397 0
    outer loop
      vertex -357.35 80.27092530382481 5.6
      vertex -354.85 81.71430097679887 0
      vertex -357.35 80.27092530382481 0
    endloop
  endfacet
  facet normal 0.4999999999999979 0.8660254037844397 0
    outer loop
      vertex -359.85 81.71430097679887 5.6
      vertex -357.35 80.27092530382481 0
      vertex -359.85 81.71430097679887 0
    endloop
  endfacet
  facet normal -0.4999999999999979 -0.8660254037844397 0
    outer loop
      vertex -354.85 84.60105232274701 5.6
      vertex -357.35 86.04442799572107 0
      vertex -354.85 84.60105232274701 0
    endloop
  endfacet
  facet normal 0.4999999999999979 -0.8660254037844397 0
    outer loop
      vertex -357.35 86.04442799572107 5.6
      vertex -359.85 84.60105232274701 0
      vertex -357.35 86.04442799572107 0
    endloop
  endfacet
  facet normal 1 0 0
    outer loop
      vertex -359.85 84.60105232274701 5.6
      vertex -359.85 81.71430097679887 0
      vertex -359.85 84.60105232274701 0
    endloop
  endfacet
  facet normal -0.4999999999999979 0.8660254037844397 0
    outer loop
      vertex -305.35 87.43006864177616 5.6
      vertex -305.35 87.43006864177616 0
      vertex -307.85 85.9866929688021 5.6
    endloop
  endfacet
  facet normal -1 0 0
    outer loop
      vertex -305.35 87.43006864177616 5.6
      vertex -305.35 90.3168199877243 5.6
      vertex -305.35 90.3168199877243 0
    endloop
  endfacet
  facet normal 0.4999999999999979 0.8660254037844397 0
    outer loop
      vertex -307.85 85.9866929688021 5.6
      vertex -307.85 85.9866929688021 0
      vertex -310.35 87.43006864177616 5.6
    endloop
  endfacet
  facet normal -0.4999999999999979 -0.8660254037844397 0
    outer loop
      vertex -305.35 90.3168199877243 5.6
      vertex -307.85 91.76019566069836 5.6
      vertex -307.85 91.76019566069836 0
    endloop
  endfacet
  facet normal 0.4999999999999979 -0.8660254037844397 0
    outer loop
      vertex -307.85 91.76019566069836 5.6
      vertex -310.35 90.3168199877243 5.6
      vertex -310.35 90.3168199877243 0
    endloop
  endfacet
  facet normal -1 0 0
    outer loop
      vertex -305.35 87.43006864177616 5.6
      vertex -305.35 90.3168199877243 0
      vertex -305.35 87.43006864177616 0
    endloop
  endfacet
  facet normal -0.4999999999999979 0.8660254037844397 0
    outer loop
      vertex -307.85 85.9866929688021 5.6
      vertex -305.35 87.43006864177616 0
      vertex -307.85 85.9866929688021 0
    endloop
  endfacet
  facet normal 0.4999999999999979 0.8660254037844397 0
    outer loop
      vertex -307.85 85.9866929688021 0
      vertex -310.35 87.43006864177616 0
      vertex -310.35 87.43006864177616 5.6
    endloop
  endfacet
  facet normal -0.4999999999999979 -0.8660254037844397 0
    outer loop
      vertex -305.35 90.3168199877243 5.6
      vertex -307.85 91.76019566069836 0
      vertex -305.35 90.3168199877243 0
    endloop
  endfacet
  facet normal 0.4999999999999979 -0.8660254037844397 0
    outer loop
      vertex -307.85 91.76019566069836 5.6
      vertex -310.35 90.3168199877243 0
      vertex -307.85 91.76019566069836 0
    endloop
  endfacet
  facet normal 1 0 0
    outer loop
      vertex -310.35 87.43006864177616 5.6
      vertex -310.35 87.43006864177616 0
      vertex -310.35 90.3168199877243 5.6
    endloop
  endfacet
  facet normal 1 0 0
    outer loop
      vertex -310.35 90.3168199877243 5.6
      vertex -310.35 87.43006864177616 0
      vertex -310.35 90.3168199877243 0
    endloop
  endfacet
  facet normal -0.4999999999999979 0.8660254037844397 0
    outer loop
      vertex -311.95000000000005 87.43006864177616 5.6
      vertex -311.95000000000005 87.43006864177616 0
      vertex -314.45000000000005 85.9866929688021 5.6
    endloop
  endfacet
  facet normal -1 0 0
    outer loop
      vertex -311.95000000000005 87.43006864177616 5.6
      vertex -311.95000000000005 90.3168199877243 5.6
      vertex -311.95000000000005 90.3168199877243 0
    endloop
  endfacet
  facet normal 0.4999999999999979 0.8660254037844397 0
    outer loop
      vertex -314.45000000000005 85.9866929688021 5.6
      vertex -314.45000000000005 85.9866929688021 0
      vertex -316.95000000000005 87.43006864177616 5.6
    endloop
  endfacet
  facet normal 1 0 0
    outer loop
      vertex -316.95000000000005 87.43006864177616 5.6
      vertex -316.95000000000005 87.43006864177616 0
      vertex -316.95000000000005 90.3168199877243 5.6
    endloop
  endfacet
  facet normal -0.4999999999999979 -0.8660254037844397 0
    outer loop
      vertex -311.95000000000005 90.3168199877243 5.6
      vertex -314.45000000000005 91.76019566069836 5.6
      vertex -314.45000000000005 91.76019566069836 0
    endloop
  endfacet
  facet normal 0.4999999999999979 -0.8660254037844397 0
    outer loop
      vertex -314.45000000000005 91.76019566069836 5.6
      vertex -316.95000000000005 90.3168199877243 5.6
      vertex -316.95000000000005 90.3168199877243 0
    endloop
  endfacet
  facet normal -0.4999999999999979 0.8660254037844397 0
    outer loop
      vertex -314.45000000000005 85.9866929688021 5.6
      vertex -311.95000000000005 87.43006864177616 0
      vertex -314.45000000000005 85.9866929688021 0
    endloop
  endfacet
  facet normal -1 0 0
    outer loop
      vertex -311.95000000000005 87.43006864177616 5.6
      vertex -311.95000000000005 90.3168199877243 0
      vertex -311.95000000000005 87.43006864177616 0
    endloop
  endfacet
  facet normal 0.4999999999999979 0.8660254037844397 0
    outer loop
      vertex -316.95000000000005 87.43006864177616 5.6
      vertex -314.45000000000005 85.9866929688021 0
      vertex -316.95000000000005 87.43006864177616 0
    endloop
  endfacet
  facet normal 1 0 0
    outer loop
      vertex -316.95000000000005 90.3168199877243 5.6
      vertex -316.95000000000005 87.43006864177616 0
      vertex -316.95000000000005 90.3168199877243 0
    endloop
  endfacet
  facet normal -0.4999999999999979 -0.8660254037844397 0
    outer loop
      vertex -311.95000000000005 90.3168199877243 5.6
      vertex -314.45000000000005 91.76019566069836 0
      vertex -311.95000000000005 90.3168199877243 0
    endloop
  endfacet
  facet normal 0.4999999999999979 -0.8660254037844397 0
    outer loop
      vertex -314.45000000000005 91.76019566069836 5.6
      vertex -316.95000000000005 90.3168199877243 0
      vertex -314.45000000000005 91.76019566069836 0
    endloop
  endfacet
  facet normal -0.4999999999999979 0.8660254037844397 0
    outer loop
      vertex -318.55 87.43006864177616 5.6
      vertex -318.55 87.43006864177616 0
      vertex -321.05 85.9866929688021 5.6
    endloop
  endfacet
  facet normal -1 0 0
    outer loop
      vertex -318.55 87.43006864177616 5.6
      vertex -318.55 90.3168199877243 5.6
      vertex -318.55 90.3168199877243 0
    endloop
  endfacet
  facet normal 0.4999999999999979 0.8660254037844397 0
    outer loop
      vertex -321.05 85.9866929688021 5.6
      vertex -321.05 85.9866929688021 0
      vertex -323.55 87.43006864177616 5.6
    endloop
  endfacet
  facet normal 1 0 0
    outer loop
      vertex -323.55 87.43006864177616 5.6
      vertex -323.55 87.43006864177616 0
      vertex -323.55 90.3168199877243 5.6
    endloop
  endfacet
  facet normal -0.4999999999999979 -0.8660254037844397 0
    outer loop
      vertex -318.55 90.3168199877243 5.6
      vertex -321.05 91.76019566069836 5.6
      vertex -321.05 91.76019566069836 0
    endloop
  endfacet
  facet normal 0.4999999999999979 -0.8660254037844397 0
    outer loop
      vertex -321.05 91.76019566069836 5.6
      vertex -323.55 90.3168199877243 5.6
      vertex -323.55 90.3168199877243 0
    endloop
  endfacet
  facet normal -1 0 0
    outer loop
      vertex -318.55 87.43006864177616 5.6
      vertex -318.55 90.3168199877243 0
      vertex -318.55 87.43006864177616 0
    endloop
  endfacet
  facet normal -0.4999999999999979 0.8660254037844397 0
    outer loop
      vertex -321.05 85.9866929688021 5.6
      vertex -318.55 87.43006864177616 0
      vertex -321.05 85.9866929688021 0
    endloop
  endfacet
  facet normal 0.4999999999999979 0.8660254037844397 0
    outer loop
      vertex -323.55 87.43006864177616 5.6
      vertex -321.05 85.9866929688021 0
      vertex -323.55 87.43006864177616 0
    endloop
  endfacet
  facet normal 1 0 0
    outer loop
      vertex -323.55 90.3168199877243 5.6
      vertex -323.55 87.43006864177616 0
      vertex -323.55 90.3168199877243 0
    endloop
  endfacet
  facet normal -0.4999999999999979 -0.8660254037844397 0
    outer loop
      vertex -318.55 90.3168199877243 5.6
      vertex -321.05 91.76019566069836 0
      vertex -318.55 90.3168199877243 0
    endloop
  endfacet
  facet normal 0.4999999999999979 -0.8660254037844397 0
    outer loop
      vertex -321.05 91.76019566069836 5.6
      vertex -323.55 90.3168199877243 0
      vertex -321.05 91.76019566069836 0
    endloop
  endfacet
  facet normal -0.4999999999999979 0.8660254037844397 0
    outer loop
      vertex -325.15000000000003 87.43006864177616 5.6
      vertex -325.15000000000003 87.43006864177616 0
      vertex -327.65000000000003 85.9866929688021 5.6
    endloop
  endfacet
  facet normal -1 0 0
    outer loop
      vertex -325.15000000000003 87.43006864177616 5.6
      vertex -325.15000000000003 90.3168199877243 5.6
      vertex -325.15000000000003 90.3168199877243 0
    endloop
  endfacet
  facet normal 0.4999999999999979 0.8660254037844397 0
    outer loop
      vertex -327.65000000000003 85.9866929688021 5.6
      vertex -327.65000000000003 85.9866929688021 0
      vertex -330.15000000000003 87.43006864177616 5.6
    endloop
  endfacet
  facet normal 1 0 0
    outer loop
      vertex -330.15000000000003 87.43006864177616 5.6
      vertex -330.15000000000003 87.43006864177616 0
      vertex -330.15000000000003 90.3168199877243 5.6
    endloop
  endfacet
  facet normal -0.4999999999999979 -0.8660254037844397 0
    outer loop
      vertex -325.15000000000003 90.3168199877243 5.6
      vertex -327.65000000000003 91.76019566069836 5.6
      vertex -327.65000000000003 91.76019566069836 0
    endloop
  endfacet
  facet normal 0.4999999999999979 -0.8660254037844397 0
    outer loop
      vertex -327.65000000000003 91.76019566069836 5.6
      vertex -330.15000000000003 90.3168199877243 5.6
      vertex -330.15000000000003 90.3168199877243 0
    endloop
  endfacet
  facet normal -0.4999999999999979 0.8660254037844397 0
    outer loop
      vertex -327.65000000000003 85.9866929688021 5.6
      vertex -325.15000000000003 87.43006864177616 0
      vertex -327.65000000000003 85.9866929688021 0
    endloop
  endfacet
  facet normal -1 0 0
    outer loop
      vertex -325.15000000000003 87.43006864177616 5.6
      vertex -325.15000000000003 90.3168199877243 0
      vertex -325.15000000000003 87.43006864177616 0
    endloop
  endfacet
  facet normal 0.4999999999999979 0.8660254037844397 0
    outer loop
      vertex -330.15000000000003 87.43006864177616 5.6
      vertex -327.65000000000003 85.9866929688021 0
      vertex -330.15000000000003 87.43006864177616 0
    endloop
  endfacet
  facet normal 1 0 0
    outer loop
      vertex -330.15000000000003 90.3168199877243 5.6
      vertex -330.15000000000003 87.43006864177616 0
      vertex -330.15000000000003 90.3168199877243 0
    endloop
  endfacet
  facet normal -0.4999999999999979 -0.8660254037844397 0
    outer loop
      vertex -325.15000000000003 90.3168199877243 5.6
      vertex -327.65000000000003 91.76019566069836 0
      vertex -325.15000000000003 90.3168199877243 0
    endloop
  endfacet
  facet normal 0.4999999999999979 -0.8660254037844397 0
    outer loop
      vertex -327.65000000000003 91.76019566069836 5.6
      vertex -330.15000000000003 90.3168199877243 0
      vertex -327.65000000000003 91.76019566069836 0
    endloop
  endfacet
  facet normal -1 0 0
    outer loop
      vertex -331.75 87.43006864177616 5.6
      vertex -331.75 90.3168199877243 5.6
      vertex -331.75 90.3168199877243 0
    endloop
  endfacet
  facet normal -0.4999999999999979 0.8660254037844397 0
    outer loop
      vertex -331.75 87.43006864177616 5.6
      vertex -331.75 87.43006864177616 0
      vertex -334.25 85.9866929688021 5.6
    endloop
  endfacet
  facet normal 0.4999999999999979 0.8660254037844397 0
    outer loop
      vertex -334.25 85.9866929688021 5.6
      vertex -334.25 85.9866929688021 0
      vertex -336.75 87.43006864177616 5.6
    endloop
  endfacet
  facet normal 1 0 0
    outer loop
      vertex -336.75 87.43006864177616 5.6
      vertex -336.75 87.43006864177616 0
      vertex -336.75 90.3168199877243 5.6
    endloop
  endfacet
  facet normal -0.4999999999999979 -0.8660254037844397 0
    outer loop
      vertex -331.75 90.3168199877243 5.6
      vertex -334.25 91.76019566069836 5.6
      vertex -334.25 91.76019566069836 0
    endloop
  endfacet
  facet normal 0.4999999999999979 -0.8660254037844397 0
    outer loop
      vertex -334.25 91.76019566069836 5.6
      vertex -336.75 90.3168199877243 5.6
      vertex -336.75 90.3168199877243 0
    endloop
  endfacet
  facet normal -1 0 0
    outer loop
      vertex -331.75 87.43006864177616 5.6
      vertex -331.75 90.3168199877243 0
      vertex -331.75 87.43006864177616 0
    endloop
  endfacet
  facet normal -0.4999999999999979 0.8660254037844397 0
    outer loop
      vertex -334.25 85.9866929688021 5.6
      vertex -331.75 87.43006864177616 0
      vertex -334.25 85.9866929688021 0
    endloop
  endfacet
  facet normal 0.4999999999999979 0.8660254037844397 0
    outer loop
      vertex -336.75 87.43006864177616 5.6
      vertex -334.25 85.9866929688021 0
      vertex -336.75 87.43006864177616 0
    endloop
  endfacet
  facet normal 1 0 0
    outer loop
      vertex -336.75 90.3168199877243 5.6
      vertex -336.75 87.43006864177616 0
      vertex -336.75 90.3168199877243 0
    endloop
  endfacet
  facet normal -0.4999999999999979 -0.8660254037844397 0
    outer loop
      vertex -331.75 90.3168199877243 5.6
      vertex -334.25 91.76019566069836 0
      vertex -331.75 90.3168199877243 0
    endloop
  endfacet
  facet normal 0.4999999999999979 -0.8660254037844397 0
    outer loop
      vertex -334.25 91.76019566069836 5.6
      vertex -336.75 90.3168199877243 0
      vertex -334.25 91.76019566069836 0
    endloop
  endfacet
  facet normal -0.4999999999999979 0.8660254037844397 0
    outer loop
      vertex -338.35 87.43006864177616 5.6
      vertex -338.35 87.43006864177616 0
      vertex -340.85 85.9866929688021 5.6
    endloop
  endfacet
  facet normal -1 0 0
    outer loop
      vertex -338.35 87.43006864177616 5.6
      vertex -338.35 90.3168199877243 5.6
      vertex -338.35 90.3168199877243 0
    endloop
  endfacet
  facet normal -0.4999999999999979 -0.8660254037844397 0
    outer loop
      vertex -338.35 90.3168199877243 5.6
      vertex -340.85 91.76019566069836 5.6
      vertex -340.85 91.76019566069836 0
    endloop
  endfacet
  facet normal -0.4999999999999979 0.8660254037844397 0
    outer loop
      vertex -338.35 87.43006864177616 0
      vertex -340.85 85.9866929688021 0
      vertex -340.85 85.9866929688021 5.6
    endloop
  endfacet
  facet normal -1 0 0
    outer loop
      vertex -338.35 87.43006864177616 5.6
      vertex -338.35 90.3168199877243 0
      vertex -338.35 87.43006864177616 0
    endloop
  endfacet
  facet normal -0.4999999999999979 -0.8660254037844397 0
    outer loop
      vertex -338.35 90.3168199877243 5.6
      vertex -340.85 91.76019566069836 0
      vertex -338.35 90.3168199877243 0
    endloop
  endfacet
  facet normal 0.4999999999999979 0.8660254037844397 0
    outer loop
      vertex -340.85 85.9866929688021 5.6
      vertex -340.85 85.9866929688021 0
      vertex -343.35 87.43006864177616 5.6
    endloop
  endfacet
  facet normal 1 0 0
    outer loop
      vertex -343.35 87.43006864177616 5.6
      vertex -343.35 87.43006864177616 0
      vertex -343.35 90.3168199877243 5.6
    endloop
  endfacet
  facet normal 0.4999999999999979 -0.8660254037844397 0
    outer loop
      vertex -340.85 91.76019566069836 5.6
      vertex -343.35 90.3168199877243 5.6
      vertex -343.35 90.3168199877243 0
    endloop
  endfacet
  facet normal 0.4999999999999979 0.8660254037844397 0
    outer loop
      vertex -343.35 87.43006864177616 5.6
      vertex -340.85 85.9866929688021 0
      vertex -343.35 87.43006864177616 0
    endloop
  endfacet
  facet normal 1 0 0
    outer loop
      vertex -343.35 90.3168199877243 5.6
      vertex -343.35 87.43006864177616 0
      vertex -343.35 90.3168199877243 0
    endloop
  endfacet
  facet normal 0.4999999999999979 -0.8660254037844397 0
    outer loop
      vertex -340.85 91.76019566069836 5.6
      vertex -343.35 90.3168199877243 0
      vertex -340.85 91.76019566069836 0
    endloop
  endfacet
  facet normal -1 0 0
    outer loop
      vertex -344.95 87.43006864177616 5.6
      vertex -344.95 90.3168199877243 5.6
      vertex -344.95 90.3168199877243 0
    endloop
  endfacet
  facet normal -0.4999999999999979 0.8660254037844397 0
    outer loop
      vertex -344.95 87.43006864177616 5.6
      vertex -344.95 87.43006864177616 0
      vertex -347.45 85.9866929688021 5.6
    endloop
  endfacet
  facet normal -0.4999999999999979 -0.8660254037844397 0
    outer loop
      vertex -344.95 90.3168199877243 5.6
      vertex -347.45 91.76019566069836 5.6
      vertex -347.45 91.76019566069836 0
    endloop
  endfacet
  facet normal 0.4999999999999979 0.8660254037844397 0
    outer loop
      vertex -347.45 85.9866929688021 5.6
      vertex -347.45 85.9866929688021 0
      vertex -349.95 87.43006864177616 5.6
    endloop
  endfacet
  facet normal 1 0 0
    outer loop
      vertex -349.95 87.43006864177616 5.6
      vertex -349.95 87.43006864177616 0
      vertex -349.95 90.3168199877243 5.6
    endloop
  endfacet
  facet normal 0.4999999999999979 -0.8660254037844397 0
    outer loop
      vertex -347.45 91.76019566069836 5.6
      vertex -349.95 90.3168199877243 5.6
      vertex -349.95 90.3168199877243 0
    endloop
  endfacet
  facet normal -1 0 0
    outer loop
      vertex -344.95 87.43006864177616 5.6
      vertex -344.95 90.3168199877243 0
      vertex -344.95 87.43006864177616 0
    endloop
  endfacet
  facet normal -0.4999999999999979 0.8660254037844397 0
    outer loop
      vertex -347.45 85.9866929688021 5.6
      vertex -344.95 87.43006864177616 0
      vertex -347.45 85.9866929688021 0
    endloop
  endfacet
  facet normal -0.4999999999999979 -0.8660254037844397 0
    outer loop
      vertex -344.95 90.3168199877243 5.6
      vertex -347.45 91.76019566069836 0
      vertex -344.95 90.3168199877243 0
    endloop
  endfacet
  facet normal 0.4999999999999979 0.8660254037844397 0
    outer loop
      vertex -349.95 87.43006864177616 5.6
      vertex -347.45 85.9866929688021 0
      vertex -349.95 87.43006864177616 0
    endloop
  endfacet
  facet normal 1 0 0
    outer loop
      vertex -349.95 90.3168199877243 5.6
      vertex -349.95 87.43006864177616 0
      vertex -349.95 90.3168199877243 0
    endloop
  endfacet
  facet normal 0.4999999999999979 -0.8660254037844397 0
    outer loop
      vertex -347.45 91.76019566069836 5.6
      vertex -349.95 90.3168199877243 0
      vertex -347.45 91.76019566069836 0
    endloop
  endfacet
  facet normal -0.4999999999999979 0.8660254037844397 0
    outer loop
      vertex -351.55 87.43006864177616 5.6
      vertex -351.55 87.43006864177616 0
      vertex -354.05 85.9866929688021 5.6
    endloop
  endfacet
  facet normal -1 0 0
    outer loop
      vertex -351.55 87.43006864177616 5.6
      vertex -351.55 90.3168199877243 5.6
      vertex -351.55 90.3168199877243 0
    endloop
  endfacet
  facet normal 0.4999999999999979 0.8660254037844397 0
    outer loop
      vertex -354.05 85.9866929688021 5.6
      vertex -354.05 85.9866929688021 0
      vertex -356.55 87.43006864177616 5.6
    endloop
  endfacet
  facet normal -0.4999999999999979 -0.8660254037844397 0
    outer loop
      vertex -351.55 90.3168199877243 5.6
      vertex -354.05 91.76019566069836 5.6
      vertex -354.05 91.76019566069836 0
    endloop
  endfacet
  facet normal 1 0 0
    outer loop
      vertex -356.55 87.43006864177616 5.6
      vertex -356.55 87.43006864177616 0
      vertex -356.55 90.3168199877243 5.6
    endloop
  endfacet
  facet normal 0.4999999999999979 -0.8660254037844397 0
    outer loop
      vertex -354.05 91.76019566069836 5.6
      vertex -356.55 90.3168199877243 5.6
      vertex -356.55 90.3168199877243 0
    endloop
  endfacet
  facet normal -1 0 0
    outer loop
      vertex -351.55 87.43006864177616 5.6
      vertex -351.55 90.3168199877243 0
      vertex -351.55 87.43006864177616 0
    endloop
  endfacet
  facet normal -0.4999999999999979 0.8660254037844397 0
    outer loop
      vertex -354.05 85.9866929688021 5.6
      vertex -351.55 87.43006864177616 0
      vertex -354.05 85.9866929688021 0
    endloop
  endfacet
  facet normal -0.4999999999999979 -0.8660254037844397 0
    outer loop
      vertex -351.55 90.3168199877243 5.6
      vertex -354.05 91.76019566069836 0
      vertex -351.55 90.3168199877243 0
    endloop
  endfacet
  facet normal 0.4999999999999979 -0.8660254037844397 0
    outer loop
      vertex -354.05 91.76019566069836 5.6
      vertex -356.55 90.3168199877243 0
      vertex -354.05 91.76019566069836 0
    endloop
  endfacet
  facet normal 0.4999999999999979 0.8660254037844397 0
    outer loop
      vertex -356.55 87.43006864177616 5.6
      vertex -354.05 85.9866929688021 0
      vertex -356.55 87.43006864177616 0
    endloop
  endfacet
  facet normal 1 0 0
    outer loop
      vertex -356.55 90.3168199877243 5.6
      vertex -356.55 87.43006864177616 0
      vertex -356.55 90.3168199877243 0
    endloop
  endfacet
  facet normal -1 0 0
    outer loop
      vertex -358.15000000000003 87.43006864177616 5.6
      vertex -358.15000000000003 90.3168199877243 5.6
      vertex -358.15000000000003 90.3168199877243 0
    endloop
  endfacet
  facet normal -0.4999999999999979 0.8660254037844397 0
    outer loop
      vertex -358.15000000000003 87.43006864177616 5.6
      vertex -358.15000000000003 87.43006864177616 0
      vertex -360.65000000000003 85.9866929688021 5.6
    endloop
  endfacet
  facet normal 0.4999999999999979 0.8660254037844397 0
    outer loop
      vertex -360.65000000000003 85.9866929688021 5.6
      vertex -360.65000000000003 85.9866929688021 0
      vertex -363.15000000000003 87.43006864177616 5.6
    endloop
  endfacet
  facet normal -0.4999999999999979 -0.8660254037844397 0
    outer loop
      vertex -358.15000000000003 90.3168199877243 5.6
      vertex -360.65000000000003 91.76019566069836 5.6
      vertex -360.65000000000003 91.76019566069836 0
    endloop
  endfacet
  facet normal 0.4999999999999979 -0.8660254037844397 0
    outer loop
      vertex -360.65000000000003 91.76019566069836 5.6
      vertex -363.15000000000003 90.3168199877243 5.6
      vertex -363.15000000000003 90.3168199877243 0
    endloop
  endfacet
  facet normal 1 0 0
    outer loop
      vertex -363.15000000000003 87.43006864177616 5.6
      vertex -363.15000000000003 87.43006864177616 0
      vertex -363.15000000000003 90.3168199877243 5.6
    endloop
  endfacet
  facet normal -1 0 0
    outer loop
      vertex -358.15000000000003 87.43006864177616 5.6
      vertex -358.15000000000003 90.3168199877243 0
      vertex -358.15000000000003 87.43006864177616 0
    endloop
  endfacet
  facet normal -0.4999999999999979 0.8660254037844397 0
    outer loop
      vertex -360.65000000000003 85.9866929688021 5.6
      vertex -358.15000000000003 87.43006864177616 0
      vertex -360.65000000000003 85.9866929688021 0
    endloop
  endfacet
  facet normal 0.4999999999999979 0.8660254037844397 0
    outer loop
      vertex -363.15000000000003 87.43006864177616 5.6
      vertex -360.65000000000003 85.9866929688021 0
      vertex -363.15000000000003 87.43006864177616 0
    endloop
  endfacet
  facet normal -0.4999999999999979 -0.8660254037844397 0
    outer loop
      vertex -358.15000000000003 90.3168199877243 5.6
      vertex -360.65000000000003 91.76019566069836 0
      vertex -358.15000000000003 90.3168199877243 0
    endloop
  endfacet
  facet normal 0.4999999999999979 -0.8660254037844397 0
    outer loop
      vertex -360.65000000000003 91.76019566069836 5.6
      vertex -363.15000000000003 90.3168199877243 0
      vertex -360.65000000000003 91.76019566069836 0
    endloop
  endfacet
  facet normal 1 0 0
    outer loop
      vertex -363.15000000000003 90.3168199877243 5.6
      vertex -363.15000000000003 87.43006864177616 0
      vertex -363.15000000000003 90.3168199877243 0
    endloop
  endfacet
  facet normal -0.4999999999999979 0.8660254037844397 0
    outer loop
      vertex -308.65000000000003 93.14583630675347 5.6
      vertex -308.65000000000003 93.14583630675347 0
      vertex -311.15000000000003 91.70246063377941 5.6
    endloop
  endfacet
  facet normal -1 0 0
    outer loop
      vertex -308.65000000000003 93.14583630675347 5.6
      vertex -308.65000000000003 96.03258765270161 5.6
      vertex -308.65000000000003 96.03258765270161 0
    endloop
  endfacet
  facet normal -1 0 0
    outer loop
      vertex -308.65000000000003 93.14583630675347 5.6
      vertex -308.65000000000003 96.03258765270161 0
      vertex -308.65000000000003 93.14583630675347 0
    endloop
  endfacet
  facet normal -0.4999999999999979 -0.8660254037844397 0
    outer loop
      vertex -308.65000000000003 96.03258765270161 5.6
      vertex -311.15000000000003 97.47596332567566 0
      vertex -308.65000000000003 96.03258765270161 0
    endloop
  endfacet
  facet normal 0.4999999999999979 0.8660254037844397 0
    outer loop
      vertex -311.15000000000003 91.70246063377941 5.6
      vertex -311.15000000000003 91.70246063377941 0
      vertex -313.65000000000003 93.14583630675347 5.6
    endloop
  endfacet
  facet normal -0.4999999999999979 -0.8660254037844397 0
    outer loop
      vertex -308.65000000000003 96.03258765270161 5.6
      vertex -311.15000000000003 97.47596332567566 5.6
      vertex -311.15000000000003 97.47596332567566 0
    endloop
  endfacet
  facet normal 1 0 0
    outer loop
      vertex -313.65000000000003 93.14583630675347 5.6
      vertex -313.65000000000003 93.14583630675347 0
      vertex -313.65000000000003 96.03258765270161 5.6
    endloop
  endfacet
  facet normal 0.4999999999999979 -0.8660254037844397 0
    outer loop
      vertex -311.15000000000003 97.47596332567566 5.6
      vertex -313.65000000000003 96.03258765270161 5.6
      vertex -313.65000000000003 96.03258765270161 0
    endloop
  endfacet
  facet normal -0.4999999999999979 0.8660254037844397 0
    outer loop
      vertex -308.65000000000003 93.14583630675347 0
      vertex -311.15000000000003 91.70246063377941 0
      vertex -311.15000000000003 91.70246063377941 5.6
    endloop
  endfacet
  facet normal 0.4999999999999979 0.8660254037844397 0
    outer loop
      vertex -313.65000000000003 93.14583630675347 5.6
      vertex -311.15000000000003 91.70246063377941 0
      vertex -313.65000000000003 93.14583630675347 0
    endloop
  endfacet
  facet normal 1 0 0
    outer loop
      vertex -313.65000000000003 96.03258765270161 5.6
      vertex -313.65000000000003 93.14583630675347 0
      vertex -313.65000000000003 96.03258765270161 0
    endloop
  endfacet
  facet normal 0.4999999999999979 -0.8660254037844397 0
    outer loop
      vertex -311.15000000000003 97.47596332567566 5.6
      vertex -313.65000000000003 96.03258765270161 0
      vertex -311.15000000000003 97.47596332567566 0
    endloop
  endfacet
  facet normal -0.4999999999999979 0.8660254037844397 0
    outer loop
      vertex -315.25 93.14583630675347 5.6
      vertex -315.25 93.14583630675347 0
      vertex -317.75 91.70246063377941 5.6
    endloop
  endfacet
  facet normal -1 0 0
    outer loop
      vertex -315.25 93.14583630675347 5.6
      vertex -315.25 96.03258765270161 5.6
      vertex -315.25 96.03258765270161 0
    endloop
  endfacet
  facet normal -0.4999999999999979 -0.8660254037844397 0
    outer loop
      vertex -315.25 96.03258765270161 5.6
      vertex -317.75 97.47596332567566 5.6
      vertex -317.75 97.47596332567566 0
    endloop
  endfacet
  facet normal 0.4999999999999979 0.8660254037844397 0
    outer loop
      vertex -317.75 91.70246063377941 5.6
      vertex -317.75 91.70246063377941 0
      vertex -320.25 93.14583630675347 5.6
    endloop
  endfacet
  facet normal 0.4999999999999979 -0.8660254037844397 0
    outer loop
      vertex -317.75 97.47596332567566 5.6
      vertex -320.25 96.03258765270161 5.6
      vertex -320.25 96.03258765270161 0
    endloop
  endfacet
  facet normal 1 0 0
    outer loop
      vertex -320.25 93.14583630675347 5.6
      vertex -320.25 93.14583630675347 0
      vertex -320.25 96.03258765270161 5.6
    endloop
  endfacet
  facet normal -0.4999999999999979 0.8660254037844397 0
    outer loop
      vertex -317.75 91.70246063377941 5.6
      vertex -315.25 93.14583630675347 0
      vertex -317.75 91.70246063377941 0
    endloop
  endfacet
  facet normal -1 0 0
    outer loop
      vertex -315.25 93.14583630675347 5.6
      vertex -315.25 96.03258765270161 0
      vertex -315.25 93.14583630675347 0
    endloop
  endfacet
  facet normal -0.4999999999999979 -0.8660254037844397 0
    outer loop
      vertex -315.25 96.03258765270161 5.6
      vertex -317.75 97.47596332567566 0
      vertex -315.25 96.03258765270161 0
    endloop
  endfacet
  facet normal 0.4999999999999979 0.8660254037844397 0
    outer loop
      vertex -320.25 93.14583630675347 5.6
      vertex -317.75 91.70246063377941 0
      vertex -320.25 93.14583630675347 0
    endloop
  endfacet
  facet normal 0.4999999999999979 -0.8660254037844397 0
    outer loop
      vertex -317.75 97.47596332567566 5.6
      vertex -320.25 96.03258765270161 0
      vertex -317.75 97.47596332567566 0
    endloop
  endfacet
  facet normal 1 0 0
    outer loop
      vertex -320.25 96.03258765270161 5.6
      vertex -320.25 93.14583630675347 0
      vertex -320.25 96.03258765270161 0
    endloop
  endfacet
  facet normal -0.4999999999999979 0.8660254037844397 0
    outer loop
      vertex -321.85 93.14583630675347 5.6
      vertex -321.85 93.14583630675347 0
      vertex -324.35 91.70246063377941 5.6
    endloop
  endfacet
  facet normal -1 0 0
    outer loop
      vertex -321.85 93.14583630675347 5.6
      vertex -321.85 96.03258765270161 5.6
      vertex -321.85 96.03258765270161 0
    endloop
  endfacet
  facet normal -0.4999999999999979 -0.8660254037844397 0
    outer loop
      vertex -321.85 96.03258765270161 5.6
      vertex -324.35 97.47596332567566 5.6
      vertex -324.35 97.47596332567566 0
    endloop
  endfacet
  facet normal 0.4999999999999979 0.8660254037844397 0
    outer loop
      vertex -324.35 91.70246063377941 5.6
      vertex -324.35 91.70246063377941 0
      vertex -326.85 93.14583630675347 5.6
    endloop
  endfacet
  facet normal 1 0 0
    outer loop
      vertex -326.85 93.14583630675347 5.6
      vertex -326.85 93.14583630675347 0
      vertex -326.85 96.03258765270161 5.6
    endloop
  endfacet
  facet normal 0.4999999999999979 -0.8660254037844397 0
    outer loop
      vertex -324.35 97.47596332567566 5.6
      vertex -326.85 96.03258765270161 5.6
      vertex -326.85 96.03258765270161 0
    endloop
  endfacet
  facet normal -0.4999999999999979 0.8660254037844397 0
    outer loop
      vertex -324.35 91.70246063377941 5.6
      vertex -321.85 93.14583630675347 0
      vertex -324.35 91.70246063377941 0
    endloop
  endfacet
  facet normal -1 0 0
    outer loop
      vertex -321.85 93.14583630675347 5.6
      vertex -321.85 96.03258765270161 0
      vertex -321.85 93.14583630675347 0
    endloop
  endfacet
  facet normal -0.4999999999999979 -0.8660254037844397 0
    outer loop
      vertex -321.85 96.03258765270161 5.6
      vertex -324.35 97.47596332567566 0
      vertex -321.85 96.03258765270161 0
    endloop
  endfacet
  facet normal 0.4999999999999979 0.8660254037844397 0
    outer loop
      vertex -326.85 93.14583630675347 5.6
      vertex -324.35 91.70246063377941 0
      vertex -326.85 93.14583630675347 0
    endloop
  endfacet
  facet normal 1 0 0
    outer loop
      vertex -326.85 96.03258765270161 5.6
      vertex -326.85 93.14583630675347 0
      vertex -326.85 96.03258765270161 0
    endloop
  endfacet
  facet normal 0.4999999999999979 -0.8660254037844397 0
    outer loop
      vertex -324.35 97.47596332567566 5.6
      vertex -326.85 96.03258765270161 0
      vertex -324.35 97.47596332567566 0
    endloop
  endfacet
  facet normal -1 0 0
    outer loop
      vertex -328.45 93.14583630675347 5.6
      vertex -328.45 96.03258765270161 5.6
      vertex -328.45 96.03258765270161 0
    endloop
  endfacet
  facet normal -0.4999999999999979 0.8660254037844397 0
    outer loop
      vertex -328.45 93.14583630675347 5.6
      vertex -328.45 93.14583630675347 0
      vertex -330.95 91.70246063377941 5.6
    endloop
  endfacet
  facet normal 0.4999999999999979 0.8660254037844397 0
    outer loop
      vertex -330.95 91.70246063377941 5.6
      vertex -330.95 91.70246063377941 0
      vertex -333.45 93.14583630675347 5.6
    endloop
  endfacet
  facet normal -0.4999999999999979 -0.8660254037844397 0
    outer loop
      vertex -328.45 96.03258765270161 5.6
      vertex -330.95 97.47596332567566 5.6
      vertex -330.95 97.47596332567566 0
    endloop
  endfacet
  facet normal 1 0 0
    outer loop
      vertex -333.45 93.14583630675347 5.6
      vertex -333.45 93.14583630675347 0
      vertex -333.45 96.03258765270161 5.6
    endloop
  endfacet
  facet normal 0.4999999999999979 -0.8660254037844397 0
    outer loop
      vertex -330.95 97.47596332567566 5.6
      vertex -333.45 96.03258765270161 5.6
      vertex -333.45 96.03258765270161 0
    endloop
  endfacet
  facet normal -1 0 0
    outer loop
      vertex -328.45 93.14583630675347 5.6
      vertex -328.45 96.03258765270161 0
      vertex -328.45 93.14583630675347 0
    endloop
  endfacet
  facet normal -0.4999999999999979 0.8660254037844397 0
    outer loop
      vertex -330.95 91.70246063377941 5.6
      vertex -328.45 93.14583630675347 0
      vertex -330.95 91.70246063377941 0
    endloop
  endfacet
  facet normal -0.4999999999999979 -0.8660254037844397 0
    outer loop
      vertex -328.45 96.03258765270161 5.6
      vertex -330.95 97.47596332567566 0
      vertex -328.45 96.03258765270161 0
    endloop
  endfacet
  facet normal 0.4999999999999979 -0.8660254037844397 0
    outer loop
      vertex -330.95 97.47596332567566 5.6
      vertex -333.45 96.03258765270161 0
      vertex -330.95 97.47596332567566 0
    endloop
  endfacet
  facet normal 0.4999999999999979 0.8660254037844397 0
    outer loop
      vertex -333.45 93.14583630675347 5.6
      vertex -330.95 91.70246063377941 0
      vertex -333.45 93.14583630675347 0
    endloop
  endfacet
  facet normal 1 0 0
    outer loop
      vertex -333.45 96.03258765270161 5.6
      vertex -333.45 93.14583630675347 0
      vertex -333.45 96.03258765270161 0
    endloop
  endfacet
  facet normal -0.4999999999999979 0.8660254037844397 0
    outer loop
      vertex -335.05 93.14583630675347 5.6
      vertex -335.05 93.14583630675347 0
      vertex -337.55 91.70246063377941 5.6
    endloop
  endfacet
  facet normal -1 0 0
    outer loop
      vertex -335.05 93.14583630675347 5.6
      vertex -335.05 96.03258765270161 5.6
      vertex -335.05 96.03258765270161 0
    endloop
  endfacet
  facet normal 0.4999999999999979 0.8660254037844397 0
    outer loop
      vertex -337.55 91.70246063377941 5.6
      vertex -337.55 91.70246063377941 0
      vertex -340.05 93.14583630675347 5.6
    endloop
  endfacet
  facet normal -0.4999999999999979 -0.8660254037844397 0
    outer loop
      vertex -335.05 96.03258765270161 5.6
      vertex -337.55 97.47596332567566 5.6
      vertex -337.55 97.47596332567566 0
    endloop
  endfacet
  facet normal 0.4999999999999979 -0.8660254037844397 0
    outer loop
      vertex -337.55 97.47596332567566 5.6
      vertex -340.05 96.03258765270161 5.6
      vertex -340.05 96.03258765270161 0
    endloop
  endfacet
  facet normal -1 0 0
    outer loop
      vertex -335.05 93.14583630675347 5.6
      vertex -335.05 96.03258765270161 0
      vertex -335.05 93.14583630675347 0
    endloop
  endfacet
  facet normal -0.4999999999999979 -0.8660254037844397 0
    outer loop
      vertex -335.05 96.03258765270161 5.6
      vertex -337.55 97.47596332567566 0
      vertex -335.05 96.03258765270161 0
    endloop
  endfacet
  facet normal -0.4999999999999979 0.8660254037844397 0
    outer loop
      vertex -337.55 91.70246063377941 5.6
      vertex -335.05 93.14583630675347 0
      vertex -337.55 91.70246063377941 0
    endloop
  endfacet
  facet normal 0.4999999999999979 0.8660254037844397 0
    outer loop
      vertex -337.55 91.70246063377941 0
      vertex -340.05 93.14583630675347 0
      vertex -340.05 93.14583630675347 5.6
    endloop
  endfacet
  facet normal 0.4999999999999979 -0.8660254037844397 0
    outer loop
      vertex -337.55 97.47596332567566 5.6
      vertex -340.05 96.03258765270161 0
      vertex -337.55 97.47596332567566 0
    endloop
  endfacet
  facet normal 1 0 0
    outer loop
      vertex -340.05 93.14583630675347 5.6
      vertex -340.05 93.14583630675347 0
      vertex -340.05 96.03258765270161 5.6
    endloop
  endfacet
  facet normal 1 0 0
    outer loop
      vertex -340.05 96.03258765270161 5.6
      vertex -340.05 93.14583630675347 0
      vertex -340.05 96.03258765270161 0
    endloop
  endfacet
  facet normal -0.4999999999999979 0.8660254037844397 0
    outer loop
      vertex -341.65 93.14583630675347 5.6
      vertex -341.65 93.14583630675347 0
      vertex -344.15 91.70246063377941 5.6
    endloop
  endfacet
  facet normal -1 0 0
    outer loop
      vertex -341.65 93.14583630675347 5.6
      vertex -341.65 96.03258765270161 5.6
      vertex -341.65 96.03258765270161 0
    endloop
  endfacet
  facet normal -0.4999999999999979 -0.8660254037844397 0
    outer loop
      vertex -341.65 96.03258765270161 5.6
      vertex -344.15 97.47596332567566 5.6
      vertex -344.15 97.47596332567566 0
    endloop
  endfacet
  facet normal 0.4999999999999979 0.8660254037844397 0
    outer loop
      vertex -344.15 91.70246063377941 5.6
      vertex -344.15 91.70246063377941 0
      vertex -346.65 93.14583630675347 5.6
    endloop
  endfacet
  facet normal 1 0 0
    outer loop
      vertex -346.65 93.14583630675347 5.6
      vertex -346.65 93.14583630675347 0
      vertex -346.65 96.03258765270161 5.6
    endloop
  endfacet
  facet normal 0.4999999999999979 -0.8660254037844397 0
    outer loop
      vertex -344.15 97.47596332567566 5.6
      vertex -346.65 96.03258765270161 5.6
      vertex -346.65 96.03258765270161 0
    endloop
  endfacet
  facet normal -0.4999999999999979 0.8660254037844397 0
    outer loop
      vertex -344.15 91.70246063377941 5.6
      vertex -341.65 93.14583630675347 0
      vertex -344.15 91.70246063377941 0
    endloop
  endfacet
  facet normal -1 0 0
    outer loop
      vertex -341.65 93.14583630675347 5.6
      vertex -341.65 96.03258765270161 0
      vertex -341.65 93.14583630675347 0
    endloop
  endfacet
  facet normal -0.4999999999999979 -0.8660254037844397 0
    outer loop
      vertex -341.65 96.03258765270161 5.6
      vertex -344.15 97.47596332567566 0
      vertex -341.65 96.03258765270161 0
    endloop
  endfacet
  facet normal 0.4999999999999979 0.8660254037844397 0
    outer loop
      vertex -346.65 93.14583630675347 5.6
      vertex -344.15 91.70246063377941 0
      vertex -346.65 93.14583630675347 0
    endloop
  endfacet
  facet normal 0.4999999999999979 -0.8660254037844397 0
    outer loop
      vertex -344.15 97.47596332567566 5.6
      vertex -346.65 96.03258765270161 0
      vertex -344.15 97.47596332567566 0
    endloop
  endfacet
  facet normal 1 0 0
    outer loop
      vertex -346.65 96.03258765270161 5.6
      vertex -346.65 93.14583630675347 0
      vertex -346.65 96.03258765270161 0
    endloop
  endfacet
  facet normal -0.4999999999999979 0.8660254037844397 0
    outer loop
      vertex -348.25 93.14583630675347 5.6
      vertex -348.25 93.14583630675347 0
      vertex -350.75 91.70246063377941 5.6
    endloop
  endfacet
  facet normal -1 0 0
    outer loop
      vertex -348.25 93.14583630675347 5.6
      vertex -348.25 96.03258765270161 5.6
      vertex -348.25 96.03258765270161 0
    endloop
  endfacet
  facet normal -0.4999999999999979 -0.8660254037844397 0
    outer loop
      vertex -348.25 96.03258765270161 5.6
      vertex -350.75 97.47596332567566 5.6
      vertex -350.75 97.47596332567566 0
    endloop
  endfacet
  facet normal 0.4999999999999979 0.8660254037844397 0
    outer loop
      vertex -350.75 91.70246063377941 5.6
      vertex -350.75 91.70246063377941 0
      vertex -353.25 93.14583630675347 5.6
    endloop
  endfacet
  facet normal 0.4999999999999979 -0.8660254037844397 0
    outer loop
      vertex -350.75 97.47596332567566 5.6
      vertex -353.25 96.03258765270161 5.6
      vertex -353.25 96.03258765270161 0
    endloop
  endfacet
  facet normal 1 0 0
    outer loop
      vertex -353.25 93.14583630675347 5.6
      vertex -353.25 93.14583630675347 0
      vertex -353.25 96.03258765270161 5.6
    endloop
  endfacet
  facet normal -0.4999999999999979 0.8660254037844397 0
    outer loop
      vertex -350.75 91.70246063377941 5.6
      vertex -348.25 93.14583630675347 0
      vertex -350.75 91.70246063377941 0
    endloop
  endfacet
  facet normal -1 0 0
    outer loop
      vertex -348.25 93.14583630675347 5.6
      vertex -348.25 96.03258765270161 0
      vertex -348.25 93.14583630675347 0
    endloop
  endfacet
  facet normal -0.4999999999999979 -0.8660254037844397 0
    outer loop
      vertex -348.25 96.03258765270161 5.6
      vertex -350.75 97.47596332567566 0
      vertex -348.25 96.03258765270161 0
    endloop
  endfacet
  facet normal 0.4999999999999979 0.8660254037844397 0
    outer loop
      vertex -353.25 93.14583630675347 5.6
      vertex -350.75 91.70246063377941 0
      vertex -353.25 93.14583630675347 0
    endloop
  endfacet
  facet normal 0.4999999999999979 -0.8660254037844397 0
    outer loop
      vertex -350.75 97.47596332567566 5.6
      vertex -353.25 96.03258765270161 0
      vertex -350.75 97.47596332567566 0
    endloop
  endfacet
  facet normal 1 0 0
    outer loop
      vertex -353.25 96.03258765270161 5.6
      vertex -353.25 93.14583630675347 0
      vertex -353.25 96.03258765270161 0
    endloop
  endfacet
  facet normal -1 0 0
    outer loop
      vertex -354.85 93.14583630675347 5.6
      vertex -354.85 96.03258765270161 5.6
      vertex -354.85 96.03258765270161 0
    endloop
  endfacet
  facet normal -0.4999999999999979 0.8660254037844397 0
    outer loop
      vertex -354.85 93.14583630675347 5.6
      vertex -354.85 93.14583630675347 0
      vertex -357.35 91.70246063377941 5.6
    endloop
  endfacet
  facet normal 0.4999999999999979 0.8660254037844397 0
    outer loop
      vertex -357.35 91.70246063377941 5.6
      vertex -357.35 91.70246063377941 0
      vertex -359.85 93.14583630675347 5.6
    endloop
  endfacet
  facet normal -0.4999999999999979 -0.8660254037844397 0
    outer loop
      vertex -354.85 96.03258765270161 5.6
      vertex -357.35 97.47596332567566 5.6
      vertex -357.35 97.47596332567566 0
    endloop
  endfacet
  facet normal 1 0 0
    outer loop
      vertex -359.85 93.14583630675347 5.6
      vertex -359.85 93.14583630675347 0
      vertex -359.85 96.03258765270161 5.6
    endloop
  endfacet
  facet normal 0.4999999999999979 -0.8660254037844397 0
    outer loop
      vertex -357.35 97.47596332567566 5.6
      vertex -359.85 96.03258765270161 5.6
      vertex -359.85 96.03258765270161 0
    endloop
  endfacet
  facet normal -1 0 0
    outer loop
      vertex -354.85 93.14583630675347 5.6
      vertex -354.85 96.03258765270161 0
      vertex -354.85 93.14583630675347 0
    endloop
  endfacet
  facet normal -0.4999999999999979 0.8660254037844397 0
    outer loop
      vertex -357.35 91.70246063377941 5.6
      vertex -354.85 93.14583630675347 0
      vertex -357.35 91.70246063377941 0
    endloop
  endfacet
  facet normal -0.4999999999999979 -0.8660254037844397 0
    outer loop
      vertex -354.85 96.03258765270161 5.6
      vertex -357.35 97.47596332567566 0
      vertex -354.85 96.03258765270161 0
    endloop
  endfacet
  facet normal 0.4999999999999979 -0.8660254037844397 0
    outer loop
      vertex -357.35 97.47596332567566 5.6
      vertex -359.85 96.03258765270161 0
      vertex -357.35 97.47596332567566 0
    endloop
  endfacet
  facet normal 0.4999999999999979 0.8660254037844397 0
    outer loop
      vertex -359.85 93.14583630675347 5.6
      vertex -357.35 91.70246063377941 0
      vertex -359.85 93.14583630675347 0
    endloop
  endfacet
  facet normal 1 0 0
    outer loop
      vertex -359.85 96.03258765270161 5.6
      vertex -359.85 93.14583630675347 0
      vertex -359.85 96.03258765270161 0
    endloop
  endfacet
  facet normal -0.4999999999999979 0.8660254037844397 0
    outer loop
      vertex -307.85 97.4182282987567 5.6
      vertex -305.35 98.86160397173076 5.6
      vertex -305.35 98.86160397173076 0
    endloop
  endfacet
  facet normal -1 0 0
    outer loop
      vertex -305.35 98.86160397173076 5.6
      vertex -305.35 101.7483553176789 5.6
      vertex -305.35 101.7483553176789 0
    endloop
  endfacet
  facet normal 0.4999999999999979 0.8660254037844397 0
    outer loop
      vertex -307.85 97.4182282987567 5.6
      vertex -307.85 97.4182282987567 0
      vertex -310.35 98.86160397173076 5.6
    endloop
  endfacet
  facet normal -0.4999999999999979 -0.8660254037844397 0
    outer loop
      vertex -305.35 101.7483553176789 5.6
      vertex -307.85 103.19173099065296 5.6
      vertex -307.85 103.19173099065296 0
    endloop
  endfacet
  facet normal 0.4999999999999979 -0.8660254037844397 0
    outer loop
      vertex -307.85 103.19173099065296 5.6
      vertex -310.35 101.7483553176789 5.6
      vertex -310.35 101.7483553176789 0
    endloop
  endfacet
  facet normal -1 0 0
    outer loop
      vertex -305.35 98.86160397173076 5.6
      vertex -305.35 101.7483553176789 0
      vertex -305.35 98.86160397173076 0
    endloop
  endfacet
  facet normal -0.4999999999999979 -0.8660254037844397 0
    outer loop
      vertex -305.35 101.7483553176789 5.6
      vertex -307.85 103.19173099065296 0
      vertex -305.35 101.7483553176789 0
    endloop
  endfacet
  facet normal -0.4999999999999979 0.8660254037844397 0
    outer loop
      vertex -307.85 97.4182282987567 5.6
      vertex -305.35 98.86160397173076 0
      vertex -307.85 97.4182282987567 0
    endloop
  endfacet
  facet normal 0.4999999999999979 0.8660254037844397 0
    outer loop
      vertex -307.85 97.4182282987567 0
      vertex -310.35 98.86160397173076 0
      vertex -310.35 98.86160397173076 5.6
    endloop
  endfacet
  facet normal 0.4999999999999979 -0.8660254037844397 0
    outer loop
      vertex -307.85 103.19173099065296 5.6
      vertex -310.35 101.7483553176789 0
      vertex -307.85 103.19173099065296 0
    endloop
  endfacet
  facet normal 1 0 0
    outer loop
      vertex -310.35 98.86160397173076 5.6
      vertex -310.35 98.86160397173076 0
      vertex -310.35 101.7483553176789 5.6
    endloop
  endfacet
  facet normal 1 0 0
    outer loop
      vertex -310.35 101.7483553176789 5.6
      vertex -310.35 98.86160397173076 0
      vertex -310.35 101.7483553176789 0
    endloop
  endfacet
  facet normal -0.4999999999999979 0.8660254037844397 0
    outer loop
      vertex -314.45000000000005 97.4182282987567 5.6
      vertex -311.95000000000005 98.86160397173076 5.6
      vertex -311.95000000000005 98.86160397173076 0
    endloop
  endfacet
  facet normal -1 0 0
    outer loop
      vertex -311.95000000000005 98.86160397173076 5.6
      vertex -311.95000000000005 101.7483553176789 5.6
      vertex -311.95000000000005 101.7483553176789 0
    endloop
  endfacet
  facet normal -0.4999999999999979 -0.8660254037844397 0
    outer loop
      vertex -311.95000000000005 101.7483553176789 5.6
      vertex -314.45000000000005 103.19173099065296 5.6
      vertex -314.45000000000005 103.19173099065296 0
    endloop
  endfacet
  facet normal 0.4999999999999979 0.8660254037844397 0
    outer loop
      vertex -314.45000000000005 97.4182282987567 5.6
      vertex -314.45000000000005 97.4182282987567 0
      vertex -316.95000000000005 98.86160397173076 5.6
    endloop
  endfacet
  facet normal 1 0 0
    outer loop
      vertex -316.95000000000005 98.86160397173076 5.6
      vertex -316.95000000000005 98.86160397173076 0
      vertex -316.95000000000005 101.7483553176789 5.6
    endloop
  endfacet
  facet normal 0.4999999999999979 -0.8660254037844397 0
    outer loop
      vertex -314.45000000000005 103.19173099065296 5.6
      vertex -316.95000000000005 101.7483553176789 5.6
      vertex -316.95000000000005 101.7483553176789 0
    endloop
  endfacet
  facet normal -0.4999999999999979 0.8660254037844397 0
    outer loop
      vertex -314.45000000000005 97.4182282987567 5.6
      vertex -311.95000000000005 98.86160397173076 0
      vertex -314.45000000000005 97.4182282987567 0
    endloop
  endfacet
  facet normal -1 0 0
    outer loop
      vertex -311.95000000000005 98.86160397173076 5.6
      vertex -311.95000000000005 101.7483553176789 0
      vertex -311.95000000000005 98.86160397173076 0
    endloop
  endfacet
  facet normal -0.4999999999999979 -0.8660254037844397 0
    outer loop
      vertex -311.95000000000005 101.7483553176789 5.6
      vertex -314.45000000000005 103.19173099065296 0
      vertex -311.95000000000005 101.7483553176789 0
    endloop
  endfacet
  facet normal 0.4999999999999979 0.8660254037844397 0
    outer loop
      vertex -314.45000000000005 97.4182282987567 0
      vertex -316.95000000000005 98.86160397173076 0
      vertex -316.95000000000005 98.86160397173076 5.6
    endloop
  endfacet
  facet normal 1 0 0
    outer loop
      vertex -316.95000000000005 101.7483553176789 5.6
      vertex -316.95000000000005 98.86160397173076 0
      vertex -316.95000000000005 101.7483553176789 0
    endloop
  endfacet
  facet normal 0.4999999999999979 -0.8660254037844397 0
    outer loop
      vertex -314.45000000000005 103.19173099065296 5.6
      vertex -316.95000000000005 101.7483553176789 0
      vertex -314.45000000000005 103.19173099065296 0
    endloop
  endfacet
  facet normal -0.4999999999999979 0.8660254037844397 0
    outer loop
      vertex -321.05 97.4182282987567 5.6
      vertex -318.55 98.86160397173076 5.6
      vertex -318.55 98.86160397173076 0
    endloop
  endfacet
  facet normal -1 0 0
    outer loop
      vertex -318.55 98.86160397173076 5.6
      vertex -318.55 101.7483553176789 5.6
      vertex -318.55 101.7483553176789 0
    endloop
  endfacet
  facet normal -0.4999999999999979 -0.8660254037844397 0
    outer loop
      vertex -318.55 101.7483553176789 5.6
      vertex -321.05 103.19173099065296 5.6
      vertex -321.05 103.19173099065296 0
    endloop
  endfacet
  facet normal 0.4999999999999979 0.8660254037844397 0
    outer loop
      vertex -321.05 97.4182282987567 5.6
      vertex -321.05 97.4182282987567 0
      vertex -323.55 98.86160397173076 5.6
    endloop
  endfacet
  facet normal 1 0 0
    outer loop
      vertex -323.55 98.86160397173076 5.6
      vertex -323.55 98.86160397173076 0
      vertex -323.55 101.7483553176789 5.6
    endloop
  endfacet
  facet normal 0.4999999999999979 -0.8660254037844397 0
    outer loop
      vertex -321.05 103.19173099065296 5.6
      vertex -323.55 101.7483553176789 5.6
      vertex -323.55 101.7483553176789 0
    endloop
  endfacet
  facet normal -1 0 0
    outer loop
      vertex -318.55 98.86160397173076 5.6
      vertex -318.55 101.7483553176789 0
      vertex -318.55 98.86160397173076 0
    endloop
  endfacet
  facet normal -0.4999999999999979 0.8660254037844397 0
    outer loop
      vertex -321.05 97.4182282987567 5.6
      vertex -318.55 98.86160397173076 0
      vertex -321.05 97.4182282987567 0
    endloop
  endfacet
  facet normal -0.4999999999999979 -0.8660254037844397 0
    outer loop
      vertex -318.55 101.7483553176789 5.6
      vertex -321.05 103.19173099065296 0
      vertex -318.55 101.7483553176789 0
    endloop
  endfacet
  facet normal 0.4999999999999979 0.8660254037844397 0
    outer loop
      vertex -321.05 97.4182282987567 0
      vertex -323.55 98.86160397173076 0
      vertex -323.55 98.86160397173076 5.6
    endloop
  endfacet
  facet normal 1 0 0
    outer loop
      vertex -323.55 101.7483553176789 5.6
      vertex -323.55 98.86160397173076 0
      vertex -323.55 101.7483553176789 0
    endloop
  endfacet
  facet normal 0.4999999999999979 -0.8660254037844397 0
    outer loop
      vertex -321.05 103.19173099065296 5.6
      vertex -323.55 101.7483553176789 0
      vertex -321.05 103.19173099065296 0
    endloop
  endfacet
  facet normal -0.4999999999999979 0.8660254037844397 0
    outer loop
      vertex -327.65000000000003 97.4182282987567 5.6
      vertex -325.15000000000003 98.86160397173076 5.6
      vertex -325.15000000000003 98.86160397173076 0
    endloop
  endfacet
  facet normal -1 0 0
    outer loop
      vertex -325.15000000000003 98.86160397173076 5.6
      vertex -325.15000000000003 101.7483553176789 5.6
      vertex -325.15000000000003 101.7483553176789 0
    endloop
  endfacet
  facet normal 0.4999999999999979 0.8660254037844397 0
    outer loop
      vertex -327.65000000000003 97.4182282987567 5.6
      vertex -327.65000000000003 97.4182282987567 0
      vertex -330.15000000000003 98.86160397173076 5.6
    endloop
  endfacet
  facet normal -0.4999999999999979 -0.8660254037844397 0
    outer loop
      vertex -325.15000000000003 101.7483553176789 5.6
      vertex -327.65000000000003 103.19173099065296 5.6
      vertex -327.65000000000003 103.19173099065296 0
    endloop
  endfacet
  facet normal 1 0 0
    outer loop
      vertex -330.15000000000003 98.86160397173076 5.6
      vertex -330.15000000000003 98.86160397173076 0
      vertex -330.15000000000003 101.7483553176789 5.6
    endloop
  endfacet
  facet normal 0.4999999999999979 -0.8660254037844397 0
    outer loop
      vertex -327.65000000000003 103.19173099065296 5.6
      vertex -330.15000000000003 101.7483553176789 5.6
      vertex -330.15000000000003 101.7483553176789 0
    endloop
  endfacet
  facet normal -0.4999999999999979 0.8660254037844397 0
    outer loop
      vertex -327.65000000000003 97.4182282987567 5.6
      vertex -325.15000000000003 98.86160397173076 0
      vertex -327.65000000000003 97.4182282987567 0
    endloop
  endfacet
  facet normal -1 0 0
    outer loop
      vertex -325.15000000000003 98.86160397173076 5.6
      vertex -325.15000000000003 101.7483553176789 0
      vertex -325.15000000000003 98.86160397173076 0
    endloop
  endfacet
  facet normal -0.4999999999999979 -0.8660254037844397 0
    outer loop
      vertex -325.15000000000003 101.7483553176789 5.6
      vertex -327.65000000000003 103.19173099065296 0
      vertex -325.15000000000003 101.7483553176789 0
    endloop
  endfacet
  facet normal 0.4999999999999979 -0.8660254037844397 0
    outer loop
      vertex -327.65000000000003 103.19173099065296 5.6
      vertex -330.15000000000003 101.7483553176789 0
      vertex -327.65000000000003 103.19173099065296 0
    endloop
  endfacet
  facet normal 0.4999999999999979 0.8660254037844397 0
    outer loop
      vertex -327.65000000000003 97.4182282987567 0
      vertex -330.15000000000003 98.86160397173076 0
      vertex -330.15000000000003 98.86160397173076 5.6
    endloop
  endfacet
  facet normal 1 0 0
    outer loop
      vertex -330.15000000000003 101.7483553176789 5.6
      vertex -330.15000000000003 98.86160397173076 0
      vertex -330.15000000000003 101.7483553176789 0
    endloop
  endfacet
  facet normal -1 0 0
    outer loop
      vertex -331.75 98.86160397173076 5.6
      vertex -331.75 101.7483553176789 5.6
      vertex -331.75 101.7483553176789 0
    endloop
  endfacet
  facet normal -0.4999999999999979 0.8660254037844397 0
    outer loop
      vertex -334.25 97.4182282987567 5.6
      vertex -331.75 98.86160397173076 5.6
      vertex -331.75 98.86160397173076 0
    endloop
  endfacet
  facet normal 0.4999999999999979 0.8660254037844397 0
    outer loop
      vertex -334.25 97.4182282987567 5.6
      vertex -334.25 97.4182282987567 0
      vertex -336.75 98.86160397173076 5.6
    endloop
  endfacet
  facet normal -0.4999999999999979 -0.8660254037844397 0
    outer loop
      vertex -331.75 101.7483553176789 5.6
      vertex -334.25 103.19173099065296 5.6
      vertex -334.25 103.19173099065296 0
    endloop
  endfacet
  facet normal 0.4999999999999979 -0.8660254037844397 0
    outer loop
      vertex -334.25 103.19173099065296 5.6
      vertex -336.75 101.7483553176789 5.6
      vertex -336.75 101.7483553176789 0
    endloop
  endfacet
  facet normal 1 0 0
    outer loop
      vertex -336.75 98.86160397173076 5.6
      vertex -336.75 98.86160397173076 0
      vertex -336.75 101.7483553176789 5.6
    endloop
  endfacet
  facet normal -1 0 0
    outer loop
      vertex -331.75 98.86160397173076 5.6
      vertex -331.75 101.7483553176789 0
      vertex -331.75 98.86160397173076 0
    endloop
  endfacet
  facet normal -0.4999999999999979 0.8660254037844397 0
    outer loop
      vertex -334.25 97.4182282987567 5.6
      vertex -331.75 98.86160397173076 0
      vertex -334.25 97.4182282987567 0
    endloop
  endfacet
  facet normal 0.4999999999999979 0.8660254037844397 0
    outer loop
      vertex -334.25 97.4182282987567 0
      vertex -336.75 98.86160397173076 0
      vertex -336.75 98.86160397173076 5.6
    endloop
  endfacet
  facet normal -0.4999999999999979 -0.8660254037844397 0
    outer loop
      vertex -331.75 101.7483553176789 5.6
      vertex -334.25 103.19173099065296 0
      vertex -331.75 101.7483553176789 0
    endloop
  endfacet
  facet normal 0.4999999999999979 -0.8660254037844397 0
    outer loop
      vertex -334.25 103.19173099065296 5.6
      vertex -336.75 101.7483553176789 0
      vertex -334.25 103.19173099065296 0
    endloop
  endfacet
  facet normal 1 0 0
    outer loop
      vertex -336.75 101.7483553176789 5.6
      vertex -336.75 98.86160397173076 0
      vertex -336.75 101.7483553176789 0
    endloop
  endfacet
  facet normal -0.4999999999999979 0.8660254037844397 0
    outer loop
      vertex -338.35 98.86160397173076 5.6
      vertex -338.35 98.86160397173076 0
      vertex -340.85 97.4182282987567 5.6
    endloop
  endfacet
  facet normal -1 0 0
    outer loop
      vertex -338.35 98.86160397173076 5.6
      vertex -338.35 101.7483553176789 5.6
      vertex -338.35 101.7483553176789 0
    endloop
  endfacet
  facet normal -0.4999999999999979 -0.8660254037844397 0
    outer loop
      vertex -338.35 101.7483553176789 5.6
      vertex -340.85 103.19173099065296 5.6
      vertex -340.85 103.19173099065296 0
    endloop
  endfacet
  facet normal -0.4999999999999979 0.8660254037844397 0
    outer loop
      vertex -338.35 98.86160397173076 0
      vertex -340.85 97.4182282987567 0
      vertex -340.85 97.4182282987567 5.6
    endloop
  endfacet
  facet normal -1 0 0
    outer loop
      vertex -338.35 98.86160397173076 5.6
      vertex -338.35 101.7483553176789 0
      vertex -338.35 98.86160397173076 0
    endloop
  endfacet
  facet normal -0.4999999999999979 -0.8660254037844397 0
    outer loop
      vertex -338.35 101.7483553176789 5.6
      vertex -340.85 103.19173099065296 0
      vertex -338.35 101.7483553176789 0
    endloop
  endfacet
  facet normal 0.4999999999999979 0.8660254037844397 0
    outer loop
      vertex -340.85 97.4182282987567 5.6
      vertex -340.85 97.4182282987567 0
      vertex -343.35 98.86160397173076 5.6
    endloop
  endfacet
  facet normal 1 0 0
    outer loop
      vertex -343.35 98.86160397173076 5.6
      vertex -343.35 98.86160397173076 0
      vertex -343.35 101.7483553176789 5.6
    endloop
  endfacet
  facet normal 0.4999999999999979 -0.8660254037844397 0
    outer loop
      vertex -340.85 103.19173099065296 5.6
      vertex -343.35 101.7483553176789 5.6
      vertex -343.35 101.7483553176789 0
    endloop
  endfacet
  facet normal 0.4999999999999979 0.8660254037844397 0
    outer loop
      vertex -340.85 97.4182282987567 0
      vertex -343.35 98.86160397173076 0
      vertex -343.35 98.86160397173076 5.6
    endloop
  endfacet
  facet normal 1 0 0
    outer loop
      vertex -343.35 101.7483553176789 5.6
      vertex -343.35 98.86160397173076 0
      vertex -343.35 101.7483553176789 0
    endloop
  endfacet
  facet normal 0.4999999999999979 -0.8660254037844397 0
    outer loop
      vertex -340.85 103.19173099065296 5.6
      vertex -343.35 101.7483553176789 0
      vertex -340.85 103.19173099065296 0
    endloop
  endfacet
  facet normal -1 0 0
    outer loop
      vertex -344.95 98.86160397173076 5.6
      vertex -344.95 101.7483553176789 5.6
      vertex -344.95 101.7483553176789 0
    endloop
  endfacet
  facet normal -0.4999999999999979 0.8660254037844397 0
    outer loop
      vertex -347.45 97.4182282987567 5.6
      vertex -344.95 98.86160397173076 5.6
      vertex -344.95 98.86160397173076 0
    endloop
  endfacet
  facet normal -0.4999999999999979 -0.8660254037844397 0
    outer loop
      vertex -344.95 101.7483553176789 5.6
      vertex -347.45 103.19173099065296 5.6
      vertex -347.45 103.19173099065296 0
    endloop
  endfacet
  facet normal 0.4999999999999979 0.8660254037844397 0
    outer loop
      vertex -347.45 97.4182282987567 5.6
      vertex -347.45 97.4182282987567 0
      vertex -349.95 98.86160397173076 5.6
    endloop
  endfacet
  facet normal 1 0 0
    outer loop
      vertex -349.95 98.86160397173076 5.6
      vertex -349.95 98.86160397173076 0
      vertex -349.95 101.7483553176789 5.6
    endloop
  endfacet
  facet normal 0.4999999999999979 -0.8660254037844397 0
    outer loop
      vertex -347.45 103.19173099065296 5.6
      vertex -349.95 101.7483553176789 5.6
      vertex -349.95 101.7483553176789 0
    endloop
  endfacet
  facet normal -1 0 0
    outer loop
      vertex -344.95 98.86160397173076 5.6
      vertex -344.95 101.7483553176789 0
      vertex -344.95 98.86160397173076 0
    endloop
  endfacet
  facet normal -0.4999999999999979 0.8660254037844397 0
    outer loop
      vertex -347.45 97.4182282987567 5.6
      vertex -344.95 98.86160397173076 0
      vertex -347.45 97.4182282987567 0
    endloop
  endfacet
  facet normal -0.4999999999999979 -0.8660254037844397 0
    outer loop
      vertex -344.95 101.7483553176789 5.6
      vertex -347.45 103.19173099065296 0
      vertex -344.95 101.7483553176789 0
    endloop
  endfacet
  facet normal 0.4999999999999979 0.8660254037844397 0
    outer loop
      vertex -347.45 97.4182282987567 0
      vertex -349.95 98.86160397173076 0
      vertex -349.95 98.86160397173076 5.6
    endloop
  endfacet
  facet normal 1 0 0
    outer loop
      vertex -349.95 101.7483553176789 5.6
      vertex -349.95 98.86160397173076 0
      vertex -349.95 101.7483553176789 0
    endloop
  endfacet
  facet normal 0.4999999999999979 -0.8660254037844397 0
    outer loop
      vertex -347.45 103.19173099065296 5.6
      vertex -349.95 101.7483553176789 0
      vertex -347.45 103.19173099065296 0
    endloop
  endfacet
  facet normal -0.4999999999999979 0.8660254037844397 0
    outer loop
      vertex -354.05 97.4182282987567 5.6
      vertex -351.55 98.86160397173076 5.6
      vertex -351.55 98.86160397173076 0
    endloop
  endfacet
  facet normal -1 0 0
    outer loop
      vertex -351.55 98.86160397173076 5.6
      vertex -351.55 101.7483553176789 5.6
      vertex -351.55 101.7483553176789 0
    endloop
  endfacet
  facet normal 0.4999999999999979 0.8660254037844397 0
    outer loop
      vertex -354.05 97.4182282987567 5.6
      vertex -354.05 97.4182282987567 0
      vertex -356.55 98.86160397173076 5.6
    endloop
  endfacet
  facet normal -0.4999999999999979 -0.8660254037844397 0
    outer loop
      vertex -351.55 101.7483553176789 5.6
      vertex -354.05 103.19173099065296 5.6
      vertex -354.05 103.19173099065296 0
    endloop
  endfacet
  facet normal 1 0 0
    outer loop
      vertex -356.55 98.86160397173076 5.6
      vertex -356.55 98.86160397173076 0
      vertex -356.55 101.7483553176789 5.6
    endloop
  endfacet
  facet normal 0.4999999999999979 -0.8660254037844397 0
    outer loop
      vertex -354.05 103.19173099065296 5.6
      vertex -356.55 101.7483553176789 5.6
      vertex -356.55 101.7483553176789 0
    endloop
  endfacet
  facet normal -1 0 0
    outer loop
      vertex -351.55 98.86160397173076 5.6
      vertex -351.55 101.7483553176789 0
      vertex -351.55 98.86160397173076 0
    endloop
  endfacet
  facet normal -0.4999999999999979 0.8660254037844397 0
    outer loop
      vertex -354.05 97.4182282987567 5.6
      vertex -351.55 98.86160397173076 0
      vertex -354.05 97.4182282987567 0
    endloop
  endfacet
  facet normal -0.4999999999999979 -0.8660254037844397 0
    outer loop
      vertex -351.55 101.7483553176789 5.6
      vertex -354.05 103.19173099065296 0
      vertex -351.55 101.7483553176789 0
    endloop
  endfacet
  facet normal 0.4999999999999979 -0.8660254037844397 0
    outer loop
      vertex -354.05 103.19173099065296 5.6
      vertex -356.55 101.7483553176789 0
      vertex -354.05 103.19173099065296 0
    endloop
  endfacet
  facet normal 0.4999999999999979 0.8660254037844397 0
    outer loop
      vertex -354.05 97.4182282987567 0
      vertex -356.55 98.86160397173076 0
      vertex -356.55 98.86160397173076 5.6
    endloop
  endfacet
  facet normal 1 0 0
    outer loop
      vertex -356.55 101.7483553176789 5.6
      vertex -356.55 98.86160397173076 0
      vertex -356.55 101.7483553176789 0
    endloop
  endfacet
  facet normal -1 0 0
    outer loop
      vertex -358.15000000000003 98.86160397173076 5.6
      vertex -358.15000000000003 101.7483553176789 5.6
      vertex -358.15000000000003 101.7483553176789 0
    endloop
  endfacet
  facet normal -0.4999999999999979 0.8660254037844397 0
    outer loop
      vertex -360.65000000000003 97.4182282987567 5.6
      vertex -358.15000000000003 98.86160397173076 5.6
      vertex -358.15000000000003 98.86160397173076 0
    endloop
  endfacet
  facet normal 0.4999999999999979 0.8660254037844397 0
    outer loop
      vertex -360.65000000000003 97.4182282987567 5.6
      vertex -360.65000000000003 97.4182282987567 0
      vertex -363.15000000000003 98.86160397173076 5.6
    endloop
  endfacet
  facet normal -0.4999999999999979 -0.8660254037844397 0
    outer loop
      vertex -358.15000000000003 101.7483553176789 5.6
      vertex -360.65000000000003 103.19173099065296 5.6
      vertex -360.65000000000003 103.19173099065296 0
    endloop
  endfacet
  facet normal 0.4999999999999979 -0.8660254037844397 0
    outer loop
      vertex -360.65000000000003 103.19173099065296 5.6
      vertex -363.15000000000003 101.7483553176789 5.6
      vertex -363.15000000000003 101.7483553176789 0
    endloop
  endfacet
  facet normal 1 0 0
    outer loop
      vertex -363.15000000000003 98.86160397173076 5.6
      vertex -363.15000000000003 98.86160397173076 0
      vertex -363.15000000000003 101.7483553176789 5.6
    endloop
  endfacet
  facet normal -1 0 0
    outer loop
      vertex -358.15000000000003 98.86160397173076 5.6
      vertex -358.15000000000003 101.7483553176789 0
      vertex -358.15000000000003 98.86160397173076 0
    endloop
  endfacet
  facet normal -0.4999999999999979 0.8660254037844397 0
    outer loop
      vertex -360.65000000000003 97.4182282987567 5.6
      vertex -358.15000000000003 98.86160397173076 0
      vertex -360.65000000000003 97.4182282987567 0
    endloop
  endfacet
  facet normal 0.4999999999999979 0.8660254037844397 0
    outer loop
      vertex -360.65000000000003 97.4182282987567 0
      vertex -363.15000000000003 98.86160397173076 0
      vertex -363.15000000000003 98.86160397173076 5.6
    endloop
  endfacet
  facet normal -0.4999999999999979 -0.8660254037844397 0
    outer loop
      vertex -358.15000000000003 101.7483553176789 5.6
      vertex -360.65000000000003 103.19173099065296 0
      vertex -358.15000000000003 101.7483553176789 0
    endloop
  endfacet
  facet normal 0.4999999999999979 -0.8660254037844397 0
    outer loop
      vertex -360.65000000000003 103.19173099065296 5.6
      vertex -363.15000000000003 101.7483553176789 0
      vertex -360.65000000000003 103.19173099065296 0
    endloop
  endfacet
  facet normal 1 0 0
    outer loop
      vertex -363.15000000000003 101.7483553176789 5.6
      vertex -363.15000000000003 98.86160397173076 0
      vertex -363.15000000000003 101.7483553176789 0
    endloop
  endfacet
  facet normal 0.7105814441973956 0 -0.7036149594503686
    outer loop
      vertex -296.06 0.19159663913129757 1
      vertex -297.0501960784314 1.2000000029802322 0
      vertex -297.0501960784314 19.199756097560975 0
    endloop
  endfacet
  facet normal 0 0 -1
    outer loop
      vertex -296.06 0.19159663913129757 1
      vertex -296.06 24 1
      vertex -296.04999999701977 0.19159663913129757 1
    endloop
  endfacet
  facet normal 0.7105814441974189 -8.314428149361972e-17 -0.7036149594503449
    outer loop
      vertex -296.06 0.19159663913129757 1
      vertex -296.25803921568627 19.99 0.8
      vertex -296.25803921568627 20.01 0.8
    endloop
  endfacet
  facet normal 0 0 -1
    outer loop
      vertex -296.04999999701977 0.19159663913129757 1
      vertex -296.05 24 1
      vertex -296.04999999701977 23.999999998764146 1
    endloop
  endfacet
  facet normal 0 0 -1
    outer loop
      vertex -296.04999999701977 0.19159663913129757 1
      vertex -296.06 24 1
      vertex -296.0570710678119 24 1
    endloop
  endfacet
  facet normal 0 0 -1
    outer loop
      vertex -296.04999999701977 0.19159663913129757 1
      vertex -296.0570710678119 24 1
      vertex -296.05 24 1
    endloop
  endfacet
  facet normal 0.7105814441974155 0 -0.7036149594503482
    outer loop
      vertex -296.06 0.19159663913129757 1
      vertex -296.25803921568627 20.01 0.8
      vertex -296.06 24 1
    endloop
  endfacet
  facet normal 0.7105814441973907 -5.030277261720704e-16 -0.7036149594503733
    outer loop
      vertex -296.06 0.19159663913129757 1
      vertex -297.0501960784314 19.199756097560975 0
      vertex -296.25803921568627 19.99 0.8
    endloop
  endfacet
  facet normal 0 0 -1
    outer loop
      vertex -296.05 24 1
      vertex -296.0570710678119 24 1
      vertex -296.0570710678119 24.00292893218813 1
    endloop
  endfacet
  facet normal 0 0 -1
    outer loop
      vertex -296.0570710678119 24.007071067811864 1
      vertex -296.0570710678119 24.00292893218813 1
      vertex -296.06 24 1
    endloop
  endfacet
  facet normal 0 0 -1
    outer loop
      vertex -296.0570710678119 24.007071067811864 1
      vertex -296.05 24 1
      vertex -296.0570710678119 24.00292893218813 1
    endloop
  endfacet
  facet normal 0.7105814441973916 2.4048450716711483e-15 -0.7036149594503724
    outer loop
      vertex -296.25803921568627 20.01 0.8
      vertex -297.0501960784314 20.800243902439025 0
      vertex -296.06 24 1
    endloop
  endfacet
  facet normal 0.7105814441973954 0 -0.7036149594503686
    outer loop
      vertex -296.06 24 1
      vertex -297.0501960784314 20.800243902439025 0
      vertex -297.0501960784314 24 0
    endloop
  endfacet
  facet normal 0 0 -1
    outer loop
      vertex -280.05 106 1
      vertex -280.04999999701977 106 1
      vertex -280.04999999850986 105.99999999850988 1
    endloop
  endfacet
  facet normal 0.7105814441973951 -2.0612642125220636e-15 -0.7036149594503689
    outer loop
      vertex -280.06 106.00414213562374 1
      vertex -281.0501960784314 106.41429478071868 0
      vertex -280.25803921568627 109.99 0.8
    endloop
  endfacet
  facet normal 0.7105814441973904 4.137262313763088e-18 -0.7036149594503737
    outer loop
      vertex -280.25803921568627 109.99 0.8
      vertex -281.0501960784314 106.41429478071868 0
      vertex -281.0501960784314 109.19975609756098 0
    endloop
  endfacet
  facet normal 0 0 -1
    outer loop
      vertex -280.05 106 1
      vertex -280.06 129.8084033608687 1
      vertex -280.04999999701977 106 1
    endloop
  endfacet
  facet normal 0 0 -1
    outer loop
      vertex -280.05 106 1
      vertex -280.06 106.00414213562374 1
      vertex -280.06 129.8084033608687 1
    endloop
  endfacet
  facet normal 0.7105814441974155 0 -0.7036149594503482
    outer loop
      vertex -280.06 106.00414213562374 1
      vertex -280.25803921568627 109.99 0.8
      vertex -280.06 129.8084033608687 1
    endloop
  endfacet
  facet normal 0.7105814441974156 0 -0.7036149594503482
    outer loop
      vertex -280.25803921568627 110.01 0.8
      vertex -280.06 129.8084033608687 1
      vertex -280.25803921568627 109.99 0.8
    endloop
  endfacet
  facet normal 0 0 -1
    outer loop
      vertex -280.04999999701977 106 1
      vertex -280.06 129.8084033608687 1
      vertex -280.04999999701977 129.8084033608687 1
    endloop
  endfacet
  facet normal 0.7105814441973904 6.402411272720628e-19 -0.7036149594503736
    outer loop
      vertex -280.25803921568627 110.01 0.8
      vertex -281.0501960784314 110.80024390243902 0
      vertex -281.0501960784314 128.79999999701977 0
    endloop
  endfacet
  facet normal 0.7105814441973953 4.1110691965379976e-16 -0.7036149594503687
    outer loop
      vertex -280.25803921568627 110.01 0.8
      vertex -281.0501960784314 128.79999999701977 0
      vertex -280.06 129.8084033608687 1
    endloop
  endfacet
  facet normal 0 0 -1
    outer loop
      vertex -288.06414213562374 32 1
      vertex -288.04999999701977 32 1
      vertex -296.04999999701977 24 1
    endloop
  endfacet
  facet normal 0 0 -1
    outer loop
      vertex -288.06414213562374 32 1
      vertex -296.04999999701977 24 1
      vertex -296.0570710678119 24.007071067811864 1
    endloop
  endfacet
  facet normal 0.5024569577773065 -0.5024569577773065 -0.7036149594503717
    outer loop
      vertex -288.06414213562374 32 1
      vertex -296.0570710678119 24.007071067811864 1
      vertex -296.75724542957505 24.707245429575014 0
    endloop
  endfacet
  facet normal 0.5024569577773117 -0.5024569577773139 -0.7036149594503626
    outer loop
      vertex -288.06414213562374 32 1
      vertex -296.75724542957505 24.707245429575014 0
      vertex -289.46449085915003 32 0
    endloop
  endfacet
  facet normal 0 0 -1
    outer loop
      vertex -296.0570710678119 24 1
      vertex -296.06 24 1
      vertex -296.0570710678119 24.00292893218813 1
    endloop
  endfacet
  facet normal 0 0 -1
    outer loop
      vertex -296.0570710678119 24.007071067811864 1
      vertex -296.04999999701977 24 1
      vertex -296.05 24 1
    endloop
  endfacet
  facet normal 0 0 -1
    outer loop
      vertex -296.05 24 1
      vertex -296.04999999701977 24 1
      vertex -296.04999999701977 23.999999998764146 1
    endloop
  endfacet
  facet normal 0.6816676692255523 -0.2823559936237511 -0.6749846528606019
    outer loop
      vertex -296.0570710678119 24.007071067811864 1
      vertex -296.06 24 1
      vertex -297.0501960784314 24 0
    endloop
  endfacet
  facet normal 0.6816676692254184 -0.2823559936244029 -0.6749846528604645
    outer loop
      vertex -296.0570710678119 24.007071067811864 1
      vertex -297.0501960784314 24 0
      vertex -296.75724542957505 24.707245429575014 0
    endloop
  endfacet
  facet normal 0 0 -1
    outer loop
      vertex -280.05 106 1
      vertex -280.04999999850986 105.99999999850988 1
      vertex -288.04999999701977 98 1
    endloop
  endfacet
  facet normal 0 0 -1
    outer loop
      vertex -280.05 106 1
      vertex -288.0570710678119 98.00707106781186 1
      vertex -280.06 106.00414213562374 1
    endloop
  endfacet
  facet normal 0 0 -1
    outer loop
      vertex -280.05 106 1
      vertex -288.04999999701977 98 1
      vertex -288.0570710678119 98.00707106781186 1
    endloop
  endfacet
  facet normal 0.5024569577773068 -0.5024569577773078 -0.7036149594503704
    outer loop
      vertex -280.06 106.00414213562374 1
      vertex -288.75724542957505 98.70724542957502 0
      vertex -281.0501960784314 106.41429478071868 0
    endloop
  endfacet
  facet normal 0.5024569577773048 -0.5024569577773048 -0.703614959450374
    outer loop
      vertex -280.06 106.00414213562374 1
      vertex -288.0570710678119 98.00707106781186 1
      vertex -288.75724542957505 98.70724542957502 0
    endloop
  endfacet
  facet normal 0 0 -1
    outer loop
      vertex -288.0570710678119 98.00707106781186 1
      vertex -288.04999999701977 98 1
      vertex -288.06 98 1
    endloop
  endfacet
  facet normal 0.6816676692255523 -0.2823559936237511 -0.6749846528606019
    outer loop
      vertex -288.0570710678119 98.00707106781186 1
      vertex -288.06 98 1
      vertex -289.0501960784314 98 0
    endloop
  endfacet
  facet normal 0.6816676692254192 -0.28235599362439895 -0.6749846528604653
    outer loop
      vertex -288.0570710678119 98.00707106781186 1
      vertex -289.0501960784314 98 0
      vertex -288.75724542957505 98.70724542957502 0
    endloop
  endfacet
  facet normal 0 0 -1
    outer loop
      vertex -296.25803921568627 20.01 0.8
      vertex -296.25803921568627 19.99 0.8
      vertex -360.05 20.01 0.8
    endloop
  endfacet
  facet normal 0 0.7114314713496992 -0.7027554777966531
    outer loop
      vertex -296.25803921568627 19.99 0.8
      vertex -297.0501960784314 19.199756097560975 0
      vertex -360.05 19.99 0.8
    endloop
  endfacet
  facet normal 0 -0.7114314713496992 -0.7027554777966531
    outer loop
      vertex -296.25803921568627 20.01 0.8
      vertex -360.05 20.01 0.8
      vertex -297.0501960784314 20.800243902439025 0
    endloop
  endfacet
  facet normal 0 0 -1
    outer loop
      vertex -296.25803921568627 19.99 0.8
      vertex -360.05 19.99 0.8
      vertex -360.0570710678119 19.992928932188136 0.8
    endloop
  endfacet
  facet normal 0 0 -1
    outer loop
      vertex -296.25803921568627 19.99 0.8
      vertex -360.0570710678119 19.992928932188136 0.8
      vertex -360.04 20 0.8
    endloop
  endfacet
  facet normal 0 0 -1
    outer loop
      vertex -296.25803921568627 19.99 0.8
      vertex -360.04 20 0.8
      vertex -360.05 20.01 0.8
    endloop
  endfacet
  facet normal 0 0.7114314713496992 -0.702755477796653
    outer loop
      vertex -297.0501960784314 19.199756097560975 0
      vertex -360.05 19.199756097560975 0
      vertex -360.05 19.99 0.8
    endloop
  endfacet
  facet normal 0 -0.7114314713496992 -0.702755477796653
    outer loop
      vertex -297.0501960784314 20.800243902439025 0
      vertex -360.05 20.01 0.8
      vertex -360.05 20.800243902439025 0
    endloop
  endfacet
  facet normal 0 0 -1
    outer loop
      vertex -360.0570710678119 19.992928932188136 0.8
      vertex -360.06 20 0.8
      vertex -360.05 20.01 0.8
    endloop
  endfacet
  facet normal 0 0 -1
    outer loop
      vertex -360.0570710678119 19.992928932188136 0.8
      vertex -360.05 20.01 0.8
      vertex -360.04 20 0.8
    endloop
  endfacet
  facet normal 0 0 -1
    outer loop
      vertex -360.06 20 0.8
      vertex -360.0570710678119 20.007071067811864 0.8
      vertex -360.05 20.01 0.8
    endloop
  endfacet
  facet normal 0.2826667867958609 0.6824179903142715 -0.6740958197006819
    outer loop
      vertex -360.05 19.99 0.8
      vertex -360.05 19.199756097560975 0
      vertex -360.0570710678119 19.992928932188136 0.8
    endloop
  endfacet
  facet normal 0.6824179903146852 0.2826667867950036 -0.6740958197006226
    outer loop
      vertex -360.0570710678119 19.992928932188136 0.8
      vertex -360.6158578900179 19.43414210998218 0
      vertex -360.06 20 0.8
    endloop
  endfacet
  facet normal 0.6824179903144616 -0.28266678679491103 -0.6740958197008878
    outer loop
      vertex -360.06 20 0.8
      vertex -360.85024390243905 20 0
      vertex -360.0570710678119 20.007071067811864 0.8
    endloop
  endfacet
  facet normal 0.2826667867958175 -0.682417990314167 -0.6740958197008059
    outer loop
      vertex -360.0570710678119 20.007071067811864 0.8
      vertex -360.6158578900179 20.56585789001782 0
      vertex -360.05 20.01 0.8
    endloop
  endfacet
  facet normal 0.28266678679556445 0.6824179903143321 -0.6740958197007446
    outer loop
      vertex -360.0570710678119 19.992928932188136 0.8
      vertex -360.05 19.199756097560975 0
      vertex -360.6158578900179 19.43414210998218 0
    endloop
  endfacet
  facet normal 0.6824179903143289 0.2826667867955433 -0.6740958197007568
    outer loop
      vertex -360.06 20 0.8
      vertex -360.6158578900179 19.43414210998218 0
      vertex -360.85024390243905 20 0
    endloop
  endfacet
  facet normal 0.6824179903143318 -0.2826667867955445 -0.6740958197007536
    outer loop
      vertex -360.0570710678119 20.007071067811864 0.8
      vertex -360.85024390243905 20 0
      vertex -360.6158578900179 20.56585789001782 0
    endloop
  endfacet
  facet normal 0.28266678679556506 -0.6824179903143335 -0.6740958197007432
    outer loop
      vertex -360.05 20.01 0.8
      vertex -360.6158578900179 20.56585789001782 0
      vertex -360.05 20.800243902439025 0
    endloop
  endfacet
  facet normal 0 0 -1
    outer loop
      vertex -280.25803921568627 110.01 0.8
      vertex -280.25803921568627 109.99 0.8
      vertex -360.05 110.01 0.8
    endloop
  endfacet
  facet normal 0 0.7114314713497024 -0.7027554777966498
    outer loop
      vertex -280.25803921568627 109.99 0.8
      vertex -281.0501960784314 109.19975609756098 0
      vertex -360.05 109.99 0.8
    endloop
  endfacet
  facet normal 0 -0.7114314713497024 -0.7027554777966498
    outer loop
      vertex -280.25803921568627 110.01 0.8
      vertex -360.05 110.01 0.8
      vertex -281.0501960784314 110.80024390243902 0
    endloop
  endfacet
  facet normal 0 0 -1
    outer loop
      vertex -280.25803921568627 109.99 0.8
      vertex -360.05 109.99 0.8
      vertex -360.05 110.01 0.8
    endloop
  endfacet
  facet normal 0 0.7114314713497023 -0.7027554777966498
    outer loop
      vertex -281.0501960784314 109.19975609756098 0
      vertex -360.05 109.19975609756098 0
      vertex -360.05 109.99 0.8
    endloop
  endfacet
  facet normal 0 -0.7114314713497023 -0.7027554777966498
    outer loop
      vertex -281.0501960784314 110.80024390243902 0
      vertex -360.05 110.01 0.8
      vertex -360.05 110.80024390243902 0
    endloop
  endfacet
  facet normal 0 0 -1
    outer loop
      vertex -360.05 109.99 0.8
      vertex -360.0570710678119 109.99292893218814 0.8
      vertex -360.06 110 0.8
    endloop
  endfacet
  facet normal 0 0 -1
    outer loop
      vertex -360.05 109.99 0.8
      vertex -360.06 110 0.8
      vertex -360.05 110.01 0.8
    endloop
  endfacet
  facet normal 0 0 -1
    outer loop
      vertex -360.06 110 0.8
      vertex -360.0570710678119 110.00707106781186 0.8
      vertex -360.05 110.01 0.8
    endloop
  endfacet
  facet normal 0.282666786795573 0.6824179903143319 -0.6740958197007414
    outer loop
      vertex -360.0570710678119 109.99292893218814 0.8
      vertex -360.05 109.19975609756098 0
      vertex -360.6158578900179 109.43414210998219 0
    endloop
  endfacet
  facet normal 0.2826667867961775 0.6824179903142081 -0.6740958197006133
    outer loop
      vertex -360.05 109.99 0.8
      vertex -360.05 109.19975609756098 0
      vertex -360.0570710678119 109.99292893218814 0.8
    endloop
  endfacet
  facet normal 0.682417990314687 0.2826667867950044 -0.6740958197006206
    outer loop
      vertex -360.0570710678119 109.99292893218814 0.8
      vertex -360.6158578900179 109.43414210998219 0
      vertex -360.06 110 0.8
    endloop
  endfacet
  facet normal 0.6824179903144616 -0.28266678679491103 -0.6740958197008878
    outer loop
      vertex -360.06 110 0.8
      vertex -360.85024390243905 110 0
      vertex -360.0570710678119 110.00707106781186 0.8
    endloop
  endfacet
  facet normal 0.2826667867960891 -0.6824179903139946 -0.6740958197008662
    outer loop
      vertex -360.0570710678119 110.00707106781186 0.8
      vertex -360.6158578900179 110.56585789001781 0
      vertex -360.05 110.01 0.8
    endloop
  endfacet
  facet normal 0.6824179903143279 0.28266678679554824 -0.6740958197007558
    outer loop
      vertex -360.06 110 0.8
      vertex -360.6158578900179 109.43414210998219 0
      vertex -360.85024390243905 110 0
    endloop
  endfacet
  facet normal 0.6824179903143308 -0.28266678679554946 -0.6740958197007526
    outer loop
      vertex -360.0570710678119 110.00707106781186 0.8
      vertex -360.85024390243905 110 0
      vertex -360.6158578900179 110.56585789001781 0
    endloop
  endfacet
  facet normal 0.282666786795574 -0.6824179903143346 -0.6740958197007382
    outer loop
      vertex -360.05 110.01 0.8
      vertex -360.6158578900179 110.56585789001781 0
      vertex -360.05 110.80024390243902 0
    endloop
  endfacet
  facet normal 0 0 -1
    outer loop
      vertex -371.05 27 1.6
      vertex -377.05 27 1.6
      vertex -371.05 33 1.6
    endloop
  endfacet
  facet normal 0 1 0
    outer loop
      vertex -371.05 27 1.6
      vertex -371.05 27 0
      vertex -377.05 27 1.6
    endloop
  endfacet
  facet normal -1 0 0
    outer loop
      vertex -371.05 27 1.6
      vertex -371.05 33 1.6
      vertex -371.05 33 0
    endloop
  endfacet
  facet normal -1 0 0
    outer loop
      vertex -371.05 27 1.6
      vertex -371.05 33 0
      vertex -371.05 27 0
    endloop
  endfacet
  facet normal 0 1 0
    outer loop
      vertex -377.05 27 1.6
      vertex -371.05 27 0
      vertex -377.05 27 0
    endloop
  endfacet
  facet normal 0.7071067811865476 0.7071067811865476 0
    outer loop
      vertex -377.05 27 1.6
      vertex -377.05 27 0
      vertex -389.05 39 1.6
    endloop
  endfacet
  facet normal 0 0 -1
    outer loop
      vertex -377.05 27 1.6
      vertex -383.05 45 1.6
      vertex -371.05 33 1.6
    endloop
  endfacet
  facet normal 0 0 -1
    outer loop
      vertex -377.05 27 1.6
      vertex -389.05 39 1.6
      vertex -383.05 45 1.6
    endloop
  endfacet
  facet normal -0.7071067811865476 -0.7071067811865476 0
    outer loop
      vertex -371.05 33 1.6
      vertex -383.05 45 0
      vertex -371.05 33 0
    endloop
  endfacet
  facet normal -0.7071067811865476 -0.7071067811865476 0
    outer loop
      vertex -371.05 33 1.6
      vertex -383.05 45 1.6
      vertex -383.05 45 0
    endloop
  endfacet
  facet normal -1 0 0
    outer loop
      vertex -383.05 45 1.6
      vertex -383.05 85 0
      vertex -383.05 45 0
    endloop
  endfacet
  facet normal 0.7071067811865476 0.7071067811865476 0
    outer loop
      vertex -377.05 27 0
      vertex -389.05 39 0
      vertex -389.05 39 1.6
    endloop
  endfacet
  facet normal 0 0 -1
    outer loop
      vertex -383.05 45 1.6
      vertex -389.05 39 1.6
      vertex -389.05 91 1.6
    endloop
  endfacet
  facet normal 1 0 0
    outer loop
      vertex -389.05 39 1.6
      vertex -389.05 39 0
      vertex -389.05 91 1.6
    endloop
  endfacet
  facet normal -1 0 0
    outer loop
      vertex -383.05 45 1.6
      vertex -383.05 85 1.6
      vertex -383.05 85 0
    endloop
  endfacet
  facet normal 0 0 -1
    outer loop
      vertex -371.05 97 1.6
      vertex -383.05 85 1.6
      vertex -389.05 91 1.6
    endloop
  endfacet
  facet normal 0 0 -1
    outer loop
      vertex -371.05 97 1.6
      vertex -389.05 91 1.6
      vertex -377.05 103 1.6
    endloop
  endfacet
  facet normal -0.7071067811865476 0.7071067811865476 0
    outer loop
      vertex -371.05 97 1.6
      vertex -371.05 97 0
      vertex -383.05 85 1.6
    endloop
  endfacet
  facet normal -0.7071067811865476 0.7071067811865476 0
    outer loop
      vertex -383.05 85 1.6
      vertex -371.05 97 0
      vertex -383.05 85 0
    endloop
  endfacet
  facet normal 0 0 -1
    outer loop
      vertex -383.05 45 1.6
      vertex -389.05 91 1.6
      vertex -383.05 85 1.6
    endloop
  endfacet
  facet normal 1 0 0
    outer loop
      vertex -389.05 39 0
      vertex -389.05 91 0
      vertex -389.05 91 1.6
    endloop
  endfacet
  facet normal 0.7071067811865476 -0.7071067811865476 0
    outer loop
      vertex -389.05 91 1.6
      vertex -389.05 91 0
      vertex -377.05 103 1.6
    endloop
  endfacet
  facet normal 0 0 -1
    outer loop
      vertex -371.05 97 1.6
      vertex -377.05 103 1.6
      vertex -371.05 103 1.6
    endloop
  endfacet
  facet normal -1 0 0
    outer loop
      vertex -371.05 97 1.6
      vertex -371.05 103 1.6
      vertex -371.05 103 0
    endloop
  endfacet
  facet normal 0 -1 0
    outer loop
      vertex -371.05 103 1.6
      vertex -377.05 103 1.6
      vertex -377.05 103 0
    endloop
  endfacet
  facet normal -1 0 0
    outer loop
      vertex -371.05 97 1.6
      vertex -371.05 103 0
      vertex -371.05 97 0
    endloop
  endfacet
  facet normal 0 -1 0
    outer loop
      vertex -371.05 103 1.6
      vertex -377.05 103 0
      vertex -371.05 103 0
    endloop
  endfacet
  facet normal 0.7071067811865476 -0.7071067811865476 0
    outer loop
      vertex -389.05 91 0
      vertex -377.05 103 0
      vertex -377.05 103 1.6
    endloop
  endfacet
  facet normal 0 1 0
    outer loop
      vertex -288.04999999701977 32 1.6
      vertex -288.04999999701977 32 1
      vertex -292.54999999701977 32 1.6
    endloop
  endfacet
  facet normal 0 1 0
    outer loop
      vertex -292.54999999701977 32 1.6
      vertex -288.04999999701977 32 1
      vertex -288.06414213562374 32 1
    endloop
  endfacet
  facet normal 0 1 0
    outer loop
      vertex -292.54999999701977 32 1.6
      vertex -288.06414213562374 32 1
      vertex -289.46449085915003 32 0
    endloop
  endfacet
  facet normal 0 1 0
    outer loop
      vertex -292.54999999701977 32 1.6
      vertex -289.46449085915003 32 0
      vertex -292.54999999701977 32 0
    endloop
  endfacet
  facet normal 0 0 -1
    outer loop
      vertex -288.04999999701977 32 1.6
      vertex -292.54999999701977 32 1.6
      vertex -292.54999999701977 98 1.6
    endloop
  endfacet
  facet normal 1 0 0
    outer loop
      vertex -292.54999999701977 32 1.6
      vertex -292.54999999701977 32 0
      vertex -292.54999999701977 98 1.6
    endloop
  endfacet
  facet normal 0 0 -1
    outer loop
      vertex -288.04999999701977 32 1.6
      vertex -292.54999999701977 98 1.6
      vertex -288.04999999701977 98 1.6
    endloop
  endfacet
  facet normal 1 0 0
    outer loop
      vertex -292.54999999701977 32 0
      vertex -292.54999999701977 98 0
      vertex -292.54999999701977 98 1.6
    endloop
  endfacet
  facet normal 0 -1 0
    outer loop
      vertex -288.04999999701977 98 1.6
      vertex -288.06 98 1
      vertex -288.04999999701977 98 1
    endloop
  endfacet
  facet normal 0 -1 0
    outer loop
      vertex -288.04999999701977 98 1.6
      vertex -292.54999999701977 98 1.6
      vertex -288.06 98 1
    endloop
  endfacet
  facet normal 0 -1 0
    outer loop
      vertex -292.54999999701977 98 1.6
      vertex -292.54999999701977 98 0
      vertex -288.06 98 1
    endloop
  endfacet
  facet normal 0 -1 0
    outer loop
      vertex -288.06 98 1
      vertex -292.54999999701977 98 0
      vertex -289.0501960784314 98 0
    endloop
  endfacet
  facet normal 1 0 0
    outer loop
      vertex -296.04999999701977 0 12
      vertex -296.04999999701977 2.399999998509884 5.6
      vertex -296.04999999701977 2.399999998509884 12
    endloop
  endfacet
  facet normal 1 0 0
    outer loop
      vertex -296.04999999701977 0 12
      vertex -296.04999999701977 0 5.6
      vertex -296.04999999701977 2.399999998509884 5.6
    endloop
  endfacet
  facet normal 1 0 0
    outer loop
      vertex -296.04999999701977 20.7 10.6
      vertex -296.04999999701977 22.3 5.6
      vertex -296.04999999701977 22.3 10.6
    endloop
  endfacet
  facet normal 1 0 0
    outer loop
      vertex -296.04999999701977 20.7 10.6
      vertex -296.04999999701977 20.7 5.6
      vertex -296.04999999701977 22.3 5.6
    endloop
  endfacet
  facet normal 0.7071067811865476 -0.7071067811865476 0
    outer loop
      vertex -288.04999999701977 32 5.6
      vertex -296.04999999701977 24 5.6
      vertex -288.04999999701977 32 3.7
    endloop
  endfacet
  facet normal 0.7071067811865476 -0.7071067811865476 0
    outer loop
      vertex -296.04999999701977 24 5.6
      vertex -296.04999999701977 24 3.7
      vertex -288.04999999701977 32 3.7
    endloop
  endfacet
  facet normal 1 0 0
    outer loop
      vertex -296.04999999701977 0 5.6
      vertex -296.04999999701977 24 3.7
      vertex -296.04999999701977 2.399999998509884 5.6
    endloop
  endfacet
  facet normal 1 0 0
    outer loop
      vertex -296.04999999701977 2.399999998509884 5.6
      vertex -296.04999999701977 24 3.7
      vertex -296.04999999701977 20.7 5.6
    endloop
  endfacet
  facet normal 1 0 0
    outer loop
      vertex -296.04999999701977 0 5.6
      vertex -296.04999999701977 0 3.7
      vertex -296.04999999701977 24 3.7
    endloop
  endfacet
  facet normal 1 0 0
    outer loop
      vertex -296.04999999701977 20.7 5.6
      vertex -296.04999999701977 24 3.7
      vertex -296.04999999701977 22.3 5.6
    endloop
  endfacet
  facet normal 1 0 0
    outer loop
      vertex -296.04999999701977 22.3 5.6
      vertex -296.04999999701977 24 3.7
      vertex -296.04999999701977 24 5.6
    endloop
  endfacet
  facet normal 0.7071067811865476 -0.7071067811865476 0
    outer loop
      vertex -288.04999999701977 32 1.6
      vertex -288.04999999701977 32 1.9000000000000001
      vertex -296.04999999701977 24 1.9000000000000001
    endloop
  endfacet
  facet normal 0.7071067811865476 -0.7071067811865476 0
    outer loop
      vertex -288.04999999701977 32 1.6
      vertex -296.04999999701977 24 1
      vertex -288.04999999701977 32 1
    endloop
  endfacet
  facet normal 0.7071067811865476 -0.7071067811865476 0
    outer loop
      vertex -288.04999999701977 32 1.6
      vertex -296.04999999701977 24 1.9000000000000001
      vertex -296.04999999701977 24 1
    endloop
  endfacet
  facet normal 1 0 0
    outer loop
      vertex -296.04999999701977 23.999999998764146 1
      vertex -296.04999999701977 24 1.9000000000000001
      vertex -296.04999999701977 0 1.9000000000000001
    endloop
  endfacet
  facet normal 1 0 0
    outer loop
      vertex -296.04999999701977 0 1.19
      vertex -296.04999999701977 0.19159663913129757 1
      vertex -296.04999999701977 0 1.9000000000000001
    endloop
  endfacet
  facet normal 1 0 0
    outer loop
      vertex -296.04999999701977 0.19159663913129757 1
      vertex -296.04999999701977 23.999999998764146 1
      vertex -296.04999999701977 0 1.9000000000000001
    endloop
  endfacet
  facet normal 1 0 0
    outer loop
      vertex -296.04999999701977 24 1
      vertex -296.04999999701977 24 1.9000000000000001
      vertex -296.04999999701977 23.999999998764146 1
    endloop
  endfacet
  facet normal 1 0 0
    outer loop
      vertex -288.04999999701977 32 5.6
      vertex -288.04999999701977 98 3.7
      vertex -288.04999999701977 49.780039237844846 5.6
    endloop
  endfacet
  facet normal 1 0 0
    outer loop
      vertex -288.04999999701977 32 5.6
      vertex -288.04999999701977 32 3.7
      vertex -288.04999999701977 98 3.7
    endloop
  endfacet
  facet normal 1 0 0
    outer loop
      vertex -288.04999999701977 32 1.6
      vertex -288.04999999701977 98 1.6
      vertex -288.04999999701977 32 1.9000000000000001
    endloop
  endfacet
  facet normal 1 0 0
    outer loop
      vertex -280.04999999701977 127.60000000149012 12
      vertex -280.04999999701977 130 5.6
      vertex -280.04999999701977 130 12
    endloop
  endfacet
  facet normal 1 0 0
    outer loop
      vertex -280.04999999701977 107.7 10.6
      vertex -280.04999999701977 109.3 5.6
      vertex -280.04999999701977 109.3 10.6
    endloop
  endfacet
  facet normal 1 0 0
    outer loop
      vertex -280.04999999701977 107.7 10.6
      vertex -280.04999999701977 107.7 5.6
      vertex -280.04999999701977 109.3 5.6
    endloop
  endfacet
  facet normal 1 0 0
    outer loop
      vertex -280.04999999701977 127.60000000149012 12
      vertex -280.04999999701977 127.60000000149012 5.6
      vertex -280.04999999701977 130 5.6
    endloop
  endfacet
  facet normal 1 0 0
    outer loop
      vertex -288.04999999701977 49.780039237844846 5.6
      vertex -288.04999999701977 98 3.7
      vertex -288.04999999701977 89.61187321039881 5.6
    endloop
  endfacet
  facet normal 1 0 0
    outer loop
      vertex -288.04999999701977 89.61187321039881 5.6
      vertex -288.04999999701977 98 3.7
      vertex -288.04999999701977 98 5.6
    endloop
  endfacet
  facet normal 1 0 0
    outer loop
      vertex -288.04999999701977 98 1.6
      vertex -288.04999999701977 98 1.9000000000000001
      vertex -288.04999999701977 32 1.9000000000000001
    endloop
  endfacet
  facet normal 0.7071067811865476 -0.7071067811865476 5.288732492408507e-15
    outer loop
      vertex -280.04999999701977 106 5.6
      vertex -288.04999999701977 98 5.6
      vertex -283.3543478231067 102.69565217391305 3.7
    endloop
  endfacet
  facet normal 0.7071067811865464 -0.7071067811865487 0
    outer loop
      vertex -288.04999999701977 98 5.6
      vertex -288.04999999701977 98 3.7
      vertex -283.3543478231067 102.69565217391305 3.7
    endloop
  endfacet
  facet normal 0.7071067811865478 -0.7071067811865474 4.3689529283333645e-15
    outer loop
      vertex -280.04999999701977 106 5.6
      vertex -283.3543478231067 102.69565217391305 3.7
      vertex -280.04999999850986 105.99999999850988 1
    endloop
  endfacet
  facet normal 0.7071135246887399 -0.7071000376200434 0
    outer loop
      vertex -280.04999999701977 106 5.6
      vertex -280.04999999850986 105.99999999850988 1
      vertex -280.04999999701977 106 3.7
    endloop
  endfacet
  facet normal 1 0 0
    outer loop
      vertex -280.04999999701977 106 5.6
      vertex -280.04999999701977 130 3.7
      vertex -280.04999999701977 107.7 5.6
    endloop
  endfacet
  facet normal 1 0 0
    outer loop
      vertex -280.04999999701977 107.7 5.6
      vertex -280.04999999701977 130 3.7
      vertex -280.04999999701977 109.3 5.6
    endloop
  endfacet
  facet normal 1 0 0
    outer loop
      vertex -280.04999999701977 109.3 5.6
      vertex -280.04999999701977 130 3.7
      vertex -280.04999999701977 127.60000000149012 5.6
    endloop
  endfacet
  facet normal 1 0 0
    outer loop
      vertex -280.04999999701977 127.60000000149012 5.6
      vertex -280.04999999701977 130 3.7
      vertex -280.04999999701977 130 5.6
    endloop
  endfacet
  facet normal 1 0 0
    outer loop
      vertex -280.04999999701977 106 5.6
      vertex -280.04999999701977 106 3.7
      vertex -280.04999999701977 130 3.7
    endloop
  endfacet
  facet normal 0.7071067811865479 -0.7071067811865471 4.447220315040602e-15
    outer loop
      vertex -280.04999999850986 105.99999999850988 1
      vertex -283.3543478231067 102.69565217391305 3.7
      vertex -286.4847826057154 99.56521739130434 1.9000000000000001
    endloop
  endfacet
  facet normal 0.7071067811865411 -0.707106781186554 0
    outer loop
      vertex -288.04999999701977 98 1.6
      vertex -286.4847826057154 99.56521739130434 1.9000000000000001
      vertex -288.04999999701977 98 1.9000000000000001
    endloop
  endfacet
  facet normal 0.7071135246887399 -0.7071000376200434 0
    outer loop
      vertex -280.04999999850986 105.99999999850988 1
      vertex -280.04999999701977 106 1.9000000000000001
      vertex -280.04999999701977 106 3.7
    endloop
  endfacet
  facet normal 0.7071067811865462 -0.7071067811865488 -1.8052052714846043e-14
    outer loop
      vertex -280.04999999850986 105.99999999850988 1
      vertex -286.4847826057154 99.56521739130434 1.9000000000000001
      vertex -288.04999999701977 98 1
    endloop
  endfacet
  facet normal 0.7071067811865411 -0.707106781186554 0
    outer loop
      vertex -288.04999999701977 98 1
      vertex -286.4847826057154 99.56521739130434 1.9000000000000001
      vertex -288.04999999701977 98 1.6
    endloop
  endfacet
  facet normal 0.70711352468874 -0.7071000376200435 0
    outer loop
      vertex -280.04999999850986 105.99999999850988 1
      vertex -280.04999999701977 106 1
      vertex -280.04999999701977 106 1.9000000000000001
    endloop
  endfacet
  facet normal 1 0 0
    outer loop
      vertex -280.04999999701977 130 1.19
      vertex -280.04999999701977 130 1.9000000000000001
      vertex -280.04999999701977 106 1.9000000000000001
    endloop
  endfacet
  facet normal 1 0 0
    outer loop
      vertex -280.04999999701977 106 1
      vertex -280.04999999701977 129.8084033608687 1
      vertex -280.04999999701977 106 1.9000000000000001
    endloop
  endfacet
  facet normal 1 0 0
    outer loop
      vertex -280.04999999701977 130 1.19
      vertex -280.04999999701977 106 1.9000000000000001
      vertex -280.04999999701977 129.8084033608687 1
    endloop
  endfacet
  facet normal -0.9238795325112418 0.3826834323651983 0
    outer loop
      vertex -294.95767566415066 42.320162612375114 1.6099999999999994
      vertex -295.08978564678563 42.001220900572996 5.6
      vertex -294.95767566415066 42.320162612375114 5.6
    endloop
  endfacet
  facet normal -0.9723699203977031 0.23344536385579498 0
    outer loop
      vertex -294.87708565069073 42.65584417691149 1.6099999999999994
      vertex -294.95767566415066 42.320162612375114 5.6
      vertex -294.87708565069073 42.65584417691149 5.6
    endloop
  endfacet
  facet normal -0.9969173337331255 0.07845909572787697 0
    outer loop
      vertex -294.85 43 1.6099999999999994
      vertex -294.87708565069073 42.65584417691149 5.6
      vertex -294.85 43 5.6
    endloop
  endfacet
  facet normal -0.9969173337331255 -0.07845909572787697 0
    outer loop
      vertex -294.87708565069073 43.34415582308851 1.6099999999999994
      vertex -294.85 43 5.6
      vertex -294.87708565069073 43.34415582308851 5.6
    endloop
  endfacet
  facet normal -0.9723699203977031 -0.23344536385579498 0
    outer loop
      vertex -294.95767566415066 43.679837387624886 1.6099999999999994
      vertex -294.87708565069073 43.34415582308851 5.6
      vertex -294.95767566415066 43.679837387624886 5.6
    endloop
  endfacet
  facet normal -0.9238795325112418 -0.3826834323651983 0
    outer loop
      vertex -295.08978564678563 43.998779099427004 1.6099999999999994
      vertex -294.95767566415066 43.679837387624886 5.6
      vertex -295.08978564678563 43.998779099427004 5.6
    endloop
  endfacet
  facet normal -0.760405965600039 0.6494480483301743 0
    outer loop
      vertex -295.27016261237515 41.70687244495656 1.6099999999999994
      vertex -295.4943650813896 41.4443650813896 5.6
      vertex -295.27016261237515 41.70687244495656 5.6
    endloop
  endfacet
  facet normal -0.6494480483302082 0.76040596560001 0
    outer loop
      vertex -295.4943650813896 41.4443650813896 1.6099999999999994
      vertex -295.75687244495657 41.22016261237511 5.6
      vertex -295.4943650813896 41.4443650813896 5.6
    endloop
  endfacet
  facet normal -0.5224985647159391 0.8526401643540982 0
    outer loop
      vertex -295.75687244495657 41.22016261237511 1.6099999999999994
      vertex -296.051220900573 41.03978564678559 5.6
      vertex -295.75687244495657 41.22016261237511 5.6
    endloop
  endfacet
  facet normal -0.8526401643541017 0.5224985647159334 0
    outer loop
      vertex -295.08978564678563 42.001220900572996 1.6099999999999994
      vertex -295.27016261237515 41.70687244495656 5.6
      vertex -295.08978564678563 42.001220900572996 5.6
    endloop
  endfacet
  facet normal -0.3826834323651147 0.9238795325112765 0
    outer loop
      vertex -296.051220900573 41.03978564678559 1.6099999999999994
      vertex -296.3701626123751 40.90767566415066 5.6
      vertex -296.051220900573 41.03978564678559 5.6
    endloop
  endfacet
  facet normal -0.23344536385587822 0.9723699203976831 0
    outer loop
      vertex -296.3701626123751 40.90767566415066 1.6099999999999994
      vertex -296.7058441769115 40.8270856506907 5.6
      vertex -296.3701626123751 40.90767566415066 5.6
    endloop
  endfacet
  facet normal -0.07845909572785811 0.996917333733127 0
    outer loop
      vertex -296.7058441769115 40.8270856506907 1.6099999999999994
      vertex -297.05 40.8 5.6
      vertex -296.7058441769115 40.8270856506907 5.6
    endloop
  endfacet
  facet normal -0.8526401643541017 -0.5224985647159334 0
    outer loop
      vertex -295.27016261237515 44.29312755504344 1.6099999999999994
      vertex -295.08978564678563 43.998779099427004 5.6
      vertex -295.27016261237515 44.29312755504344 5.6
    endloop
  endfacet
  facet normal -0.760405965600039 -0.6494480483301743 0
    outer loop
      vertex -295.4943650813896 44.5556349186104 1.6099999999999994
      vertex -295.27016261237515 44.29312755504344 5.6
      vertex -295.4943650813896 44.5556349186104 5.6
    endloop
  endfacet
  facet normal 0.07845909572785811 0.996917333733127 0
    outer loop
      vertex -297.05 40.8 1.6099999999999994
      vertex -297.3941558230885 40.8270856506907 5.6
      vertex -297.05 40.8 5.6
    endloop
  endfacet
  facet normal 0.23344536385587822 0.9723699203976831 0
    outer loop
      vertex -297.3941558230885 40.8270856506907 1.6099999999999994
      vertex -297.7298373876249 40.90767566415066 5.6
      vertex -297.3941558230885 40.8270856506907 5.6
    endloop
  endfacet
  facet normal 0.3826834323651147 0.9238795325112765 0
    outer loop
      vertex -297.7298373876249 40.90767566415066 1.6099999999999994
      vertex -298.048779099427 41.03978564678559 5.6
      vertex -297.7298373876249 40.90767566415066 5.6
    endloop
  endfacet
  facet normal 0.5224985647159391 0.8526401643540982 0
    outer loop
      vertex -298.048779099427 41.03978564678559 1.6099999999999994
      vertex -298.34312755504345 41.22016261237511 5.6
      vertex -298.048779099427 41.03978564678559 5.6
    endloop
  endfacet
  facet normal 0.6494480483302082 0.76040596560001 0
    outer loop
      vertex -298.34312755504345 41.22016261237511 1.6099999999999994
      vertex -298.6056349186104 41.4443650813896 5.6
      vertex -298.34312755504345 41.22016261237511 5.6
    endloop
  endfacet
  facet normal 0.760405965600039 0.6494480483301743 0
    outer loop
      vertex -298.6056349186104 41.4443650813896 1.6099999999999994
      vertex -298.8298373876249 41.70687244495656 5.6
      vertex -298.6056349186104 41.4443650813896 5.6
    endloop
  endfacet
  facet normal 0.6494480483302082 -0.76040596560001 0
    outer loop
      vertex -298.6056349186104 44.5556349186104 1.6099999999999994
      vertex -298.34312755504345 44.77983738762489 5.6
      vertex -298.6056349186104 44.5556349186104 5.6
    endloop
  endfacet
  facet normal 0.760405965600039 -0.6494480483301743 0
    outer loop
      vertex -298.8298373876249 44.29312755504344 1.6099999999999994
      vertex -298.6056349186104 44.5556349186104 5.6
      vertex -298.8298373876249 44.29312755504344 5.6
    endloop
  endfacet
  facet normal -0.6494480483302082 -0.76040596560001 0
    outer loop
      vertex -295.75687244495657 44.77983738762489 1.6099999999999994
      vertex -295.4943650813896 44.5556349186104 5.6
      vertex -295.75687244495657 44.77983738762489 5.6
    endloop
  endfacet
  facet normal -0.5224985647159391 -0.8526401643540982 0
    outer loop
      vertex -296.051220900573 44.96021435321441 1.6099999999999994
      vertex -295.75687244495657 44.77983738762489 5.6
      vertex -296.051220900573 44.96021435321441 5.6
    endloop
  endfacet
  facet normal -0.3826834323651147 -0.9238795325112765 0
    outer loop
      vertex -296.3701626123751 45.09232433584934 1.6099999999999994
      vertex -296.051220900573 44.96021435321441 5.6
      vertex -296.3701626123751 45.09232433584934 5.6
    endloop
  endfacet
  facet normal -0.23344536385587822 -0.9723699203976831 0
    outer loop
      vertex -296.7058441769115 45.1729143493093 1.6099999999999994
      vertex -296.3701626123751 45.09232433584934 5.6
      vertex -296.7058441769115 45.1729143493093 5.6
    endloop
  endfacet
  facet normal -0.07845909572785811 -0.996917333733127 0
    outer loop
      vertex -297.05 45.2 1.6099999999999994
      vertex -296.7058441769115 45.1729143493093 5.6
      vertex -297.05 45.2 5.6
    endloop
  endfacet
  facet normal 0.07845909572785811 -0.996917333733127 0
    outer loop
      vertex -297.3941558230885 45.1729143493093 1.6099999999999994
      vertex -297.05 45.2 5.6
      vertex -297.3941558230885 45.1729143493093 5.6
    endloop
  endfacet
  facet normal 0.23344536385587822 -0.9723699203976831 0
    outer loop
      vertex -297.7298373876249 45.09232433584934 1.6099999999999994
      vertex -297.3941558230885 45.1729143493093 5.6
      vertex -297.7298373876249 45.09232433584934 5.6
    endloop
  endfacet
  facet normal 0.3826834323651147 -0.9238795325112765 0
    outer loop
      vertex -298.048779099427 44.96021435321441 1.6099999999999994
      vertex -297.7298373876249 45.09232433584934 5.6
      vertex -298.048779099427 44.96021435321441 5.6
    endloop
  endfacet
  facet normal 0.5224985647159391 -0.8526401643540982 0
    outer loop
      vertex -298.34312755504345 44.77983738762489 1.6099999999999994
      vertex -298.048779099427 44.96021435321441 5.6
      vertex -298.34312755504345 44.77983738762489 5.6
    endloop
  endfacet
  facet normal 0.8526401643541017 0.5224985647159334 0
    outer loop
      vertex -298.8298373876249 41.70687244495656 1.6099999999999994
      vertex -299.0102143532144 42.001220900572996 5.6
      vertex -298.8298373876249 41.70687244495656 5.6
    endloop
  endfacet
  facet normal 0.9238795325112418 0.3826834323651983 0
    outer loop
      vertex -299.0102143532144 42.001220900572996 1.6099999999999994
      vertex -299.14232433584937 42.320162612375114 5.6
      vertex -299.0102143532144 42.001220900572996 5.6
    endloop
  endfacet
  facet normal 0.9723699203977031 0.23344536385579498 0
    outer loop
      vertex -299.14232433584937 42.320162612375114 1.6099999999999994
      vertex -299.2229143493093 42.65584417691149 5.6
      vertex -299.14232433584937 42.320162612375114 5.6
    endloop
  endfacet
  facet normal 0.9969173337331255 0.07845909572787697 0
    outer loop
      vertex -299.2229143493093 42.65584417691149 1.6099999999999994
      vertex -299.25 43 5.6
      vertex -299.2229143493093 42.65584417691149 5.6
    endloop
  endfacet
  facet normal 0.9969173337331255 -0.07845909572787697 0
    outer loop
      vertex -299.25 43 1.6099999999999994
      vertex -299.2229143493093 43.34415582308851 5.6
      vertex -299.25 43 5.6
    endloop
  endfacet
  facet normal 0.9723699203977031 -0.23344536385579498 0
    outer loop
      vertex -299.2229143493093 43.34415582308851 1.6099999999999994
      vertex -299.14232433584937 43.679837387624886 5.6
      vertex -299.2229143493093 43.34415582308851 5.6
    endloop
  endfacet
  facet normal 0.8526401643541017 -0.5224985647159334 0
    outer loop
      vertex -299.0102143532144 43.998779099427004 1.6099999999999994
      vertex -298.8298373876249 44.29312755504344 5.6
      vertex -299.0102143532144 43.998779099427004 5.6
    endloop
  endfacet
  facet normal 0.9238795325112418 -0.3826834323651983 0
    outer loop
      vertex -299.14232433584937 43.679837387624886 1.6099999999999994
      vertex -299.0102143532144 43.998779099427004 5.6
      vertex -299.14232433584937 43.679837387624886 5.6
    endloop
  endfacet
  facet normal -0.9238795325112418 0.3826834323651983 0
    outer loop
      vertex -295.08978564678563 42.001220900572996 1.6099999999999994
      vertex -295.08978564678563 42.001220900572996 5.6
      vertex -294.95767566415066 42.320162612375114 1.6099999999999994
    endloop
  endfacet
  facet normal -0.9723699203977031 0.23344536385579498 0
    outer loop
      vertex -294.95767566415066 42.320162612375114 1.6099999999999994
      vertex -294.95767566415066 42.320162612375114 5.6
      vertex -294.87708565069073 42.65584417691149 1.6099999999999994
    endloop
  endfacet
  facet normal -0.9969173337331255 0.07845909572787697 0
    outer loop
      vertex -294.87708565069073 42.65584417691149 1.6099999999999994
      vertex -294.87708565069073 42.65584417691149 5.6
      vertex -294.85 43 1.6099999999999994
    endloop
  endfacet
  facet normal -0.9969173337331255 -0.07845909572787697 0
    outer loop
      vertex -294.85 43 1.6099999999999994
      vertex -294.85 43 5.6
      vertex -294.87708565069073 43.34415582308851 1.6099999999999994
    endloop
  endfacet
  facet normal -0.9723699203977031 -0.23344536385579498 0
    outer loop
      vertex -294.87708565069073 43.34415582308851 1.6099999999999994
      vertex -294.87708565069073 43.34415582308851 5.6
      vertex -294.95767566415066 43.679837387624886 1.6099999999999994
    endloop
  endfacet
  facet normal -0.9238795325112418 -0.3826834323651983 0
    outer loop
      vertex -294.95767566415066 43.679837387624886 1.6099999999999994
      vertex -294.95767566415066 43.679837387624886 5.6
      vertex -295.08978564678563 43.998779099427004 1.6099999999999994
    endloop
  endfacet
  facet normal 0 0 1
    outer loop
      vertex -294.95767566415066 42.320162612375114 1.6099999999999994
      vertex -294.87708565069073 42.65584417691149 1.6099999999999994
      vertex -294.87708565069073 43.34415582308851 1.6099999999999994
    endloop
  endfacet
  facet normal 0 0 1
    outer loop
      vertex -295.08978564678563 42.001220900572996 1.6099999999999994
      vertex -294.95767566415066 42.320162612375114 1.6099999999999994
      vertex -294.95767566415066 43.679837387624886 1.6099999999999994
    endloop
  endfacet
  facet normal 0 0 1
    outer loop
      vertex -294.87708565069073 42.65584417691149 1.6099999999999994
      vertex -294.85 43 1.6099999999999994
      vertex -294.87708565069073 43.34415582308851 1.6099999999999994
    endloop
  endfacet
  facet normal 0 0 1
    outer loop
      vertex -294.95767566415066 42.320162612375114 1.6099999999999994
      vertex -294.87708565069073 43.34415582308851 1.6099999999999994
      vertex -294.95767566415066 43.679837387624886 1.6099999999999994
    endloop
  endfacet
  facet normal 0 0 1
    outer loop
      vertex -295.08978564678563 42.001220900572996 1.6099999999999994
      vertex -294.95767566415066 43.679837387624886 1.6099999999999994
      vertex -295.08978564678563 43.998779099427004 1.6099999999999994
    endloop
  endfacet
  facet normal -0.760405965600039 0.6494480483301743 2.42627251640913e-18
    outer loop
      vertex -295.27016261237515 41.70687244495656 1.6099999999999994
      vertex -295.4943650813896 41.4443650813896 1.6099999999999994
      vertex -295.4943650813896 41.4443650813896 5.6
    endloop
  endfacet
  facet normal -0.5224985647159391 0.8526401643540982 3.833110140927552e-19
    outer loop
      vertex -295.75687244495657 41.22016261237511 1.6099999999999994
      vertex -296.051220900573 41.03978564678559 1.6099999999999994
      vertex -296.051220900573 41.03978564678559 5.6
    endloop
  endfacet
  facet normal -0.6494480483302082 0.76040596560001 0
    outer loop
      vertex -295.75687244495657 41.22016261237511 1.6099999999999994
      vertex -295.75687244495657 41.22016261237511 5.6
      vertex -295.4943650813896 41.4443650813896 1.6099999999999994
    endloop
  endfacet
  facet normal -0.8526401643541017 0.5224985647159334 0
    outer loop
      vertex -295.27016261237515 41.70687244495656 1.6099999999999994
      vertex -295.27016261237515 41.70687244495656 5.6
      vertex -295.08978564678563 42.001220900572996 1.6099999999999994
    endloop
  endfacet
  facet normal -0.3826834323651147 0.9238795325112765 1.960695908830797e-18
    outer loop
      vertex -296.051220900573 41.03978564678559 1.6099999999999994
      vertex -296.3701626123751 40.90767566415066 1.6099999999999994
      vertex -296.3701626123751 40.90767566415066 5.6
    endloop
  endfacet
  facet normal -0.23344536385587822 0.9723699203976831 5.415008226945589e-19
    outer loop
      vertex -296.3701626123751 40.90767566415066 1.6099999999999994
      vertex -296.7058441769115 40.8270856506907 1.6099999999999994
      vertex -296.7058441769115 40.8270856506907 5.6
    endloop
  endfacet
  facet normal -0.8526401643541017 -0.5224985647159334 0
    outer loop
      vertex -295.08978564678563 43.998779099427004 1.6099999999999994
      vertex -295.08978564678563 43.998779099427004 5.6
      vertex -295.27016261237515 44.29312755504344 1.6099999999999994
    endloop
  endfacet
  facet normal -0.760405965600039 -0.6494480483301743 0
    outer loop
      vertex -295.27016261237515 44.29312755504344 1.6099999999999994
      vertex -295.27016261237515 44.29312755504344 5.6
      vertex -295.4943650813896 44.5556349186104 1.6099999999999994
    endloop
  endfacet
  facet normal -0.6494480483302082 -0.76040596560001 0
    outer loop
      vertex -295.4943650813896 44.5556349186104 1.6099999999999994
      vertex -295.4943650813896 44.5556349186104 5.6
      vertex -295.75687244495657 44.77983738762489 1.6099999999999994
    endloop
  endfacet
  facet normal -0.07845909572785811 0.996917333733127 2.9177773586243905e-19
    outer loop
      vertex -296.7058441769115 40.8270856506907 1.6099999999999994
      vertex -297.05 40.8 1.6099999999999994
      vertex -297.05 40.8 5.6
    endloop
  endfacet
  facet normal 0.07845909572785811 0.996917333733127 -2.9177773586243905e-19
    outer loop
      vertex -297.05 40.8 1.6099999999999994
      vertex -297.3941558230885 40.8270856506907 1.6099999999999994
      vertex -297.3941558230885 40.8270856506907 5.6
    endloop
  endfacet
  facet normal 0.23344536385587822 0.9723699203976831 -5.415008226945589e-19
    outer loop
      vertex -297.3941558230885 40.8270856506907 1.6099999999999994
      vertex -297.7298373876249 40.90767566415066 1.6099999999999994
      vertex -297.7298373876249 40.90767566415066 5.6
    endloop
  endfacet
  facet normal 0.3826834323651147 0.9238795325112765 -1.960695908830797e-18
    outer loop
      vertex -297.7298373876249 40.90767566415066 1.6099999999999994
      vertex -298.048779099427 41.03978564678559 1.6099999999999994
      vertex -298.048779099427 41.03978564678559 5.6
    endloop
  endfacet
  facet normal 0.5224985647159391 0.8526401643540982 -3.833110140927552e-19
    outer loop
      vertex -298.048779099427 41.03978564678559 1.6099999999999994
      vertex -298.34312755504345 41.22016261237511 1.6099999999999994
      vertex -298.34312755504345 41.22016261237511 5.6
    endloop
  endfacet
  facet normal 0.6494480483302082 0.76040596560001 2.4513461516069134e-18
    outer loop
      vertex -298.34312755504345 41.22016261237511 1.6099999999999994
      vertex -298.6056349186104 41.4443650813896 1.6099999999999994
      vertex -298.6056349186104 41.4443650813896 5.6
    endloop
  endfacet
  facet normal 0.760405965600039 0.6494480483301743 -2.42627251640913e-18
    outer loop
      vertex -298.6056349186104 41.4443650813896 1.6099999999999994
      vertex -298.8298373876249 41.70687244495656 1.6099999999999994
      vertex -298.8298373876249 41.70687244495656 5.6
    endloop
  endfacet
  facet normal 0.760405965600039 -0.6494480483301743 2.42627251640913e-18
    outer loop
      vertex -298.8298373876249 44.29312755504344 1.6099999999999994
      vertex -298.6056349186104 44.5556349186104 1.6099999999999994
      vertex -298.6056349186104 44.5556349186104 5.6
    endloop
  endfacet
  facet normal -0.5224985647159391 -0.8526401643540982 0
    outer loop
      vertex -295.75687244495657 44.77983738762489 1.6099999999999994
      vertex -295.75687244495657 44.77983738762489 5.6
      vertex -296.051220900573 44.96021435321441 1.6099999999999994
    endloop
  endfacet
  facet normal -0.3826834323651147 -0.9238795325112765 0
    outer loop
      vertex -296.051220900573 44.96021435321441 1.6099999999999994
      vertex -296.051220900573 44.96021435321441 5.6
      vertex -296.3701626123751 45.09232433584934 1.6099999999999994
    endloop
  endfacet
  facet normal -0.23344536385587822 -0.9723699203976831 0
    outer loop
      vertex -296.3701626123751 45.09232433584934 1.6099999999999994
      vertex -296.3701626123751 45.09232433584934 5.6
      vertex -296.7058441769115 45.1729143493093 1.6099999999999994
    endloop
  endfacet
  facet normal -0.07845909572785811 -0.996917333733127 0
    outer loop
      vertex -296.7058441769115 45.1729143493093 1.6099999999999994
      vertex -296.7058441769115 45.1729143493093 5.6
      vertex -297.05 45.2 1.6099999999999994
    endloop
  endfacet
  facet normal 0.07845909572785811 -0.996917333733127 0
    outer loop
      vertex -297.05 45.2 1.6099999999999994
      vertex -297.05 45.2 5.6
      vertex -297.3941558230885 45.1729143493093 1.6099999999999994
    endloop
  endfacet
  facet normal 0.23344536385587822 -0.9723699203976831 0
    outer loop
      vertex -297.3941558230885 45.1729143493093 1.6099999999999994
      vertex -297.3941558230885 45.1729143493093 5.6
      vertex -297.7298373876249 45.09232433584934 1.6099999999999994
    endloop
  endfacet
  facet normal 0.3826834323651147 -0.9238795325112765 0
    outer loop
      vertex -297.7298373876249 45.09232433584934 1.6099999999999994
      vertex -297.7298373876249 45.09232433584934 5.6
      vertex -298.048779099427 44.96021435321441 1.6099999999999994
    endloop
  endfacet
  facet normal 0.5224985647159391 -0.8526401643540982 3.833110140927552e-19
    outer loop
      vertex -298.34312755504345 44.77983738762489 1.6099999999999994
      vertex -298.048779099427 44.96021435321441 1.6099999999999994
      vertex -298.048779099427 44.96021435321441 5.6
    endloop
  endfacet
  facet normal 0.6494480483302082 -0.76040596560001 0
    outer loop
      vertex -298.34312755504345 44.77983738762489 1.6099999999999994
      vertex -298.34312755504345 44.77983738762489 5.6
      vertex -298.6056349186104 44.5556349186104 1.6099999999999994
    endloop
  endfacet
  facet normal 0.8526401643541017 0.5224985647159334 2.1531044246055e-19
    outer loop
      vertex -298.8298373876249 41.70687244495656 1.6099999999999994
      vertex -299.0102143532144 42.001220900572996 1.6099999999999994
      vertex -299.0102143532144 42.001220900572996 5.6
    endloop
  endfacet
  facet normal 0.9238795325112418 0.3826834323651983 9.6238637886098e-19
    outer loop
      vertex -299.0102143532144 42.001220900572996 1.6099999999999994
      vertex -299.14232433584937 42.320162612375114 1.6099999999999994
      vertex -299.14232433584937 42.320162612375114 5.6
    endloop
  endfacet
  facet normal 0.9723699203977031 0.23344536385579498 7.790072037045143e-19
    outer loop
      vertex -299.14232433584937 42.320162612375114 1.6099999999999994
      vertex -299.2229143493093 42.65584417691149 1.6099999999999994
      vertex -299.2229143493093 42.65584417691149 5.6
    endloop
  endfacet
  facet normal 0.9969173337331255 0.07845909572787697 2.0558615627961156e-19
    outer loop
      vertex -299.2229143493093 42.65584417691149 1.6099999999999994
      vertex -299.25 43 1.6099999999999994
      vertex -299.25 43 5.6
    endloop
  endfacet
  facet normal 0.9969173337331255 -0.07845909572787697 -2.0558615627961156e-19
    outer loop
      vertex -299.25 43 1.6099999999999994
      vertex -299.2229143493093 43.34415582308851 1.6099999999999994
      vertex -299.2229143493093 43.34415582308851 5.6
    endloop
  endfacet
  facet normal 0.9723699203977031 -0.23344536385579498 -7.790072037045143e-19
    outer loop
      vertex -299.2229143493093 43.34415582308851 1.6099999999999994
      vertex -299.14232433584937 43.679837387624886 1.6099999999999994
      vertex -299.14232433584937 43.679837387624886 5.6
    endloop
  endfacet
  facet normal 0.9238795325112418 -0.3826834323651983 -9.6238637886098e-19
    outer loop
      vertex -299.14232433584937 43.679837387624886 1.6099999999999994
      vertex -299.0102143532144 43.998779099427004 1.6099999999999994
      vertex -299.0102143532144 43.998779099427004 5.6
    endloop
  endfacet
  facet normal 0.8526401643541017 -0.5224985647159334 0
    outer loop
      vertex -298.8298373876249 44.29312755504344 1.6099999999999994
      vertex -298.8298373876249 44.29312755504344 5.6
      vertex -299.0102143532144 43.998779099427004 1.6099999999999994
    endloop
  endfacet
  facet normal 0 0 1
    outer loop
      vertex -295.27016261237515 41.70687244495656 1.6099999999999994
      vertex -295.08978564678563 42.001220900572996 1.6099999999999994
      vertex -295.08978564678563 43.998779099427004 1.6099999999999994
    endloop
  endfacet
  facet normal 0 0 1
    outer loop
      vertex -295.27016261237515 41.70687244495656 1.6099999999999994
      vertex -295.27016261237515 44.29312755504344 1.6099999999999994
      vertex -295.4943650813896 41.4443650813896 1.6099999999999994
    endloop
  endfacet
  facet normal 0 0 1
    outer loop
      vertex -295.75687244495657 41.22016261237511 1.6099999999999994
      vertex -295.4943650813896 41.4443650813896 1.6099999999999994
      vertex -295.4943650813896 44.5556349186104 1.6099999999999994
    endloop
  endfacet
  facet normal 0 0 1
    outer loop
      vertex -295.75687244495657 41.22016261237511 1.6099999999999994
      vertex -295.75687244495657 44.77983738762489 1.6099999999999994
      vertex -296.051220900573 41.03978564678559 1.6099999999999994
    endloop
  endfacet
  facet normal 0 0 1
    outer loop
      vertex -296.051220900573 41.03978564678559 1.6099999999999994
      vertex -296.051220900573 44.96021435321441 1.6099999999999994
      vertex -296.3701626123751 40.90767566415066 1.6099999999999994
    endloop
  endfacet
  facet normal 0 0 1
    outer loop
      vertex -296.3701626123751 40.90767566415066 1.6099999999999994
      vertex -296.3701626123751 45.09232433584934 1.6099999999999994
      vertex -296.7058441769115 40.8270856506907 1.6099999999999994
    endloop
  endfacet
  facet normal 0 0 1
    outer loop
      vertex -296.7058441769115 40.8270856506907 1.6099999999999994
      vertex -296.7058441769115 45.1729143493093 1.6099999999999994
      vertex -297.05 40.8 1.6099999999999994
    endloop
  endfacet
  facet normal 0 0 1
    outer loop
      vertex -295.27016261237515 41.70687244495656 1.6099999999999994
      vertex -295.08978564678563 43.998779099427004 1.6099999999999994
      vertex -295.27016261237515 44.29312755504344 1.6099999999999994
    endloop
  endfacet
  facet normal 0 0 1
    outer loop
      vertex -295.4943650813896 41.4443650813896 1.6099999999999994
      vertex -295.27016261237515 44.29312755504344 1.6099999999999994
      vertex -295.4943650813896 44.5556349186104 1.6099999999999994
    endloop
  endfacet
  facet normal 0 0 1
    outer loop
      vertex -295.75687244495657 41.22016261237511 1.6099999999999994
      vertex -295.4943650813896 44.5556349186104 1.6099999999999994
      vertex -295.75687244495657 44.77983738762489 1.6099999999999994
    endloop
  endfacet
  facet normal 0 0 1
    outer loop
      vertex -296.051220900573 41.03978564678559 1.6099999999999994
      vertex -295.75687244495657 44.77983738762489 1.6099999999999994
      vertex -296.051220900573 44.96021435321441 1.6099999999999994
    endloop
  endfacet
  facet normal 0 0 1
    outer loop
      vertex -296.3701626123751 40.90767566415066 1.6099999999999994
      vertex -296.051220900573 44.96021435321441 1.6099999999999994
      vertex -296.3701626123751 45.09232433584934 1.6099999999999994
    endloop
  endfacet
  facet normal 0 0 1
    outer loop
      vertex -296.7058441769115 40.8270856506907 1.6099999999999994
      vertex -296.3701626123751 45.09232433584934 1.6099999999999994
      vertex -296.7058441769115 45.1729143493093 1.6099999999999994
    endloop
  endfacet
  facet normal 0 0 1
    outer loop
      vertex -297.05 40.8 1.6099999999999994
      vertex -297.05 45.2 1.6099999999999994
      vertex -297.3941558230885 40.8270856506907 1.6099999999999994
    endloop
  endfacet
  facet normal 0 0 1
    outer loop
      vertex -297.3941558230885 40.8270856506907 1.6099999999999994
      vertex -297.3941558230885 45.1729143493093 1.6099999999999994
      vertex -297.7298373876249 40.90767566415066 1.6099999999999994
    endloop
  endfacet
  facet normal 0 0 1
    outer loop
      vertex -297.7298373876249 40.90767566415066 1.6099999999999994
      vertex -297.7298373876249 45.09232433584934 1.6099999999999994
      vertex -298.048779099427 41.03978564678559 1.6099999999999994
    endloop
  endfacet
  facet normal 0 0 1
    outer loop
      vertex -298.048779099427 41.03978564678559 1.6099999999999994
      vertex -298.048779099427 44.96021435321441 1.6099999999999994
      vertex -298.34312755504345 41.22016261237511 1.6099999999999994
    endloop
  endfacet
  facet normal 0 0 1
    outer loop
      vertex -298.34312755504345 41.22016261237511 1.6099999999999994
      vertex -298.34312755504345 44.77983738762489 1.6099999999999994
      vertex -298.6056349186104 41.4443650813896 1.6099999999999994
    endloop
  endfacet
  facet normal 0 0 1
    outer loop
      vertex -298.6056349186104 41.4443650813896 1.6099999999999994
      vertex -298.6056349186104 44.5556349186104 1.6099999999999994
      vertex -298.8298373876249 41.70687244495656 1.6099999999999994
    endloop
  endfacet
  facet normal 0 0 1
    outer loop
      vertex -297.05 40.8 1.6099999999999994
      vertex -296.7058441769115 45.1729143493093 1.6099999999999994
      vertex -297.05 45.2 1.6099999999999994
    endloop
  endfacet
  facet normal 0 0 1
    outer loop
      vertex -297.3941558230885 40.8270856506907 1.6099999999999994
      vertex -297.05 45.2 1.6099999999999994
      vertex -297.3941558230885 45.1729143493093 1.6099999999999994
    endloop
  endfacet
  facet normal 0 0 1
    outer loop
      vertex -297.7298373876249 40.90767566415066 1.6099999999999994
      vertex -297.3941558230885 45.1729143493093 1.6099999999999994
      vertex -297.7298373876249 45.09232433584934 1.6099999999999994
    endloop
  endfacet
  facet normal 0 0 1
    outer loop
      vertex -298.34312755504345 41.22016261237511 1.6099999999999994
      vertex -298.048779099427 44.96021435321441 1.6099999999999994
      vertex -298.34312755504345 44.77983738762489 1.6099999999999994
    endloop
  endfacet
  facet normal 0 0 1
    outer loop
      vertex -298.6056349186104 41.4443650813896 1.6099999999999994
      vertex -298.34312755504345 44.77983738762489 1.6099999999999994
      vertex -298.6056349186104 44.5556349186104 1.6099999999999994
    endloop
  endfacet
  facet normal 0 0 1
    outer loop
      vertex -298.8298373876249 41.70687244495656 1.6099999999999994
      vertex -298.6056349186104 44.5556349186104 1.6099999999999994
      vertex -298.8298373876249 44.29312755504344 1.6099999999999994
    endloop
  endfacet
  facet normal 0 0 1
    outer loop
      vertex -298.048779099427 41.03978564678559 1.6099999999999994
      vertex -297.7298373876249 45.09232433584934 1.6099999999999994
      vertex -298.048779099427 44.96021435321441 1.6099999999999994
    endloop
  endfacet
  facet normal 0 0 1
    outer loop
      vertex -298.8298373876249 41.70687244495656 1.6099999999999994
      vertex -298.8298373876249 44.29312755504344 1.6099999999999994
      vertex -299.0102143532144 42.001220900572996 1.6099999999999994
    endloop
  endfacet
  facet normal 0 0 1
    outer loop
      vertex -299.0102143532144 42.001220900572996 1.6099999999999994
      vertex -299.0102143532144 43.998779099427004 1.6099999999999994
      vertex -299.14232433584937 42.320162612375114 1.6099999999999994
    endloop
  endfacet
  facet normal 0 0 1
    outer loop
      vertex -299.14232433584937 42.320162612375114 1.6099999999999994
      vertex -299.14232433584937 43.679837387624886 1.6099999999999994
      vertex -299.2229143493093 42.65584417691149 1.6099999999999994
    endloop
  endfacet
  facet normal 0 0 1
    outer loop
      vertex -299.2229143493093 42.65584417691149 1.6099999999999994
      vertex -299.2229143493093 43.34415582308851 1.6099999999999994
      vertex -299.25 43 1.6099999999999994
    endloop
  endfacet
  facet normal 0 0 1
    outer loop
      vertex -299.0102143532144 42.001220900572996 1.6099999999999994
      vertex -298.8298373876249 44.29312755504344 1.6099999999999994
      vertex -299.0102143532144 43.998779099427004 1.6099999999999994
    endloop
  endfacet
  facet normal 0 0 1
    outer loop
      vertex -299.14232433584937 42.320162612375114 1.6099999999999994
      vertex -299.0102143532144 43.998779099427004 1.6099999999999994
      vertex -299.14232433584937 43.679837387624886 1.6099999999999994
    endloop
  endfacet
  facet normal 0 0 1
    outer loop
      vertex -299.2229143493093 42.65584417691149 1.6099999999999994
      vertex -299.14232433584937 43.679837387624886 1.6099999999999994
      vertex -299.2229143493093 43.34415582308851 1.6099999999999994
    endloop
  endfacet
  facet normal -0.9238795325112388 0.38268343236520563 0
    outer loop
      vertex -294.95767566415066 86.32016261237511 1.6099999999999994
      vertex -295.08978564678563 86.001220900573 5.6
      vertex -294.95767566415066 86.32016261237511 5.6
    endloop
  endfacet
  facet normal -0.972369920397702 0.23344536385579961 0
    outer loop
      vertex -294.87708565069073 86.65584417691149 1.6099999999999994
      vertex -294.95767566415066 86.32016261237511 5.6
      vertex -294.87708565069073 86.65584417691149 5.6
    endloop
  endfacet
  facet normal -0.9969173337331255 0.07845909572787535 0
    outer loop
      vertex -294.85 87 1.6099999999999994
      vertex -294.87708565069073 86.65584417691149 5.6
      vertex -294.85 87 5.6
    endloop
  endfacet
  facet normal -0.9969173337331255 -0.07845909572787535 0
    outer loop
      vertex -294.87708565069073 87.34415582308851 1.6099999999999994
      vertex -294.85 87 5.6
      vertex -294.87708565069073 87.34415582308851 5.6
    endloop
  endfacet
  facet normal -0.972369920397702 -0.23344536385579961 0
    outer loop
      vertex -294.95767566415066 87.67983738762489 1.6099999999999994
      vertex -294.87708565069073 87.34415582308851 5.6
      vertex -294.95767566415066 87.67983738762489 5.6
    endloop
  endfacet
  facet normal -0.9238795325112388 -0.38268343236520563 0
    outer loop
      vertex -295.08978564678563 87.998779099427 1.6099999999999994
      vertex -294.95767566415066 87.67983738762489 5.6
      vertex -295.08978564678563 87.998779099427 5.6
    endloop
  endfacet
  facet normal -0.5224985647159541 0.852640164354089 0
    outer loop
      vertex -295.75687244495657 85.22016261237512 1.6099999999999994
      vertex -296.051220900573 85.03978564678559 5.6
      vertex -295.75687244495657 85.22016261237512 5.6
    endloop
  endfacet
  facet normal -0.3826834323651147 0.9238795325112765 0
    outer loop
      vertex -296.051220900573 85.03978564678559 1.6099999999999994
      vertex -296.3701626123751 84.90767566415066 5.6
      vertex -296.051220900573 85.03978564678559 5.6
    endloop
  endfacet
  facet normal -0.23344536385589765 0.9723699203976783 0
    outer loop
      vertex -296.3701626123751 84.90767566415066 1.6099999999999994
      vertex -296.7058441769115 84.82708565069069 5.6
      vertex -296.3701626123751 84.90767566415066 5.6
    endloop
  endfacet
  facet normal -0.07845909572783766 0.9969173337331286 0
    outer loop
      vertex -296.7058441769115 84.82708565069069 1.6099999999999994
      vertex -297.05 84.8 5.6
      vertex -296.7058441769115 84.82708565069069 5.6
    endloop
  endfacet
  facet normal 0.07845909572783766 0.9969173337331286 0
    outer loop
      vertex -297.05 84.8 1.6099999999999994
      vertex -297.3941558230885 84.82708565069069 5.6
      vertex -297.05 84.8 5.6
    endloop
  endfacet
  facet normal 0.23344536385589765 0.9723699203976783 0
    outer loop
      vertex -297.3941558230885 84.82708565069069 1.6099999999999994
      vertex -297.7298373876249 84.90767566415066 5.6
      vertex -297.3941558230885 84.82708565069069 5.6
    endloop
  endfacet
  facet normal 0.3826834323651147 0.9238795325112765 0
    outer loop
      vertex -297.7298373876249 84.90767566415066 1.6099999999999994
      vertex -298.048779099427 85.03978564678559 5.6
      vertex -297.7298373876249 84.90767566415066 5.6
    endloop
  endfacet
  facet normal 0.5224985647159541 0.852640164354089 0
    outer loop
      vertex -298.048779099427 85.03978564678559 1.6099999999999994
      vertex -298.34312755504345 85.22016261237512 5.6
      vertex -298.048779099427 85.03978564678559 5.6
    endloop
  endfacet
  facet normal 0.6494480483301844 0.7604059656000303 0
    outer loop
      vertex -298.34312755504345 85.22016261237512 1.6099999999999994
      vertex -298.6056349186104 85.44436508138959 5.6
      vertex -298.34312755504345 85.22016261237512 5.6
    endloop
  endfacet
  facet normal -0.7604059656000476 0.6494480483301641 0
    outer loop
      vertex -295.27016261237515 85.70687244495656 1.6099999999999994
      vertex -295.4943650813896 85.44436508138959 5.6
      vertex -295.27016261237515 85.70687244495656 5.6
    endloop
  endfacet
  facet normal -0.8526401643541074 0.5224985647159243 0
    outer loop
      vertex -295.08978564678563 86.001220900573 1.6099999999999994
      vertex -295.27016261237515 85.70687244495656 5.6
      vertex -295.08978564678563 86.001220900573 5.6
    endloop
  endfacet
  facet normal -0.6494480483301844 0.7604059656000303 0
    outer loop
      vertex -295.4943650813896 85.44436508138959 1.6099999999999994
      vertex -295.75687244495657 85.22016261237512 5.6
      vertex -295.4943650813896 85.44436508138959 5.6
    endloop
  endfacet
  facet normal -0.8526401643541074 -0.5224985647159243 0
    outer loop
      vertex -295.27016261237515 88.29312755504344 1.6099999999999994
      vertex -295.08978564678563 87.998779099427 5.6
      vertex -295.27016261237515 88.29312755504344 5.6
    endloop
  endfacet
  facet normal -0.7604059656000476 -0.6494480483301641 0
    outer loop
      vertex -295.4943650813896 88.55563491861041 1.6099999999999994
      vertex -295.27016261237515 88.29312755504344 5.6
      vertex -295.4943650813896 88.55563491861041 5.6
    endloop
  endfacet
  facet normal -0.6494480483301844 -0.7604059656000303 0
    outer loop
      vertex -295.75687244495657 88.77983738762488 1.6099999999999994
      vertex -295.4943650813896 88.55563491861041 5.6
      vertex -295.75687244495657 88.77983738762488 5.6
    endloop
  endfacet
  facet normal -0.5224985647159541 -0.852640164354089 0
    outer loop
      vertex -296.051220900573 88.96021435321441 1.6099999999999994
      vertex -295.75687244495657 88.77983738762488 5.6
      vertex -296.051220900573 88.96021435321441 5.6
    endloop
  endfacet
  facet normal -0.3826834323651147 -0.9238795325112765 0
    outer loop
      vertex -296.3701626123751 89.09232433584934 1.6099999999999994
      vertex -296.051220900573 88.96021435321441 5.6
      vertex -296.3701626123751 89.09232433584934 5.6
    endloop
  endfacet
  facet normal -0.23344536385589765 -0.9723699203976783 0
    outer loop
      vertex -296.7058441769115 89.17291434930931 1.6099999999999994
      vertex -296.3701626123751 89.09232433584934 5.6
      vertex -296.7058441769115 89.17291434930931 5.6
    endloop
  endfacet
  facet normal 0.7604059656000476 0.6494480483301641 0
    outer loop
      vertex -298.6056349186104 85.44436508138959 1.6099999999999994
      vertex -298.8298373876249 85.70687244495656 5.6
      vertex -298.6056349186104 85.44436508138959 5.6
    endloop
  endfacet
  facet normal -0.07845909572783766 -0.9969173337331286 0
    outer loop
      vertex -297.05 89.2 1.6099999999999994
      vertex -296.7058441769115 89.17291434930931 5.6
      vertex -297.05 89.2 5.6
    endloop
  endfacet
  facet normal 0.07845909572783766 -0.9969173337331286 0
    outer loop
      vertex -297.3941558230885 89.17291434930931 1.6099999999999994
      vertex -297.05 89.2 5.6
      vertex -297.3941558230885 89.17291434930931 5.6
    endloop
  endfacet
  facet normal 0.23344536385589765 -0.9723699203976783 0
    outer loop
      vertex -297.7298373876249 89.09232433584934 1.6099999999999994
      vertex -297.3941558230885 89.17291434930931 5.6
      vertex -297.7298373876249 89.09232433584934 5.6
    endloop
  endfacet
  facet normal 0.5224985647159541 -0.852640164354089 0
    outer loop
      vertex -298.34312755504345 88.77983738762488 1.6099999999999994
      vertex -298.048779099427 88.96021435321441 5.6
      vertex -298.34312755504345 88.77983738762488 5.6
    endloop
  endfacet
  facet normal 0.3826834323651147 -0.9238795325112765 0
    outer loop
      vertex -298.048779099427 88.96021435321441 1.6099999999999994
      vertex -297.7298373876249 89.09232433584934 5.6
      vertex -298.048779099427 88.96021435321441 5.6
    endloop
  endfacet
  facet normal 0.6494480483301844 -0.7604059656000303 0
    outer loop
      vertex -298.6056349186104 88.55563491861041 1.6099999999999994
      vertex -298.34312755504345 88.77983738762488 5.6
      vertex -298.6056349186104 88.55563491861041 5.6
    endloop
  endfacet
  facet normal 0.7604059656000476 -0.6494480483301641 0
    outer loop
      vertex -298.8298373876249 88.29312755504344 1.6099999999999994
      vertex -298.6056349186104 88.55563491861041 5.6
      vertex -298.8298373876249 88.29312755504344 5.6
    endloop
  endfacet
  facet normal 0.8526401643541074 0.5224985647159243 0
    outer loop
      vertex -298.8298373876249 85.70687244495656 1.6099999999999994
      vertex -299.0102143532144 86.001220900573 5.6
      vertex -298.8298373876249 85.70687244495656 5.6
    endloop
  endfacet
  facet normal 0.9238795325112388 0.38268343236520563 0
    outer loop
      vertex -299.0102143532144 86.001220900573 1.6099999999999994
      vertex -299.14232433584937 86.32016261237511 5.6
      vertex -299.0102143532144 86.001220900573 5.6
    endloop
  endfacet
  facet normal 0.972369920397702 0.23344536385579961 0
    outer loop
      vertex -299.14232433584937 86.32016261237511 1.6099999999999994
      vertex -299.2229143493093 86.65584417691149 5.6
      vertex -299.14232433584937 86.32016261237511 5.6
    endloop
  endfacet
  facet normal 0.9969173337331255 0.07845909572787535 0
    outer loop
      vertex -299.2229143493093 86.65584417691149 1.6099999999999994
      vertex -299.25 87 5.6
      vertex -299.2229143493093 86.65584417691149 5.6
    endloop
  endfacet
  facet normal 0.9969173337331255 -0.07845909572787535 0
    outer loop
      vertex -299.25 87 1.6099999999999994
      vertex -299.2229143493093 87.34415582308851 5.6
      vertex -299.25 87 5.6
    endloop
  endfacet
  facet normal 0.972369920397702 -0.23344536385579961 0
    outer loop
      vertex -299.2229143493093 87.34415582308851 1.6099999999999994
      vertex -299.14232433584937 87.67983738762489 5.6
      vertex -299.2229143493093 87.34415582308851 5.6
    endloop
  endfacet
  facet normal 0.9238795325112388 -0.38268343236520563 0
    outer loop
      vertex -299.14232433584937 87.67983738762489 1.6099999999999994
      vertex -299.0102143532144 87.998779099427 5.6
      vertex -299.14232433584937 87.67983738762489 5.6
    endloop
  endfacet
  facet normal 0.8526401643541074 -0.5224985647159243 0
    outer loop
      vertex -299.0102143532144 87.998779099427 1.6099999999999994
      vertex -298.8298373876249 88.29312755504344 5.6
      vertex -299.0102143532144 87.998779099427 5.6
    endloop
  endfacet
  facet normal -0.9238795325112388 0.38268343236520563 0
    outer loop
      vertex -295.08978564678563 86.001220900573 1.6099999999999994
      vertex -295.08978564678563 86.001220900573 5.6
      vertex -294.95767566415066 86.32016261237511 1.6099999999999994
    endloop
  endfacet
  facet normal -0.972369920397702 0.23344536385579961 0
    outer loop
      vertex -294.95767566415066 86.32016261237511 1.6099999999999994
      vertex -294.95767566415066 86.32016261237511 5.6
      vertex -294.87708565069073 86.65584417691149 1.6099999999999994
    endloop
  endfacet
  facet normal -0.9969173337331255 0.07845909572787535 0
    outer loop
      vertex -294.87708565069073 86.65584417691149 1.6099999999999994
      vertex -294.87708565069073 86.65584417691149 5.6
      vertex -294.85 87 1.6099999999999994
    endloop
  endfacet
  facet normal -0.9969173337331255 -0.07845909572787535 0
    outer loop
      vertex -294.85 87 1.6099999999999994
      vertex -294.85 87 5.6
      vertex -294.87708565069073 87.34415582308851 1.6099999999999994
    endloop
  endfacet
  facet normal -0.972369920397702 -0.23344536385579961 0
    outer loop
      vertex -294.87708565069073 87.34415582308851 1.6099999999999994
      vertex -294.87708565069073 87.34415582308851 5.6
      vertex -294.95767566415066 87.67983738762489 1.6099999999999994
    endloop
  endfacet
  facet normal -0.9238795325112388 -0.38268343236520563 0
    outer loop
      vertex -294.95767566415066 87.67983738762489 1.6099999999999994
      vertex -294.95767566415066 87.67983738762489 5.6
      vertex -295.08978564678563 87.998779099427 1.6099999999999994
    endloop
  endfacet
  facet normal 0 0 1
    outer loop
      vertex -294.95767566415066 86.32016261237511 1.6099999999999994
      vertex -294.87708565069073 86.65584417691149 1.6099999999999994
      vertex -294.87708565069073 87.34415582308851 1.6099999999999994
    endloop
  endfacet
  facet normal 0 0 1
    outer loop
      vertex -295.08978564678563 86.001220900573 1.6099999999999994
      vertex -294.95767566415066 86.32016261237511 1.6099999999999994
      vertex -294.95767566415066 87.67983738762489 1.6099999999999994
    endloop
  endfacet
  facet normal 0 0 1
    outer loop
      vertex -294.87708565069073 86.65584417691149 1.6099999999999994
      vertex -294.85 87 1.6099999999999994
      vertex -294.87708565069073 87.34415582308851 1.6099999999999994
    endloop
  endfacet
  facet normal 0 0 1
    outer loop
      vertex -294.95767566415066 86.32016261237511 1.6099999999999994
      vertex -294.87708565069073 87.34415582308851 1.6099999999999994
      vertex -294.95767566415066 87.67983738762489 1.6099999999999994
    endloop
  endfacet
  facet normal 0 0 1
    outer loop
      vertex -295.08978564678563 86.001220900573 1.6099999999999994
      vertex -294.95767566415066 87.67983738762489 1.6099999999999994
      vertex -295.08978564678563 87.998779099427 1.6099999999999994
    endloop
  endfacet
  facet normal -0.6494480483301844 0.7604059656000303 0
    outer loop
      vertex -295.75687244495657 85.22016261237512 1.6099999999999994
      vertex -295.75687244495657 85.22016261237512 5.6
      vertex -295.4943650813896 85.44436508138959 1.6099999999999994
    endloop
  endfacet
  facet normal -0.5224985647159541 0.852640164354089 0
    outer loop
      vertex -296.051220900573 85.03978564678559 1.6099999999999994
      vertex -296.051220900573 85.03978564678559 5.6
      vertex -295.75687244495657 85.22016261237512 1.6099999999999994
    endloop
  endfacet
  facet normal -0.3826834323651147 0.9238795325112765 1.960695908830797e-18
    outer loop
      vertex -296.051220900573 85.03978564678559 1.6099999999999994
      vertex -296.3701626123751 84.90767566415066 1.6099999999999994
      vertex -296.3701626123751 84.90767566415066 5.6
    endloop
  endfacet
  facet normal -0.23344536385589765 0.9723699203976783 -7.787358772966003e-19
    outer loop
      vertex -296.3701626123751 84.90767566415066 1.6099999999999994
      vertex -296.7058441769115 84.82708565069069 1.6099999999999994
      vertex -296.7058441769115 84.82708565069069 5.6
    endloop
  endfacet
  facet normal -0.07845909572783766 0.9969173337331286 -5.422572159766936e-19
    outer loop
      vertex -296.7058441769115 84.82708565069069 1.6099999999999994
      vertex -297.05 84.8 1.6099999999999994
      vertex -297.05 84.8 5.6
    endloop
  endfacet
  facet normal 0.07845909572783766 0.9969173337331286 5.422572159766936e-19
    outer loop
      vertex -297.05 84.8 1.6099999999999994
      vertex -297.3941558230885 84.82708565069069 1.6099999999999994
      vertex -297.3941558230885 84.82708565069069 5.6
    endloop
  endfacet
  facet normal 0.23344536385589765 0.9723699203976783 7.787358772966003e-19
    outer loop
      vertex -297.3941558230885 84.82708565069069 1.6099999999999994
      vertex -297.7298373876249 84.90767566415066 1.6099999999999994
      vertex -297.7298373876249 84.90767566415066 5.6
    endloop
  endfacet
  facet normal 0.3826834323651147 0.9238795325112765 -1.960695908830797e-18
    outer loop
      vertex -297.7298373876249 84.90767566415066 1.6099999999999994
      vertex -298.048779099427 85.03978564678559 1.6099999999999994
      vertex -298.048779099427 85.03978564678559 5.6
    endloop
  endfacet
  facet normal 0.5224985647159541 0.852640164354089 -2.4629147164979235e-18
    outer loop
      vertex -298.048779099427 85.03978564678559 1.6099999999999994
      vertex -298.34312755504345 85.22016261237512 1.6099999999999994
      vertex -298.34312755504345 85.22016261237512 5.6
    endloop
  endfacet
  facet normal -0.8526401643541074 0.5224985647159243 0
    outer loop
      vertex -295.27016261237515 85.70687244495656 1.6099999999999994
      vertex -295.27016261237515 85.70687244495656 5.6
      vertex -295.08978564678563 86.001220900573 1.6099999999999994
    endloop
  endfacet
  facet normal -0.7604059656000476 0.6494480483301641 0
    outer loop
      vertex -295.4943650813896 85.44436508138959 1.6099999999999994
      vertex -295.4943650813896 85.44436508138959 5.6
      vertex -295.27016261237515 85.70687244495656 1.6099999999999994
    endloop
  endfacet
  facet normal -0.8526401643541074 -0.5224985647159243 0
    outer loop
      vertex -295.08978564678563 87.998779099427 1.6099999999999994
      vertex -295.08978564678563 87.998779099427 5.6
      vertex -295.27016261237515 88.29312755504344 1.6099999999999994
    endloop
  endfacet
  facet normal -0.7604059656000476 -0.6494480483301641 0
    outer loop
      vertex -295.27016261237515 88.29312755504344 1.6099999999999994
      vertex -295.27016261237515 88.29312755504344 5.6
      vertex -295.4943650813896 88.55563491861041 1.6099999999999994
    endloop
  endfacet
  facet normal -0.6494480483301844 -0.7604059656000303 0
    outer loop
      vertex -295.4943650813896 88.55563491861041 1.6099999999999994
      vertex -295.4943650813896 88.55563491861041 5.6
      vertex -295.75687244495657 88.77983738762488 1.6099999999999994
    endloop
  endfacet
  facet normal -0.5224985647159541 -0.852640164354089 0
    outer loop
      vertex -295.75687244495657 88.77983738762488 1.6099999999999994
      vertex -295.75687244495657 88.77983738762488 5.6
      vertex -296.051220900573 88.96021435321441 1.6099999999999994
    endloop
  endfacet
  facet normal -0.3826834323651147 -0.9238795325112765 0
    outer loop
      vertex -296.051220900573 88.96021435321441 1.6099999999999994
      vertex -296.051220900573 88.96021435321441 5.6
      vertex -296.3701626123751 89.09232433584934 1.6099999999999994
    endloop
  endfacet
  facet normal -0.23344536385589765 -0.9723699203976783 0
    outer loop
      vertex -296.3701626123751 89.09232433584934 1.6099999999999994
      vertex -296.3701626123751 89.09232433584934 5.6
      vertex -296.7058441769115 89.17291434930931 1.6099999999999994
    endloop
  endfacet
  facet normal -0.07845909572783766 -0.9969173337331286 0
    outer loop
      vertex -296.7058441769115 89.17291434930931 1.6099999999999994
      vertex -296.7058441769115 89.17291434930931 5.6
      vertex -297.05 89.2 1.6099999999999994
    endloop
  endfacet
  facet normal 0.6494480483301844 0.7604059656000303 5.122863930064675e-19
    outer loop
      vertex -298.34312755504345 85.22016261237512 1.6099999999999994
      vertex -298.6056349186104 85.44436508138959 1.6099999999999994
      vertex -298.6056349186104 85.44436508138959 5.6
    endloop
  endfacet
  facet normal 0.7604059656000476 0.6494480483301641 -3.2725814776358956e-19
    outer loop
      vertex -298.6056349186104 85.44436508138959 1.6099999999999994
      vertex -298.8298373876249 85.70687244495656 1.6099999999999994
      vertex -298.8298373876249 85.70687244495656 5.6
    endloop
  endfacet
  facet normal 0.07845909572783766 -0.9969173337331286 0
    outer loop
      vertex -297.05 89.2 1.6099999999999994
      vertex -297.05 89.2 5.6
      vertex -297.3941558230885 89.17291434930931 1.6099999999999994
    endloop
  endfacet
  facet normal 0.23344536385589765 -0.9723699203976783 0
    outer loop
      vertex -297.3941558230885 89.17291434930931 1.6099999999999994
      vertex -297.3941558230885 89.17291434930931 5.6
      vertex -297.7298373876249 89.09232433584934 1.6099999999999994
    endloop
  endfacet
  facet normal 0.3826834323651147 -0.9238795325112765 1.960695908830797e-18
    outer loop
      vertex -298.048779099427 88.96021435321441 1.6099999999999994
      vertex -297.7298373876249 89.09232433584934 1.6099999999999994
      vertex -297.7298373876249 89.09232433584934 5.6
    endloop
  endfacet
  facet normal 0.5224985647159541 -0.852640164354089 0
    outer loop
      vertex -298.048779099427 88.96021435321441 1.6099999999999994
      vertex -298.048779099427 88.96021435321441 5.6
      vertex -298.34312755504345 88.77983738762488 1.6099999999999994
    endloop
  endfacet
  facet normal 0.6494480483301844 -0.7604059656000303 -5.122863930064675e-19
    outer loop
      vertex -298.6056349186104 88.55563491861041 1.6099999999999994
      vertex -298.34312755504345 88.77983738762488 1.6099999999999994
      vertex -298.34312755504345 88.77983738762488 5.6
    endloop
  endfacet
  facet normal 0.7604059656000476 -0.6494480483301641 3.2725814776358956e-19
    outer loop
      vertex -298.8298373876249 88.29312755504344 1.6099999999999994
      vertex -298.6056349186104 88.55563491861041 1.6099999999999994
      vertex -298.6056349186104 88.55563491861041 5.6
    endloop
  endfacet
  facet normal 0.8526401643541074 0.5224985647159243 1.6962926883124583e-18
    outer loop
      vertex -298.8298373876249 85.70687244495656 1.6099999999999994
      vertex -299.0102143532144 86.001220900573 1.6099999999999994
      vertex -299.0102143532144 86.001220900573 5.6
    endloop
  endfacet
  facet normal 0.9238795325112388 0.38268343236520563 2.376041366554159e-18
    outer loop
      vertex -299.0102143532144 86.001220900573 1.6099999999999994
      vertex -299.14232433584937 86.32016261237511 1.6099999999999994
      vertex -299.14232433584937 86.32016261237511 5.6
    endloop
  endfacet
  facet normal 0.972369920397702 0.23344536385579961 9.007844067924757e-19
    outer loop
      vertex -299.14232433584937 86.32016261237511 1.6099999999999994
      vertex -299.2229143493093 86.65584417691149 1.6099999999999994
      vertex -299.2229143493093 86.65584417691149 5.6
    endloop
  endfacet
  facet normal 0.9969173337331255 0.07845909572787535 2.775916807455072e-19
    outer loop
      vertex -299.2229143493093 86.65584417691149 1.6099999999999994
      vertex -299.25 87 1.6099999999999994
      vertex -299.25 87 5.6
    endloop
  endfacet
  facet normal 0.9969173337331255 -0.07845909572787535 -2.775916807455072e-19
    outer loop
      vertex -299.25 87 1.6099999999999994
      vertex -299.2229143493093 87.34415582308851 1.6099999999999994
      vertex -299.2229143493093 87.34415582308851 5.6
    endloop
  endfacet
  facet normal 0.972369920397702 -0.23344536385579961 -9.007844067924757e-19
    outer loop
      vertex -299.2229143493093 87.34415582308851 1.6099999999999994
      vertex -299.14232433584937 87.67983738762489 1.6099999999999994
      vertex -299.14232433584937 87.67983738762489 5.6
    endloop
  endfacet
  facet normal 0.8526401643541074 -0.5224985647159243 -1.6962926883124583e-18
    outer loop
      vertex -299.0102143532144 87.998779099427 1.6099999999999994
      vertex -298.8298373876249 88.29312755504344 1.6099999999999994
      vertex -298.8298373876249 88.29312755504344 5.6
    endloop
  endfacet
  facet normal 0.9238795325112388 -0.38268343236520563 -2.376041366554159e-18
    outer loop
      vertex -299.14232433584937 87.67983738762489 1.6099999999999994
      vertex -299.0102143532144 87.998779099427 1.6099999999999994
      vertex -299.0102143532144 87.998779099427 5.6
    endloop
  endfacet
  facet normal 0 0 1
    outer loop
      vertex -295.27016261237515 85.70687244495656 1.6099999999999994
      vertex -295.08978564678563 86.001220900573 1.6099999999999994
      vertex -295.08978564678563 87.998779099427 1.6099999999999994
    endloop
  endfacet
  facet normal 0 0 1
    outer loop
      vertex -295.4943650813896 85.44436508138959 1.6099999999999994
      vertex -295.27016261237515 85.70687244495656 1.6099999999999994
      vertex -295.27016261237515 88.29312755504344 1.6099999999999994
    endloop
  endfacet
  facet normal 0 0 1
    outer loop
      vertex -295.27016261237515 85.70687244495656 1.6099999999999994
      vertex -295.08978564678563 87.998779099427 1.6099999999999994
      vertex -295.27016261237515 88.29312755504344 1.6099999999999994
    endloop
  endfacet
  facet normal 0 0 1
    outer loop
      vertex -295.75687244495657 85.22016261237512 1.6099999999999994
      vertex -295.4943650813896 85.44436508138959 1.6099999999999994
      vertex -295.4943650813896 88.55563491861041 1.6099999999999994
    endloop
  endfacet
  facet normal 0 0 1
    outer loop
      vertex -296.051220900573 85.03978564678559 1.6099999999999994
      vertex -295.75687244495657 85.22016261237512 1.6099999999999994
      vertex -295.75687244495657 88.77983738762488 1.6099999999999994
    endloop
  endfacet
  facet normal 0 0 1
    outer loop
      vertex -296.051220900573 85.03978564678559 1.6099999999999994
      vertex -296.051220900573 88.96021435321441 1.6099999999999994
      vertex -296.3701626123751 84.90767566415066 1.6099999999999994
    endloop
  endfacet
  facet normal 0 0 1
    outer loop
      vertex -296.3701626123751 84.90767566415066 1.6099999999999994
      vertex -296.3701626123751 89.09232433584934 1.6099999999999994
      vertex -296.7058441769115 84.82708565069069 1.6099999999999994
    endloop
  endfacet
  facet normal 0 0 1
    outer loop
      vertex -296.7058441769115 84.82708565069069 1.6099999999999994
      vertex -296.7058441769115 89.17291434930931 1.6099999999999994
      vertex -297.05 84.8 1.6099999999999994
    endloop
  endfacet
  facet normal 0 0 1
    outer loop
      vertex -295.4943650813896 85.44436508138959 1.6099999999999994
      vertex -295.27016261237515 88.29312755504344 1.6099999999999994
      vertex -295.4943650813896 88.55563491861041 1.6099999999999994
    endloop
  endfacet
  facet normal 0 0 1
    outer loop
      vertex -295.75687244495657 85.22016261237512 1.6099999999999994
      vertex -295.4943650813896 88.55563491861041 1.6099999999999994
      vertex -295.75687244495657 88.77983738762488 1.6099999999999994
    endloop
  endfacet
  facet normal 0 0 1
    outer loop
      vertex -296.051220900573 85.03978564678559 1.6099999999999994
      vertex -295.75687244495657 88.77983738762488 1.6099999999999994
      vertex -296.051220900573 88.96021435321441 1.6099999999999994
    endloop
  endfacet
  facet normal 0 0 1
    outer loop
      vertex -296.3701626123751 84.90767566415066 1.6099999999999994
      vertex -296.051220900573 88.96021435321441 1.6099999999999994
      vertex -296.3701626123751 89.09232433584934 1.6099999999999994
    endloop
  endfacet
  facet normal 0 0 1
    outer loop
      vertex -296.7058441769115 84.82708565069069 1.6099999999999994
      vertex -296.3701626123751 89.09232433584934 1.6099999999999994
      vertex -296.7058441769115 89.17291434930931 1.6099999999999994
    endloop
  endfacet
  facet normal 0 0 1
    outer loop
      vertex -297.05 84.8 1.6099999999999994
      vertex -297.05 89.2 1.6099999999999994
      vertex -297.3941558230885 84.82708565069069 1.6099999999999994
    endloop
  endfacet
  facet normal 0 0 1
    outer loop
      vertex -297.3941558230885 84.82708565069069 1.6099999999999994
      vertex -297.3941558230885 89.17291434930931 1.6099999999999994
      vertex -297.7298373876249 84.90767566415066 1.6099999999999994
    endloop
  endfacet
  facet normal 0 0 1
    outer loop
      vertex -297.7298373876249 84.90767566415066 1.6099999999999994
      vertex -297.7298373876249 89.09232433584934 1.6099999999999994
      vertex -298.048779099427 85.03978564678559 1.6099999999999994
    endloop
  endfacet
  facet normal 0 0 1
    outer loop
      vertex -298.048779099427 85.03978564678559 1.6099999999999994
      vertex -298.048779099427 88.96021435321441 1.6099999999999994
      vertex -298.34312755504345 85.22016261237512 1.6099999999999994
    endloop
  endfacet
  facet normal 0 0 1
    outer loop
      vertex -298.34312755504345 85.22016261237512 1.6099999999999994
      vertex -298.34312755504345 88.77983738762488 1.6099999999999994
      vertex -298.6056349186104 85.44436508138959 1.6099999999999994
    endloop
  endfacet
  facet normal 0 0 1
    outer loop
      vertex -298.6056349186104 85.44436508138959 1.6099999999999994
      vertex -298.6056349186104 88.55563491861041 1.6099999999999994
      vertex -298.8298373876249 85.70687244495656 1.6099999999999994
    endloop
  endfacet
  facet normal 0 0 1
    outer loop
      vertex -297.05 84.8 1.6099999999999994
      vertex -296.7058441769115 89.17291434930931 1.6099999999999994
      vertex -297.05 89.2 1.6099999999999994
    endloop
  endfacet
  facet normal 0 0 1
    outer loop
      vertex -297.3941558230885 84.82708565069069 1.6099999999999994
      vertex -297.05 89.2 1.6099999999999994
      vertex -297.3941558230885 89.17291434930931 1.6099999999999994
    endloop
  endfacet
  facet normal 0 0 1
    outer loop
      vertex -297.7298373876249 84.90767566415066 1.6099999999999994
      vertex -297.3941558230885 89.17291434930931 1.6099999999999994
      vertex -297.7298373876249 89.09232433584934 1.6099999999999994
    endloop
  endfacet
  facet normal 0 0 1
    outer loop
      vertex -298.048779099427 85.03978564678559 1.6099999999999994
      vertex -297.7298373876249 89.09232433584934 1.6099999999999994
      vertex -298.048779099427 88.96021435321441 1.6099999999999994
    endloop
  endfacet
  facet normal 0 0 1
    outer loop
      vertex -298.34312755504345 85.22016261237512 1.6099999999999994
      vertex -298.048779099427 88.96021435321441 1.6099999999999994
      vertex -298.34312755504345 88.77983738762488 1.6099999999999994
    endloop
  endfacet
  facet normal 0 0 1
    outer loop
      vertex -298.6056349186104 85.44436508138959 1.6099999999999994
      vertex -298.34312755504345 88.77983738762488 1.6099999999999994
      vertex -298.6056349186104 88.55563491861041 1.6099999999999994
    endloop
  endfacet
  facet normal 0 0 1
    outer loop
      vertex -298.8298373876249 85.70687244495656 1.6099999999999994
      vertex -298.6056349186104 88.55563491861041 1.6099999999999994
      vertex -298.8298373876249 88.29312755504344 1.6099999999999994
    endloop
  endfacet
  facet normal 0 0 1
    outer loop
      vertex -298.8298373876249 85.70687244495656 1.6099999999999994
      vertex -298.8298373876249 88.29312755504344 1.6099999999999994
      vertex -299.0102143532144 86.001220900573 1.6099999999999994
    endloop
  endfacet
  facet normal 0 0 1
    outer loop
      vertex -299.0102143532144 86.001220900573 1.6099999999999994
      vertex -299.0102143532144 87.998779099427 1.6099999999999994
      vertex -299.14232433584937 86.32016261237511 1.6099999999999994
    endloop
  endfacet
  facet normal 0 0 1
    outer loop
      vertex -299.14232433584937 86.32016261237511 1.6099999999999994
      vertex -299.14232433584937 87.67983738762489 1.6099999999999994
      vertex -299.2229143493093 86.65584417691149 1.6099999999999994
    endloop
  endfacet
  facet normal 0 0 1
    outer loop
      vertex -299.2229143493093 86.65584417691149 1.6099999999999994
      vertex -299.2229143493093 87.34415582308851 1.6099999999999994
      vertex -299.25 87 1.6099999999999994
    endloop
  endfacet
  facet normal 0 0 1
    outer loop
      vertex -299.14232433584937 86.32016261237511 1.6099999999999994
      vertex -299.0102143532144 87.998779099427 1.6099999999999994
      vertex -299.14232433584937 87.67983738762489 1.6099999999999994
    endloop
  endfacet
  facet normal 0 0 1
    outer loop
      vertex -299.2229143493093 86.65584417691149 1.6099999999999994
      vertex -299.14232433584937 87.67983738762489 1.6099999999999994
      vertex -299.2229143493093 87.34415582308851 1.6099999999999994
    endloop
  endfacet
  facet normal 0 0 1
    outer loop
      vertex -299.0102143532144 86.001220900573 1.6099999999999994
      vertex -298.8298373876249 88.29312755504344 1.6099999999999994
      vertex -299.0102143532144 87.998779099427 1.6099999999999994
    endloop
  endfacet
  facet normal 0 0 -1
    outer loop
      vertex -298.25 24.911269836127758 3.7
      vertex -290.25 32.91126982867718 3.7
      vertex -296.04999999701977 24 3.7
    endloop
  endfacet
  facet normal 0 0 -1
    outer loop
      vertex -290.25 32.91126982867718 3.7
      vertex -288.04999999701977 32 3.7
      vertex -296.04999999701977 24 3.7
    endloop
  endfacet
  facet normal 0 0 -1
    outer loop
      vertex -296.04999999701977 24 3.7
      vertex -296.04999999701977 0 3.7
      vertex -298.25 0 3.7
    endloop
  endfacet
  facet normal 0 0 -1
    outer loop
      vertex -298.25 24.911269836127758 3.7
      vertex -296.04999999701977 24 3.7
      vertex -298.25 0 3.7
    endloop
  endfacet
  facet normal 1 0 0
    outer loop
      vertex -298.25 24.911269836127758 3.7
      vertex -298.25 0 3.7
      vertex -298.25 24.911269836127758 1.9000000000000001
    endloop
  endfacet
  facet normal 0.7071067808572753 -0.7071067815158197 0
    outer loop
      vertex -298.25 24.911269836127758 3.7
      vertex -298.25 24.911269836127758 1.9000000000000001
      vertex -290.25 32.91126982867718 3.7
    endloop
  endfacet
  facet normal 0.7071067808572753 -0.7071067815158197 0
    outer loop
      vertex -290.25 32.91126982867718 3.7
      vertex -298.25 24.911269836127758 1.9000000000000001
      vertex -290.25 32.91126982867718 1.9000000000000001
    endloop
  endfacet
  facet normal 0 0 1
    outer loop
      vertex -298.25 24.911269836127758 1.9000000000000001
      vertex -296.04999999701977 24 1.9000000000000001
      vertex -290.25 32.91126982867718 1.9000000000000001
    endloop
  endfacet
  facet normal 0 0 1
    outer loop
      vertex -290.25 32.91126982867718 1.9000000000000001
      vertex -296.04999999701977 24 1.9000000000000001
      vertex -288.04999999701977 32 1.9000000000000001
    endloop
  endfacet
  facet normal 0 0 1
    outer loop
      vertex -296.04999999701977 0 1.9000000000000001
      vertex -296.04999999701977 24 1.9000000000000001
      vertex -298.25 0 1.9000000000000001
    endloop
  endfacet
  facet normal 1 0 0
    outer loop
      vertex -298.25 24.911269836127758 1.9000000000000001
      vertex -298.25 0 3.7
      vertex -298.25 0 1.9000000000000001
    endloop
  endfacet
  facet normal 0 0 1
    outer loop
      vertex -298.25 24.911269836127758 1.9000000000000001
      vertex -298.25 0 1.9000000000000001
      vertex -296.04999999701977 24 1.9000000000000001
    endloop
  endfacet
  facet normal 0 0 -1
    outer loop
      vertex -290.25 32.91126982867718 3.7
      vertex -288.04999999701977 98 3.7
      vertex -288.04999999701977 32 3.7
    endloop
  endfacet
  facet normal 1 0 0
    outer loop
      vertex -290.25 32.91126982867718 3.7
      vertex -290.25 32.91126982867718 1.9000000000000001
      vertex -290.25 98.91126983612776 3.7
    endloop
  endfacet
  facet normal 0 0 1
    outer loop
      vertex -290.25 32.91126982867718 1.9000000000000001
      vertex -288.04999999701977 32 1.9000000000000001
      vertex -288.04999999701977 98 1.9000000000000001
    endloop
  endfacet
  facet normal 0 0 -1
    outer loop
      vertex -290.25 32.91126982867718 3.7
      vertex -290.25 98.91126983612776 3.7
      vertex -288.04999999701977 98 3.7
    endloop
  endfacet
  facet normal 1 0 0
    outer loop
      vertex -290.25 32.91126982867718 1.9000000000000001
      vertex -290.25 98.91126983612776 1.9000000000000001
      vertex -290.25 98.91126983612776 3.7
    endloop
  endfacet
  facet normal 0 0 1
    outer loop
      vertex -290.25 32.91126982867718 1.9000000000000001
      vertex -288.04999999701977 98 1.9000000000000001
      vertex -290.25 98.91126983612776 1.9000000000000001
    endloop
  endfacet
  facet normal 0 0 -1
    outer loop
      vertex -282.25 106.91126982867718 3.7
      vertex -280.04999999701977 106 3.7
      vertex -283.3543478231067 102.69565217391305 3.7
    endloop
  endfacet
  facet normal -0.707106781186549 0.7071067811865459 8.103960567323474e-17
    outer loop
      vertex -283.3543478231067 102.69565217391305 3.7
      vertex -280.04999999701977 106 3.7
      vertex -280.04999999701977 106 1.9000000000000001
    endloop
  endfacet
  facet normal 0 0 -1
    outer loop
      vertex -282.25 106.91126982867718 3.7
      vertex -288.04999999701977 98 3.7
      vertex -290.25 98.91126983612776 3.7
    endloop
  endfacet
  facet normal 0 0 -1
    outer loop
      vertex -282.25 106.91126982867718 3.7
      vertex -283.3543478231067 102.69565217391305 3.7
      vertex -288.04999999701977 98 3.7
    endloop
  endfacet
  facet normal 0.7071067808572753 -0.7071067815158197 0
    outer loop
      vertex -282.25 106.91126982867718 3.7
      vertex -290.25 98.91126983612776 3.7
      vertex -290.25 98.91126983612776 1.9000000000000001
    endloop
  endfacet
  facet normal 0 0 -1
    outer loop
      vertex -282.25 106.91126982867718 3.7
      vertex -280.04999999701977 130 3.7
      vertex -280.04999999701977 106 3.7
    endloop
  endfacet
  facet normal 0 0 -1
    outer loop
      vertex -282.25 106.91126982867718 3.7
      vertex -282.25 130 3.7
      vertex -280.04999999701977 130 3.7
    endloop
  endfacet
  facet normal 1 0 0
    outer loop
      vertex -282.25 106.91126982867718 3.7
      vertex -282.25 130 1.9000000000000001
      vertex -282.25 130 3.7
    endloop
  endfacet
  facet normal -0.707106781186549 0.7071067811865459 -1.6871472692214306e-16
    outer loop
      vertex -283.3543478231067 102.69565217391305 3.7
      vertex -280.04999999701977 106 1.9000000000000001
      vertex -286.4847826057154 99.56521739130434 1.9000000000000001
    endloop
  endfacet
  facet normal 0.7071067808572753 -0.7071067815158197 0
    outer loop
      vertex -282.25 106.91126982867718 3.7
      vertex -290.25 98.91126983612776 1.9000000000000001
      vertex -282.25 106.91126982867718 1.9000000000000001
    endloop
  endfacet
  facet normal 0 0 1
    outer loop
      vertex -282.25 106.91126982867718 1.9000000000000001
      vertex -286.4847826057154 99.56521739130434 1.9000000000000001
      vertex -280.04999999701977 106 1.9000000000000001
    endloop
  endfacet
  facet normal 0 0 1
    outer loop
      vertex -282.25 106.91126982867718 1.9000000000000001
      vertex -288.04999999701977 98 1.9000000000000001
      vertex -286.4847826057154 99.56521739130434 1.9000000000000001
    endloop
  endfacet
  facet normal 0 0 1
    outer loop
      vertex -282.25 106.91126982867718 1.9000000000000001
      vertex -290.25 98.91126983612776 1.9000000000000001
      vertex -288.04999999701977 98 1.9000000000000001
    endloop
  endfacet
  facet normal 1 0 0
    outer loop
      vertex -282.25 106.91126982867718 3.7
      vertex -282.25 106.91126982867718 1.9000000000000001
      vertex -282.25 130 1.9000000000000001
    endloop
  endfacet
  facet normal 0 0 1
    outer loop
      vertex -282.25 106.91126982867718 1.9000000000000001
      vertex -280.04999999701977 106 1.9000000000000001
      vertex -280.04999999701977 130 1.9000000000000001
    endloop
  endfacet
  facet normal 0 0 1
    outer loop
      vertex -282.25 106.91126982867718 1.9000000000000001
      vertex -280.04999999701977 130 1.9000000000000001
      vertex -282.25 130 1.9000000000000001
    endloop
  endfacet
endsolid OpenSCAD_Model
