solid OpenSCAD_Model
  facet normal 1 0 0
    outer loop
      vertex -70 0 0
      vertex -70 0 1.1999999999999993
      vertex -70 -1.2 0
    endloop
  endfacet
  facet normal 0 0 -1
    outer loop
      vertex -76 0 0
      vertex -70 0 0
      vertex -72.65584417691149 -27.827085650690698 0
    endloop
  endfacet
  facet normal 0 0 -1
    outer loop
      vertex -70 0 0
      vertex -70 -1.2 0
      vertex -71.70687244495656 -28.220162612375116 0
    endloop
  endfacet
  facet normal 0 0 -1
    outer loop
      vertex -70 -1.2 0
      vertex -70 -4.8 0
      vertex -71.70687244495656 -28.220162612375116 0
    endloop
  endfacet
  facet normal -1 0 0
    outer loop
      vertex -76 0 0
      vertex -76 -4.8 1.1999999999999993
      vertex -76 -1.2 1.1999999999999993
    endloop
  endfacet
  facet normal 0 0 -1
    outer loop
      vertex -76 0 0
      vertex -74.55563491861041 -28.444365081389595 0
      vertex -74.77983738762488 -28.70687244495656 0
    endloop
  endfacet
  facet normal 0 0 -1
    outer loop
      vertex -76 0 0
      vertex -74.77983738762488 -28.70687244495656 0
      vertex -74.96021435321441 -29.001220900572996 0
    endloop
  endfacet
  facet normal 0 0 -1
    outer loop
      vertex -76 0 0
      vertex -74.29312755504344 -28.220162612375116 0
      vertex -74.55563491861041 -28.444365081389595 0
    endloop
  endfacet
  facet normal 0 0 -1
    outer loop
      vertex -76 0 0
      vertex -73.998779099427 -28.03978564678559 0
      vertex -74.29312755504344 -28.220162612375116 0
    endloop
  endfacet
  facet normal 0 0 -1
    outer loop
      vertex -76 0 0
      vertex -73.67983738762489 -27.907675664150663 0
      vertex -73.998779099427 -28.03978564678559 0
    endloop
  endfacet
  facet normal 0 0 -1
    outer loop
      vertex -76 0 0
      vertex -73.34415582308851 -27.827085650690698 0
      vertex -73.67983738762489 -27.907675664150663 0
    endloop
  endfacet
  facet normal 0 0 -1
    outer loop
      vertex -76 0 0
      vertex -73 -27.8 0
      vertex -73.34415582308851 -27.827085650690698 0
    endloop
  endfacet
  facet normal 0 0 -1
    outer loop
      vertex -76 0 0
      vertex -72.65584417691149 -27.827085650690698 0
      vertex -73 -27.8 0
    endloop
  endfacet
  facet normal 0 0 -1
    outer loop
      vertex -76 0 0
      vertex -75.09232433584934 -29.320162612375114 0
      vertex -75.17291434930931 -29.655844176911494 0
    endloop
  endfacet
  facet normal 0 0 -1
    outer loop
      vertex -76 0 0
      vertex -75.17291434930931 -29.655844176911494 0
      vertex -75.2 -30 0
    endloop
  endfacet
  facet normal 0 0 -1
    outer loop
      vertex -76 0 0
      vertex -74.96021435321441 -29.001220900572996 0
      vertex -75.09232433584934 -29.320162612375114 0
    endloop
  endfacet
  facet normal 0 0 -1
    outer loop
      vertex -70 0 0
      vertex -72.32016261237511 -27.907675664150663 0
      vertex -72.65584417691149 -27.827085650690698 0
    endloop
  endfacet
  facet normal 0 0 -1
    outer loop
      vertex -70 0 0
      vertex -72.001220900573 -28.03978564678559 0
      vertex -72.32016261237511 -27.907675664150663 0
    endloop
  endfacet
  facet normal 0 0 -1
    outer loop
      vertex -70 0 0
      vertex -71.70687244495656 -28.220162612375116 0
      vertex -72.001220900573 -28.03978564678559 0
    endloop
  endfacet
  facet normal 0 0 -1
    outer loop
      vertex -70 -4.8 0
      vertex -71.44436508138959 -28.444365081389595 0
      vertex -71.70687244495656 -28.220162612375116 0
    endloop
  endfacet
  facet normal 0 0 -1
    outer loop
      vertex -70 -4.8 0
      vertex -71.22016261237512 -28.70687244495656 0
      vertex -71.44436508138959 -28.444365081389595 0
    endloop
  endfacet
  facet normal 0 0 -1
    outer loop
      vertex -70 -4.8 0
      vertex -71.03978564678559 -29.001220900572996 0
      vertex -71.22016261237512 -28.70687244495656 0
    endloop
  endfacet
  facet normal 0 0 -1
    outer loop
      vertex -70 -4.8 0
      vertex -70.90767566415066 -29.320162612375114 0
      vertex -71.03978564678559 -29.001220900572996 0
    endloop
  endfacet
  facet normal 0 0 -1
    outer loop
      vertex -70 -4.8 0
      vertex -70.82708565069069 -29.655844176911494 0
      vertex -70.90767566415066 -29.320162612375114 0
    endloop
  endfacet
  facet normal 0 0 -1
    outer loop
      vertex -70 -4.8 0
      vertex -70.8 -30 0
      vertex -70.82708565069069 -29.655844176911494 0
    endloop
  endfacet
  facet normal 0 1 0
    outer loop
      vertex -76 0 0
      vertex -76 0 6
      vertex -70 0 0
    endloop
  endfacet
  facet normal -1 0 0
    outer loop
      vertex -76 0 0
      vertex -76 -1.2 1.1999999999999993
      vertex -76 0 6
    endloop
  endfacet
  facet normal 0.3826834323650914 -0.9238795325112861 -9.224254065925434e-19
    outer loop
      vertex -73.998779099427 -28.03978564678559 0
      vertex -73.67983738762489 -27.907675664150663 0
      vertex -73.67983738762489 -27.907675664150663 7.576432432677645
    endloop
  endfacet
  facet normal 0.23344536385590667 -0.9723699203976763 -3.1892335449995976e-19
    outer loop
      vertex -73.67983738762489 -27.907675664150663 0
      vertex -73.34415582308851 -27.827085650690698 0
      vertex -73.34415582308851 -27.827085650690698 7.578147113815092
    endloop
  endfacet
  facet normal 0.07845909572784467 -0.996917333733128 1.897653400466946e-19
    outer loop
      vertex -73.34415582308851 -27.827085650690698 0
      vertex -73 -27.8 0
      vertex -73 -27.8 7.578723404255319
    endloop
  endfacet
  facet normal -0.07845909572784468 -0.9969173337331281 -1.8977977100847369e-19
    outer loop
      vertex -73 -27.8 0
      vertex -72.65584417691149 -27.827085650690698 0
      vertex -72.65584417691149 -27.827085650690698 7.578147113815092
    endloop
  endfacet
  facet normal -0.23344536385590667 -0.9723699203976763 3.1899553251581506e-19
    outer loop
      vertex -72.65584417691149 -27.827085650690698 0
      vertex -72.32016261237511 -27.907675664150663 0
      vertex -72.32016261237511 -27.907675664150663 7.576432432677645
    endloop
  endfacet
  facet normal -0.38268343236509134 -0.9238795325112861 9.227677527299292e-19
    outer loop
      vertex -72.32016261237511 -27.907675664150663 0
      vertex -72.001220900573 -28.03978564678559 0
      vertex -72.001220900573 -28.03978564678559 7.573621581983286
    endloop
  endfacet
  facet normal 0 0 -1
    outer loop
      vertex -70 -4.8 0
      vertex -22.029422182240452 -34.45643230088554 0
      vertex -22.23359215540352 -34.94934221912518 0
    endloop
  endfacet
  facet normal 0 0 -1
    outer loop
      vertex -70 -4.8 0
      vertex -22.23359215540352 -34.94934221912518 0
      vertex -22.35814035802347 -35.468122818863215 0
    endloop
  endfacet
  facet normal 0 0 -1
    outer loop
      vertex -70 -4.8 0
      vertex -22.35814035802347 -35.468122818863215 0
      vertex -22.4 -36 0
    endloop
  endfacet
  facet normal -1 0 0
    outer loop
      vertex -76 0 0
      vertex -76 -102 1.5
      vertex -76 -4.8 1.1999999999999993
    endloop
  endfacet
  facet normal -1 0 0
    outer loop
      vertex -76 -4.8 1.1999999999999993
      vertex -76 -102 1.5
      vertex -76 -4.8 1.5
    endloop
  endfacet
  facet normal 0 0 -1
    outer loop
      vertex -76 0 0
      vertex -75.2 -30 0
      vertex -76 -102 0
    endloop
  endfacet
  facet normal 0 0 -1
    outer loop
      vertex -70 -4.8 0
      vertex -70 -102 0
      vertex -70.8 -30 0
    endloop
  endfacet
  facet normal 0 0 -1
    outer loop
      vertex -76 -102 0
      vertex -75.2 -30 0
      vertex -75.17291434930931 -30.344155823088506 0
    endloop
  endfacet
  facet normal 0 0 -1
    outer loop
      vertex -76 -102 0
      vertex -75.17291434930931 -30.344155823088506 0
      vertex -75.09232433584934 -30.679837387624886 0
    endloop
  endfacet
  facet normal 0 0 -1
    outer loop
      vertex -76 -102 0
      vertex -75.09232433584934 -30.679837387624886 0
      vertex -74.96021435321441 -30.998779099427004 0
    endloop
  endfacet
  facet normal 0 0 -1
    outer loop
      vertex -76 -102 0
      vertex -74.96021435321441 -30.998779099427004 0
      vertex -74.77983738762488 -31.29312755504344 0
    endloop
  endfacet
  facet normal 0 0 -1
    outer loop
      vertex -76 -102 0
      vertex -74.77983738762488 -31.29312755504344 0
      vertex -74.55563491861041 -31.555634918610405 0
    endloop
  endfacet
  facet normal 0 0 -1
    outer loop
      vertex -76 -102 0
      vertex -74.55563491861041 -31.555634918610405 0
      vertex -74.29312755504344 -31.779837387624884 0
    endloop
  endfacet
  facet normal 0 0 -1
    outer loop
      vertex -76 -102 0
      vertex -74.29312755504344 -31.779837387624884 0
      vertex -73.998779099427 -31.96021435321441 0
    endloop
  endfacet
  facet normal 0 0 -1
    outer loop
      vertex -76 -102 0
      vertex -73.998779099427 -31.96021435321441 0
      vertex -73.67983738762489 -32.09232433584934 0
    endloop
  endfacet
  facet normal 0 0 -1
    outer loop
      vertex -76 -102 0
      vertex -73.67983738762489 -32.09232433584934 0
      vertex -73.34415582308851 -32.1729143493093 0
    endloop
  endfacet
  facet normal 0 0 -1
    outer loop
      vertex -76 -102 0
      vertex -73.34415582308851 -32.1729143493093 0
      vertex -73 -32.2 0
    endloop
  endfacet
  facet normal 0 0 -1
    outer loop
      vertex -76 -102 0
      vertex -73 -32.2 0
      vertex -72.65584417691149 -32.1729143493093 0
    endloop
  endfacet
  facet normal 0 0 -1
    outer loop
      vertex -76 -102 0
      vertex -72.65584417691149 -32.1729143493093 0
      vertex -72.32016261237511 -32.09232433584934 0
    endloop
  endfacet
  facet normal 0 0 -1
    outer loop
      vertex -76 -102 0
      vertex -71.70687244495656 -31.779837387624884 0
      vertex -71.44436508138959 -31.555634918610405 0
    endloop
  endfacet
  facet normal 0 0 -1
    outer loop
      vertex -76 -102 0
      vertex -72.32016261237511 -32.09232433584934 0
      vertex -72.001220900573 -31.96021435321441 0
    endloop
  endfacet
  facet normal 0 0 -1
    outer loop
      vertex -76 -102 0
      vertex -72.001220900573 -31.96021435321441 0
      vertex -71.70687244495656 -31.779837387624884 0
    endloop
  endfacet
  facet normal 0 0 -1
    outer loop
      vertex -74.5 -102 0
      vertex -71.44436508138959 -31.555634918610405 0
      vertex -71.22016261237512 -31.29312755504344 0
    endloop
  endfacet
  facet normal 0 0 -1
    outer loop
      vertex -70 -102 0
      vertex -70.82708565069069 -30.344155823088506 0
      vertex -70.8 -30 0
    endloop
  endfacet
  facet normal 0 0 -1
    outer loop
      vertex -70 -102 0
      vertex -71.22016261237512 -31.29312755504344 0
      vertex -71.03978564678559 -30.998779099427004 0
    endloop
  endfacet
  facet normal 0 0 -1
    outer loop
      vertex -70 -102 0
      vertex -70.90767566415066 -30.679837387624886 0
      vertex -70.82708565069069 -30.344155823088506 0
    endloop
  endfacet
  facet normal 0 0 -1
    outer loop
      vertex -70 -102 0
      vertex -71.03978564678559 -30.998779099427004 0
      vertex -70.90767566415066 -30.679837387624886 0
    endloop
  endfacet
  facet normal 0.8526401643540834 -0.5224985647159632 0
    outer loop
      vertex -74.77983738762488 -28.70687244495656 0
      vertex -74.77983738762488 -28.70687244495656 7.559428245851988
      vertex -74.96021435321441 -29.001220900572996 0
    endloop
  endfacet
  facet normal 0.9238795325112854 -0.38268343236509283 0
    outer loop
      vertex -74.96021435321441 -29.001220900572996 0
      vertex -74.96021435321441 -29.001220900572996 7.5531655127537665
      vertex -75.09232433584934 -29.320162612375114 0
    endloop
  endfacet
  facet normal 0.9723699203976751 -0.23344536385591172 0
    outer loop
      vertex -75.09232433584934 -29.320162612375114 0
      vertex -75.09232433584934 -29.320162612375114 7.546379518885637
      vertex -75.17291434930931 -29.655844176911494 0
    endloop
  endfacet
  facet normal 0.6494480483301759 -0.7604059656000375 -3.385386273873935e-19
    outer loop
      vertex -74.55563491861041 -28.444365081389595 0
      vertex -74.29312755504344 -28.220162612375116 0
      vertex -74.29312755504344 -28.220162612375116 7.569783774204785
    endloop
  endfacet
  facet normal 0.7604059656000434 -0.6494480483301692 7.261445955855941e-19
    outer loop
      vertex -74.77983738762488 -28.70687244495656 0
      vertex -74.55563491861041 -28.444365081389595 0
      vertex -74.55563491861041 -28.444365081389595 7.565013508906604
    endloop
  endfacet
  facet normal 0.5224985647159467 -0.8526401643540936 -5.772322144537765e-19
    outer loop
      vertex -74.29312755504344 -28.220162612375116 0
      vertex -73.998779099427 -28.03978564678559 0
      vertex -73.998779099427 -28.03978564678559 7.573621581983286
    endloop
  endfacet
  facet normal 0.9969173337331286 -0.07845909572783605 0
    outer loop
      vertex -75.17291434930931 -29.655844176911494 0
      vertex -75.17291434930931 -29.655844176911494 7.539237357938054
      vertex -75.2 -30 0
    endloop
  endfacet
  facet normal 0.9969173337331286 0.07845909572783605 0
    outer loop
      vertex -75.2 -30 0
      vertex -75.2 -30 7.531914893617021
      vertex -75.17291434930931 -30.344155823088506 0
    endloop
  endfacet
  facet normal 0.972369920397675 0.2334453638559117 0
    outer loop
      vertex -75.17291434930931 -30.344155823088506 0
      vertex -75.17291434930931 -30.344155823088506 7.524592429295989
      vertex -75.09232433584934 -30.679837387624886 0
    endloop
  endfacet
  facet normal 0.9238795325112855 0.3826834323650929 0
    outer loop
      vertex -75.09232433584934 -30.679837387624886 0
      vertex -75.09232433584934 -30.679837387624886 7.517450268348407
      vertex -74.96021435321441 -30.998779099427004 0
    endloop
  endfacet
  facet normal 0.8526401643540834 0.5224985647159633 0
    outer loop
      vertex -74.96021435321441 -30.998779099427004 0
      vertex -74.96021435321441 -30.998779099427004 7.510664274480277
      vertex -74.77983738762488 -31.29312755504344 0
    endloop
  endfacet
  facet normal 0.7604059656000434 0.6494480483301692 0
    outer loop
      vertex -74.77983738762488 -31.29312755504344 0
      vertex -74.77983738762488 -31.29312755504344 7.504401541382055
      vertex -74.55563491861041 -31.555634918610405 0
    endloop
  endfacet
  facet normal -0.5224985647159466 -0.8526401643540936 5.77524865650787e-19
    outer loop
      vertex -72.001220900573 -28.03978564678559 0
      vertex -71.70687244495656 -28.220162612375116 0
      vertex -71.70687244495656 -28.220162612375116 7.569783774204785
    endloop
  endfacet
  facet normal -0.649448048330176 -0.7604059656000375 3.3875209945382384e-19
    outer loop
      vertex -71.70687244495656 -28.220162612375116 0
      vertex -71.44436508138959 -28.444365081389595 0
      vertex -71.44436508138959 -28.444365081389595 7.565013508906604
    endloop
  endfacet
  facet normal -0.7604059656000434 -0.6494480483301691 0
    outer loop
      vertex -71.22016261237512 -28.70687244495656 0
      vertex -71.22016261237512 -28.70687244495656 7.559428245851988
      vertex -71.44436508138959 -28.444365081389595 0
    endloop
  endfacet
  facet normal -0.7604059656000434 0.6494480483301691 0
    outer loop
      vertex -71.44436508138959 -31.555634918610405 0
      vertex -71.44436508138959 -31.555634918610405 7.498816278327439
      vertex -71.22016261237512 -31.29312755504344 0
    endloop
  endfacet
  facet normal 0.649448048330176 0.7604059656000376 0
    outer loop
      vertex -74.55563491861041 -31.555634918610405 0
      vertex -74.55563491861041 -31.555634918610405 7.498816278327437
      vertex -74.29312755504344 -31.779837387624884 0
    endloop
  endfacet
  facet normal 0.5224985647159467 0.8526401643540935 5.833615579090864e-19
    outer loop
      vertex -73.998779099427 -31.96021435321441 0
      vertex -74.29312755504344 -31.779837387624884 0
      vertex -74.29312755504344 -31.779837387624884 7.4940460130292585
    endloop
  endfacet
  facet normal 0.38268343236510016 0.9238795325112824 1.32943421051259e-19
    outer loop
      vertex -73.67983738762489 -32.09232433584934 0
      vertex -73.998779099427 -31.96021435321441 0
      vertex -73.998779099427 -31.96021435321441 7.490208205250758
    endloop
  endfacet
  facet normal 0.23344536385589693 0.9723699203976788 -2.898525456391095e-20
    outer loop
      vertex -73.34415582308851 -32.1729143493093 0
      vertex -73.67983738762489 -32.09232433584934 0
      vertex -73.67983738762489 -32.09232433584934 7.487397354556396
    endloop
  endfacet
  facet normal 0.0784590957278549 0.9969173337331272 -7.876223268911634e-20
    outer loop
      vertex -73 -32.2 0
      vertex -73.34415582308851 -32.1729143493093 0
      vertex -73.34415582308851 -32.1729143493093 7.485682673418951
    endloop
  endfacet
  facet normal -0.0784590957278549 0.9969173337331273 7.876829672073158e-20
    outer loop
      vertex -72.65584417691149 -32.1729143493093 0
      vertex -73 -32.2 0
      vertex -73 -32.2 7.4851063829787226
    endloop
  endfacet
  facet normal -0.23344536385589693 0.9723699203976787 2.89918939676144e-20
    outer loop
      vertex -72.32016261237511 -32.09232433584934 0
      vertex -72.65584417691149 -32.1729143493093 0
      vertex -72.65584417691149 -32.1729143493093 7.485682673418951
    endloop
  endfacet
  facet normal -0.5224985647159467 0.8526401643540936 -5.836604587491261e-19
    outer loop
      vertex -71.70687244495656 -31.779837387624884 0
      vertex -72.001220900573 -31.96021435321441 0
      vertex -72.001220900573 -31.96021435321441 7.490208205250758
    endloop
  endfacet
  facet normal -0.3826834323651001 0.9238795325112824 -1.3299332946264378e-19
    outer loop
      vertex -72.001220900573 -31.96021435321441 0
      vertex -72.32016261237511 -32.09232433584934 0
      vertex -72.32016261237511 -32.09232433584934 7.487397354556398
    endloop
  endfacet
  facet normal -0.649448048330176 0.7604059656000375 -3.4196003121453554e-19
    outer loop
      vertex -71.44436508138959 -31.555634918610405 0
      vertex -71.70687244495656 -31.779837387624884 0
      vertex -71.70687244495656 -31.779837387624884 7.4940460130292585
    endloop
  endfacet
  facet normal -0.8526401643540834 -0.5224985647159632 0
    outer loop
      vertex -71.03978564678559 -29.001220900572996 0
      vertex -71.03978564678559 -29.001220900572996 7.5531655127537665
      vertex -71.22016261237512 -28.70687244495656 0
    endloop
  endfacet
  facet normal -0.9238795325112854 -0.3826834323650929 0
    outer loop
      vertex -70.90767566415066 -29.320162612375114 0
      vertex -70.90767566415066 -29.320162612375114 7.546379518885635
      vertex -71.03978564678559 -29.001220900572996 0
    endloop
  endfacet
  facet normal -0.9723699203976751 -0.23344536385591172 0
    outer loop
      vertex -70.82708565069069 -29.655844176911494 0
      vertex -70.82708565069069 -29.655844176911494 7.539237357938054
      vertex -70.90767566415066 -29.320162612375114 0
    endloop
  endfacet
  facet normal -0.9969173337331286 -0.07845909572783605 0
    outer loop
      vertex -70.8 -30 0
      vertex -70.8 -30 7.531914893617021
      vertex -70.82708565069069 -29.655844176911494 0
    endloop
  endfacet
  facet normal -0.9723699203976751 0.23344536385591175 0
    outer loop
      vertex -70.90767566415066 -30.679837387624886 0
      vertex -70.90767566415066 -30.679837387624886 7.517450268348407
      vertex -70.82708565069069 -30.344155823088506 0
    endloop
  endfacet
  facet normal -0.9969173337331287 0.07845909572783605 0
    outer loop
      vertex -70.82708565069069 -30.344155823088506 0
      vertex -70.82708565069069 -30.344155823088506 7.524592429295989
      vertex -70.8 -30 0
    endloop
  endfacet
  facet normal -0.9238795325112855 0.3826834323650929 0
    outer loop
      vertex -71.03978564678559 -30.998779099427004 0
      vertex -71.03978564678559 -30.998779099427004 7.510664274480277
      vertex -70.90767566415066 -30.679837387624886 0
    endloop
  endfacet
  facet normal -0.8526401643540834 0.5224985647159633 0
    outer loop
      vertex -71.22016261237512 -31.29312755504344 0
      vertex -71.22016261237512 -31.29312755504344 7.5044015413820535
      vertex -71.03978564678559 -30.998779099427004 0
    endloop
  endfacet
  facet normal 0 0 -1
    outer loop
      vertex -70 -4.8 0
      vertex -22.4 -36 0
      vertex -22.4 -46 0
    endloop
  endfacet
  facet normal 0 0 -1
    outer loop
      vertex -70 -4.8 0
      vertex -22.4 -46 0
      vertex -42.25 -83 0
    endloop
  endfacet
  facet normal 0 1 0
    outer loop
      vertex -70 0 0
      vertex -76 0 8
      vertex -70 0 1.1999999999999993
    endloop
  endfacet
  facet normal -1 0 0
    outer loop
      vertex -76 -1.2 1.1999999999999993
      vertex -76 -4.8 1.1999999999999993
      vertex -76 -1.2 8
    endloop
  endfacet
  facet normal 0 1 0
    outer loop
      vertex -70 0 0
      vertex -76 0 6
      vertex -76 0 8
    endloop
  endfacet
  facet normal -1 0 0
    outer loop
      vertex -76 -4.8 1.1999999999999993
      vertex -76 -4.8 1.5
      vertex -76 -1.2 10.799999999999999
    endloop
  endfacet
  facet normal -1 0 0
    outer loop
      vertex -76 -1.2 1.1999999999999993
      vertex -76 0 8
      vertex -76 0 6
    endloop
  endfacet
  facet normal -1 0 0
    outer loop
      vertex -76 -4.8 1.5
      vertex -76 -4.8 4.5
      vertex -76 -1.2 10.799999999999999
    endloop
  endfacet
  facet normal -1 0 0
    outer loop
      vertex -76 -1.2 1.1999999999999993
      vertex -76 -1.2 8
      vertex -76 0 8
    endloop
  endfacet
  facet normal 0 1 0
    outer loop
      vertex -70 0 1.1999999999999993
      vertex -76 0 8
      vertex -74.8 0 8
    endloop
  endfacet
  facet normal 0 1 0
    outer loop
      vertex -70 0 1.1999999999999993
      vertex -74.8 0 8
      vertex -59.99846985779441 0 7.249342219125179
    endloop
  endfacet
  facet normal 0 1 0
    outer loop
      vertex -70 0 1.1999999999999993
      vertex -59.05065778087482 0 6.766407844596479
      vertex -58.531877181136785 0 6.641859641976531
    endloop
  endfacet
  facet normal 0 1 0
    outer loop
      vertex -70 0 1.1999999999999993
      vertex -58.531877181136785 0 6.641859641976531
      vertex -58 0 6.6
    endloop
  endfacet
  facet normal 0 1 0
    outer loop
      vertex -70 0 1.1999999999999993
      vertex -58 0 6.6
      vertex -57.468122818863215 0 6.641859641976531
    endloop
  endfacet
  facet normal 0 1 0
    outer loop
      vertex -70 0 1.1999999999999993
      vertex -59.54356769911446 0 6.970577817759549
      vertex -59.05065778087482 0 6.766407844596479
    endloop
  endfacet
  facet normal 0 1 0
    outer loop
      vertex -70 0 1.1999999999999993
      vertex -59.99846985779441 0 7.249342219125179
      vertex -59.54356769911446 0 6.970577817759549
    endloop
  endfacet
  facet normal 0 1 0
    outer loop
      vertex -70 0 1.1999999999999993
      vertex -57.468122818863215 0 6.641859641976531
      vertex -56.94934221912518 0 6.766407844596479
    endloop
  endfacet
  facet normal 0 1 0
    outer loop
      vertex -70 0 1.1999999999999993
      vertex -56.94934221912518 0 6.766407844596479
      vertex -56.45643230088554 0 6.970577817759549
    endloop
  endfacet
  facet normal 0.38268343236509134 -0.9238795325112861 0
    outer loop
      vertex -73.998779099427 -28.03978564678559 0
      vertex -73.67983738762489 -27.907675664150663 7.576432432677645
      vertex -73.998779099427 -28.03978564678559 7.573621581983286
    endloop
  endfacet
  facet normal 0.23344536385590667 -0.9723699203976763 0
    outer loop
      vertex -73.67983738762489 -27.907675664150663 0
      vertex -73.34415582308851 -27.827085650690698 7.578147113815092
      vertex -73.67983738762489 -27.907675664150663 7.576432432677645
    endloop
  endfacet
  facet normal 0.07845909572784468 -0.9969173337331281 0
    outer loop
      vertex -73.34415582308851 -27.827085650690698 0
      vertex -73 -27.8 7.578723404255319
      vertex -73.34415582308851 -27.827085650690698 7.578147113815092
    endloop
  endfacet
  facet normal -0.07845909572784467 -0.996917333733128 0
    outer loop
      vertex -73 -27.8 0
      vertex -72.65584417691149 -27.827085650690698 7.578147113815092
      vertex -73 -27.8 7.578723404255319
    endloop
  endfacet
  facet normal -0.23344536385590667 -0.9723699203976763 0
    outer loop
      vertex -72.65584417691149 -27.827085650690698 0
      vertex -72.32016261237511 -27.907675664150663 7.576432432677645
      vertex -72.65584417691149 -27.827085650690698 7.578147113815092
    endloop
  endfacet
  facet normal -0.3826834323650914 -0.9238795325112861 9.224254065925434e-19
    outer loop
      vertex -72.001220900573 -28.03978564678559 7.573621581983286
      vertex -72.32016261237511 -27.907675664150663 7.576432432677645
      vertex -72.32016261237511 -27.907675664150663 0
    endloop
  endfacet
  facet normal -1 0 0
    outer loop
      vertex -76 -4.8 1.5
      vertex -76 -102 4.5
      vertex -76 -4.8 4.5
    endloop
  endfacet
  facet normal 0.8526401643540834 -0.5224985647159632 0
    outer loop
      vertex -74.96021435321441 -29.001220900572996 7.5531655127537665
      vertex -74.96021435321441 -29.001220900572996 0
      vertex -74.77983738762488 -28.70687244495656 7.559428245851988
    endloop
  endfacet
  facet normal 0.9238795325112854 -0.3826834323650929 0
    outer loop
      vertex -75.09232433584934 -29.320162612375114 7.546379518885637
      vertex -75.09232433584934 -29.320162612375114 0
      vertex -74.96021435321441 -29.001220900572996 7.5531655127537665
    endloop
  endfacet
  facet normal 0.9723699203976751 -0.23344536385591172 0
    outer loop
      vertex -75.17291434930931 -29.655844176911494 7.539237357938054
      vertex -75.17291434930931 -29.655844176911494 0
      vertex -75.09232433584934 -29.320162612375114 7.546379518885637
    endloop
  endfacet
  facet normal 0.649448048330176 -0.7604059656000375 0
    outer loop
      vertex -74.55563491861041 -28.444365081389595 0
      vertex -74.29312755504344 -28.220162612375116 7.569783774204785
      vertex -74.55563491861041 -28.444365081389595 7.565013508906604
    endloop
  endfacet
  facet normal 0.7604059656000434 -0.6494480483301691 0
    outer loop
      vertex -74.77983738762488 -28.70687244495656 7.559428245851988
      vertex -74.77983738762488 -28.70687244495656 0
      vertex -74.55563491861041 -28.444365081389595 7.565013508906604
    endloop
  endfacet
  facet normal 0.5224985647159466 -0.8526401643540936 0
    outer loop
      vertex -74.29312755504344 -28.220162612375116 0
      vertex -73.998779099427 -28.03978564678559 7.573621581983286
      vertex -74.29312755504344 -28.220162612375116 7.569783774204785
    endloop
  endfacet
  facet normal 0.9723699203976751 0.23344536385591175 0
    outer loop
      vertex -75.09232433584934 -30.679837387624886 7.517450268348407
      vertex -75.09232433584934 -30.679837387624886 0
      vertex -75.17291434930931 -30.344155823088506 7.524592429295989
    endloop
  endfacet
  facet normal 0.9969173337331286 -0.07845909572783605 0
    outer loop
      vertex -75.2 -30 7.531914893617021
      vertex -75.2 -30 0
      vertex -75.17291434930931 -29.655844176911494 7.539237357938054
    endloop
  endfacet
  facet normal 0.9969173337331287 0.07845909572783605 0
    outer loop
      vertex -75.17291434930931 -30.344155823088506 7.524592429295989
      vertex -75.17291434930931 -30.344155823088506 0
      vertex -75.2 -30 7.531914893617021
    endloop
  endfacet
  facet normal 0.9238795325112855 0.3826834323650929 0
    outer loop
      vertex -74.96021435321441 -30.998779099427004 7.510664274480277
      vertex -74.96021435321441 -30.998779099427004 0
      vertex -75.09232433584934 -30.679837387624886 7.517450268348407
    endloop
  endfacet
  facet normal 0.8526401643540833 0.5224985647159633 0
    outer loop
      vertex -74.77983738762488 -31.29312755504344 7.504401541382055
      vertex -74.77983738762488 -31.29312755504344 0
      vertex -74.96021435321441 -30.998779099427004 7.510664274480277
    endloop
  endfacet
  facet normal 0.7604059656000433 0.6494480483301691 0
    outer loop
      vertex -74.55563491861041 -31.555634918610405 7.498816278327437
      vertex -74.55563491861041 -31.555634918610405 0
      vertex -74.77983738762488 -31.29312755504344 7.504401541382055
    endloop
  endfacet
  facet normal -0.5224985647159467 -0.8526401643540936 5.772322144537765e-19
    outer loop
      vertex -71.70687244495656 -28.220162612375116 7.569783774204785
      vertex -72.001220900573 -28.03978564678559 7.573621581983286
      vertex -72.001220900573 -28.03978564678559 0
    endloop
  endfacet
  facet normal -0.6494480483301759 -0.7604059656000375 3.385386273873935e-19
    outer loop
      vertex -71.44436508138959 -28.444365081389595 7.565013508906604
      vertex -71.70687244495656 -28.220162612375116 7.569783774204785
      vertex -71.70687244495656 -28.220162612375116 0
    endloop
  endfacet
  facet normal -0.7604059656000434 -0.6494480483301691 -7.261445955855941e-19
    outer loop
      vertex -71.22016261237512 -28.70687244495656 7.559428245851988
      vertex -71.44436508138959 -28.444365081389595 7.565013508906604
      vertex -71.44436508138959 -28.444365081389595 0
    endloop
  endfacet
  facet normal -0.7604059656000433 0.6494480483301691 0
    outer loop
      vertex -71.22016261237512 -31.29312755504344 0
      vertex -71.44436508138959 -31.555634918610405 7.498816278327439
      vertex -71.22016261237512 -31.29312755504344 7.5044015413820535
    endloop
  endfacet
  facet normal 0.649448048330176 0.7604059656000375 0
    outer loop
      vertex -74.29312755504344 -31.779837387624884 0
      vertex -74.55563491861041 -31.555634918610405 7.498816278327437
      vertex -74.29312755504344 -31.779837387624884 7.4940460130292585
    endloop
  endfacet
  facet normal 0.5224985647159467 0.8526401643540936 0
    outer loop
      vertex -73.998779099427 -31.96021435321441 0
      vertex -74.29312755504344 -31.779837387624884 7.4940460130292585
      vertex -73.998779099427 -31.96021435321441 7.490208205250758
    endloop
  endfacet
  facet normal 0.38268343236510016 0.9238795325112824 0
    outer loop
      vertex -73.67983738762489 -32.09232433584934 0
      vertex -73.998779099427 -31.96021435321441 7.490208205250758
      vertex -73.67983738762489 -32.09232433584934 7.487397354556396
    endloop
  endfacet
  facet normal 0.23344536385589693 0.9723699203976787 0
    outer loop
      vertex -73.34415582308851 -32.1729143493093 0
      vertex -73.67983738762489 -32.09232433584934 7.487397354556396
      vertex -73.34415582308851 -32.1729143493093 7.485682673418951
    endloop
  endfacet
  facet normal 0.0784590957278549 0.9969173337331273 0
    outer loop
      vertex -73 -32.2 0
      vertex -73.34415582308851 -32.1729143493093 7.485682673418951
      vertex -73 -32.2 7.4851063829787226
    endloop
  endfacet
  facet normal -0.0784590957278549 0.9969173337331272 0
    outer loop
      vertex -72.65584417691149 -32.1729143493093 0
      vertex -73 -32.2 7.4851063829787226
      vertex -72.65584417691149 -32.1729143493093 7.485682673418951
    endloop
  endfacet
  facet normal -0.23344536385589693 0.9723699203976786 0
    outer loop
      vertex -72.32016261237511 -32.09232433584934 0
      vertex -72.65584417691149 -32.1729143493093 7.485682673418951
      vertex -72.32016261237511 -32.09232433584934 7.487397354556398
    endloop
  endfacet
  facet normal -0.38268343236510016 0.9238795325112824 -1.32943421051259e-19
    outer loop
      vertex -72.32016261237511 -32.09232433584934 7.487397354556398
      vertex -72.001220900573 -31.96021435321441 7.490208205250758
      vertex -72.001220900573 -31.96021435321441 0
    endloop
  endfacet
  facet normal -0.5224985647159467 0.8526401643540935 -5.833615579090864e-19
    outer loop
      vertex -72.001220900573 -31.96021435321441 7.490208205250758
      vertex -71.70687244495656 -31.779837387624884 7.4940460130292585
      vertex -71.70687244495656 -31.779837387624884 0
    endloop
  endfacet
  facet normal -0.6494480483301759 0.7604059656000375 -3.4174249820536155e-19
    outer loop
      vertex -71.70687244495656 -31.779837387624884 7.4940460130292585
      vertex -71.44436508138959 -31.555634918610405 7.498816278327439
      vertex -71.44436508138959 -31.555634918610405 0
    endloop
  endfacet
  facet normal -0.8526401643540834 -0.5224985647159632 0
    outer loop
      vertex -71.22016261237512 -28.70687244495656 0
      vertex -71.03978564678559 -29.001220900572996 7.5531655127537665
      vertex -71.22016261237512 -28.70687244495656 7.559428245851988
    endloop
  endfacet
  facet normal -0.9238795325112854 -0.3826834323650929 -6.149354848617339e-19
    outer loop
      vertex -70.90767566415066 -29.320162612375114 7.546379518885635
      vertex -71.03978564678559 -29.001220900572996 7.5531655127537665
      vertex -71.03978564678559 -29.001220900572996 0
    endloop
  endfacet
  facet normal -0.9723699203976751 -0.23344536385591175 0
    outer loop
      vertex -70.90767566415066 -29.320162612375114 0
      vertex -70.82708565069069 -29.655844176911494 7.539237357938054
      vertex -70.90767566415066 -29.320162612375114 7.546379518885635
    endloop
  endfacet
  facet normal -0.972369920397675 0.2334453638559117 0
    outer loop
      vertex -70.82708565069069 -30.344155823088506 0
      vertex -70.90767566415066 -30.679837387624886 7.517450268348407
      vertex -70.82708565069069 -30.344155823088506 7.524592429295989
    endloop
  endfacet
  facet normal -0.9969173337331286 -0.07845909572783605 0
    outer loop
      vertex -70.82708565069069 -29.655844176911494 0
      vertex -70.8 -30 7.531914893617021
      vertex -70.82708565069069 -29.655844176911494 7.539237357938054
    endloop
  endfacet
  facet normal -0.9969173337331286 0.07845909572783605 0
    outer loop
      vertex -70.8 -30 0
      vertex -70.82708565069069 -30.344155823088506 7.524592429295989
      vertex -70.8 -30 7.531914893617021
    endloop
  endfacet
  facet normal -0.9238795325112855 0.3826834323650929 0
    outer loop
      vertex -70.90767566415066 -30.679837387624886 0
      vertex -71.03978564678559 -30.998779099427004 7.510664274480277
      vertex -70.90767566415066 -30.679837387624886 7.517450268348407
    endloop
  endfacet
  facet normal -0.8526401643540834 0.5224985647159633 -5.810096604646615e-19
    outer loop
      vertex -71.22016261237512 -31.29312755504344 7.5044015413820535
      vertex -71.03978564678559 -30.998779099427004 7.510664274480277
      vertex -71.03978564678559 -30.998779099427004 0
    endloop
  endfacet
  facet normal 0 0 -1
    outer loop
      vertex -70 -1.2 0
      vertex 70 -4.8 0
      vertex -70 -4.8 0
    endloop
  endfacet
  facet normal 0 0.7071067811865472 -0.7071067811865477
    outer loop
      vertex -70 -1.2 0
      vertex -70 0 1.1999999999999993
      vertex 70 -1.2 0
    endloop
  endfacet
  facet normal 0 0 -1
    outer loop
      vertex -70 -4.8 0
      vertex -20.050657780874822 -32.76640784459648 0
      vertex -20.54356769911446 -32.97057781775955 0
    endloop
  endfacet
  facet normal 0 0 -1
    outer loop
      vertex -70 -4.8 0
      vertex -20.998469857794408 -33.24934221912518 0
      vertex -21.40416305603426 -33.595836943965736 0
    endloop
  endfacet
  facet normal 0 0 -1
    outer loop
      vertex -70 -4.8 0
      vertex -21.40416305603426 -33.595836943965736 0
      vertex -21.75065778087482 -34.00153014220559 0
    endloop
  endfacet
  facet normal 0 0 -1
    outer loop
      vertex -70 -4.8 0
      vertex -21.75065778087482 -34.00153014220559 0
      vertex -22.029422182240452 -34.45643230088554 0
    endloop
  endfacet
  facet normal 0 0 -1
    outer loop
      vertex -70 -4.8 0
      vertex -20.54356769911446 -32.97057781775955 0
      vertex -20.998469857794408 -33.24934221912518 0
    endloop
  endfacet
  facet normal 0 0 -1
    outer loop
      vertex -70 -4.8 0
      vertex -19.531877181136785 -32.64185964197653 0
      vertex -20.050657780874822 -32.76640784459648 0
    endloop
  endfacet
  facet normal 0 0 -1
    outer loop
      vertex -70 -4.8 0
      vertex -19 -32.6 0
      vertex -19.531877181136785 -32.64185964197653 0
    endloop
  endfacet
  facet normal 0 0 -1
    outer loop
      vertex -70 -4.8 0
      vertex 70 -4.8 0
      vertex -19 -32.6 0
    endloop
  endfacet
  facet normal 0 0 -1
    outer loop
      vertex -22.4 -46 0
      vertex -22.35814035802347 -46.531877181136785 0
      vertex -22.4 -66 0
    endloop
  endfacet
  facet normal 0 0 -1
    outer loop
      vertex -22.35814035802347 -46.531877181136785 0
      vertex -22.23359215540352 -47.05065778087482 0
      vertex -22.35814035802347 -65.46812281886322 0
    endloop
  endfacet
  facet normal 0 0 -1
    outer loop
      vertex -22.23359215540352 -47.05065778087482 0
      vertex -22.029422182240452 -47.54356769911446 0
      vertex -22.23359215540352 -64.94934221912519 0
    endloop
  endfacet
  facet normal 0 0 -1
    outer loop
      vertex -22.029422182240452 -47.54356769911446 0
      vertex -21.75065778087482 -47.99846985779441 0
      vertex -22.029422182240452 -64.45643230088554 0
    endloop
  endfacet
  facet normal 0 0 -1
    outer loop
      vertex -21.75065778087482 -47.99846985779441 0
      vertex -21.40416305603426 -48.404163056034264 0
      vertex -21.75065778087482 -64.0015301422056 0
    endloop
  endfacet
  facet normal 0 0 -1
    outer loop
      vertex -21.40416305603426 -48.404163056034264 0
      vertex -20.998469857794408 -48.75065778087482 0
      vertex -21.40416305603426 -63.595836943965736 0
    endloop
  endfacet
  facet normal 0 0 -1
    outer loop
      vertex -20.998469857794408 -48.75065778087482 0
      vertex -20.54356769911446 -49.02942218224045 0
      vertex -20.998469857794408 -63.24934221912518 0
    endloop
  endfacet
  facet normal 0 0 -1
    outer loop
      vertex -20.050657780874822 -49.23359215540352 0
      vertex -20.54356769911446 -62.97057781775955 0
      vertex -20.54356769911446 -49.02942218224045 0
    endloop
  endfacet
  facet normal 0 0 -1
    outer loop
      vertex -20.050657780874822 -49.23359215540352 0
      vertex -19.531877181136785 -49.35814035802347 0
      vertex -20.050657780874822 -62.76640784459648 0
    endloop
  endfacet
  facet normal 0 0 -1
    outer loop
      vertex -19.531877181136785 -49.35814035802347 0
      vertex -19 -49.4 0
      vertex -19.531877181136785 -62.64185964197653 0
    endloop
  endfacet
  facet normal 0.7604059656000295 -0.6494480483301853 0
    outer loop
      vertex -21.40416305603426 -33.595836943965736 6
      vertex -21.75065778087482 -34.00153014220559 0
      vertex -21.40416305603426 -33.595836943965736 0
    endloop
  endfacet
  facet normal 0.9238795325112892 -0.38268343236508395 0
    outer loop
      vertex -22.029422182240452 -34.45643230088554 6
      vertex -22.23359215540352 -34.94934221912518 0
      vertex -22.029422182240452 -34.45643230088554 0
    endloop
  endfacet
  facet normal 0.852640164354091 -0.522498564715951 0
    outer loop
      vertex -21.75065778087482 -34.00153014220559 6
      vertex -22.029422182240452 -34.45643230088554 0
      vertex -21.75065778087482 -34.00153014220559 0
    endloop
  endfacet
  facet normal 0.5224985647159559 -0.852640164354088 0
    outer loop
      vertex -20.54356769911446 -32.97057781775955 0
      vertex -20.54356769911446 -32.97057781775955 6
      vertex -20.998469857794408 -33.24934221912518 0
    endloop
  endfacet
  facet normal 0.3826834323650863 -0.9238795325112882 8.628510466155919e-19
    outer loop
      vertex -20.54356769911446 -32.97057781775955 0
      vertex -20.050657780874822 -32.76640784459648 0
      vertex -20.050657780874822 -32.76640784459648 6
    endloop
  endfacet
  facet normal 0.23344536385590908 -0.9723699203976758 0
    outer loop
      vertex -19.531877181136785 -32.64185964197653 6
      vertex -20.050657780874822 -32.76640784459648 0
      vertex -19.531877181136785 -32.64185964197653 0
    endloop
  endfacet
  facet normal 0.07845909572784047 -0.9969173337331283 0
    outer loop
      vertex -19 -32.6 6
      vertex -19.531877181136785 -32.64185964197653 0
      vertex -19 -32.6 0
    endloop
  endfacet
  facet normal 0.6494480483301777 -0.760405965600036 1.4284736479454121e-19
    outer loop
      vertex -21.40416305603426 -33.595836943965736 0
      vertex -20.998469857794408 -33.24934221912518 0
      vertex -20.998469857794408 -33.24934221912518 6
    endloop
  endfacet
  facet normal 0.9723699203976758 -0.23344536385590908 0
    outer loop
      vertex -22.23359215540352 -34.94934221912518 0
      vertex -22.23359215540352 -34.94934221912518 6
      vertex -22.35814035802347 -35.468122818863215 0
    endloop
  endfacet
  facet normal 0.9969173337331283 -0.07845909572784047 -3.171428551585294e-19
    outer loop
      vertex -22.4 -36 0
      vertex -22.35814035802347 -35.468122818863215 0
      vertex -22.35814035802347 -35.468122818863215 6
    endloop
  endfacet
  facet normal 1 0 0
    outer loop
      vertex -22.4 -46 0
      vertex -22.4 -36 0
      vertex -22.4 -36 6
    endloop
  endfacet
  facet normal 0.9969173337331283 0.07845909572784047 0
    outer loop
      vertex -22.4 -46 0
      vertex -22.4 -46 6
      vertex -22.35814035802347 -46.531877181136785 0
    endloop
  endfacet
  facet normal 0.9723699203976758 0.23344536385590908 0
    outer loop
      vertex -22.35814035802347 -46.531877181136785 0
      vertex -22.35814035802347 -46.531877181136785 6
      vertex -22.23359215540352 -47.05065778087482 0
    endloop
  endfacet
  facet normal 0.9238795325112892 0.38268343236508395 0
    outer loop
      vertex -22.23359215540352 -47.05065778087482 0
      vertex -22.23359215540352 -47.05065778087482 6
      vertex -22.029422182240452 -47.54356769911446 0
    endloop
  endfacet
  facet normal 0.852640164354091 0.522498564715951 0
    outer loop
      vertex -22.029422182240452 -47.54356769911446 0
      vertex -22.029422182240452 -47.54356769911446 6
      vertex -21.75065778087482 -47.99846985779441 0
    endloop
  endfacet
  facet normal 0.7604059656000295 0.6494480483301853 0
    outer loop
      vertex -21.75065778087482 -47.99846985779441 0
      vertex -21.75065778087482 -47.99846985779441 6
      vertex -21.40416305603426 -48.404163056034264 0
    endloop
  endfacet
  facet normal 0.6494480483301777 0.760405965600036 0
    outer loop
      vertex -21.40416305603426 -48.404163056034264 0
      vertex -21.40416305603426 -48.404163056034264 6
      vertex -20.998469857794408 -48.75065778087482 0
    endloop
  endfacet
  facet normal 0.5224985647159559 0.852640164354088 0
    outer loop
      vertex -20.998469857794408 -48.75065778087482 0
      vertex -20.998469857794408 -48.75065778087482 6
      vertex -20.54356769911446 -49.02942218224045 0
    endloop
  endfacet
  facet normal 0.3826834323650863 0.9238795325112882 -8.628510466155919e-19
    outer loop
      vertex -20.050657780874822 -49.23359215540352 0
      vertex -20.54356769911446 -49.02942218224045 0
      vertex -20.54356769911446 -49.02942218224045 6
    endloop
  endfacet
  facet normal 0.23344536385590908 0.9723699203976758 0
    outer loop
      vertex -20.050657780874822 -49.23359215540352 0
      vertex -20.050657780874822 -49.23359215540352 6
      vertex -19.531877181136785 -49.35814035802347 0
    endloop
  endfacet
  facet normal 0.07845909572784047 0.9969173337331283 0
    outer loop
      vertex -19.531877181136785 -49.35814035802347 0
      vertex -19.531877181136785 -49.35814035802347 6
      vertex -19 -49.4 0
    endloop
  endfacet
  facet normal 0 0 -1
    outer loop
      vertex -15.766407844596479 -34.94934221912518 0
      vertex -0.7665288786971313 -46.160327131083825 0
      vertex -15.64185964197653 -35.468122818863215 0
    endloop
  endfacet
  facet normal 0 0 -1
    outer loop
      vertex -15.64185964197653 -35.468122818863215 0
      vertex -0.7665288786971313 -46.160327131083825 0
      vertex -15.6 -36 0
    endloop
  endfacet
  facet normal 0 0 -1
    outer loop
      vertex -18.468122818863215 -32.64185964197653 0
      vertex -19 -32.6 0
      vertex 18.468122818863215 -32.64185964197653 0
    endloop
  endfacet
  facet normal 0 0 -1
    outer loop
      vertex -18.468122818863215 -32.64185964197653 0
      vertex 17.949342219125178 -32.76640784459648 0
      vertex -17.949342219125178 -32.76640784459648 0
    endloop
  endfacet
  facet normal 0 0 -1
    outer loop
      vertex -17.949342219125178 -32.76640784459648 0
      vertex 17.45643230088554 -32.97057781775955 0
      vertex -17.45643230088554 -32.97057781775955 0
    endloop
  endfacet
  facet normal 0 0 -1
    outer loop
      vertex -17.45643230088554 -32.97057781775955 0
      vertex 17.001530142205592 -33.24934221912518 0
      vertex -17.001530142205592 -33.24934221912518 0
    endloop
  endfacet
  facet normal 0 0 -1
    outer loop
      vertex -16.59583694396574 -33.595836943965736 0
      vertex -17.001530142205592 -33.24934221912518 0
      vertex 16.59583694396574 -33.595836943965736 0
    endloop
  endfacet
  facet normal 0 0 -1
    outer loop
      vertex -16.59583694396574 -33.595836943965736 0
      vertex 16.24934221912518 -34.00153014220559 0
      vertex -16.24934221912518 -34.00153014220559 0
    endloop
  endfacet
  facet normal 0 0 -1
    outer loop
      vertex -16.24934221912518 -34.00153014220559 0
      vertex 15.97057781775955 -34.45643230088554 0
      vertex -15.97057781775955 -34.45643230088554 0
    endloop
  endfacet
  facet normal 0 0 -1
    outer loop
      vertex -15.97057781775955 -34.45643230088554 0
      vertex 15.766407844596479 -34.94934221912518 0
      vertex -15.766407844596479 -34.94934221912518 0
    endloop
  endfacet
  facet normal 0 0 -1
    outer loop
      vertex -19 -49.4 0
      vertex -18.468122818863215 -49.35814035802347 0
      vertex -19 -62.6 0
    endloop
  endfacet
  facet normal 0 0 -1
    outer loop
      vertex -18.468122818863215 -49.35814035802347 0
      vertex -17.949342219125178 -49.23359215540352 0
      vertex -18.468122818863215 -62.64185964197653 0
    endloop
  endfacet
  facet normal 0 0 -1
    outer loop
      vertex -17.45643230088554 -49.02942218224045 0
      vertex -17.949342219125178 -62.76640784459648 0
      vertex -17.949342219125178 -49.23359215540352 0
    endloop
  endfacet
  facet normal 0 0 -1
    outer loop
      vertex -17.45643230088554 -49.02942218224045 0
      vertex -17.001530142205592 -48.75065778087482 0
      vertex -17.45643230088554 -62.97057781775955 0
    endloop
  endfacet
  facet normal 0 0 -1
    outer loop
      vertex -17.001530142205592 -48.75065778087482 0
      vertex -16.59583694396574 -48.404163056034264 0
      vertex -17.001530142205592 -63.24934221912518 0
    endloop
  endfacet
  facet normal 0 0 -1
    outer loop
      vertex -16.24934221912518 -47.99846985779441 0
      vertex -16.59583694396574 -63.595836943965736 0
      vertex -16.59583694396574 -48.404163056034264 0
    endloop
  endfacet
  facet normal 0 0 -1
    outer loop
      vertex -15.97057781775955 -47.54356769911446 0
      vertex -16.24934221912518 -64.0015301422056 0
      vertex -16.24934221912518 -47.99846985779441 0
    endloop
  endfacet
  facet normal 0 0 -1
    outer loop
      vertex -15.766407844596479 -47.05065778087482 0
      vertex -15.64185964197653 -46.531877181136785 0
      vertex -15.766407844596479 -64.94934221912519 0
    endloop
  endfacet
  facet normal 0 0 -1
    outer loop
      vertex -15.766407844596479 -47.05065778087482 0
      vertex -15.97057781775955 -64.45643230088554 0
      vertex -15.97057781775955 -47.54356769911446 0
    endloop
  endfacet
  facet normal 0 0 -1
    outer loop
      vertex -15.6 -36 0
      vertex -13.75 -83 0
      vertex -15.6 -46 0
    endloop
  endfacet
  facet normal 0 0 -1
    outer loop
      vertex -15.6 -36 0
      vertex -2.8801477362331185 -47.03581672756276 0
      vertex -3.464823227814083 -47.53517677218592 0
    endloop
  endfacet
  facet normal 0 0 -1
    outer loop
      vertex -15.6 -36 0
      vertex -4.660176929846252 -49.48581672756276 0
      vertex -4.839672868916176 -50.23347112130287 0
    endloop
  endfacet
  facet normal 0 0 -1
    outer loop
      vertex -15.6 -36 0
      vertex -3.9641832724372428 -48.11985226376688 0
      vertex -4.365931968523003 -48.77544655127622 0
    endloop
  endfacet
  facet normal 0 0 -1
    outer loop
      vertex -15.6 -36 0
      vertex -3.464823227814083 -47.53517677218592 0
      vertex -3.9641832724372428 -48.11985226376688 0
    endloop
  endfacet
  facet normal 0 0 -1
    outer loop
      vertex -15.6 -36 0
      vertex -4.365931968523003 -48.77544655127622 0
      vertex -4.660176929846252 -49.48581672756276 0
    endloop
  endfacet
  facet normal 0 0 -1
    outer loop
      vertex -15.6 -36 0
      vertex -0.7665288786971313 -46.160327131083825 0
      vertex -1.5141832724372424 -46.33982307015375 0
    endloop
  endfacet
  facet normal 0 0 -1
    outer loop
      vertex -15.6 -36 0
      vertex -2.2245534487237797 -46.634068031477 0
      vertex -2.8801477362331185 -47.03581672756276 0
    endloop
  endfacet
  facet normal 0 0 -1
    outer loop
      vertex -15.6 -36 0
      vertex -1.5141832724372424 -46.33982307015375 0
      vertex -2.2245534487237797 -46.634068031477 0
    endloop
  endfacet
  facet normal 0 0 -1
    outer loop
      vertex -15.766407844596479 -34.94934221912518 0
      vertex 0 -46.1 0
      vertex -0.7665288786971313 -46.160327131083825 0
    endloop
  endfacet
  facet normal -0.07845909572784047 -0.9969173337331283 0
    outer loop
      vertex -18.468122818863215 -32.64185964197653 6
      vertex -19 -32.6 0
      vertex -18.468122818863215 -32.64185964197653 0
    endloop
  endfacet
  facet normal -0.23344536385590908 -0.9723699203976758 1.5708975184097345e-18
    outer loop
      vertex -18.468122818863215 -32.64185964197653 0
      vertex -17.949342219125178 -32.76640784459648 0
      vertex -17.949342219125178 -32.76640784459648 6
    endloop
  endfacet
  facet normal -0.3826834323650863 -0.9238795325112882 0
    outer loop
      vertex -17.45643230088554 -32.97057781775955 6
      vertex -17.949342219125178 -32.76640784459648 0
      vertex -17.45643230088554 -32.97057781775955 0
    endloop
  endfacet
  facet normal -0.5224985647159559 -0.852640164354088 0
    outer loop
      vertex -17.001530142205592 -33.24934221912518 6
      vertex -17.45643230088554 -32.97057781775955 0
      vertex -17.001530142205592 -33.24934221912518 0
    endloop
  endfacet
  facet normal -0.6494480483301777 -0.760405965600036 0
    outer loop
      vertex -16.59583694396574 -33.595836943965736 6
      vertex -17.001530142205592 -33.24934221912518 0
      vertex -16.59583694396574 -33.595836943965736 0
    endloop
  endfacet
  facet normal -0.7604059656000295 -0.6494480483301853 1.093064045479583e-18
    outer loop
      vertex -16.59583694396574 -33.595836943965736 0
      vertex -16.24934221912518 -34.00153014220559 0
      vertex -16.24934221912518 -34.00153014220559 6
    endloop
  endfacet
  facet normal -0.8526401643540924 -0.5224985647159486 0
    outer loop
      vertex -15.97057781775955 -34.45643230088554 6
      vertex -16.24934221912518 -34.00153014220559 0
      vertex -15.97057781775955 -34.45643230088554 0
    endloop
  endfacet
  facet normal -0.923879532511288 -0.38268343236508673 1.9118009383358077e-18
    outer loop
      vertex -15.97057781775955 -34.45643230088554 0
      vertex -15.766407844596479 -34.94934221912518 0
      vertex -15.766407844596479 -34.94934221912518 6
    endloop
  endfacet
  facet normal -0.9723699203976758 -0.23344536385590908 0
    outer loop
      vertex -15.64185964197653 -35.468122818863215 6
      vertex -15.766407844596479 -34.94934221912518 0
      vertex -15.64185964197653 -35.468122818863215 0
    endloop
  endfacet
  facet normal -0.996917333733128 -0.07845909572784379 0
    outer loop
      vertex -15.6 -36 6
      vertex -15.64185964197653 -35.468122818863215 0
      vertex -15.6 -36 0
    endloop
  endfacet
  facet normal -1 0 0
    outer loop
      vertex -15.6 -36 0
      vertex -15.6 -46 0
      vertex -15.6 -46 6
    endloop
  endfacet
  facet normal -0.5224985647159559 0.852640164354088 0
    outer loop
      vertex -17.45643230088554 -49.02942218224045 0
      vertex -17.45643230088554 -49.02942218224045 6
      vertex -17.001530142205592 -48.75065778087482 0
    endloop
  endfacet
  facet normal -0.6494480483301777 0.760405965600036 0
    outer loop
      vertex -17.001530142205592 -48.75065778087482 0
      vertex -17.001530142205592 -48.75065778087482 6
      vertex -16.59583694396574 -48.404163056034264 0
    endloop
  endfacet
  facet normal -0.996917333733128 0.07845909572784379 3.088959496166119e-20
    outer loop
      vertex -15.6 -46 0
      vertex -15.64185964197653 -46.531877181136785 0
      vertex -15.64185964197653 -46.531877181136785 6
    endloop
  endfacet
  facet normal -0.9723699203976758 0.23344536385590908 0
    outer loop
      vertex -15.766407844596479 -47.05065778087482 0
      vertex -15.766407844596479 -47.05065778087482 6
      vertex -15.64185964197653 -46.531877181136785 0
    endloop
  endfacet
  facet normal -0.8526401643540924 0.5224985647159486 3.296432577419694e-18
    outer loop
      vertex -15.97057781775955 -47.54356769911446 0
      vertex -16.24934221912518 -47.99846985779441 0
      vertex -16.24934221912518 -47.99846985779441 6
    endloop
  endfacet
  facet normal -0.923879532511288 0.38268343236508673 -1.9118009383358077e-18
    outer loop
      vertex -15.766407844596479 -47.05065778087482 0
      vertex -15.97057781775955 -47.54356769911446 0
      vertex -15.97057781775955 -47.54356769911446 6
    endloop
  endfacet
  facet normal -0.7604059656000295 0.6494480483301853 -1.093064045479583e-18
    outer loop
      vertex -16.24934221912518 -47.99846985779441 0
      vertex -16.59583694396574 -48.404163056034264 0
      vertex -16.59583694396574 -48.404163056034264 6
    endloop
  endfacet
  facet normal -0.07845909572784047 0.9969173337331283 0
    outer loop
      vertex -19 -49.4 0
      vertex -19 -49.4 6
      vertex -18.468122818863215 -49.35814035802347 0
    endloop
  endfacet
  facet normal -0.23344536385590908 0.9723699203976758 0
    outer loop
      vertex -18.468122818863215 -49.35814035802347 0
      vertex -18.468122818863215 -49.35814035802347 6
      vertex -17.949342219125178 -49.23359215540352 0
    endloop
  endfacet
  facet normal -0.3826834323650863 0.9238795325112882 8.628510466155919e-19
    outer loop
      vertex -17.45643230088554 -49.02942218224045 0
      vertex -17.949342219125178 -49.23359215540352 0
      vertex -17.949342219125178 -49.23359215540352 6
    endloop
  endfacet
  facet normal 0.6494480483301837 -0.7604059656000309 0
    outer loop
      vertex -2.8801477362331185 -47.03581672756276 6
      vertex -3.464823227814083 -47.53517677218592 0
      vertex -2.8801477362331185 -47.03581672756276 0
    endloop
  endfacet
  facet normal 0.5224985647159499 -0.8526401643540917 0
    outer loop
      vertex -2.2245534487237797 -46.634068031477 6
      vertex -2.8801477362331185 -47.03581672756276 0
      vertex -2.2245534487237797 -46.634068031477 0
    endloop
  endfacet
  facet normal 0.7604059656000283 -0.6494480483301868 -2.9142640924550326e-18
    outer loop
      vertex -3.9641832724372428 -48.11985226376688 0
      vertex -3.464823227814083 -47.53517677218592 0
      vertex -3.464823227814083 -47.53517677218592 6
    endloop
  endfacet
  facet normal 0.8526401643540918 -0.5224985647159496 0
    outer loop
      vertex -3.9641832724372428 -48.11985226376688 6
      vertex -4.365931968523003 -48.77544655127622 0
      vertex -3.9641832724372428 -48.11985226376688 0
    endloop
  endfacet
  facet normal 0.38268343236509095 -0.9238795325112863 0
    outer loop
      vertex -1.5141832724372424 -46.33982307015375 6
      vertex -2.2245534487237797 -46.634068031477 0
      vertex -1.5141832724372424 -46.33982307015375 0
    endloop
  endfacet
  facet normal 0.23344536385590664 -0.9723699203976764 0
    outer loop
      vertex -0.7665288786971313 -46.160327131083825 6
      vertex -1.5141832724372424 -46.33982307015375 0
      vertex -0.7665288786971313 -46.160327131083825 0
    endloop
  endfacet
  facet normal 0.07845909572784322 -0.9969173337331281 0
    outer loop
      vertex 0 -46.1 6
      vertex -0.7665288786971313 -46.160327131083825 0
      vertex 0 -46.1 0
    endloop
  endfacet
  facet normal 0.9969173337331281 -0.07845909572784449 0
    outer loop
      vertex -4.839672868916176 -50.23347112130287 0
      vertex -4.839672868916176 -50.23347112130287 6
      vertex -4.9 -51 0
    endloop
  endfacet
  facet normal 0.9969173337331281 0.07845909572784449 0
    outer loop
      vertex -4.9 -51 0
      vertex -4.9 -51 6
      vertex -4.839672868916176 -51.76652887869713 0
    endloop
  endfacet
  facet normal 0.9723699203976766 0.233445363855906 0
    outer loop
      vertex -4.839672868916176 -51.76652887869713 0
      vertex -4.839672868916176 -51.76652887869713 6
      vertex -4.660176929846252 -52.51418327243724 0
    endloop
  endfacet
  facet normal 0.9238795325112873 -0.38268343236508845 0
    outer loop
      vertex -4.365931968523003 -48.77544655127622 6
      vertex -4.660176929846252 -49.48581672756276 0
      vertex -4.365931968523003 -48.77544655127622 0
    endloop
  endfacet
  facet normal 0.9723699203976766 -0.233445363855906 0
    outer loop
      vertex -4.660176929846252 -49.48581672756276 6
      vertex -4.839672868916176 -50.23347112130287 0
      vertex -4.660176929846252 -49.48581672756276 0
    endloop
  endfacet
  facet normal 0.9238795325112873 0.38268343236508845 0
    outer loop
      vertex -4.660176929846252 -52.51418327243724 0
      vertex -4.660176929846252 -52.51418327243724 6
      vertex -4.365931968523003 -53.22455344872378 0
    endloop
  endfacet
  facet normal 0.8526401643540918 0.5224985647159496 0
    outer loop
      vertex -4.365931968523003 -53.22455344872378 0
      vertex -4.365931968523003 -53.22455344872378 6
      vertex -3.9641832724372428 -53.88014773623312 0
    endloop
  endfacet
  facet normal 0.7604059656000283 0.6494480483301868 0
    outer loop
      vertex -3.9641832724372428 -53.88014773623312 0
      vertex -3.9641832724372428 -53.88014773623312 6
      vertex -3.464823227814083 -54.46482322781408 0
    endloop
  endfacet
  facet normal 0.6494480483301837 0.7604059656000309 0
    outer loop
      vertex -3.464823227814083 -54.46482322781408 0
      vertex -3.464823227814083 -54.46482322781408 6
      vertex -2.8801477362331185 -54.96418327243724 0
    endloop
  endfacet
  facet normal 0.5224985647159499 0.8526401643540917 -4.249209623775715e-18
    outer loop
      vertex -2.2245534487237797 -55.365931968523 0
      vertex -2.8801477362331185 -54.96418327243724 0
      vertex -2.8801477362331185 -54.96418327243724 6
    endloop
  endfacet
  facet normal 0.38268343236509095 0.9238795325112863 2.222327943149481e-18
    outer loop
      vertex -1.5141832724372424 -55.66017692984625 0
      vertex -2.2245534487237797 -55.365931968523 0
      vertex -2.2245534487237797 -55.365931968523 6
    endloop
  endfacet
  facet normal 0.23344536385590664 0.9723699203976764 -8.042046252981071e-19
    outer loop
      vertex -0.7665288786971313 -55.839672868916175 0
      vertex -1.5141832724372424 -55.66017692984625 0
      vertex -1.5141832724372424 -55.66017692984625 6
    endloop
  endfacet
  facet normal 0.07845909572784322 0.9969173337331281 0
    outer loop
      vertex -0.7665288786971313 -55.839672868916175 0
      vertex -0.7665288786971313 -55.839672868916175 6
      vertex 0 -55.9 0
    endloop
  endfacet
  facet normal 0 1 0
    outer loop
      vertex -70 0 1.1999999999999993
      vertex -56.45643230088554 0 6.970577817759549
      vertex 70 0 1.5080213903743314
    endloop
  endfacet
  facet normal 0 1 0
    outer loop
      vertex 70 0 1.5080213903743314
      vertex -56.45643230088554 0 6.970577817759549
      vertex -42 0 6.6
    endloop
  endfacet
  facet normal 0.7604059656000295 -0.6494480483301853 0
    outer loop
      vertex -21.75065778087482 -34.00153014220559 6
      vertex -21.75065778087482 -34.00153014220559 0
      vertex -21.40416305603426 -33.595836943965736 6
    endloop
  endfacet
  facet normal 0.9238795325112892 -0.38268343236508395 0
    outer loop
      vertex -22.23359215540352 -34.94934221912518 6
      vertex -22.23359215540352 -34.94934221912518 0
      vertex -22.029422182240452 -34.45643230088554 6
    endloop
  endfacet
  facet normal 0.852640164354091 -0.522498564715951 0
    outer loop
      vertex -22.029422182240452 -34.45643230088554 6
      vertex -22.029422182240452 -34.45643230088554 0
      vertex -21.75065778087482 -34.00153014220559 6
    endloop
  endfacet
  facet normal 0.5224985647159559 -0.852640164354088 -2.4156020392218567e-18
    outer loop
      vertex -20.54356769911446 -32.97057781775955 6
      vertex -20.998469857794408 -33.24934221912518 6
      vertex -20.998469857794408 -33.24934221912518 0
    endloop
  endfacet
  facet normal 0.3826834323650863 -0.9238795325112882 0
    outer loop
      vertex -20.54356769911446 -32.97057781775955 6
      vertex -20.54356769911446 -32.97057781775955 0
      vertex -20.050657780874822 -32.76640784459648 6
    endloop
  endfacet
  facet normal 0.23344536385590908 -0.9723699203976758 -1.5708975184097345e-18
    outer loop
      vertex -19.531877181136785 -32.64185964197653 6
      vertex -20.050657780874822 -32.76640784459648 6
      vertex -20.050657780874822 -32.76640784459648 0
    endloop
  endfacet
  facet normal 0.07845909572784047 -0.9969173337331283 -3.171428551585294e-19
    outer loop
      vertex -19 -32.6 6
      vertex -19.531877181136785 -32.64185964197653 6
      vertex -19.531877181136785 -32.64185964197653 0
    endloop
  endfacet
  facet normal 0.6494480483301777 -0.760405965600036 0
    outer loop
      vertex -21.40416305603426 -33.595836943965736 6
      vertex -21.40416305603426 -33.595836943965736 0
      vertex -20.998469857794408 -33.24934221912518 6
    endloop
  endfacet
  facet normal 0.9723699203976758 -0.23344536385590908 -1.5708975184097345e-18
    outer loop
      vertex -22.23359215540352 -34.94934221912518 6
      vertex -22.35814035802347 -35.468122818863215 6
      vertex -22.35814035802347 -35.468122818863215 0
    endloop
  endfacet
  facet normal 0.9969173337331283 -0.07845909572784047 0
    outer loop
      vertex -22.4 -36 6
      vertex -22.4 -36 0
      vertex -22.35814035802347 -35.468122818863215 6
    endloop
  endfacet
  facet normal 1 0 0
    outer loop
      vertex -22.4 -46 0
      vertex -22.4 -36 6
      vertex -22.4 -46 6
    endloop
  endfacet
  facet normal 0.9969173337331283 0.07845909572784047 0
    outer loop
      vertex -22.35814035802347 -46.531877181136785 0
      vertex -22.4 -46 6
      vertex -22.35814035802347 -46.531877181136785 6
    endloop
  endfacet
  facet normal 0.9723699203976758 0.23344536385590908 0
    outer loop
      vertex -22.23359215540352 -47.05065778087482 0
      vertex -22.35814035802347 -46.531877181136785 6
      vertex -22.23359215540352 -47.05065778087482 6
    endloop
  endfacet
  facet normal 0.9238795325112892 0.38268343236508395 0
    outer loop
      vertex -22.029422182240452 -47.54356769911446 0
      vertex -22.23359215540352 -47.05065778087482 6
      vertex -22.029422182240452 -47.54356769911446 6
    endloop
  endfacet
  facet normal 0.852640164354091 0.522498564715951 0
    outer loop
      vertex -21.75065778087482 -47.99846985779441 0
      vertex -22.029422182240452 -47.54356769911446 6
      vertex -21.75065778087482 -47.99846985779441 6
    endloop
  endfacet
  facet normal 0.7604059656000295 0.6494480483301853 0
    outer loop
      vertex -21.40416305603426 -48.404163056034264 0
      vertex -21.75065778087482 -47.99846985779441 6
      vertex -21.40416305603426 -48.404163056034264 6
    endloop
  endfacet
  facet normal 0.6494480483301777 0.760405965600036 0
    outer loop
      vertex -20.998469857794408 -48.75065778087482 0
      vertex -21.40416305603426 -48.404163056034264 6
      vertex -20.998469857794408 -48.75065778087482 6
    endloop
  endfacet
  facet normal 0.5224985647159559 0.852640164354088 0
    outer loop
      vertex -20.54356769911446 -49.02942218224045 0
      vertex -20.998469857794408 -48.75065778087482 6
      vertex -20.54356769911446 -49.02942218224045 6
    endloop
  endfacet
  facet normal 0.3826834323650863 0.9238795325112882 0
    outer loop
      vertex -20.050657780874822 -49.23359215540352 0
      vertex -20.54356769911446 -49.02942218224045 6
      vertex -20.050657780874822 -49.23359215540352 6
    endloop
  endfacet
  facet normal 0.23344536385590908 0.9723699203976758 0
    outer loop
      vertex -19.531877181136785 -49.35814035802347 0
      vertex -20.050657780874822 -49.23359215540352 6
      vertex -19.531877181136785 -49.35814035802347 6
    endloop
  endfacet
  facet normal 0.07845909572784047 0.9969173337331283 0
    outer loop
      vertex -19 -49.4 0
      vertex -19.531877181136785 -49.35814035802347 6
      vertex -19 -49.4 6
    endloop
  endfacet
  facet normal -0.07845909572784047 -0.9969173337331283 0
    outer loop
      vertex -19 -32.6 6
      vertex -19 -32.6 0
      vertex -18.468122818863215 -32.64185964197653 6
    endloop
  endfacet
  facet normal -0.23344536385590908 -0.9723699203976758 0
    outer loop
      vertex -18.468122818863215 -32.64185964197653 6
      vertex -18.468122818863215 -32.64185964197653 0
      vertex -17.949342219125178 -32.76640784459648 6
    endloop
  endfacet
  facet normal -0.3826834323650863 -0.9238795325112882 -8.628510466155919e-19
    outer loop
      vertex -17.45643230088554 -32.97057781775955 6
      vertex -17.949342219125178 -32.76640784459648 6
      vertex -17.949342219125178 -32.76640784459648 0
    endloop
  endfacet
  facet normal -0.5224985647159559 -0.852640164354088 2.4156020392218567e-18
    outer loop
      vertex -17.001530142205592 -33.24934221912518 6
      vertex -17.45643230088554 -32.97057781775955 6
      vertex -17.45643230088554 -32.97057781775955 0
    endloop
  endfacet
  facet normal -0.6494480483301777 -0.760405965600036 0
    outer loop
      vertex -17.001530142205592 -33.24934221912518 6
      vertex -17.001530142205592 -33.24934221912518 0
      vertex -16.59583694396574 -33.595836943965736 6
    endloop
  endfacet
  facet normal -0.7604059656000295 -0.6494480483301853 0
    outer loop
      vertex -16.59583694396574 -33.595836943965736 6
      vertex -16.59583694396574 -33.595836943965736 0
      vertex -16.24934221912518 -34.00153014220559 6
    endloop
  endfacet
  facet normal -0.8526401643540924 -0.5224985647159486 -3.296432577419694e-18
    outer loop
      vertex -15.97057781775955 -34.45643230088554 6
      vertex -16.24934221912518 -34.00153014220559 6
      vertex -16.24934221912518 -34.00153014220559 0
    endloop
  endfacet
  facet normal -0.923879532511288 -0.38268343236508673 0
    outer loop
      vertex -15.97057781775955 -34.45643230088554 6
      vertex -15.97057781775955 -34.45643230088554 0
      vertex -15.766407844596479 -34.94934221912518 6
    endloop
  endfacet
  facet normal -0.9723699203976758 -0.23344536385590908 1.5708975184097345e-18
    outer loop
      vertex -15.64185964197653 -35.468122818863215 6
      vertex -15.766407844596479 -34.94934221912518 6
      vertex -15.766407844596479 -34.94934221912518 0
    endloop
  endfacet
  facet normal -0.996917333733128 -0.07845909572784379 -3.088959496166119e-20
    outer loop
      vertex -15.6 -36 6
      vertex -15.64185964197653 -35.468122818863215 6
      vertex -15.64185964197653 -35.468122818863215 0
    endloop
  endfacet
  facet normal -1 0 0
    outer loop
      vertex -15.6 -36 6
      vertex -15.6 -36 0
      vertex -15.6 -46 6
    endloop
  endfacet
  facet normal -0.6494480483301777 0.760405965600036 0
    outer loop
      vertex -16.59583694396574 -48.404163056034264 0
      vertex -17.001530142205592 -48.75065778087482 6
      vertex -16.59583694396574 -48.404163056034264 6
    endloop
  endfacet
  facet normal -0.5224985647159559 0.852640164354088 0
    outer loop
      vertex -17.001530142205592 -48.75065778087482 0
      vertex -17.45643230088554 -49.02942218224045 6
      vertex -17.001530142205592 -48.75065778087482 6
    endloop
  endfacet
  facet normal -0.996917333733128 0.07845909572784379 0
    outer loop
      vertex -15.6 -46 0
      vertex -15.64185964197653 -46.531877181136785 6
      vertex -15.6 -46 6
    endloop
  endfacet
  facet normal -0.9723699203976758 0.23344536385590908 0
    outer loop
      vertex -15.64185964197653 -46.531877181136785 0
      vertex -15.766407844596479 -47.05065778087482 6
      vertex -15.64185964197653 -46.531877181136785 6
    endloop
  endfacet
  facet normal -0.923879532511288 0.38268343236508673 0
    outer loop
      vertex -15.766407844596479 -47.05065778087482 0
      vertex -15.97057781775955 -47.54356769911446 6
      vertex -15.766407844596479 -47.05065778087482 6
    endloop
  endfacet
  facet normal -0.8526401643540924 0.5224985647159486 0
    outer loop
      vertex -15.97057781775955 -47.54356769911446 0
      vertex -16.24934221912518 -47.99846985779441 6
      vertex -15.97057781775955 -47.54356769911446 6
    endloop
  endfacet
  facet normal -0.7604059656000295 0.6494480483301853 0
    outer loop
      vertex -16.24934221912518 -47.99846985779441 0
      vertex -16.59583694396574 -48.404163056034264 6
      vertex -16.24934221912518 -47.99846985779441 6
    endloop
  endfacet
  facet normal -0.07845909572784047 0.9969173337331283 -3.171428551585294e-19
    outer loop
      vertex -19 -49.4 6
      vertex -18.468122818863215 -49.35814035802347 6
      vertex -18.468122818863215 -49.35814035802347 0
    endloop
  endfacet
  facet normal -0.23344536385590908 0.9723699203976758 0
    outer loop
      vertex -17.949342219125178 -49.23359215540352 0
      vertex -18.468122818863215 -49.35814035802347 6
      vertex -17.949342219125178 -49.23359215540352 6
    endloop
  endfacet
  facet normal -0.3826834323650863 0.9238795325112882 0
    outer loop
      vertex -17.45643230088554 -49.02942218224045 0
      vertex -17.949342219125178 -49.23359215540352 6
      vertex -17.45643230088554 -49.02942218224045 6
    endloop
  endfacet
  facet normal 0.5224985647159499 -0.8526401643540917 4.249209623775715e-18
    outer loop
      vertex -2.2245534487237797 -46.634068031477 6
      vertex -2.8801477362331185 -47.03581672756276 6
      vertex -2.8801477362331185 -47.03581672756276 0
    endloop
  endfacet
  facet normal 0.7604059656000283 -0.6494480483301868 0
    outer loop
      vertex -3.9641832724372428 -48.11985226376688 6
      vertex -3.9641832724372428 -48.11985226376688 0
      vertex -3.464823227814083 -47.53517677218592 6
    endloop
  endfacet
  facet normal 0.8526401643540918 -0.5224985647159496 0
    outer loop
      vertex -4.365931968523003 -48.77544655127622 6
      vertex -4.365931968523003 -48.77544655127622 0
      vertex -3.9641832724372428 -48.11985226376688 6
    endloop
  endfacet
  facet normal 0.6494480483301837 -0.7604059656000309 -3.59189307719524e-18
    outer loop
      vertex -2.8801477362331185 -47.03581672756276 6
      vertex -3.464823227814083 -47.53517677218592 6
      vertex -3.464823227814083 -47.53517677218592 0
    endloop
  endfacet
  facet normal 0.23344536385590664 -0.9723699203976764 8.042046252981071e-19
    outer loop
      vertex -0.7665288786971313 -46.160327131083825 6
      vertex -1.5141832724372424 -46.33982307015375 6
      vertex -1.5141832724372424 -46.33982307015375 0
    endloop
  endfacet
  facet normal 0.38268343236509095 -0.9238795325112863 -2.222327943149481e-18
    outer loop
      vertex -1.5141832724372424 -46.33982307015375 6
      vertex -2.2245534487237797 -46.634068031477 6
      vertex -2.2245534487237797 -46.634068031477 0
    endloop
  endfacet
  facet normal 0.07845909572784322 -0.9969173337331281 2.5144943238762614e-19
    outer loop
      vertex 0 -46.1 6
      vertex -0.7665288786971313 -46.160327131083825 6
      vertex -0.7665288786971313 -46.160327131083825 0
    endloop
  endfacet
  facet normal 0.9723699203976766 -0.233445363855906 0
    outer loop
      vertex -4.839672868916176 -50.23347112130287 0
      vertex -4.660176929846252 -49.48581672756276 6
      vertex -4.839672868916176 -50.23347112130287 6
    endloop
  endfacet
  facet normal 0.9969173337331281 -0.07845909572784449 0
    outer loop
      vertex -4.9 -51 0
      vertex -4.839672868916176 -50.23347112130287 6
      vertex -4.9 -51 6
    endloop
  endfacet
  facet normal 0.9969173337331281 0.07845909572784449 0
    outer loop
      vertex -4.839672868916176 -51.76652887869713 0
      vertex -4.9 -51 6
      vertex -4.839672868916176 -51.76652887869713 6
    endloop
  endfacet
  facet normal 0.9238795325112873 -0.38268343236508845 0
    outer loop
      vertex -4.660176929846252 -49.48581672756276 6
      vertex -4.660176929846252 -49.48581672756276 0
      vertex -4.365931968523003 -48.77544655127622 6
    endloop
  endfacet
  facet normal 0.9723699203976766 0.233445363855906 0
    outer loop
      vertex -4.660176929846252 -52.51418327243724 0
      vertex -4.839672868916176 -51.76652887869713 6
      vertex -4.660176929846252 -52.51418327243724 6
    endloop
  endfacet
  facet normal 0.9238795325112873 0.38268343236508845 0
    outer loop
      vertex -4.365931968523003 -53.22455344872378 0
      vertex -4.660176929846252 -52.51418327243724 6
      vertex -4.365931968523003 -53.22455344872378 6
    endloop
  endfacet
  facet normal 0.8526401643540918 0.5224985647159496 -5.242046970425881e-18
    outer loop
      vertex -4.365931968523003 -53.22455344872378 6
      vertex -3.9641832724372428 -53.88014773623312 6
      vertex -3.9641832724372428 -53.88014773623312 0
    endloop
  endfacet
  facet normal 0.7604059656000283 0.6494480483301868 0
    outer loop
      vertex -3.464823227814083 -54.46482322781408 0
      vertex -3.9641832724372428 -53.88014773623312 6
      vertex -3.464823227814083 -54.46482322781408 6
    endloop
  endfacet
  facet normal 0.6494480483301837 0.7604059656000309 0
    outer loop
      vertex -2.8801477362331185 -54.96418327243724 0
      vertex -3.464823227814083 -54.46482322781408 6
      vertex -2.8801477362331185 -54.96418327243724 6
    endloop
  endfacet
  facet normal 0.5224985647159499 0.8526401643540917 0
    outer loop
      vertex -2.2245534487237797 -55.365931968523 0
      vertex -2.8801477362331185 -54.96418327243724 6
      vertex -2.2245534487237797 -55.365931968523 6
    endloop
  endfacet
  facet normal 0.38268343236509095 0.9238795325112863 2.222327943149481e-18
    outer loop
      vertex -2.2245534487237797 -55.365931968523 6
      vertex -1.5141832724372424 -55.66017692984625 6
      vertex -1.5141832724372424 -55.66017692984625 0
    endloop
  endfacet
  facet normal 0.23344536385590664 0.9723699203976764 0
    outer loop
      vertex -0.7665288786971313 -55.839672868916175 0
      vertex -1.5141832724372424 -55.66017692984625 6
      vertex -0.7665288786971313 -55.839672868916175 6
    endloop
  endfacet
  facet normal 0.07845909572784322 0.9969173337331281 0
    outer loop
      vertex 0 -55.9 0
      vertex -0.7665288786971313 -55.839672868916175 6
      vertex 0 -55.9 6
    endloop
  endfacet
  facet normal 0 0 -1
    outer loop
      vertex -70 -4.8 0
      vertex -64.5 -82 0
      vertex -69.5 -82 0
    endloop
  endfacet
  facet normal -1 0 0
    outer loop
      vertex -76 0 0
      vertex -76 -102 0
      vertex -76 -102 1.5
    endloop
  endfacet
  facet normal 0 0 -1
    outer loop
      vertex -70 -4.8 0
      vertex -69.5 -82 0
      vertex -69.5 -108 0
    endloop
  endfacet
  facet normal 0 0 -1
    outer loop
      vertex -70 -4.8 0
      vertex -61.25 -83 0
      vertex -64.5 -82 0
    endloop
  endfacet
  facet normal 0 0 -1
    outer loop
      vertex -70 -4.8 0
      vertex -58.002404735808355 -84.875 0
      vertex -61.25 -83 0
    endloop
  endfacet
  facet normal 0 0 -1
    outer loop
      vertex -70 -4.8 0
      vertex -54.997595264191645 -84.875 0
      vertex -58.002404735808355 -84.875 0
    endloop
  endfacet
  facet normal 0 0 -1
    outer loop
      vertex -70 -4.8 0
      vertex -51.75 -83 0
      vertex -54.997595264191645 -84.875 0
    endloop
  endfacet
  facet normal 0 0 -1
    outer loop
      vertex -70 -4.8 0
      vertex -69.5 -108 0
      vertex -70 -102 0
    endloop
  endfacet
  facet normal 0 0 -1
    outer loop
      vertex -76 -102 0
      vertex -71.44436508138959 -31.555634918610405 0
      vertex -74.5 -102 0
    endloop
  endfacet
  facet normal 0 0 -1
    outer loop
      vertex -74.5 -102 0
      vertex -71.22016261237512 -31.29312755504344 0
      vertex -70 -102 0
    endloop
  endfacet
  facet normal 0 0 -1
    outer loop
      vertex -64.49759526419165 -84.875 0
      vertex -64.5 -82 0
      vertex -61.25 -83 0
    endloop
  endfacet
  facet normal -1 0 0
    outer loop
      vertex -76 -4.8 1.5
      vertex -76 -102 1.5
      vertex -76 -110.5 4.5
    endloop
  endfacet
  facet normal 0 -1 0
    outer loop
      vertex -69.5 -82 0
      vertex -64.5 -82 0
      vertex -64.5 -82 6
    endloop
  endfacet
  facet normal 0.5 -0.8660254037844387 0
    outer loop
      vertex -64.49759526419165 -84.875 0
      vertex -61.25 -83 0
      vertex -61.25 -83 6
    endloop
  endfacet
  facet normal 0 0 -1
    outer loop
      vertex -70 -4.8 0
      vertex -48.502404735808355 -84.875 0
      vertex -51.75 -83 0
    endloop
  endfacet
  facet normal 0 0 -1
    outer loop
      vertex -70 -4.8 0
      vertex -45.497595264191645 -84.875 0
      vertex -48.502404735808355 -84.875 0
    endloop
  endfacet
  facet normal 0 0 -1
    outer loop
      vertex -70 -4.8 0
      vertex -42.25 -83 0
      vertex -45.497595264191645 -84.875 0
    endloop
  endfacet
  facet normal 0.5 -0.8660254037844387 0
    outer loop
      vertex -54.997595264191645 -84.875 0
      vertex -51.75 -83 0
      vertex -51.75 -83 6
    endloop
  endfacet
  facet normal 0.5 -0.8660254037844387 0
    outer loop
      vertex -45.497595264191645 -84.875 0
      vertex -42.25 -83 0
      vertex -42.25 -83 6
    endloop
  endfacet
  facet normal 0 0 -1
    outer loop
      vertex -58.002404735808355 -88.625 0
      vertex -59.747595264191645 -93.102 0
      vertex -61.25 -90.5 0
    endloop
  endfacet
  facet normal 0 0 -1
    outer loop
      vertex -58.002404735808355 -84.875 0
      vertex -56.5 -91.227 0
      vertex -58.002404735808355 -88.625 0
    endloop
  endfacet
  facet normal 0 0 -1
    outer loop
      vertex -58.002404735808355 -88.625 0
      vertex -56.5 -91.227 0
      vertex -59.747595264191645 -93.102 0
    endloop
  endfacet
  facet normal 0 0 -1
    outer loop
      vertex -64.5 -108 0
      vertex -64.5 -82 0
      vertex -64.49759526419165 -84.875 0
    endloop
  endfacet
  facet normal 0 0 -1
    outer loop
      vertex -64.5 -108 0
      vertex -64.49759526419165 -84.875 0
      vertex -64.49759526419165 -88.625 0
    endloop
  endfacet
  facet normal 0 0 -1
    outer loop
      vertex -64.5 -108 0
      vertex -64.49759526419165 -88.625 0
      vertex -61.25 -90.5 0
    endloop
  endfacet
  facet normal 0 0 -1
    outer loop
      vertex -64.5 -108 0
      vertex -61.25 -90.5 0
      vertex -59.747595264191645 -93.102 0
    endloop
  endfacet
  facet normal 0 0 -1
    outer loop
      vertex -74.5 -102 0
      vertex -70 -102 0
      vertex -74.5 -110.5 0
    endloop
  endfacet
  facet normal 0 -1 0
    outer loop
      vertex -76 -102 0
      vertex -74.5 -102 0
      vertex -76 -102 1.5
    endloop
  endfacet
  facet normal 0 0 -1
    outer loop
      vertex -70 -102 0
      vertex -69.5 -108 0
      vertex -74.5 -110.5 0
    endloop
  endfacet
  facet normal -0.7071067811865476 0 -0.7071067811865476
    outer loop
      vertex -74.5 -102 0
      vertex -74.5 -110.5 0
      vertex -76 -110.5 1.5
    endloop
  endfacet
  facet normal 0 0 -1
    outer loop
      vertex -74.5 -110.5 0
      vertex -69.5 -108 0
      vertex -64.5 -108 0
    endloop
  endfacet
  facet normal -0.7071067811865476 0 -0.7071067811865476
    outer loop
      vertex -74.5 -102 0
      vertex -76 -110.5 1.5
      vertex -76 -102 1.5
    endloop
  endfacet
  facet normal -0.5773502691896257 -0.5773502691896257 -0.5773502691896257
    outer loop
      vertex -74.5 -110.5 0
      vertex -74.5 -112 1.5
      vertex -76 -110.5 1.5
    endloop
  endfacet
  facet normal 0 0 -1
    outer loop
      vertex -64.5 -108 0
      vertex -59.747595264191645 -93.102 0
      vertex -59.747595264191645 -96.852 0
    endloop
  endfacet
  facet normal 0 0 -1
    outer loop
      vertex -64.5 -108 0
      vertex -59.747595264191645 -96.852 0
      vertex -56.5 -98.727 0
    endloop
  endfacet
  facet normal 1 0 0
    outer loop
      vertex -69.5 -82 0
      vertex -69.5 -82 6
      vertex -69.5 -108 0
    endloop
  endfacet
  facet normal 1 0 0
    outer loop
      vertex -64.49759526419165 -88.625 0
      vertex -64.49759526419165 -84.875 0
      vertex -64.49759526419165 -84.875 6
    endloop
  endfacet
  facet normal 0.5 0.8660254037844387 0
    outer loop
      vertex -64.49759526419165 -88.625 0
      vertex -64.49759526419165 -88.625 6
      vertex -61.25 -90.5 0
    endloop
  endfacet
  facet normal -0.5 -0.8660254037844387 0
    outer loop
      vertex -61.25 -83 0
      vertex -58.002404735808355 -84.875 0
      vertex -58.002404735808355 -84.875 6
    endloop
  endfacet
  facet normal -1 0 0
    outer loop
      vertex -58.002404735808355 -84.875 0
      vertex -58.002404735808355 -88.625 0
      vertex -58.002404735808355 -88.625 6
    endloop
  endfacet
  facet normal -0.5 0.8660254037844387 0
    outer loop
      vertex -58.002404735808355 -88.625 0
      vertex -61.25 -90.5 0
      vertex -61.25 -90.5 6
    endloop
  endfacet
  facet normal 1 0 0
    outer loop
      vertex -59.747595264191645 -96.852 0
      vertex -59.747595264191645 -93.102 0
      vertex -59.747595264191645 -93.102 6
    endloop
  endfacet
  facet normal 0.5 -0.8660254037844387 0
    outer loop
      vertex -59.747595264191645 -93.102 0
      vertex -56.5 -91.227 0
      vertex -56.5 -91.227 6
    endloop
  endfacet
  facet normal 0.5 0.8660254037844387 0
    outer loop
      vertex -59.747595264191645 -96.852 0
      vertex -59.747595264191645 -96.852 6
      vertex -56.5 -98.727 0
    endloop
  endfacet
  facet normal 0 1 0
    outer loop
      vertex -69.5 -108 0
      vertex -69.5 -108 6
      vertex -64.5 -108 0
    endloop
  endfacet
  facet normal -1 0 0
    outer loop
      vertex -76 -102 1.5
      vertex -76 -110.5 1.5
      vertex -76 -110.5 4.5
    endloop
  endfacet
  facet normal -0.7071067811865476 -0.7071067811865476 0
    outer loop
      vertex -76 -110.5 1.5
      vertex -74.5 -112 1.5
      vertex -74.5 -112 4.5
    endloop
  endfacet
  facet normal -1 0 0
    outer loop
      vertex -64.5 -108 0
      vertex -64.5 -108 6
      vertex -64.5 -82 0
    endloop
  endfacet
  facet normal 0 0 -1
    outer loop
      vertex -58.002404735808355 -84.875 0
      vertex -54.997595264191645 -84.875 0
      vertex -56.5 -91.227 0
    endloop
  endfacet
  facet normal 0 0 -1
    outer loop
      vertex -54.997595264191645 -88.625 0
      vertex -56.5 -91.227 0
      vertex -54.997595264191645 -84.875 0
    endloop
  endfacet
  facet normal 0 0 -1
    outer loop
      vertex -54.997595264191645 -88.625 0
      vertex -51.75 -90.5 0
      vertex -56.5 -91.227 0
    endloop
  endfacet
  facet normal 0 0 -1
    outer loop
      vertex -48.502404735808355 -88.625 0
      vertex -50.247595264191645 -93.102 0
      vertex -51.75 -90.5 0
    endloop
  endfacet
  facet normal 0 0 -1
    outer loop
      vertex -48.502404735808355 -84.875 0
      vertex -47 -91.227 0
      vertex -48.502404735808355 -88.625 0
    endloop
  endfacet
  facet normal 0 0 -1
    outer loop
      vertex -48.502404735808355 -88.625 0
      vertex -47 -91.227 0
      vertex -50.247595264191645 -93.102 0
    endloop
  endfacet
  facet normal 0 0 -1
    outer loop
      vertex -51.75 -90.5 0
      vertex -53.252404735808355 -93.102 0
      vertex -56.5 -91.227 0
    endloop
  endfacet
  facet normal 0 0 -1
    outer loop
      vertex -50.247595264191645 -96.852 0
      vertex -53.252404735808355 -96.852 0
      vertex -53.252404735808355 -93.102 0
    endloop
  endfacet
  facet normal 0 0 -1
    outer loop
      vertex -51.75 -90.5 0
      vertex -50.247595264191645 -96.852 0
      vertex -53.252404735808355 -93.102 0
    endloop
  endfacet
  facet normal 0 0 -1
    outer loop
      vertex -51.75 -90.5 0
      vertex -50.247595264191645 -93.102 0
      vertex -50.247595264191645 -96.852 0
    endloop
  endfacet
  facet normal 0 0 -1
    outer loop
      vertex -50.247595264191645 -96.852 0
      vertex -47 -98.727 0
      vertex -53.252404735808355 -96.852 0
    endloop
  endfacet
  facet normal 0 0 -1
    outer loop
      vertex -48.502404735808355 -84.875 0
      vertex -45.497595264191645 -84.875 0
      vertex -45.497595264191645 -88.625 0
    endloop
  endfacet
  facet normal 0 0 -1
    outer loop
      vertex -48.502404735808355 -84.875 0
      vertex -45.497595264191645 -88.625 0
      vertex -47 -91.227 0
    endloop
  endfacet
  facet normal 0 0 -1
    outer loop
      vertex -45.497595264191645 -88.625 0
      vertex -42.25 -90.5 0
      vertex -47 -91.227 0
    endloop
  endfacet
  facet normal 0 0 -1
    outer loop
      vertex -42.25 -83 0
      vertex -35.997595264191645 -84.875 0
      vertex -39.002404735808355 -84.875 0
    endloop
  endfacet
  facet normal 0 0 -1
    outer loop
      vertex -39.002404735808355 -88.625 0
      vertex -40.747595264191645 -93.102 0
      vertex -42.25 -90.5 0
    endloop
  endfacet
  facet normal 0 0 -1
    outer loop
      vertex -39.002404735808355 -84.875 0
      vertex -37.5 -91.227 0
      vertex -39.002404735808355 -88.625 0
    endloop
  endfacet
  facet normal 0 0 -1
    outer loop
      vertex -39.002404735808355 -88.625 0
      vertex -37.5 -91.227 0
      vertex -40.747595264191645 -93.102 0
    endloop
  endfacet
  facet normal 0 0 -1
    outer loop
      vertex -42.25 -90.5 0
      vertex -43.752404735808355 -93.102 0
      vertex -47 -91.227 0
    endloop
  endfacet
  facet normal 0 0 -1
    outer loop
      vertex -40.747595264191645 -96.852 0
      vertex -43.752404735808355 -96.852 0
      vertex -43.752404735808355 -93.102 0
    endloop
  endfacet
  facet normal 0 0 -1
    outer loop
      vertex -42.25 -90.5 0
      vertex -40.747595264191645 -93.102 0
      vertex -43.752404735808355 -93.102 0
    endloop
  endfacet
  facet normal 0 0 -1
    outer loop
      vertex -40.747595264191645 -96.852 0
      vertex -43.752404735808355 -93.102 0
      vertex -40.747595264191645 -93.102 0
    endloop
  endfacet
  facet normal 0 0 -1
    outer loop
      vertex -40.747595264191645 -96.852 0
      vertex -37.5 -98.727 0
      vertex -43.752404735808355 -96.852 0
    endloop
  endfacet
  facet normal 0 0 -1
    outer loop
      vertex -56.5 -98.727 0
      vertex -53.252404735808355 -96.852 0
      vertex -47 -98.727 0
    endloop
  endfacet
  facet normal 0 0 -1
    outer loop
      vertex -64.5 -108 0
      vertex -56.5 -98.727 0
      vertex -47 -98.727 0
    endloop
  endfacet
  facet normal 0 0 -1
    outer loop
      vertex -64.5 -108 0
      vertex -47 -98.727 0
      vertex -37.5 -98.727 0
    endloop
  endfacet
  facet normal 0 0 -1
    outer loop
      vertex -43.752404735808355 -96.852 0
      vertex -37.5 -98.727 0
      vertex -47 -98.727 0
    endloop
  endfacet
  facet normal 0 0 -1
    outer loop
      vertex -64.5 -108 0
      vertex -37.5 -98.727 0
      vertex -28 -98.727 0
    endloop
  endfacet
  facet normal 1 0 0
    outer loop
      vertex -54.997595264191645 -88.625 0
      vertex -54.997595264191645 -84.875 0
      vertex -54.997595264191645 -84.875 6
    endloop
  endfacet
  facet normal 0.5 0.8660254037844387 0
    outer loop
      vertex -54.997595264191645 -88.625 0
      vertex -54.997595264191645 -88.625 6
      vertex -51.75 -90.5 0
    endloop
  endfacet
  facet normal -0.5 -0.8660254037844387 0
    outer loop
      vertex -51.75 -83 0
      vertex -48.502404735808355 -84.875 0
      vertex -48.502404735808355 -84.875 6
    endloop
  endfacet
  facet normal -1 0 0
    outer loop
      vertex -48.502404735808355 -84.875 0
      vertex -48.502404735808355 -88.625 0
      vertex -48.502404735808355 -88.625 6
    endloop
  endfacet
  facet normal -0.5 0.8660254037844387 0
    outer loop
      vertex -48.502404735808355 -88.625 0
      vertex -51.75 -90.5 0
      vertex -51.75 -90.5 6
    endloop
  endfacet
  facet normal -0.5 -0.8660254037844387 0
    outer loop
      vertex -56.5 -91.227 0
      vertex -53.252404735808355 -93.102 0
      vertex -53.252404735808355 -93.102 6
    endloop
  endfacet
  facet normal -1 0 0
    outer loop
      vertex -53.252404735808355 -96.852 0
      vertex -53.252404735808355 -96.852 6
      vertex -53.252404735808355 -93.102 0
    endloop
  endfacet
  facet normal 1 0 0
    outer loop
      vertex -50.247595264191645 -96.852 0
      vertex -50.247595264191645 -93.102 0
      vertex -50.247595264191645 -93.102 6
    endloop
  endfacet
  facet normal 0.5 -0.8660254037844387 0
    outer loop
      vertex -50.247595264191645 -93.102 0
      vertex -47 -91.227 0
      vertex -47 -91.227 6
    endloop
  endfacet
  facet normal 0.5 0.8660254037844387 0
    outer loop
      vertex -50.247595264191645 -96.852 0
      vertex -50.247595264191645 -96.852 6
      vertex -47 -98.727 0
    endloop
  endfacet
  facet normal 1 0 0
    outer loop
      vertex -45.497595264191645 -84.875 6
      vertex -45.497595264191645 -88.625 0
      vertex -45.497595264191645 -84.875 0
    endloop
  endfacet
  facet normal 0.5 0.8660254037844387 0
    outer loop
      vertex -45.497595264191645 -88.625 0
      vertex -45.497595264191645 -88.625 6
      vertex -42.25 -90.5 0
    endloop
  endfacet
  facet normal -0.5 -0.8660254037844387 0
    outer loop
      vertex -42.25 -83 0
      vertex -39.002404735808355 -84.875 0
      vertex -39.002404735808355 -84.875 6
    endloop
  endfacet
  facet normal -1 0 0
    outer loop
      vertex -39.002404735808355 -84.875 0
      vertex -39.002404735808355 -88.625 0
      vertex -39.002404735808355 -88.625 6
    endloop
  endfacet
  facet normal -0.5 0.8660254037844387 0
    outer loop
      vertex -39.002404735808355 -88.625 0
      vertex -42.25 -90.5 0
      vertex -42.25 -90.5 6
    endloop
  endfacet
  facet normal -0.5 -0.8660254037844387 0
    outer loop
      vertex -47 -91.227 0
      vertex -43.752404735808355 -93.102 0
      vertex -43.752404735808355 -93.102 6
    endloop
  endfacet
  facet normal -1 0 0
    outer loop
      vertex -43.752404735808355 -96.852 0
      vertex -43.752404735808355 -96.852 6
      vertex -43.752404735808355 -93.102 0
    endloop
  endfacet
  facet normal 1 0 0
    outer loop
      vertex -40.747595264191645 -96.852 0
      vertex -40.747595264191645 -93.102 0
      vertex -40.747595264191645 -93.102 6
    endloop
  endfacet
  facet normal 0.5 -0.8660254037844387 0
    outer loop
      vertex -40.747595264191645 -93.102 0
      vertex -37.5 -91.227 0
      vertex -37.5 -91.227 6
    endloop
  endfacet
  facet normal 0.5 0.8660254037844387 0
    outer loop
      vertex -40.747595264191645 -96.852 0
      vertex -40.747595264191645 -96.852 6
      vertex -37.5 -98.727 0
    endloop
  endfacet
  facet normal -0.5 0.8660254037844387 0
    outer loop
      vertex -56.5 -98.727 0
      vertex -56.5 -98.727 6
      vertex -53.252404735808355 -96.852 0
    endloop
  endfacet
  facet normal -0.5 0.8660254037844387 0
    outer loop
      vertex -43.752404735808355 -96.852 0
      vertex -47 -98.727 0
      vertex -47 -98.727 6
    endloop
  endfacet
  facet normal -1 0 0
    outer loop
      vertex -76 -4.8 1.5
      vertex -76 -110.5 4.5
      vertex -76 -102 4.5
    endloop
  endfacet
  facet normal 0 -1 0
    outer loop
      vertex -69.5 -82 0
      vertex -64.5 -82 6
      vertex -69.5 -82 6
    endloop
  endfacet
  facet normal -0.5 -0.8660254037844387 0
    outer loop
      vertex -61.25 -83 0
      vertex -58.002404735808355 -84.875 6
      vertex -61.25 -83 6
    endloop
  endfacet
  facet normal -1 0 0
    outer loop
      vertex -76 -4.8 4.5
      vertex -76 -102 4.5
      vertex -76 -102 6
    endloop
  endfacet
  facet normal -0.5 -0.8660254037844387 0
    outer loop
      vertex -51.75 -83 0
      vertex -48.502404735808355 -84.875 6
      vertex -51.75 -83 6
    endloop
  endfacet
  facet normal -0.5 -0.8660254037844387 0
    outer loop
      vertex -42.25 -83 0
      vertex -39.002404735808355 -84.875 6
      vertex -42.25 -83 6
    endloop
  endfacet
  facet normal 1 0 0
    outer loop
      vertex -64.49759526419165 -88.625 0
      vertex -64.49759526419165 -84.875 6
      vertex -64.49759526419165 -88.625 6
    endloop
  endfacet
  facet normal 0.5 -0.8660254037844387 0
    outer loop
      vertex -64.49759526419165 -84.875 0
      vertex -61.25 -83 6
      vertex -64.49759526419165 -84.875 6
    endloop
  endfacet
  facet normal -1 0 0
    outer loop
      vertex -64.5 -82 0
      vertex -64.5 -108 6
      vertex -64.5 -82 6
    endloop
  endfacet
  facet normal 0.5 0.8660254037844387 0
    outer loop
      vertex -61.25 -90.5 0
      vertex -64.49759526419165 -88.625 6
      vertex -61.25 -90.5 6
    endloop
  endfacet
  facet normal -1 0 0
    outer loop
      vertex -58.002404735808355 -84.875 0
      vertex -58.002404735808355 -88.625 6
      vertex -58.002404735808355 -84.875 6
    endloop
  endfacet
  facet normal -0.5 0.8660254037844387 0
    outer loop
      vertex -58.002404735808355 -88.625 0
      vertex -61.25 -90.5 6
      vertex -58.002404735808355 -88.625 6
    endloop
  endfacet
  facet normal 0.5 -0.8660254037844387 0
    outer loop
      vertex -59.747595264191645 -93.102 0
      vertex -56.5 -91.227 6
      vertex -59.747595264191645 -93.102 6
    endloop
  endfacet
  facet normal 1 0 0
    outer loop
      vertex -59.747595264191645 -96.852 0
      vertex -59.747595264191645 -93.102 6
      vertex -59.747595264191645 -96.852 6
    endloop
  endfacet
  facet normal -0.7071067811865476 -0.7071067811865476 0
    outer loop
      vertex -76 -110.5 1.5
      vertex -74.5 -112 4.5
      vertex -76 -110.5 4.5
    endloop
  endfacet
  facet normal 1 0 0
    outer loop
      vertex -69.5 -82 6
      vertex -69.5 -108 6
      vertex -69.5 -108 0
    endloop
  endfacet
  facet normal 0.5 0.8660254037844387 0
    outer loop
      vertex -56.5 -98.727 0
      vertex -59.747595264191645 -96.852 6
      vertex -56.5 -98.727 6
    endloop
  endfacet
  facet normal 0 1 0
    outer loop
      vertex -64.5 -108 0
      vertex -69.5 -108 6
      vertex -64.5 -108 6
    endloop
  endfacet
  facet normal -0.7071067811865476 0 0.7071067811865476
    outer loop
      vertex -76 -102 4.5
      vertex -76 -110.5 4.5
      vertex -74.5 -110.5 6
    endloop
  endfacet
  facet normal -0.5773502691896257 -0.5773502691896257 0.5773502691896257
    outer loop
      vertex -76 -110.5 4.5
      vertex -74.5 -112 4.5
      vertex -74.5 -110.5 6
    endloop
  endfacet
  facet normal 0 -1 0
    outer loop
      vertex -76 -102 4.5
      vertex -74.5 -102 6
      vertex -76 -102 6
    endloop
  endfacet
  facet normal -0.7071067811865476 0 0.7071067811865476
    outer loop
      vertex -76 -102 4.5
      vertex -74.5 -110.5 6
      vertex -74.5 -102 6
    endloop
  endfacet
  facet normal 1 0 0
    outer loop
      vertex -54.997595264191645 -88.625 0
      vertex -54.997595264191645 -84.875 6
      vertex -54.997595264191645 -88.625 6
    endloop
  endfacet
  facet normal 0.5 -0.8660254037844387 0
    outer loop
      vertex -54.997595264191645 -84.875 0
      vertex -51.75 -83 6
      vertex -54.997595264191645 -84.875 6
    endloop
  endfacet
  facet normal 0.5 0.8660254037844387 0
    outer loop
      vertex -54.997595264191645 -88.625 6
      vertex -51.75 -90.5 6
      vertex -51.75 -90.5 0
    endloop
  endfacet
  facet normal -1 0 0
    outer loop
      vertex -48.502404735808355 -84.875 0
      vertex -48.502404735808355 -88.625 6
      vertex -48.502404735808355 -84.875 6
    endloop
  endfacet
  facet normal -0.5 0.8660254037844387 0
    outer loop
      vertex -48.502404735808355 -88.625 0
      vertex -51.75 -90.5 6
      vertex -48.502404735808355 -88.625 6
    endloop
  endfacet
  facet normal -0.5 -0.8660254037844387 0
    outer loop
      vertex -53.252404735808355 -93.102 6
      vertex -56.5 -91.227 6
      vertex -56.5 -91.227 0
    endloop
  endfacet
  facet normal -1 0 0
    outer loop
      vertex -53.252404735808355 -93.102 0
      vertex -53.252404735808355 -96.852 6
      vertex -53.252404735808355 -93.102 6
    endloop
  endfacet
  facet normal -0.5 0.8660254037844387 0
    outer loop
      vertex -53.252404735808355 -96.852 0
      vertex -56.5 -98.727 6
      vertex -53.252404735808355 -96.852 6
    endloop
  endfacet
  facet normal 0.5 -0.8660254037844387 0
    outer loop
      vertex -50.247595264191645 -93.102 0
      vertex -47 -91.227 6
      vertex -50.247595264191645 -93.102 6
    endloop
  endfacet
  facet normal 1 0 0
    outer loop
      vertex -50.247595264191645 -96.852 0
      vertex -50.247595264191645 -93.102 6
      vertex -50.247595264191645 -96.852 6
    endloop
  endfacet
  facet normal 1 0 0
    outer loop
      vertex -45.497595264191645 -88.625 0
      vertex -45.497595264191645 -84.875 6
      vertex -45.497595264191645 -88.625 6
    endloop
  endfacet
  facet normal 0.5 -0.8660254037844387 0
    outer loop
      vertex -45.497595264191645 -84.875 0
      vertex -42.25 -83 6
      vertex -45.497595264191645 -84.875 6
    endloop
  endfacet
  facet normal 0.5 0.8660254037844387 0
    outer loop
      vertex -42.25 -90.5 0
      vertex -45.497595264191645 -88.625 6
      vertex -42.25 -90.5 6
    endloop
  endfacet
  facet normal -1 0 0
    outer loop
      vertex -39.002404735808355 -84.875 0
      vertex -39.002404735808355 -88.625 6
      vertex -39.002404735808355 -84.875 6
    endloop
  endfacet
  facet normal -0.5 0.8660254037844387 0
    outer loop
      vertex -39.002404735808355 -88.625 0
      vertex -42.25 -90.5 6
      vertex -39.002404735808355 -88.625 6
    endloop
  endfacet
  facet normal -0.5 -0.8660254037844387 0
    outer loop
      vertex -47 -91.227 0
      vertex -43.752404735808355 -93.102 6
      vertex -47 -91.227 6
    endloop
  endfacet
  facet normal -1 0 0
    outer loop
      vertex -43.752404735808355 -93.102 0
      vertex -43.752404735808355 -96.852 6
      vertex -43.752404735808355 -93.102 6
    endloop
  endfacet
  facet normal -0.5 0.8660254037844387 0
    outer loop
      vertex -43.752404735808355 -96.852 0
      vertex -47 -98.727 6
      vertex -43.752404735808355 -96.852 6
    endloop
  endfacet
  facet normal 0.5 -0.8660254037844387 0
    outer loop
      vertex -40.747595264191645 -93.102 0
      vertex -37.5 -91.227 6
      vertex -40.747595264191645 -93.102 6
    endloop
  endfacet
  facet normal 1 0 0
    outer loop
      vertex -40.747595264191645 -96.852 0
      vertex -40.747595264191645 -93.102 6
      vertex -40.747595264191645 -96.852 6
    endloop
  endfacet
  facet normal 0.5 0.8660254037844387 0
    outer loop
      vertex -47 -98.727 0
      vertex -50.247595264191645 -96.852 6
      vertex -47 -98.727 6
    endloop
  endfacet
  facet normal 0.5 0.8660254037844387 0
    outer loop
      vertex -37.5 -98.727 0
      vertex -40.747595264191645 -96.852 6
      vertex -37.5 -98.727 6
    endloop
  endfacet
  facet normal 0 0 -1
    outer loop
      vertex -22.029422182240452 -47.54356769911446 0
      vertex -22.029422182240452 -64.45643230088554 0
      vertex -22.23359215540352 -64.94934221912519 0
    endloop
  endfacet
  facet normal 0 0 -1
    outer loop
      vertex -22.23359215540352 -47.05065778087482 0
      vertex -22.23359215540352 -64.94934221912519 0
      vertex -22.35814035802347 -65.46812281886322 0
    endloop
  endfacet
  facet normal 0 0 -1
    outer loop
      vertex -22.35814035802347 -46.531877181136785 0
      vertex -22.35814035802347 -65.46812281886322 0
      vertex -22.4 -66 0
    endloop
  endfacet
  facet normal 0 0 -1
    outer loop
      vertex -21.75065778087482 -47.99846985779441 0
      vertex -21.75065778087482 -64.0015301422056 0
      vertex -22.029422182240452 -64.45643230088554 0
    endloop
  endfacet
  facet normal 0 0 -1
    outer loop
      vertex -21.40416305603426 -48.404163056034264 0
      vertex -21.40416305603426 -63.595836943965736 0
      vertex -21.75065778087482 -64.0015301422056 0
    endloop
  endfacet
  facet normal 0 0 -1
    outer loop
      vertex -20.998469857794408 -48.75065778087482 0
      vertex -20.998469857794408 -63.24934221912518 0
      vertex -21.40416305603426 -63.595836943965736 0
    endloop
  endfacet
  facet normal 0 0 -1
    outer loop
      vertex -20.54356769911446 -49.02942218224045 0
      vertex -20.54356769911446 -62.97057781775955 0
      vertex -20.998469857794408 -63.24934221912518 0
    endloop
  endfacet
  facet normal 0 0 -1
    outer loop
      vertex -20.050657780874822 -49.23359215540352 0
      vertex -20.050657780874822 -62.76640784459648 0
      vertex -20.54356769911446 -62.97057781775955 0
    endloop
  endfacet
  facet normal 0 0 -1
    outer loop
      vertex -19.531877181136785 -49.35814035802347 0
      vertex -19.531877181136785 -62.64185964197653 0
      vertex -20.050657780874822 -62.76640784459648 0
    endloop
  endfacet
  facet normal 0 0 -1
    outer loop
      vertex -19 -49.4 0
      vertex -19 -62.6 0
      vertex -19.531877181136785 -62.64185964197653 0
    endloop
  endfacet
  facet normal 0 0 -1
    outer loop
      vertex -22.4 -46 0
      vertex -22.4 -66 0
      vertex -23.25 -83 0
    endloop
  endfacet
  facet normal 0 0 -1
    outer loop
      vertex -22.4 -46 0
      vertex -32.75 -83 0
      vertex -42.25 -83 0
    endloop
  endfacet
  facet normal 0 0 -1
    outer loop
      vertex -42.25 -83 0
      vertex -32.75 -83 0
      vertex -35.997595264191645 -84.875 0
    endloop
  endfacet
  facet normal 0 0 -1
    outer loop
      vertex -22.4 -46 0
      vertex -29.502404735808355 -84.875 0
      vertex -32.75 -83 0
    endloop
  endfacet
  facet normal 0 0 -1
    outer loop
      vertex -22.4 -46 0
      vertex -23.25 -83 0
      vertex -26.497595264191645 -84.875 0
    endloop
  endfacet
  facet normal 0 0 -1
    outer loop
      vertex -22.4 -46 0
      vertex -28 -91.227 0
      vertex -29.502404735808355 -84.875 0
    endloop
  endfacet
  facet normal 0 0 -1
    outer loop
      vertex -22.4 -46 0
      vertex -26.497595264191645 -84.875 0
      vertex -28 -91.227 0
    endloop
  endfacet
  facet normal 0 0 -1
    outer loop
      vertex -22.4 -66 0
      vertex -22.4 -76 0
      vertex -23.25 -83 0
    endloop
  endfacet
  facet normal 0 0 -1
    outer loop
      vertex -22.4 -76 0
      vertex -22.35814035802347 -76.53187718113678 0
      vertex -23.25 -83 0
    endloop
  endfacet
  facet normal 0 0 -1
    outer loop
      vertex -22.35814035802347 -76.53187718113678 0
      vertex -22.23359215540352 -77.05065778087481 0
      vertex -23.25 -83 0
    endloop
  endfacet
  facet normal 0 0 -1
    outer loop
      vertex -22.23359215540352 -77.05065778087481 0
      vertex -22.029422182240452 -77.54356769911446 0
      vertex -23.25 -83 0
    endloop
  endfacet
  facet normal 0 0 -1
    outer loop
      vertex -22.029422182240452 -77.54356769911446 0
      vertex -21.75065778087482 -77.9984698577944 0
      vertex -23.25 -83 0
    endloop
  endfacet
  facet normal 0 0 -1
    outer loop
      vertex -21.75065778087482 -77.9984698577944 0
      vertex -21.40416305603426 -78.40416305603426 0
      vertex -23.25 -83 0
    endloop
  endfacet
  facet normal 0 0 -1
    outer loop
      vertex -21.40416305603426 -78.40416305603426 0
      vertex -20.998469857794408 -78.75065778087482 0
      vertex -23.25 -83 0
    endloop
  endfacet
  facet normal 0 0 -1
    outer loop
      vertex -20.998469857794408 -78.75065778087482 0
      vertex -20.54356769911446 -79.02942218224045 0
      vertex -23.25 -83 0
    endloop
  endfacet
  facet normal 0 0 -1
    outer loop
      vertex -20.54356769911446 -79.02942218224045 0
      vertex -20.002404735808355 -84.875 0
      vertex -23.25 -83 0
    endloop
  endfacet
  facet normal 0 0 -1
    outer loop
      vertex -20.54356769911446 -79.02942218224045 0
      vertex -20.050657780874822 -79.23359215540353 0
      vertex -18.5 -91.227 0
    endloop
  endfacet
  facet normal 0 0 -1
    outer loop
      vertex -19.531877181136785 -79.35814035802346 0
      vertex -18.5 -91.227 0
      vertex -20.050657780874822 -79.23359215540353 0
    endloop
  endfacet
  facet normal 0 0 -1
    outer loop
      vertex -19 -79.4 0
      vertex -18.5 -91.227 0
      vertex -19.531877181136785 -79.35814035802346 0
    endloop
  endfacet
  facet normal 0.3826834323650863 -0.9238795325112882 8.628510466155919e-19
    outer loop
      vertex -20.54356769911446 -62.97057781775955 0
      vertex -20.050657780874822 -62.76640784459648 0
      vertex -20.050657780874822 -62.76640784459648 6
    endloop
  endfacet
  facet normal 0.23344536385590908 -0.9723699203976758 -1.5708975184097345e-18
    outer loop
      vertex -20.050657780874822 -62.76640784459648 0
      vertex -19.531877181136785 -62.64185964197653 0
      vertex -19.531877181136785 -62.64185964197653 6
    endloop
  endfacet
  facet normal 0.07845909572784047 -0.9969173337331283 -3.171428551585294e-19
    outer loop
      vertex -19.531877181136785 -62.64185964197653 0
      vertex -19 -62.6 0
      vertex -19 -62.6 6
    endloop
  endfacet
  facet normal 0.760405965600035 -0.6494480483301788 0
    outer loop
      vertex -21.40416305603426 -63.595836943965736 0
      vertex -21.40416305603426 -63.595836943965736 6
      vertex -21.75065778087482 -64.0015301422056 0
    endloop
  endfacet
  facet normal 0.9238795325112911 -0.38268343236507923 0
    outer loop
      vertex -22.029422182240452 -64.45643230088554 0
      vertex -22.029422182240452 -64.45643230088554 6
      vertex -22.23359215540352 -64.94934221912519 0
    endloop
  endfacet
  facet normal 0.8526401643540872 -0.5224985647159569 1.1292401463454868e-18
    outer loop
      vertex -22.029422182240452 -64.45643230088554 0
      vertex -21.75065778087482 -64.0015301422056 0
      vertex -21.75065778087482 -64.0015301422056 6
    endloop
  endfacet
  facet normal 0.9723699203976758 -0.23344536385590908 0
    outer loop
      vertex -22.23359215540352 -64.94934221912519 0
      vertex -22.23359215540352 -64.94934221912519 6
      vertex -22.35814035802347 -65.46812281886322 0
    endloop
  endfacet
  facet normal 0.9969173337331283 -0.07845909572784153 0
    outer loop
      vertex -22.35814035802347 -65.46812281886322 0
      vertex -22.35814035802347 -65.46812281886322 6
      vertex -22.4 -66 0
    endloop
  endfacet
  facet normal 0.6494480483301777 -0.760405965600036 0
    outer loop
      vertex -20.998469857794408 -63.24934221912518 0
      vertex -20.998469857794408 -63.24934221912518 6
      vertex -21.40416305603426 -63.595836943965736 0
    endloop
  endfacet
  facet normal 0.5224985647159559 -0.852640164354088 -2.4156020392218567e-18
    outer loop
      vertex -20.998469857794408 -63.24934221912518 0
      vertex -20.54356769911446 -62.97057781775955 0
      vertex -20.54356769911446 -62.97057781775955 6
    endloop
  endfacet
  facet normal 1 0 0
    outer loop
      vertex -22.4 -66 0
      vertex -22.4 -66 6
      vertex -22.4 -76 0
    endloop
  endfacet
  facet normal 0.5 -0.8660254037844387 0
    outer loop
      vertex -35.997595264191645 -84.875 0
      vertex -32.75 -83 0
      vertex -32.75 -83 6
    endloop
  endfacet
  facet normal 0.9969173337331283 0.07845909572784153 0
    outer loop
      vertex -22.4 -76 0
      vertex -22.4 -76 6
      vertex -22.35814035802347 -76.53187718113678 0
    endloop
  endfacet
  facet normal 0.9723699203976758 0.23344536385590908 0
    outer loop
      vertex -22.35814035802347 -76.53187718113678 0
      vertex -22.35814035802347 -76.53187718113678 6
      vertex -22.23359215540352 -77.05065778087481 0
    endloop
  endfacet
  facet normal 0.5 -0.8660254037844387 0
    outer loop
      vertex -26.497595264191645 -84.875 0
      vertex -23.25 -83 0
      vertex -23.25 -83 6
    endloop
  endfacet
  facet normal 0.9238795325112911 0.38268343236507923 0
    outer loop
      vertex -22.23359215540352 -77.05065778087481 0
      vertex -22.23359215540352 -77.05065778087481 6
      vertex -22.029422182240452 -77.54356769911446 0
    endloop
  endfacet
  facet normal 0.8526401643540872 0.5224985647159569 0
    outer loop
      vertex -22.029422182240452 -77.54356769911446 0
      vertex -22.029422182240452 -77.54356769911446 6
      vertex -21.75065778087482 -77.9984698577944 0
    endloop
  endfacet
  facet normal 0.760405965600035 0.6494480483301788 0
    outer loop
      vertex -21.75065778087482 -77.9984698577944 0
      vertex -21.75065778087482 -77.9984698577944 6
      vertex -21.40416305603426 -78.40416305603426 0
    endloop
  endfacet
  facet normal 0.6494480483301777 0.760405965600036 0
    outer loop
      vertex -21.40416305603426 -78.40416305603426 0
      vertex -21.40416305603426 -78.40416305603426 6
      vertex -20.998469857794408 -78.75065778087482 0
    endloop
  endfacet
  facet normal 0.5224985647159559 0.852640164354088 0
    outer loop
      vertex -20.998469857794408 -78.75065778087482 0
      vertex -20.998469857794408 -78.75065778087482 6
      vertex -20.54356769911446 -79.02942218224045 0
    endloop
  endfacet
  facet normal 0.3826834323650976 0.9238795325112834 0
    outer loop
      vertex -20.54356769911446 -79.02942218224045 0
      vertex -20.54356769911446 -79.02942218224045 6
      vertex -20.050657780874822 -79.23359215540353 0
    endloop
  endfacet
  facet normal 0.23344536385588388 0.9723699203976818 -1.761481400938166e-18
    outer loop
      vertex -19.531877181136785 -79.35814035802346 0
      vertex -20.050657780874822 -79.23359215540353 0
      vertex -20.050657780874822 -79.23359215540353 6
    endloop
  endfacet
  facet normal 0.07845909572786695 0.9969173337331262 -2.9947859703732883e-19
    outer loop
      vertex -19 -79.4 0
      vertex -19.531877181136785 -79.35814035802346 0
      vertex -19.531877181136785 -79.35814035802346 6
    endloop
  endfacet
  facet normal 0 0 -1
    outer loop
      vertex -18.468122818863215 -49.35814035802347 0
      vertex -18.468122818863215 -62.64185964197653 0
      vertex -19 -62.6 0
    endloop
  endfacet
  facet normal 0 0 -1
    outer loop
      vertex -17.949342219125178 -49.23359215540352 0
      vertex -17.949342219125178 -62.76640784459648 0
      vertex -18.468122818863215 -62.64185964197653 0
    endloop
  endfacet
  facet normal 0 0 -1
    outer loop
      vertex -17.45643230088554 -49.02942218224045 0
      vertex -17.45643230088554 -62.97057781775955 0
      vertex -17.949342219125178 -62.76640784459648 0
    endloop
  endfacet
  facet normal 0 0 -1
    outer loop
      vertex -17.001530142205592 -48.75065778087482 0
      vertex -17.001530142205592 -63.24934221912518 0
      vertex -17.45643230088554 -62.97057781775955 0
    endloop
  endfacet
  facet normal 0 0 -1
    outer loop
      vertex -16.59583694396574 -48.404163056034264 0
      vertex -16.59583694396574 -63.595836943965736 0
      vertex -17.001530142205592 -63.24934221912518 0
    endloop
  endfacet
  facet normal 0 0 -1
    outer loop
      vertex -16.24934221912518 -47.99846985779441 0
      vertex -16.24934221912518 -64.0015301422056 0
      vertex -16.59583694396574 -63.595836943965736 0
    endloop
  endfacet
  facet normal 0 0 -1
    outer loop
      vertex -15.97057781775955 -47.54356769911446 0
      vertex -15.97057781775955 -64.45643230088554 0
      vertex -16.24934221912518 -64.0015301422056 0
    endloop
  endfacet
  facet normal 0 0 -1
    outer loop
      vertex -15.766407844596479 -47.05065778087482 0
      vertex -15.766407844596479 -64.94934221912519 0
      vertex -15.97057781775955 -64.45643230088554 0
    endloop
  endfacet
  facet normal 0 0 -1
    outer loop
      vertex -15.64185964197653 -46.531877181136785 0
      vertex -15.64185964197653 -65.46812281886322 0
      vertex -15.766407844596479 -64.94934221912519 0
    endloop
  endfacet
  facet normal 0 0 -1
    outer loop
      vertex -15.6 -46 0
      vertex -13.75 -83 0
      vertex -15.64185964197653 -46.531877181136785 0
    endloop
  endfacet
  facet normal 0 0 -1
    outer loop
      vertex -15.6 -36 0
      vertex -4.839672868916176 -50.23347112130287 0
      vertex -13.75 -83 0
    endloop
  endfacet
  facet normal 0 0 -1
    outer loop
      vertex -15.64185964197653 -46.531877181136785 0
      vertex -13.75 -83 0
      vertex -15.64185964197653 -65.46812281886322 0
    endloop
  endfacet
  facet normal 0 0 -1
    outer loop
      vertex -4.839672868916176 -50.23347112130287 0
      vertex -4.9 -51 0
      vertex -9 -91.227 0
    endloop
  endfacet
  facet normal 0 0 -1
    outer loop
      vertex -4.9 -51 0
      vertex -4.839672868916176 -51.76652887869713 0
      vertex -9 -91.227 0
    endloop
  endfacet
  facet normal 0 0 -1
    outer loop
      vertex -4.839672868916176 -51.76652887869713 0
      vertex -4.660176929846252 -52.51418327243724 0
      vertex -9 -91.227 0
    endloop
  endfacet
  facet normal 0 0 -1
    outer loop
      vertex -4.660176929846252 -52.51418327243724 0
      vertex -4.365931968523003 -53.22455344872378 0
      vertex -9 -91.227 0
    endloop
  endfacet
  facet normal 0 0 -1
    outer loop
      vertex -4.365931968523003 -53.22455344872378 0
      vertex -3.9641832724372428 -53.88014773623312 0
      vertex -9 -91.227 0
    endloop
  endfacet
  facet normal 0 0 -1
    outer loop
      vertex -3.9641832724372428 -53.88014773623312 0
      vertex -3.464823227814083 -54.46482322781408 0
      vertex -4.25 -83 0
    endloop
  endfacet
  facet normal 0 0 -1
    outer loop
      vertex -3.464823227814083 -54.46482322781408 0
      vertex -2.8801477362331185 -54.96418327243724 0
      vertex -4.25 -83 0
    endloop
  endfacet
  facet normal 0 0 -1
    outer loop
      vertex -2.2245534487237797 -55.365931968523 0
      vertex -4.25 -83 0
      vertex -2.8801477362331185 -54.96418327243724 0
    endloop
  endfacet
  facet normal 0 0 -1
    outer loop
      vertex -1.5141832724372424 -55.66017692984625 0
      vertex -4.25 -83 0
      vertex -2.2245534487237797 -55.365931968523 0
    endloop
  endfacet
  facet normal 0 0 -1
    outer loop
      vertex -0.7665288786971313 -55.839672868916175 0
      vertex -4.25 -83 0
      vertex -1.5141832724372424 -55.66017692984625 0
    endloop
  endfacet
  facet normal 0 0 -1
    outer loop
      vertex -0.7665288786971313 -55.839672868916175 0
      vertex 0 -55.9 0
      vertex -4.25 -83 0
    endloop
  endfacet
  facet normal 0 0 -1
    outer loop
      vertex 0 -55.9 0
      vertex 0.7665288786971313 -55.839672868916175 0
      vertex -4.25 -83 0
    endloop
  endfacet
  facet normal 0 0 -1
    outer loop
      vertex -15.6 -66 0
      vertex -15.64185964197653 -65.46812281886322 0
      vertex -13.75 -83 0
    endloop
  endfacet
  facet normal 0 0 -1
    outer loop
      vertex -15.6 -66 0
      vertex -13.75 -83 0
      vertex -15.6 -76 0
    endloop
  endfacet
  facet normal 0 0 -1
    outer loop
      vertex -4.839672868916176 -50.23347112130287 0
      vertex -10.502404735808355 -84.875 0
      vertex -13.75 -83 0
    endloop
  endfacet
  facet normal 0 0 -1
    outer loop
      vertex -15.6 -76 0
      vertex -13.75 -83 0
      vertex -15.64185964197653 -76.53187718113678 0
    endloop
  endfacet
  facet normal 0 0 -1
    outer loop
      vertex -17.001530142205592 -78.75065778087482 0
      vertex -16.59583694396574 -78.40416305603426 0
      vertex -13.75 -83 0
    endloop
  endfacet
  facet normal 0 0 -1
    outer loop
      vertex -16.24934221912518 -77.9984698577944 0
      vertex -13.75 -83 0
      vertex -16.59583694396574 -78.40416305603426 0
    endloop
  endfacet
  facet normal 0 0 -1
    outer loop
      vertex -15.64185964197653 -76.53187718113678 0
      vertex -13.75 -83 0
      vertex -15.766407844596479 -77.05065778087481 0
    endloop
  endfacet
  facet normal 0 0 -1
    outer loop
      vertex -15.766407844596479 -77.05065778087481 0
      vertex -13.75 -83 0
      vertex -15.97057781775955 -77.54356769911446 0
    endloop
  endfacet
  facet normal 0 0 -1
    outer loop
      vertex -15.97057781775955 -77.54356769911446 0
      vertex -13.75 -83 0
      vertex -16.24934221912518 -77.9984698577944 0
    endloop
  endfacet
  facet normal 0 0 -1
    outer loop
      vertex -18.468122818863215 -79.35814035802346 0
      vertex -18.5 -91.227 0
      vertex -19 -79.4 0
    endloop
  endfacet
  facet normal 0 0 -1
    outer loop
      vertex -18.468122818863215 -79.35814035802346 0
      vertex -17.949342219125178 -79.23359215540353 0
      vertex -18.5 -91.227 0
    endloop
  endfacet
  facet normal 0 0 -1
    outer loop
      vertex -17.949342219125178 -79.23359215540353 0
      vertex -17.45643230088554 -79.02942218224045 0
      vertex -18.5 -91.227 0
    endloop
  endfacet
  facet normal 0 0 -1
    outer loop
      vertex -17.45643230088554 -79.02942218224045 0
      vertex -17.001530142205592 -78.75065778087482 0
      vertex -18.5 -91.227 0
    endloop
  endfacet
  facet normal 0 0 -1
    outer loop
      vertex -17.001530142205592 -78.75065778087482 0
      vertex -13.75 -83 0
      vertex -16.997595264191645 -84.875 0
    endloop
  endfacet
  facet normal 0 0 -1
    outer loop
      vertex -4.839672868916176 -50.23347112130287 0
      vertex -9 -91.227 0
      vertex -10.502404735808355 -84.875 0
    endloop
  endfacet
  facet normal 0 0 -1
    outer loop
      vertex -3.9641832724372428 -53.88014773623312 0
      vertex -4.25 -83 0
      vertex -7.497595264191645 -84.875 0
    endloop
  endfacet
  facet normal 0 0 -1
    outer loop
      vertex -3.9641832724372428 -53.88014773623312 0
      vertex -7.497595264191645 -84.875 0
      vertex -9 -91.227 0
    endloop
  endfacet
  facet normal 0 0 -1
    outer loop
      vertex -4.25 -83 0
      vertex 0.7665288786971313 -55.839672868916175 0
      vertex -1.002404735808355 -84.875 0
    endloop
  endfacet
  facet normal -0.07845909572784047 -0.9969173337331283 0
    outer loop
      vertex -18.468122818863215 -62.64185964197653 0
      vertex -18.468122818863215 -62.64185964197653 6
      vertex -19 -62.6 0
    endloop
  endfacet
  facet normal -0.23344536385590908 -0.9723699203976758 1.5708975184097345e-18
    outer loop
      vertex -18.468122818863215 -62.64185964197653 0
      vertex -17.949342219125178 -62.76640784459648 0
      vertex -17.949342219125178 -62.76640784459648 6
    endloop
  endfacet
  facet normal -0.3826834323650863 -0.9238795325112882 -8.628510466155919e-19
    outer loop
      vertex -17.949342219125178 -62.76640784459648 0
      vertex -17.45643230088554 -62.97057781775955 0
      vertex -17.45643230088554 -62.97057781775955 6
    endloop
  endfacet
  facet normal -0.5224985647159559 -0.852640164354088 2.4156020392218567e-18
    outer loop
      vertex -17.45643230088554 -62.97057781775955 0
      vertex -17.001530142205592 -63.24934221912518 0
      vertex -17.001530142205592 -63.24934221912518 6
    endloop
  endfacet
  facet normal -0.6494480483301777 -0.760405965600036 0
    outer loop
      vertex -16.59583694396574 -63.595836943965736 0
      vertex -16.59583694396574 -63.595836943965736 6
      vertex -17.001530142205592 -63.24934221912518 0
    endloop
  endfacet
  facet normal -0.760405965600035 -0.6494480483301788 3.671256681743594e-18
    outer loop
      vertex -16.59583694396574 -63.595836943965736 0
      vertex -16.24934221912518 -64.0015301422056 0
      vertex -16.24934221912518 -64.0015301422056 6
    endloop
  endfacet
  facet normal -0.8526401643540887 -0.5224985647159545 -1.4306748687572038e-19
    outer loop
      vertex -16.24934221912518 -64.0015301422056 0
      vertex -15.97057781775955 -64.45643230088554 0
      vertex -15.97057781775955 -64.45643230088554 6
    endloop
  endfacet
  facet normal -0.92387953251129 -0.38268343236508207 -4.0768572299687996e-19
    outer loop
      vertex -15.97057781775955 -64.45643230088554 0
      vertex -15.766407844596479 -64.94934221912519 0
      vertex -15.766407844596479 -64.94934221912519 6
    endloop
  endfacet
  facet normal -0.9723699203976758 -0.23344536385590908 1.5708975184097345e-18
    outer loop
      vertex -15.766407844596479 -64.94934221912519 0
      vertex -15.64185964197653 -65.46812281886322 0
      vertex -15.64185964197653 -65.46812281886322 6
    endloop
  endfacet
  facet normal -0.996917333733128 -0.07845909572784483 0
    outer loop
      vertex -15.6 -66 0
      vertex -15.6 -66 6
      vertex -15.64185964197653 -65.46812281886322 0
    endloop
  endfacet
  facet normal -1 0 0
    outer loop
      vertex -15.6 -66 0
      vertex -15.6 -76 0
      vertex -15.6 -76 6
    endloop
  endfacet
  facet normal -0.996917333733128 0.07845909572784483 3.250957856757497e-19
    outer loop
      vertex -15.6 -76 0
      vertex -15.64185964197653 -76.53187718113678 0
      vertex -15.64185964197653 -76.53187718113678 6
    endloop
  endfacet
  facet normal -0.9723699203976758 0.23344536385590908 -1.5708975184097345e-18
    outer loop
      vertex -15.64185964197653 -76.53187718113678 0
      vertex -15.766407844596479 -77.05065778087481 0
      vertex -15.766407844596479 -77.05065778087481 6
    endloop
  endfacet
  facet normal -0.6494480483301777 0.760405965600036 0
    outer loop
      vertex -17.001530142205592 -78.75065778087482 0
      vertex -17.001530142205592 -78.75065778087482 6
      vertex -16.59583694396574 -78.40416305603426 0
    endloop
  endfacet
  facet normal -0.07845909572786695 0.9969173337331262 2.9947859703732883e-19
    outer loop
      vertex -18.468122818863215 -79.35814035802346 0
      vertex -19 -79.4 0
      vertex -19 -79.4 6
    endloop
  endfacet
  facet normal -0.23344536385588388 0.9723699203976818 0
    outer loop
      vertex -18.468122818863215 -79.35814035802346 0
      vertex -18.468122818863215 -79.35814035802346 6
      vertex -17.949342219125178 -79.23359215540353 0
    endloop
  endfacet
  facet normal -0.3826834323650976 0.9238795325112834 0
    outer loop
      vertex -17.949342219125178 -79.23359215540353 0
      vertex -17.949342219125178 -79.23359215540353 6
      vertex -17.45643230088554 -79.02942218224045 0
    endloop
  endfacet
  facet normal -0.5224985647159559 0.852640164354088 0
    outer loop
      vertex -17.45643230088554 -79.02942218224045 0
      vertex -17.45643230088554 -79.02942218224045 6
      vertex -17.001530142205592 -78.75065778087482 0
    endloop
  endfacet
  facet normal -0.8526401643540887 0.5224985647159545 1.4306748687572038e-19
    outer loop
      vertex -15.97057781775955 -77.54356769911446 0
      vertex -16.24934221912518 -77.9984698577944 0
      vertex -16.24934221912518 -77.9984698577944 6
    endloop
  endfacet
  facet normal -0.92387953251129 0.38268343236508207 4.0768572299687996e-19
    outer loop
      vertex -15.766407844596479 -77.05065778087481 0
      vertex -15.97057781775955 -77.54356769911446 0
      vertex -15.97057781775955 -77.54356769911446 6
    endloop
  endfacet
  facet normal -0.760405965600035 0.6494480483301788 -3.671256681743594e-18
    outer loop
      vertex -16.24934221912518 -77.9984698577944 0
      vertex -16.59583694396574 -78.40416305603426 0
      vertex -16.59583694396574 -78.40416305603426 6
    endloop
  endfacet
  facet normal 0.5 -0.8660254037844387 0
    outer loop
      vertex -16.997595264191645 -84.875 0
      vertex -13.75 -83 0
      vertex -13.75 -83 6
    endloop
  endfacet
  facet normal 0.5 -0.8660254037844387 0
    outer loop
      vertex -7.497595264191645 -84.875 0
      vertex -4.25 -83 0
      vertex -4.25 -83 6
    endloop
  endfacet
  facet normal 0 0 -1
    outer loop
      vertex -39.002404735808355 -84.875 0
      vertex -35.997595264191645 -84.875 0
      vertex -37.5 -91.227 0
    endloop
  endfacet
  facet normal 0 0 -1
    outer loop
      vertex -35.997595264191645 -88.625 0
      vertex -37.5 -91.227 0
      vertex -35.997595264191645 -84.875 0
    endloop
  endfacet
  facet normal 0 0 -1
    outer loop
      vertex -35.997595264191645 -88.625 0
      vertex -32.75 -90.5 0
      vertex -37.5 -91.227 0
    endloop
  endfacet
  facet normal 0 0 -1
    outer loop
      vertex -29.502404735808355 -88.625 0
      vertex -34.252404735808355 -93.102 0
      vertex -32.75 -90.5 0
    endloop
  endfacet
  facet normal 0 0 -1
    outer loop
      vertex -29.502404735808355 -84.875 0
      vertex -28 -91.227 0
      vertex -29.502404735808355 -88.625 0
    endloop
  endfacet
  facet normal 0 0 -1
    outer loop
      vertex -29.502404735808355 -88.625 0
      vertex -28 -91.227 0
      vertex -31.247595264191645 -93.102 0
    endloop
  endfacet
  facet normal 0 0 -1
    outer loop
      vertex -32.75 -90.5 0
      vertex -34.252404735808355 -93.102 0
      vertex -37.5 -91.227 0
    endloop
  endfacet
  facet normal 0 0 -1
    outer loop
      vertex -31.247595264191645 -96.852 0
      vertex -34.252404735808355 -96.852 0
      vertex -34.252404735808355 -93.102 0
    endloop
  endfacet
  facet normal 0 0 -1
    outer loop
      vertex -29.502404735808355 -88.625 0
      vertex -31.247595264191645 -93.102 0
      vertex -34.252404735808355 -93.102 0
    endloop
  endfacet
  facet normal 0 0 -1
    outer loop
      vertex -31.247595264191645 -96.852 0
      vertex -34.252404735808355 -93.102 0
      vertex -31.247595264191645 -93.102 0
    endloop
  endfacet
  facet normal 0 0 -1
    outer loop
      vertex -31.247595264191645 -96.852 0
      vertex -28 -98.727 0
      vertex -34.252404735808355 -96.852 0
    endloop
  endfacet
  facet normal 0 0 -1
    outer loop
      vertex -26.497595264191645 -88.625 0
      vertex -28 -91.227 0
      vertex -26.497595264191645 -84.875 0
    endloop
  endfacet
  facet normal 0 0 -1
    outer loop
      vertex -26.497595264191645 -88.625 0
      vertex -23.25 -90.5 0
      vertex -28 -91.227 0
    endloop
  endfacet
  facet normal 0 0 -1
    outer loop
      vertex -20.54356769911446 -79.02942218224045 0
      vertex -18.5 -91.227 0
      vertex -20.002404735808355 -84.875 0
    endloop
  endfacet
  facet normal 0 0 -1
    outer loop
      vertex -20.002404735808355 -88.625 0
      vertex -24.752404735808355 -93.102 0
      vertex -23.25 -90.5 0
    endloop
  endfacet
  facet normal 0 0 -1
    outer loop
      vertex -20.002404735808355 -84.875 0
      vertex -18.5 -91.227 0
      vertex -20.002404735808355 -88.625 0
    endloop
  endfacet
  facet normal 0 0 -1
    outer loop
      vertex -21.747595264191645 -93.102 0
      vertex -20.002404735808355 -88.625 0
      vertex -18.5 -91.227 0
    endloop
  endfacet
  facet normal 0 0 -1
    outer loop
      vertex -23.25 -90.5 0
      vertex -24.752404735808355 -93.102 0
      vertex -28 -91.227 0
    endloop
  endfacet
  facet normal 0 0 -1
    outer loop
      vertex -20.002404735808355 -88.625 0
      vertex -24.752404735808355 -96.852 0
      vertex -24.752404735808355 -93.102 0
    endloop
  endfacet
  facet normal 0 0 -1
    outer loop
      vertex -20.002404735808355 -88.625 0
      vertex -21.747595264191645 -93.102 0
      vertex -24.752404735808355 -96.852 0
    endloop
  endfacet
  facet normal 0 0 -1
    outer loop
      vertex -21.747595264191645 -96.852 0
      vertex -24.752404735808355 -96.852 0
      vertex -21.747595264191645 -93.102 0
    endloop
  endfacet
  facet normal 0 0 -1
    outer loop
      vertex -24.752404735808355 -96.852 0
      vertex -21.747595264191645 -96.852 0
      vertex -18.5 -98.727 0
    endloop
  endfacet
  facet normal 0 0 -1
    outer loop
      vertex -37.5 -98.727 0
      vertex -34.252404735808355 -96.852 0
      vertex -28 -98.727 0
    endloop
  endfacet
  facet normal 0 0 -1
    outer loop
      vertex -64.5 -108 0
      vertex -28 -98.727 0
      vertex -18.5 -98.727 0
    endloop
  endfacet
  facet normal 0 0 -1
    outer loop
      vertex -64.5 -108 0
      vertex -18.5 -98.727 0
      vertex -9 -98.727 0
    endloop
  endfacet
  facet normal 0 0 -1
    outer loop
      vertex -24.752404735808355 -96.852 0
      vertex -18.5 -98.727 0
      vertex -28 -98.727 0
    endloop
  endfacet
  facet normal 0 0 -1
    outer loop
      vertex -64.5 -108 0
      vertex -9 -98.727 0
      vertex 0.5 -98.727 0
    endloop
  endfacet
  facet normal 0 0 -1
    outer loop
      vertex -74.5 -110.5 0
      vertex -64.5 -108 0
      vertex 64.5 -108 0
    endloop
  endfacet
  facet normal 0 -0.7071067811865476 -0.7071067811865476
    outer loop
      vertex -74.5 -110.5 0
      vertex 74.5 -110.5 0
      vertex -74.5 -112 1.5
    endloop
  endfacet
  facet normal 1 0 0
    outer loop
      vertex -35.997595264191645 -88.625 0
      vertex -35.997595264191645 -84.875 0
      vertex -35.997595264191645 -84.875 6
    endloop
  endfacet
  facet normal 0.5 0.8660254037844387 0
    outer loop
      vertex -35.997595264191645 -88.625 0
      vertex -35.997595264191645 -88.625 6
      vertex -32.75 -90.5 0
    endloop
  endfacet
  facet normal -0.5 -0.8660254037844387 0
    outer loop
      vertex -32.75 -83 0
      vertex -29.502404735808355 -84.875 0
      vertex -29.502404735808355 -84.875 6
    endloop
  endfacet
  facet normal -1 0 0
    outer loop
      vertex -29.502404735808355 -84.875 0
      vertex -29.502404735808355 -88.625 0
      vertex -29.502404735808355 -88.625 6
    endloop
  endfacet
  facet normal -0.5 0.8660254037844387 0
    outer loop
      vertex -29.502404735808355 -88.625 0
      vertex -32.75 -90.5 0
      vertex -32.75 -90.5 6
    endloop
  endfacet
  facet normal -0.5 -0.8660254037844387 0
    outer loop
      vertex -37.5 -91.227 0
      vertex -34.252404735808355 -93.102 0
      vertex -34.252404735808355 -93.102 6
    endloop
  endfacet
  facet normal -1 0 0
    outer loop
      vertex -34.252404735808355 -96.852 0
      vertex -34.252404735808355 -96.852 6
      vertex -34.252404735808355 -93.102 0
    endloop
  endfacet
  facet normal 1 0 0
    outer loop
      vertex -31.247595264191645 -96.852 0
      vertex -31.247595264191645 -93.102 0
      vertex -31.247595264191645 -93.102 6
    endloop
  endfacet
  facet normal 0.5 -0.8660254037844387 0
    outer loop
      vertex -31.247595264191645 -93.102 0
      vertex -28 -91.227 0
      vertex -28 -91.227 6
    endloop
  endfacet
  facet normal 0.5 0.8660254037844387 0
    outer loop
      vertex -31.247595264191645 -96.852 0
      vertex -31.247595264191645 -96.852 6
      vertex -28 -98.727 0
    endloop
  endfacet
  facet normal 1 0 0
    outer loop
      vertex -26.497595264191645 -88.625 0
      vertex -26.497595264191645 -84.875 0
      vertex -26.497595264191645 -84.875 6
    endloop
  endfacet
  facet normal 0.5 0.8660254037844387 0
    outer loop
      vertex -26.497595264191645 -88.625 0
      vertex -26.497595264191645 -88.625 6
      vertex -23.25 -90.5 0
    endloop
  endfacet
  facet normal -0.5 -0.8660254037844387 0
    outer loop
      vertex -23.25 -83 0
      vertex -20.002404735808355 -84.875 0
      vertex -20.002404735808355 -84.875 6
    endloop
  endfacet
  facet normal -1 0 0
    outer loop
      vertex -20.002404735808355 -84.875 0
      vertex -20.002404735808355 -88.625 0
      vertex -20.002404735808355 -88.625 6
    endloop
  endfacet
  facet normal -0.5 0.8660254037844387 0
    outer loop
      vertex -20.002404735808355 -88.625 0
      vertex -23.25 -90.5 0
      vertex -23.25 -90.5 6
    endloop
  endfacet
  facet normal -0.5 -0.8660254037844387 0
    outer loop
      vertex -28 -91.227 0
      vertex -24.752404735808355 -93.102 0
      vertex -24.752404735808355 -93.102 6
    endloop
  endfacet
  facet normal -1 0 0
    outer loop
      vertex -24.752404735808355 -93.102 0
      vertex -24.752404735808355 -96.852 0
      vertex -24.752404735808355 -96.852 6
    endloop
  endfacet
  facet normal 1 0 0
    outer loop
      vertex -21.747595264191645 -96.852 0
      vertex -21.747595264191645 -93.102 0
      vertex -21.747595264191645 -93.102 6
    endloop
  endfacet
  facet normal 0.5 -0.8660254037844387 0
    outer loop
      vertex -21.747595264191645 -93.102 0
      vertex -18.5 -91.227 0
      vertex -18.5 -91.227 6
    endloop
  endfacet
  facet normal 0.5 0.8660254037844387 0
    outer loop
      vertex -21.747595264191645 -96.852 0
      vertex -21.747595264191645 -96.852 6
      vertex -18.5 -98.727 0
    endloop
  endfacet
  facet normal -0.5 0.8660254037844387 0
    outer loop
      vertex -37.5 -98.727 0
      vertex -37.5 -98.727 6
      vertex -34.252404735808355 -96.852 0
    endloop
  endfacet
  facet normal -0.5 0.8660254037844387 0
    outer loop
      vertex -24.752404735808355 -96.852 0
      vertex -28 -98.727 0
      vertex -28 -98.727 6
    endloop
  endfacet
  facet normal 0 0 -1
    outer loop
      vertex -17.001530142205592 -78.75065778087482 0
      vertex -16.997595264191645 -84.875 0
      vertex -18.5 -91.227 0
    endloop
  endfacet
  facet normal 0 0 -1
    outer loop
      vertex -18.5 -91.227 0
      vertex -16.997595264191645 -84.875 0
      vertex -16.997595264191645 -88.625 0
    endloop
  endfacet
  facet normal 0 0 -1
    outer loop
      vertex -16.997595264191645 -88.625 0
      vertex -15.252404735808355 -93.102 0
      vertex -18.5 -91.227 0
    endloop
  endfacet
  facet normal 0 0 -1
    outer loop
      vertex -10.502404735808355 -88.625 0
      vertex -12.247595264191645 -93.102 0
      vertex -13.75 -90.5 0
    endloop
  endfacet
  facet normal 0 0 -1
    outer loop
      vertex -10.502404735808355 -84.875 0
      vertex -9 -91.227 0
      vertex -10.502404735808355 -88.625 0
    endloop
  endfacet
  facet normal 0 0 -1
    outer loop
      vertex -10.502404735808355 -88.625 0
      vertex -9 -91.227 0
      vertex -12.247595264191645 -93.102 0
    endloop
  endfacet
  facet normal 0 0 -1
    outer loop
      vertex -16.997595264191645 -88.625 0
      vertex -13.75 -90.5 0
      vertex -12.247595264191645 -96.852 0
    endloop
  endfacet
  facet normal 0 0 -1
    outer loop
      vertex -16.997595264191645 -88.625 0
      vertex -12.247595264191645 -96.852 0
      vertex -15.252404735808355 -93.102 0
    endloop
  endfacet
  facet normal 0 0 -1
    outer loop
      vertex -12.247595264191645 -96.852 0
      vertex -15.252404735808355 -96.852 0
      vertex -15.252404735808355 -93.102 0
    endloop
  endfacet
  facet normal 0 0 -1
    outer loop
      vertex -13.75 -90.5 0
      vertex -12.247595264191645 -93.102 0
      vertex -12.247595264191645 -96.852 0
    endloop
  endfacet
  facet normal 0 0 -1
    outer loop
      vertex -15.252404735808355 -96.852 0
      vertex -12.247595264191645 -96.852 0
      vertex -9 -98.727 0
    endloop
  endfacet
  facet normal 0 0 -1
    outer loop
      vertex -9 -91.227 0
      vertex -7.497595264191645 -84.875 0
      vertex -7.497595264191645 -88.625 0
    endloop
  endfacet
  facet normal 0 0 -1
    outer loop
      vertex -7.497595264191645 -88.625 0
      vertex -4.25 -90.5 0
      vertex -9 -91.227 0
    endloop
  endfacet
  facet normal 0 0 -1
    outer loop
      vertex -1.002404735808355 -88.625 0
      vertex -2.747595264191645 -93.102 0
      vertex -4.25 -90.5 0
    endloop
  endfacet
  facet normal 0 0 -1
    outer loop
      vertex -1.002404735808355 -84.875 0
      vertex 0.5 -91.227 0
      vertex -1.002404735808355 -88.625 0
    endloop
  endfacet
  facet normal 0 0 -1
    outer loop
      vertex -1.002404735808355 -88.625 0
      vertex 0.5 -91.227 0
      vertex -2.747595264191645 -93.102 0
    endloop
  endfacet
  facet normal 0 0 -1
    outer loop
      vertex -4.25 -90.5 0
      vertex -5.752404735808355 -93.102 0
      vertex -9 -91.227 0
    endloop
  endfacet
  facet normal 0 0 -1
    outer loop
      vertex -2.747595264191645 -96.852 0
      vertex -5.752404735808355 -96.852 0
      vertex -5.752404735808355 -93.102 0
    endloop
  endfacet
  facet normal 0 0 -1
    outer loop
      vertex -4.25 -90.5 0
      vertex -2.747595264191645 -96.852 0
      vertex -5.752404735808355 -93.102 0
    endloop
  endfacet
  facet normal 0 0 -1
    outer loop
      vertex -4.25 -90.5 0
      vertex -2.747595264191645 -93.102 0
      vertex -2.747595264191645 -96.852 0
    endloop
  endfacet
  facet normal 0 0 -1
    outer loop
      vertex -5.752404735808355 -96.852 0
      vertex -2.747595264191645 -96.852 0
      vertex 0.5 -98.727 0
    endloop
  endfacet
  facet normal 0 0 -1
    outer loop
      vertex -18.5 -98.727 0
      vertex -15.252404735808355 -96.852 0
      vertex -9 -98.727 0
    endloop
  endfacet
  facet normal 0 0 -1
    outer loop
      vertex -64.5 -108 0
      vertex 0.5 -98.727 0
      vertex 10 -98.727 0
    endloop
  endfacet
  facet normal 0 0 -1
    outer loop
      vertex -64.5 -108 0
      vertex 10 -98.727 0
      vertex 19.5 -98.727 0
    endloop
  endfacet
  facet normal 0 0 -1
    outer loop
      vertex -5.752404735808355 -96.852 0
      vertex 0.5 -98.727 0
      vertex -9 -98.727 0
    endloop
  endfacet
  facet normal 1 0 0
    outer loop
      vertex -16.997595264191645 -88.625 0
      vertex -16.997595264191645 -84.875 0
      vertex -16.997595264191645 -84.875 6
    endloop
  endfacet
  facet normal 0.5 0.8660254037844387 0
    outer loop
      vertex -16.997595264191645 -88.625 0
      vertex -16.997595264191645 -88.625 6
      vertex -13.75 -90.5 0
    endloop
  endfacet
  facet normal -0.5 -0.8660254037844387 0
    outer loop
      vertex -13.75 -83 0
      vertex -10.502404735808355 -84.875 0
      vertex -10.502404735808355 -84.875 6
    endloop
  endfacet
  facet normal -1 0 0
    outer loop
      vertex -10.502404735808355 -84.875 0
      vertex -10.502404735808355 -88.625 0
      vertex -10.502404735808355 -88.625 6
    endloop
  endfacet
  facet normal -0.5 0.8660254037844387 0
    outer loop
      vertex -10.502404735808355 -88.625 0
      vertex -13.75 -90.5 0
      vertex -13.75 -90.5 6
    endloop
  endfacet
  facet normal -0.5 -0.8660254037844387 0
    outer loop
      vertex -18.5 -91.227 0
      vertex -15.252404735808355 -93.102 0
      vertex -15.252404735808355 -93.102 6
    endloop
  endfacet
  facet normal -1 0 0
    outer loop
      vertex -15.252404735808355 -93.102 0
      vertex -15.252404735808355 -96.852 0
      vertex -15.252404735808355 -96.852 6
    endloop
  endfacet
  facet normal 1 0 0
    outer loop
      vertex -12.247595264191645 -96.852 0
      vertex -12.247595264191645 -93.102 0
      vertex -12.247595264191645 -93.102 6
    endloop
  endfacet
  facet normal 0.5 -0.8660254037844387 0
    outer loop
      vertex -12.247595264191645 -93.102 0
      vertex -9 -91.227 0
      vertex -9 -91.227 6
    endloop
  endfacet
  facet normal 0.5 0.8660254037844387 0
    outer loop
      vertex -12.247595264191645 -96.852 0
      vertex -12.247595264191645 -96.852 6
      vertex -9 -98.727 0
    endloop
  endfacet
  facet normal 1 0 0
    outer loop
      vertex -7.497595264191645 -88.625 0
      vertex -7.497595264191645 -84.875 0
      vertex -7.497595264191645 -84.875 6
    endloop
  endfacet
  facet normal 0.5 0.8660254037844387 0
    outer loop
      vertex -7.497595264191645 -88.625 0
      vertex -7.497595264191645 -88.625 6
      vertex -4.25 -90.5 0
    endloop
  endfacet
  facet normal -0.5 -0.8660254037844387 0
    outer loop
      vertex -4.25 -83 0
      vertex -1.002404735808355 -84.875 0
      vertex -1.002404735808355 -84.875 6
    endloop
  endfacet
  facet normal -1 0 0
    outer loop
      vertex -1.002404735808355 -84.875 0
      vertex -1.002404735808355 -88.625 0
      vertex -1.002404735808355 -88.625 6
    endloop
  endfacet
  facet normal -0.5 0.8660254037844387 0
    outer loop
      vertex -1.002404735808355 -88.625 0
      vertex -4.25 -90.5 0
      vertex -4.25 -90.5 6
    endloop
  endfacet
  facet normal -0.5 -0.8660254037844387 0
    outer loop
      vertex -9 -91.227 0
      vertex -5.752404735808355 -93.102 0
      vertex -5.752404735808355 -93.102 6
    endloop
  endfacet
  facet normal -1 0 0
    outer loop
      vertex -5.752404735808355 -93.102 0
      vertex -5.752404735808355 -96.852 0
      vertex -5.752404735808355 -96.852 6
    endloop
  endfacet
  facet normal 1 0 0
    outer loop
      vertex -2.747595264191645 -96.852 0
      vertex -2.747595264191645 -93.102 0
      vertex -2.747595264191645 -93.102 6
    endloop
  endfacet
  facet normal 0.5 -0.8660254037844387 0
    outer loop
      vertex -2.747595264191645 -93.102 0
      vertex 0.5 -91.227 0
      vertex 0.5 -91.227 6
    endloop
  endfacet
  facet normal 0.5 0.8660254037844387 0
    outer loop
      vertex -2.747595264191645 -96.852 0
      vertex -2.747595264191645 -96.852 6
      vertex 0.5 -98.727 0
    endloop
  endfacet
  facet normal -0.5 0.8660254037844387 0
    outer loop
      vertex -18.5 -98.727 0
      vertex -18.5 -98.727 6
      vertex -15.252404735808355 -96.852 0
    endloop
  endfacet
  facet normal -0.5 0.8660254037844387 0
    outer loop
      vertex -5.752404735808355 -96.852 0
      vertex -9 -98.727 0
      vertex -9 -98.727 6
    endloop
  endfacet
  facet normal 0.3826834323650863 -0.9238795325112882 0
    outer loop
      vertex -20.54356769911446 -62.97057781775955 0
      vertex -20.050657780874822 -62.76640784459648 6
      vertex -20.54356769911446 -62.97057781775955 6
    endloop
  endfacet
  facet normal 0.23344536385590908 -0.9723699203976758 0
    outer loop
      vertex -20.050657780874822 -62.76640784459648 0
      vertex -19.531877181136785 -62.64185964197653 6
      vertex -20.050657780874822 -62.76640784459648 6
    endloop
  endfacet
  facet normal 0.07845909572784047 -0.9969173337331283 0
    outer loop
      vertex -19.531877181136785 -62.64185964197653 0
      vertex -19 -62.6 6
      vertex -19.531877181136785 -62.64185964197653 6
    endloop
  endfacet
  facet normal 0.760405965600035 -0.6494480483301788 0
    outer loop
      vertex -21.75065778087482 -64.0015301422056 0
      vertex -21.40416305603426 -63.595836943965736 6
      vertex -21.75065778087482 -64.0015301422056 6
    endloop
  endfacet
  facet normal 0.8526401643540872 -0.5224985647159569 0
    outer loop
      vertex -22.029422182240452 -64.45643230088554 0
      vertex -21.75065778087482 -64.0015301422056 6
      vertex -22.029422182240452 -64.45643230088554 6
    endloop
  endfacet
  facet normal 0.9238795325112911 -0.38268343236507923 0
    outer loop
      vertex -22.23359215540352 -64.94934221912519 0
      vertex -22.029422182240452 -64.45643230088554 6
      vertex -22.23359215540352 -64.94934221912519 6
    endloop
  endfacet
  facet normal 0.9723699203976758 -0.23344536385590908 0
    outer loop
      vertex -22.35814035802347 -65.46812281886322 0
      vertex -22.23359215540352 -64.94934221912519 6
      vertex -22.35814035802347 -65.46812281886322 6
    endloop
  endfacet
  facet normal 0.9969173337331283 -0.07845909572784153 0
    outer loop
      vertex -22.4 -66 0
      vertex -22.35814035802347 -65.46812281886322 6
      vertex -22.4 -66 6
    endloop
  endfacet
  facet normal 0.5224985647159559 -0.852640164354088 0
    outer loop
      vertex -20.998469857794408 -63.24934221912518 0
      vertex -20.54356769911446 -62.97057781775955 6
      vertex -20.998469857794408 -63.24934221912518 6
    endloop
  endfacet
  facet normal 0.6494480483301777 -0.760405965600036 0
    outer loop
      vertex -21.40416305603426 -63.595836943965736 0
      vertex -20.998469857794408 -63.24934221912518 6
      vertex -21.40416305603426 -63.595836943965736 6
    endloop
  endfacet
  facet normal -0.5 -0.8660254037844387 0
    outer loop
      vertex -32.75 -83 0
      vertex -29.502404735808355 -84.875 6
      vertex -32.75 -83 6
    endloop
  endfacet
  facet normal 1 0 0
    outer loop
      vertex -22.4 -66 6
      vertex -22.4 -76 6
      vertex -22.4 -76 0
    endloop
  endfacet
  facet normal 0.9969173337331283 0.07845909572784153 0
    outer loop
      vertex -22.35814035802347 -76.53187718113678 0
      vertex -22.4 -76 6
      vertex -22.35814035802347 -76.53187718113678 6
    endloop
  endfacet
  facet normal 0.9723699203976758 0.23344536385590908 0
    outer loop
      vertex -22.23359215540352 -77.05065778087481 0
      vertex -22.35814035802347 -76.53187718113678 6
      vertex -22.23359215540352 -77.05065778087481 6
    endloop
  endfacet
  facet normal 0.9238795325112911 0.38268343236507923 0
    outer loop
      vertex -22.029422182240452 -77.54356769911446 0
      vertex -22.23359215540352 -77.05065778087481 6
      vertex -22.029422182240452 -77.54356769911446 6
    endloop
  endfacet
  facet normal 0.8526401643540872 0.5224985647159569 0
    outer loop
      vertex -21.75065778087482 -77.9984698577944 0
      vertex -22.029422182240452 -77.54356769911446 6
      vertex -21.75065778087482 -77.9984698577944 6
    endloop
  endfacet
  facet normal 0.760405965600035 0.6494480483301788 0
    outer loop
      vertex -21.40416305603426 -78.40416305603426 0
      vertex -21.75065778087482 -77.9984698577944 6
      vertex -21.40416305603426 -78.40416305603426 6
    endloop
  endfacet
  facet normal 0.6494480483301777 0.760405965600036 0
    outer loop
      vertex -20.998469857794408 -78.75065778087482 0
      vertex -21.40416305603426 -78.40416305603426 6
      vertex -20.998469857794408 -78.75065778087482 6
    endloop
  endfacet
  facet normal 0.5224985647159559 0.852640164354088 0
    outer loop
      vertex -20.54356769911446 -79.02942218224045 0
      vertex -20.998469857794408 -78.75065778087482 6
      vertex -20.54356769911446 -79.02942218224045 6
    endloop
  endfacet
  facet normal 0.3826834323650976 0.9238795325112834 0
    outer loop
      vertex -20.050657780874822 -79.23359215540353 0
      vertex -20.54356769911446 -79.02942218224045 6
      vertex -20.050657780874822 -79.23359215540353 6
    endloop
  endfacet
  facet normal 0.23344536385588388 0.9723699203976818 0
    outer loop
      vertex -19.531877181136785 -79.35814035802346 0
      vertex -20.050657780874822 -79.23359215540353 6
      vertex -19.531877181136785 -79.35814035802346 6
    endloop
  endfacet
  facet normal 0.07845909572786695 0.9969173337331262 0
    outer loop
      vertex -19 -79.4 0
      vertex -19.531877181136785 -79.35814035802346 6
      vertex -19 -79.4 6
    endloop
  endfacet
  facet normal -0.5 -0.8660254037844387 0
    outer loop
      vertex -23.25 -83 0
      vertex -20.002404735808355 -84.875 6
      vertex -23.25 -83 6
    endloop
  endfacet
  facet normal -0.07845909572784047 -0.9969173337331283 0
    outer loop
      vertex -19 -62.6 0
      vertex -18.468122818863215 -62.64185964197653 6
      vertex -19 -62.6 6
    endloop
  endfacet
  facet normal -0.23344536385590908 -0.9723699203976758 0
    outer loop
      vertex -18.468122818863215 -62.64185964197653 0
      vertex -17.949342219125178 -62.76640784459648 6
      vertex -18.468122818863215 -62.64185964197653 6
    endloop
  endfacet
  facet normal -0.3826834323650863 -0.9238795325112882 0
    outer loop
      vertex -17.949342219125178 -62.76640784459648 0
      vertex -17.45643230088554 -62.97057781775955 6
      vertex -17.949342219125178 -62.76640784459648 6
    endloop
  endfacet
  facet normal -0.5224985647159559 -0.852640164354088 0
    outer loop
      vertex -17.45643230088554 -62.97057781775955 0
      vertex -17.001530142205592 -63.24934221912518 6
      vertex -17.45643230088554 -62.97057781775955 6
    endloop
  endfacet
  facet normal -0.6494480483301777 -0.760405965600036 0
    outer loop
      vertex -17.001530142205592 -63.24934221912518 0
      vertex -16.59583694396574 -63.595836943965736 6
      vertex -17.001530142205592 -63.24934221912518 6
    endloop
  endfacet
  facet normal -0.760405965600035 -0.6494480483301788 0
    outer loop
      vertex -16.59583694396574 -63.595836943965736 0
      vertex -16.24934221912518 -64.0015301422056 6
      vertex -16.59583694396574 -63.595836943965736 6
    endloop
  endfacet
  facet normal -0.8526401643540887 -0.5224985647159545 0
    outer loop
      vertex -16.24934221912518 -64.0015301422056 0
      vertex -15.97057781775955 -64.45643230088554 6
      vertex -16.24934221912518 -64.0015301422056 6
    endloop
  endfacet
  facet normal -0.92387953251129 -0.38268343236508207 -4.0768572299687996e-19
    outer loop
      vertex -15.766407844596479 -64.94934221912519 6
      vertex -15.97057781775955 -64.45643230088554 6
      vertex -15.97057781775955 -64.45643230088554 0
    endloop
  endfacet
  facet normal -0.9723699203976758 -0.23344536385590908 0
    outer loop
      vertex -15.766407844596479 -64.94934221912519 0
      vertex -15.64185964197653 -65.46812281886322 6
      vertex -15.766407844596479 -64.94934221912519 6
    endloop
  endfacet
  facet normal -0.996917333733128 -0.07845909572784483 0
    outer loop
      vertex -15.64185964197653 -65.46812281886322 0
      vertex -15.6 -66 6
      vertex -15.64185964197653 -65.46812281886322 6
    endloop
  endfacet
  facet normal -1 0 0
    outer loop
      vertex -15.6 -66 0
      vertex -15.6 -76 6
      vertex -15.6 -66 6
    endloop
  endfacet
  facet normal -0.996917333733128 0.07845909572784483 0
    outer loop
      vertex -15.6 -76 0
      vertex -15.64185964197653 -76.53187718113678 6
      vertex -15.6 -76 6
    endloop
  endfacet
  facet normal -0.9723699203976758 0.23344536385590908 0
    outer loop
      vertex -15.64185964197653 -76.53187718113678 0
      vertex -15.766407844596479 -77.05065778087481 6
      vertex -15.64185964197653 -76.53187718113678 6
    endloop
  endfacet
  facet normal -0.6494480483301777 0.760405965600036 0
    outer loop
      vertex -16.59583694396574 -78.40416305603426 0
      vertex -17.001530142205592 -78.75065778087482 6
      vertex -16.59583694396574 -78.40416305603426 6
    endloop
  endfacet
  facet normal -0.07845909572786695 0.9969173337331262 0
    outer loop
      vertex -18.468122818863215 -79.35814035802346 0
      vertex -19 -79.4 6
      vertex -18.468122818863215 -79.35814035802346 6
    endloop
  endfacet
  facet normal -0.23344536385588388 0.9723699203976818 0
    outer loop
      vertex -17.949342219125178 -79.23359215540353 0
      vertex -18.468122818863215 -79.35814035802346 6
      vertex -17.949342219125178 -79.23359215540353 6
    endloop
  endfacet
  facet normal -0.3826834323650976 0.9238795325112834 0
    outer loop
      vertex -17.45643230088554 -79.02942218224045 0
      vertex -17.949342219125178 -79.23359215540353 6
      vertex -17.45643230088554 -79.02942218224045 6
    endloop
  endfacet
  facet normal -0.5224985647159559 0.852640164354088 0
    outer loop
      vertex -17.001530142205592 -78.75065778087482 0
      vertex -17.45643230088554 -79.02942218224045 6
      vertex -17.001530142205592 -78.75065778087482 6
    endloop
  endfacet
  facet normal -0.8526401643540887 0.5224985647159545 0
    outer loop
      vertex -15.97057781775955 -77.54356769911446 0
      vertex -16.24934221912518 -77.9984698577944 6
      vertex -15.97057781775955 -77.54356769911446 6
    endloop
  endfacet
  facet normal -0.92387953251129 0.38268343236508207 0
    outer loop
      vertex -15.766407844596479 -77.05065778087481 0
      vertex -15.97057781775955 -77.54356769911446 6
      vertex -15.766407844596479 -77.05065778087481 6
    endloop
  endfacet
  facet normal -0.760405965600035 0.6494480483301788 0
    outer loop
      vertex -16.24934221912518 -77.9984698577944 0
      vertex -16.59583694396574 -78.40416305603426 6
      vertex -16.24934221912518 -77.9984698577944 6
    endloop
  endfacet
  facet normal -0.5 -0.8660254037844387 0
    outer loop
      vertex -13.75 -83 0
      vertex -10.502404735808355 -84.875 6
      vertex -13.75 -83 6
    endloop
  endfacet
  facet normal -0.5 -0.8660254037844387 0
    outer loop
      vertex -4.25 -83 0
      vertex -1.002404735808355 -84.875 6
      vertex -4.25 -83 6
    endloop
  endfacet
  facet normal 1 0 0
    outer loop
      vertex -35.997595264191645 -88.625 0
      vertex -35.997595264191645 -84.875 6
      vertex -35.997595264191645 -88.625 6
    endloop
  endfacet
  facet normal 0.5 -0.8660254037844387 0
    outer loop
      vertex -35.997595264191645 -84.875 0
      vertex -32.75 -83 6
      vertex -35.997595264191645 -84.875 6
    endloop
  endfacet
  facet normal 0.5 0.8660254037844387 0
    outer loop
      vertex -32.75 -90.5 0
      vertex -35.997595264191645 -88.625 6
      vertex -32.75 -90.5 6
    endloop
  endfacet
  facet normal -1 0 0
    outer loop
      vertex -29.502404735808355 -84.875 0
      vertex -29.502404735808355 -88.625 6
      vertex -29.502404735808355 -84.875 6
    endloop
  endfacet
  facet normal -0.5 0.8660254037844387 0
    outer loop
      vertex -29.502404735808355 -88.625 0
      vertex -32.75 -90.5 6
      vertex -29.502404735808355 -88.625 6
    endloop
  endfacet
  facet normal -0.5 -0.8660254037844387 0
    outer loop
      vertex -37.5 -91.227 0
      vertex -34.252404735808355 -93.102 6
      vertex -37.5 -91.227 6
    endloop
  endfacet
  facet normal -1 0 0
    outer loop
      vertex -34.252404735808355 -93.102 0
      vertex -34.252404735808355 -96.852 6
      vertex -34.252404735808355 -93.102 6
    endloop
  endfacet
  facet normal -0.5 0.8660254037844387 0
    outer loop
      vertex -34.252404735808355 -96.852 0
      vertex -37.5 -98.727 6
      vertex -34.252404735808355 -96.852 6
    endloop
  endfacet
  facet normal 0.5 -0.8660254037844387 0
    outer loop
      vertex -31.247595264191645 -93.102 0
      vertex -28 -91.227 6
      vertex -31.247595264191645 -93.102 6
    endloop
  endfacet
  facet normal 1 0 0
    outer loop
      vertex -31.247595264191645 -96.852 0
      vertex -31.247595264191645 -93.102 6
      vertex -31.247595264191645 -96.852 6
    endloop
  endfacet
  facet normal 1 0 0
    outer loop
      vertex -26.497595264191645 -88.625 0
      vertex -26.497595264191645 -84.875 6
      vertex -26.497595264191645 -88.625 6
    endloop
  endfacet
  facet normal 0.5 -0.8660254037844387 0
    outer loop
      vertex -26.497595264191645 -84.875 0
      vertex -23.25 -83 6
      vertex -26.497595264191645 -84.875 6
    endloop
  endfacet
  facet normal 0.5 0.8660254037844387 0
    outer loop
      vertex -23.25 -90.5 0
      vertex -26.497595264191645 -88.625 6
      vertex -23.25 -90.5 6
    endloop
  endfacet
  facet normal -1 0 0
    outer loop
      vertex -20.002404735808355 -84.875 0
      vertex -20.002404735808355 -88.625 6
      vertex -20.002404735808355 -84.875 6
    endloop
  endfacet
  facet normal -0.5 0.8660254037844387 0
    outer loop
      vertex -20.002404735808355 -88.625 0
      vertex -23.25 -90.5 6
      vertex -20.002404735808355 -88.625 6
    endloop
  endfacet
  facet normal -0.5 -0.8660254037844387 0
    outer loop
      vertex -28 -91.227 0
      vertex -24.752404735808355 -93.102 6
      vertex -28 -91.227 6
    endloop
  endfacet
  facet normal -1 0 0
    outer loop
      vertex -24.752404735808355 -93.102 0
      vertex -24.752404735808355 -96.852 6
      vertex -24.752404735808355 -93.102 6
    endloop
  endfacet
  facet normal -0.5 0.8660254037844387 0
    outer loop
      vertex -24.752404735808355 -96.852 0
      vertex -28 -98.727 6
      vertex -24.752404735808355 -96.852 6
    endloop
  endfacet
  facet normal 0.5 -0.8660254037844387 0
    outer loop
      vertex -21.747595264191645 -93.102 0
      vertex -18.5 -91.227 6
      vertex -21.747595264191645 -93.102 6
    endloop
  endfacet
  facet normal 1 0 0
    outer loop
      vertex -21.747595264191645 -96.852 0
      vertex -21.747595264191645 -93.102 6
      vertex -21.747595264191645 -96.852 6
    endloop
  endfacet
  facet normal 0.5 0.8660254037844387 0
    outer loop
      vertex -28 -98.727 0
      vertex -31.247595264191645 -96.852 6
      vertex -28 -98.727 6
    endloop
  endfacet
  facet normal 0 -1 0
    outer loop
      vertex -74.5 -112 1.5
      vertex 74.5 -112 4.5
      vertex -74.5 -112 4.5
    endloop
  endfacet
  facet normal 0.5 0.8660254037844387 0
    outer loop
      vertex -18.5 -98.727 0
      vertex -21.747595264191645 -96.852 6
      vertex -18.5 -98.727 6
    endloop
  endfacet
  facet normal 0 -0.7071067811865476 0.7071067811865476
    outer loop
      vertex -74.5 -112 4.5
      vertex 74.5 -112 4.5
      vertex -74.5 -110.5 6
    endloop
  endfacet
  facet normal 1 0 0
    outer loop
      vertex -16.997595264191645 -88.625 0
      vertex -16.997595264191645 -84.875 6
      vertex -16.997595264191645 -88.625 6
    endloop
  endfacet
  facet normal 0.5 -0.8660254037844387 0
    outer loop
      vertex -16.997595264191645 -84.875 0
      vertex -13.75 -83 6
      vertex -16.997595264191645 -84.875 6
    endloop
  endfacet
  facet normal 0.5 0.8660254037844387 0
    outer loop
      vertex -13.75 -90.5 0
      vertex -16.997595264191645 -88.625 6
      vertex -13.75 -90.5 6
    endloop
  endfacet
  facet normal -1 0 0
    outer loop
      vertex -10.502404735808355 -84.875 0
      vertex -10.502404735808355 -88.625 6
      vertex -10.502404735808355 -84.875 6
    endloop
  endfacet
  facet normal -0.5 0.8660254037844387 0
    outer loop
      vertex -10.502404735808355 -88.625 0
      vertex -13.75 -90.5 6
      vertex -10.502404735808355 -88.625 6
    endloop
  endfacet
  facet normal -0.5 -0.8660254037844387 0
    outer loop
      vertex -18.5 -91.227 0
      vertex -15.252404735808355 -93.102 6
      vertex -18.5 -91.227 6
    endloop
  endfacet
  facet normal -1 0 0
    outer loop
      vertex -15.252404735808355 -93.102 0
      vertex -15.252404735808355 -96.852 6
      vertex -15.252404735808355 -93.102 6
    endloop
  endfacet
  facet normal -0.5 0.8660254037844387 0
    outer loop
      vertex -15.252404735808355 -96.852 0
      vertex -18.5 -98.727 6
      vertex -15.252404735808355 -96.852 6
    endloop
  endfacet
  facet normal 0.5 -0.8660254037844387 0
    outer loop
      vertex -12.247595264191645 -93.102 0
      vertex -9 -91.227 6
      vertex -12.247595264191645 -93.102 6
    endloop
  endfacet
  facet normal 1 0 0
    outer loop
      vertex -12.247595264191645 -96.852 0
      vertex -12.247595264191645 -93.102 6
      vertex -12.247595264191645 -96.852 6
    endloop
  endfacet
  facet normal 1 0 0
    outer loop
      vertex -7.497595264191645 -88.625 0
      vertex -7.497595264191645 -84.875 6
      vertex -7.497595264191645 -88.625 6
    endloop
  endfacet
  facet normal 0.5 -0.8660254037844387 0
    outer loop
      vertex -7.497595264191645 -84.875 0
      vertex -4.25 -83 6
      vertex -7.497595264191645 -84.875 6
    endloop
  endfacet
  facet normal 0.5 0.8660254037844387 0
    outer loop
      vertex -4.25 -90.5 0
      vertex -7.497595264191645 -88.625 6
      vertex -4.25 -90.5 6
    endloop
  endfacet
  facet normal -1 0 0
    outer loop
      vertex -1.002404735808355 -84.875 0
      vertex -1.002404735808355 -88.625 6
      vertex -1.002404735808355 -84.875 6
    endloop
  endfacet
  facet normal -0.5 0.8660254037844387 0
    outer loop
      vertex -1.002404735808355 -88.625 0
      vertex -4.25 -90.5 6
      vertex -1.002404735808355 -88.625 6
    endloop
  endfacet
  facet normal -0.5 -0.8660254037844387 0
    outer loop
      vertex -9 -91.227 0
      vertex -5.752404735808355 -93.102 6
      vertex -9 -91.227 6
    endloop
  endfacet
  facet normal -1 0 0
    outer loop
      vertex -5.752404735808355 -93.102 0
      vertex -5.752404735808355 -96.852 6
      vertex -5.752404735808355 -93.102 6
    endloop
  endfacet
  facet normal -0.5 0.8660254037844387 0
    outer loop
      vertex -5.752404735808355 -96.852 0
      vertex -9 -98.727 6
      vertex -5.752404735808355 -96.852 6
    endloop
  endfacet
  facet normal 0.5 -0.8660254037844387 0
    outer loop
      vertex -2.747595264191645 -93.102 0
      vertex 0.5 -91.227 6
      vertex -2.747595264191645 -93.102 6
    endloop
  endfacet
  facet normal 1 0 0
    outer loop
      vertex -2.747595264191645 -96.852 0
      vertex -2.747595264191645 -93.102 6
      vertex -2.747595264191645 -96.852 6
    endloop
  endfacet
  facet normal 0.5 0.8660254037844387 0
    outer loop
      vertex -9 -98.727 0
      vertex -12.247595264191645 -96.852 6
      vertex -9 -98.727 6
    endloop
  endfacet
  facet normal 0.5 0.8660254037844387 0
    outer loop
      vertex 0.5 -98.727 0
      vertex -2.747595264191645 -96.852 6
      vertex 0.5 -98.727 6
    endloop
  endfacet
  facet normal -1 0 0
    outer loop
      vertex -76 -4.8 1.1999999999999993
      vertex -76 -1.2 10.799999999999999
      vertex -76 -1.2 8
    endloop
  endfacet
  facet normal 1 0 0
    outer loop
      vertex -70 -6 6
      vertex -70 -6 8
      vertex -70 -8 8
    endloop
  endfacet
  facet normal 0 -1 0
    outer loop
      vertex -70 -6 6
      vertex -61.02942218224045 -6 8.456432300885542
      vertex -70 -6 8
    endloop
  endfacet
  facet normal 0 -1 0
    outer loop
      vertex -70 -6 6
      vertex -58 -6 6.6
      vertex -58.531877181136785 -6 6.641859641976531
    endloop
  endfacet
  facet normal 0 -1 0
    outer loop
      vertex -70 -6 6
      vertex -58.531877181136785 -6 6.641859641976531
      vertex -59.05065778087482 -6 6.766407844596479
    endloop
  endfacet
  facet normal 0 -1 0
    outer loop
      vertex -70 -6 6
      vertex -59.54356769911446 -6 6.970577817759549
      vertex -59.99846985779441 -6 7.249342219125179
    endloop
  endfacet
  facet normal 0 -1 0
    outer loop
      vertex -70 -6 6
      vertex -59.05065778087482 -6 6.766407844596479
      vertex -59.54356769911446 -6 6.970577817759549
    endloop
  endfacet
  facet normal 0.07845909572784379 0 0.996917333733128
    outer loop
      vertex -58.531877181136785 0 6.641859641976531
      vertex -58.531877181136785 -6 6.641859641976531
      vertex -58 0 6.6
    endloop
  endfacet
  facet normal 0.23344536385590908 1.5708975184097345e-18 0.9723699203976758
    outer loop
      vertex -58.531877181136785 0 6.641859641976531
      vertex -59.05065778087482 0 6.766407844596479
      vertex -59.05065778087482 -6 6.766407844596479
    endloop
  endfacet
  facet normal -0.07845909572784379 0 0.996917333733128
    outer loop
      vertex -58 0 6.6
      vertex -58 -6 6.6
      vertex -57.468122818863215 0 6.641859641976531
    endloop
  endfacet
  facet normal -0.23344536385590908 0 0.9723699203976758
    outer loop
      vertex -57.468122818863215 0 6.641859641976531
      vertex -57.468122818863215 -6 6.641859641976531
      vertex -56.94934221912518 0 6.766407844596479
    endloop
  endfacet
  facet normal 0 -1 0
    outer loop
      vertex -70 -6 6
      vertex -43.54356769911446 -6 6.970577817759549
      vertex -58 -6 6.6
    endloop
  endfacet
  facet normal 0.23344536385590908 0 0.9723699203976758
    outer loop
      vertex -58.531877181136785 0 6.641859641976531
      vertex -59.05065778087482 -6 6.766407844596479
      vertex -58.531877181136785 -6 6.641859641976531
    endloop
  endfacet
  facet normal 0.07845909572784379 0 0.996917333733128
    outer loop
      vertex -58 0 6.6
      vertex -58.531877181136785 -6 6.641859641976531
      vertex -58 -6 6.6
    endloop
  endfacet
  facet normal -0.07845909572784379 0 0.996917333733128
    outer loop
      vertex -57.468122818863215 0 6.641859641976531
      vertex -58 -6 6.6
      vertex -57.468122818863215 -6 6.641859641976531
    endloop
  endfacet
  facet normal -0.23344536385590908 0 0.9723699203976758
    outer loop
      vertex -56.94934221912518 0 6.766407844596479
      vertex -57.468122818863215 -6 6.641859641976531
      vertex -56.94934221912518 -6 6.766407844596479
    endloop
  endfacet
  facet normal 0 -1 0
    outer loop
      vertex -70 -6 6
      vertex -59.99846985779441 -6 7.249342219125179
      vertex -60.404163056034264 -6 7.595836943965738
    endloop
  endfacet
  facet normal 0 -1 0
    outer loop
      vertex -70 -6 6
      vertex -60.404163056034264 -6 7.595836943965738
      vertex -60.75065778087482 -6 8.001530142205592
    endloop
  endfacet
  facet normal 0 -1 0
    outer loop
      vertex -70 -6 6
      vertex -60.75065778087482 -6 8.001530142205592
      vertex -61.02942218224045 -6 8.456432300885542
    endloop
  endfacet
  facet normal 0.38268343236508673 1.9118009383358077e-18 0.923879532511288
    outer loop
      vertex -59.05065778087482 0 6.766407844596479
      vertex -59.54356769911446 0 6.970577817759549
      vertex -59.54356769911446 -6 6.970577817759549
    endloop
  endfacet
  facet normal 0.5224985647159486 0 0.8526401643540924
    outer loop
      vertex -59.54356769911446 0 6.970577817759549
      vertex -59.99846985779441 -6 7.249342219125179
      vertex -59.54356769911446 -6 6.970577817759549
    endloop
  endfacet
  facet normal 0.38268343236508673 0 0.923879532511288
    outer loop
      vertex -59.05065778087482 0 6.766407844596479
      vertex -59.54356769911446 -6 6.970577817759549
      vertex -59.05065778087482 -6 6.766407844596479
    endloop
  endfacet
  facet normal 0.5224985647159486 0 0.8526401643540924
    outer loop
      vertex -59.99846985779441 0 7.249342219125179
      vertex -59.99846985779441 -6 7.249342219125179
      vertex -59.54356769911446 0 6.970577817759549
    endloop
  endfacet
  facet normal 0.6494480483301834 7.84086192911054e-19 0.7604059656000312
    outer loop
      vertex -59.99846985779441 0 7.249342219125179
      vertex -60.404163056034264 0 7.595836943965738
      vertex -60.404163056034264 -6 7.595836943965738
    endloop
  endfacet
  facet normal 0.6494480483301834 0 0.7604059656000312
    outer loop
      vertex -59.99846985779441 -6 7.249342219125179
      vertex -59.99846985779441 0 7.249342219125179
      vertex -60.404163056034264 -6 7.595836943965738
    endloop
  endfacet
  facet normal -1 0 0
    outer loop
      vertex -76 -4.8 4.5
      vertex -76 -4.8 8
      vertex -76 -1.2 10.799999999999999
    endloop
  endfacet
  facet normal 0 0 1
    outer loop
      vertex -76 0 8
      vertex -76 -1.2 8
      vertex -74.8 0 8
    endloop
  endfacet
  facet normal 0 0 1
    outer loop
      vertex -76 -4.8 8
      vertex -76 -8 8
      vertex -74.8 -6 8
    endloop
  endfacet
  facet normal 0 0 1
    outer loop
      vertex -74.8 -6 8
      vertex -76 -8 8
      vertex -70 -6 8
    endloop
  endfacet
  facet normal 0 0 1
    outer loop
      vertex -70 -6 8
      vertex -76 -8 8
      vertex -70 -8 8
    endloop
  endfacet
  facet normal -0.7071067811865467 0.7071067811865483 1.6822419200183265e-17
    outer loop
      vertex -76 -1.2 8
      vertex -74.8 0 10.799999999999999
      vertex -74.8 0 8
    endloop
  endfacet
  facet normal -0.7071067811865467 -0.7071067811865482 0
    outer loop
      vertex -76 -4.8 8
      vertex -74.8 -6 8
      vertex -76 -4.8 10.799999999999999
    endloop
  endfacet
  facet normal 0 -1 0
    outer loop
      vertex -74.8 -6 8
      vertex -70 -6 8
      vertex -74.8 -6 10.799999999999999
    endloop
  endfacet
  facet normal 0 1 0
    outer loop
      vertex -74.8 0 8
      vertex -60.404163056034264 0 7.595836943965738
      vertex -59.99846985779441 0 7.249342219125179
    endloop
  endfacet
  facet normal 0 1 0
    outer loop
      vertex -74.8 0 8
      vertex -60.75065778087482 0 8.001530142205592
      vertex -60.404163056034264 0 7.595836943965738
    endloop
  endfacet
  facet normal 0 1 0
    outer loop
      vertex -74.8 0 8
      vertex -61.02942218224045 0 8.456432300885542
      vertex -60.75065778087482 0 8.001530142205592
    endloop
  endfacet
  facet normal 0.7604059656000375 -1.6659373544902603e-18 0.649448048330176
    outer loop
      vertex -60.404163056034264 0 7.595836943965738
      vertex -60.75065778087482 0 8.001530142205592
      vertex -60.75065778087482 -6 8.001530142205592
    endloop
  endfacet
  facet normal 0.7604059656000375 0 0.649448048330176
    outer loop
      vertex -60.404163056034264 0 7.595836943965738
      vertex -60.75065778087482 -6 8.001530142205592
      vertex -60.404163056034264 -6 7.595836943965738
    endloop
  endfacet
  facet normal 0.852640164354088 2.4156020392218567e-18 0.5224985647159559
    outer loop
      vertex -61.02942218224045 -6 8.456432300885542
      vertex -60.75065778087482 -6 8.001530142205592
      vertex -60.75065778087482 0 8.001530142205592
    endloop
  endfacet
  facet normal 0 1 0
    outer loop
      vertex -74.8 0 8
      vertex -61.23359215540352 0 8.949342219125178
      vertex -61.02942218224045 0 8.456432300885542
    endloop
  endfacet
  facet normal 0 -1 0
    outer loop
      vertex -70 -6 8
      vertex -61.02942218224045 -6 8.456432300885542
      vertex -61.23359215540352 -6 8.949342219125178
    endloop
  endfacet
  facet normal 0 1 0
    outer loop
      vertex -74.8 0 8
      vertex -61.35814035802347 0 9.468122818863215
      vertex -61.23359215540352 0 8.949342219125178
    endloop
  endfacet
  facet normal 0 -1 0
    outer loop
      vertex -70 -6 8
      vertex -61.23359215540352 -6 8.949342219125178
      vertex -61.35814035802347 -6 9.468122818863215
    endloop
  endfacet
  facet normal 0.852640164354088 2.4156020392218567e-18 0.5224985647159559
    outer loop
      vertex -60.75065778087482 0 8.001530142205592
      vertex -61.02942218224045 0 8.456432300885542
      vertex -61.02942218224045 -6 8.456432300885542
    endloop
  endfacet
  facet normal 0.9238795325112882 -8.628510466155919e-19 0.3826834323650863
    outer loop
      vertex -61.23359215540352 -6 8.949342219125178
      vertex -61.02942218224045 -6 8.456432300885542
      vertex -61.02942218224045 0 8.456432300885542
    endloop
  endfacet
  facet normal 0.9238795325112882 -8.628510466155919e-19 0.3826834323650863
    outer loop
      vertex -61.02942218224045 0 8.456432300885542
      vertex -61.23359215540352 0 8.949342219125178
      vertex -61.23359215540352 -6 8.949342219125178
    endloop
  endfacet
  facet normal 0 -0.02127178149057583 0.9997737300570652
    outer loop
      vertex -76 -8 8
      vertex -72.65584417691149 -27.827085650690698 7.578147113815092
      vertex -70 -8 8
    endloop
  endfacet
  facet normal -1.018971559989797e-16 -0.021271781490575865 0.999773730057065
    outer loop
      vertex -76 -8 8
      vertex -74.77983738762488 -28.70687244495656 7.559428245851988
      vertex -74.55563491861041 -28.444365081389595 7.565013508906604
    endloop
  endfacet
  facet normal -2.8355657714447226e-16 -0.021271781490575865 0.9997737300570649
    outer loop
      vertex -76 -8 8
      vertex -74.55563491861041 -28.444365081389595 7.565013508906604
      vertex -74.29312755504344 -28.220162612375116 7.569783774204785
    endloop
  endfacet
  facet normal 1.4507168392798416e-15 -0.021271781490575736 0.999773730057065
    outer loop
      vertex -76 -8 8
      vertex -75.17291434930931 -29.655844176911494 7.539237357938054
      vertex -75.09232433584934 -29.320162612375114 7.546379518885637
    endloop
  endfacet
  facet normal -3.4654410443027494e-14 -0.021271781490577162 0.999773730057065
    outer loop
      vertex -76 -8 8
      vertex -75.2 -30 7.531914893617021
      vertex -75.17291434930931 -29.655844176911494 7.539237357938054
    endloop
  endfacet
  facet normal 1.7842579962978804e-15 -0.02127178149057574 0.9997737300570649
    outer loop
      vertex -76 -8 8
      vertex -74.96021435321441 -29.001220900572996 7.5531655127537665
      vertex -74.77983738762488 -28.70687244495656 7.559428245851988
    endloop
  endfacet
  facet normal 2.0762688887334644e-15 -0.021271781490575715 0.999773730057065
    outer loop
      vertex -76 -8 8
      vertex -75.09232433584934 -29.320162612375114 7.546379518885637
      vertex -74.96021435321441 -29.001220900572996 7.5531655127537665
    endloop
  endfacet
  facet normal -9.574367380711227e-16 -0.021271781490575906 0.999773730057065
    outer loop
      vertex -76 -8 8
      vertex -74.29312755504344 -28.220162612375116 7.569783774204785
      vertex -73.998779099427 -28.03978564678559 7.573621581983286
    endloop
  endfacet
  facet normal 1.6560876551676025e-15 -0.021271781490575677 0.999773730057065
    outer loop
      vertex -76 -8 8
      vertex -73.998779099427 -28.03978564678559 7.573621581983286
      vertex -73.67983738762489 -27.907675664150663 7.576432432677645
    endloop
  endfacet
  facet normal -1.6673454782318363e-15 -0.021271781490576062 0.999773730057065
    outer loop
      vertex -76 -8 8
      vertex -73.67983738762489 -27.907675664150663 7.576432432677645
      vertex -73.34415582308851 -27.827085650690698 7.578147113815092
    endloop
  endfacet
  facet normal 1.4541114897024507e-15 -0.021271781490575646 0.999773730057065
    outer loop
      vertex -76 -8 8
      vertex -73.34415582308851 -27.827085650690698 7.578147113815092
      vertex -73 -27.8 7.578723404255319
    endloop
  endfacet
  facet normal -1.538097303026768e-15 -0.021271781490576073 0.9997737300570652
    outer loop
      vertex -76 -8 8
      vertex -73 -27.8 7.578723404255319
      vertex -72.65584417691149 -27.827085650690698 7.578147113815092
    endloop
  endfacet
  facet normal 1.634050167713615e-15 -0.021271781490576062 0.999773730057065
    outer loop
      vertex -70 -8 8
      vertex -72.65584417691149 -27.827085650690698 7.578147113815092
      vertex -72.32016261237511 -27.907675664150663 7.576432432677645
    endloop
  endfacet
  facet normal -1.530107823261554e-15 -0.021271781490575663 0.999773730057065
    outer loop
      vertex -70 -8 8
      vertex -72.32016261237511 -27.907675664150663 7.576432432677645
      vertex -72.001220900573 -28.03978564678559 7.573621581983286
    endloop
  endfacet
  facet normal 7.513836140996863e-16 -0.02127178149057593 0.999773730057065
    outer loop
      vertex -70 -8 8
      vertex -72.001220900573 -28.03978564678559 7.573621581983286
      vertex -71.70687244495656 -28.220162612375116 7.569783774204785
    endloop
  endfacet
  facet normal 3.015212534364768e-16 -0.021271781490575865 0.999773730057065
    outer loop
      vertex -70 -8 8
      vertex -71.70687244495656 -28.220162612375116 7.569783774204785
      vertex -71.44436508138959 -28.444365081389595 7.565013508906604
    endloop
  endfacet
  facet normal -9.989846410020691e-17 -0.021271781490575837 0.999773730057065
    outer loop
      vertex -70 -8 8
      vertex -71.44436508138959 -28.444365081389595 7.565013508906604
      vertex -71.22016261237512 -28.70687244495656 7.559428245851988
    endloop
  endfacet
  facet normal -1.8592055026974623e-15 -0.021271781490575736 0.9997737300570649
    outer loop
      vertex -70 -8 8
      vertex -71.22016261237512 -28.70687244495656 7.559428245851988
      vertex -71.03978564678559 -29.001220900572996 7.5531655127537665
    endloop
  endfacet
  facet normal 9.540269997157647e-15 -0.02127178149057632 0.999773730057065
    outer loop
      vertex -70 -8 8
      vertex -71.03978564678559 -29.001220900572996 7.5531655127537665
      vertex -70.90767566415066 -29.320162612375114 7.546379518885635
    endloop
  endfacet
  facet normal -2.060757588400845e-14 -0.021271781490575 0.999773730057065
    outer loop
      vertex -70 -8 8
      vertex -70.90767566415066 -29.320162612375114 7.546379518885635
      vertex -70.82708565069069 -29.655844176911494 7.539237357938054
    endloop
  endfacet
  facet normal 3.512587220879646e-14 -0.021271781490577155 0.999773730057065
    outer loop
      vertex -70 -8 8
      vertex -70.82708565069069 -29.655844176911494 7.539237357938054
      vertex -70.8 -30 7.531914893617021
    endloop
  endfacet
  facet normal 0 -1 0
    outer loop
      vertex -43.54356769911446 -6 6.970577817759549
      vertex -57.468122818863215 -6 6.641859641976531
      vertex -58 -6 6.6
    endloop
  endfacet
  facet normal 0 -1 0
    outer loop
      vertex -70 -6 6
      vertex -42 -6 6.6
      vertex -42.531877181136785 -6 6.641859641976531
    endloop
  endfacet
  facet normal 0 -1 0
    outer loop
      vertex -70 -6 6
      vertex -42.531877181136785 -6 6.641859641976531
      vertex -43.05065778087482 -6 6.766407844596479
    endloop
  endfacet
  facet normal 0 -1 0
    outer loop
      vertex -70 -6 6
      vertex -43.05065778087482 -6 6.766407844596479
      vertex -43.54356769911446 -6 6.970577817759549
    endloop
  endfacet
  facet normal -0.38268343236508673 0 0.923879532511288
    outer loop
      vertex -56.94934221912518 0 6.766407844596479
      vertex -56.94934221912518 -6 6.766407844596479
      vertex -56.45643230088554 0 6.970577817759549
    endloop
  endfacet
  facet normal -0.5224985647159486 0 0.8526401643540924
    outer loop
      vertex -56.45643230088554 0 6.970577817759549
      vertex -56.45643230088554 -6 6.970577817759549
      vertex -56.00153014220559 0 7.249342219125179
    endloop
  endfacet
  facet normal -0.38268343236508673 0 0.923879532511288
    outer loop
      vertex -56.45643230088554 0 6.970577817759549
      vertex -56.94934221912518 -6 6.766407844596479
      vertex -56.45643230088554 -6 6.970577817759549
    endloop
  endfacet
  facet normal 0 -1 0
    outer loop
      vertex -43.54356769911446 -6 6.970577817759549
      vertex -56.94934221912518 -6 6.766407844596479
      vertex -57.468122818863215 -6 6.641859641976531
    endloop
  endfacet
  facet normal 0 -1 0
    outer loop
      vertex -56.45643230088554 -6 6.970577817759549
      vertex -56.94934221912518 -6 6.766407844596479
      vertex -43.54356769911446 -6 6.970577817759549
    endloop
  endfacet
  facet normal -0.6494480483301834 0 0.7604059656000312
    outer loop
      vertex -56.00153014220559 0 7.249342219125179
      vertex -56.00153014220559 -6 7.249342219125179
      vertex -55.595836943965736 0 7.595836943965738
    endloop
  endfacet
  facet normal -0.5224985647159486 0 0.8526401643540924
    outer loop
      vertex -56.00153014220559 0 7.249342219125179
      vertex -56.45643230088554 -6 6.970577817759549
      vertex -56.00153014220559 -6 7.249342219125179
    endloop
  endfacet
  facet normal -0.6494480483301834 -7.84086192911054e-19 0.7604059656000312
    outer loop
      vertex -56.00153014220559 -6 7.249342219125179
      vertex -55.595836943965736 -6 7.595836943965738
      vertex -55.595836943965736 0 7.595836943965738
    endloop
  endfacet
  facet normal 0 1 0
    outer loop
      vertex -56.45643230088554 0 6.970577817759549
      vertex -56.00153014220559 0 7.249342219125179
      vertex -43.54356769911446 0 6.970577817759549
    endloop
  endfacet
  facet normal 0 1 0
    outer loop
      vertex -56.45643230088554 0 6.970577817759549
      vertex -43.54356769911446 0 6.970577817759549
      vertex -43.05065778087482 0 6.766407844596479
    endloop
  endfacet
  facet normal 0 -1 0
    outer loop
      vertex -56.45643230088554 -6 6.970577817759549
      vertex -43.54356769911446 -6 6.970577817759549
      vertex -43.99846985779441 -6 7.249342219125179
    endloop
  endfacet
  facet normal 0 1 0
    outer loop
      vertex -56.00153014220559 0 7.249342219125179
      vertex -55.595836943965736 0 7.595836943965738
      vertex -43.99846985779441 0 7.249342219125179
    endloop
  endfacet
  facet normal 0 1 0
    outer loop
      vertex -56.00153014220559 0 7.249342219125179
      vertex -43.99846985779441 0 7.249342219125179
      vertex -43.54356769911446 0 6.970577817759549
    endloop
  endfacet
  facet normal 0 1 0
    outer loop
      vertex -55.595836943965736 0 7.595836943965738
      vertex -44.404163056034264 0 7.595836943965738
      vertex -43.99846985779441 0 7.249342219125179
    endloop
  endfacet
  facet normal 0 -1 0
    outer loop
      vertex -56.00153014220559 -6 7.249342219125179
      vertex -56.45643230088554 -6 6.970577817759549
      vertex -43.99846985779441 -6 7.249342219125179
    endloop
  endfacet
  facet normal 0 -1 0
    outer loop
      vertex -56.00153014220559 -6 7.249342219125179
      vertex -44.404163056034264 -6 7.595836943965738
      vertex -55.595836943965736 -6 7.595836943965738
    endloop
  endfacet
  facet normal 0 -1 0
    outer loop
      vertex -56.00153014220559 -6 7.249342219125179
      vertex -43.99846985779441 -6 7.249342219125179
      vertex -44.404163056034264 -6 7.595836943965738
    endloop
  endfacet
  facet normal 0 1 0
    outer loop
      vertex -56.45643230088554 0 6.970577817759549
      vertex -42.531877181136785 0 6.641859641976531
      vertex -42 0 6.6
    endloop
  endfacet
  facet normal 0.23344536385590908 1.5708975184097345e-18 0.9723699203976758
    outer loop
      vertex -42.531877181136785 0 6.641859641976531
      vertex -43.05065778087482 0 6.766407844596479
      vertex -43.05065778087482 -6 6.766407844596479
    endloop
  endfacet
  facet normal 0 -1 0
    outer loop
      vertex -70 -6 6
      vertex -27.050657780874822 -6 6.766407844596479
      vertex -42 -6 6.6
    endloop
  endfacet
  facet normal 0.07845909572784379 0 0.996917333733128
    outer loop
      vertex -42.531877181136785 0 6.641859641976531
      vertex -42.531877181136785 -6 6.641859641976531
      vertex -42 0 6.6
    endloop
  endfacet
  facet normal -0.07845909572784379 0 0.996917333733128
    outer loop
      vertex -42 0 6.6
      vertex -42 -6 6.6
      vertex -41.468122818863215 0 6.641859641976531
    endloop
  endfacet
  facet normal -0.23344536385590908 0 0.9723699203976758
    outer loop
      vertex -41.468122818863215 0 6.641859641976531
      vertex -41.468122818863215 -6 6.641859641976531
      vertex -40.94934221912518 0 6.766407844596479
    endloop
  endfacet
  facet normal 0 -1 0
    outer loop
      vertex -70 -6 6
      vertex -26 -6 6.6
      vertex -26.531877181136785 -6 6.641859641976531
    endloop
  endfacet
  facet normal 0 -1 0
    outer loop
      vertex -70 -6 6
      vertex -26.531877181136785 -6 6.641859641976531
      vertex -27.050657780874822 -6 6.766407844596479
    endloop
  endfacet
  facet normal 0.07845909572784379 0 0.996917333733128
    outer loop
      vertex -42 0 6.6
      vertex -42.531877181136785 -6 6.641859641976531
      vertex -42 -6 6.6
    endloop
  endfacet
  facet normal -0.07845909572784379 0 0.996917333733128
    outer loop
      vertex -41.468122818863215 0 6.641859641976531
      vertex -42 -6 6.6
      vertex -41.468122818863215 -6 6.641859641976531
    endloop
  endfacet
  facet normal 0.23344536385590908 0 0.9723699203976758
    outer loop
      vertex -42.531877181136785 0 6.641859641976531
      vertex -43.05065778087482 -6 6.766407844596479
      vertex -42.531877181136785 -6 6.641859641976531
    endloop
  endfacet
  facet normal -0.23344536385590908 0 0.9723699203976758
    outer loop
      vertex -40.94934221912518 0 6.766407844596479
      vertex -41.468122818863215 -6 6.641859641976531
      vertex -40.94934221912518 -6 6.766407844596479
    endloop
  endfacet
  facet normal 0 1 0
    outer loop
      vertex -56.45643230088554 0 6.970577817759549
      vertex -43.05065778087482 0 6.766407844596479
      vertex -42.531877181136785 0 6.641859641976531
    endloop
  endfacet
  facet normal 0.38268343236508673 1.9118009383358077e-18 0.923879532511288
    outer loop
      vertex -43.05065778087482 0 6.766407844596479
      vertex -43.54356769911446 0 6.970577817759549
      vertex -43.54356769911446 -6 6.970577817759549
    endloop
  endfacet
  facet normal 0.38268343236508673 1.9118009383358077e-18 0.923879532511288
    outer loop
      vertex -43.54356769911446 -6 6.970577817759549
      vertex -43.05065778087482 -6 6.766407844596479
      vertex -43.05065778087482 0 6.766407844596479
    endloop
  endfacet
  facet normal 0.5224985647159486 0 0.8526401643540924
    outer loop
      vertex -43.54356769911446 0 6.970577817759549
      vertex -43.99846985779441 -6 7.249342219125179
      vertex -43.54356769911446 -6 6.970577817759549
    endloop
  endfacet
  facet normal 0.5224985647159486 -3.296432577419694e-18 0.8526401643540924
    outer loop
      vertex -43.54356769911446 0 6.970577817759549
      vertex -43.99846985779441 0 7.249342219125179
      vertex -43.99846985779441 -6 7.249342219125179
    endloop
  endfacet
  facet normal 0.6494480483301834 7.84086192911054e-19 0.7604059656000312
    outer loop
      vertex -43.99846985779441 0 7.249342219125179
      vertex -44.404163056034264 0 7.595836943965738
      vertex -44.404163056034264 -6 7.595836943965738
    endloop
  endfacet
  facet normal 0.6494480483301834 0 0.7604059656000312
    outer loop
      vertex -43.99846985779441 -6 7.249342219125179
      vertex -43.99846985779441 0 7.249342219125179
      vertex -44.404163056034264 -6 7.595836943965738
    endloop
  endfacet
  facet normal -0.38268343236508673 0 0.923879532511288
    outer loop
      vertex -40.94934221912518 0 6.766407844596479
      vertex -40.94934221912518 -6 6.766407844596479
      vertex -40.45643230088554 0 6.970577817759549
    endloop
  endfacet
  facet normal -0.5224985647159486 0 0.8526401643540924
    outer loop
      vertex -40.45643230088554 -6 6.970577817759549
      vertex -40.00153014220559 0 7.249342219125179
      vertex -40.45643230088554 0 6.970577817759549
    endloop
  endfacet
  facet normal -0.38268343236508673 0 0.923879532511288
    outer loop
      vertex -40.45643230088554 0 6.970577817759549
      vertex -40.94934221912518 -6 6.766407844596479
      vertex -40.45643230088554 -6 6.970577817759549
    endloop
  endfacet
  facet normal -0.6494480483301834 0 0.7604059656000312
    outer loop
      vertex -40.00153014220559 0 7.249342219125179
      vertex -40.00153014220559 -6 7.249342219125179
      vertex -39.595836943965736 0 7.595836943965738
    endloop
  endfacet
  facet normal -0.5224985647159486 0 0.8526401643540924
    outer loop
      vertex -40.00153014220559 0 7.249342219125179
      vertex -40.45643230088554 -6 6.970577817759549
      vertex -40.00153014220559 -6 7.249342219125179
    endloop
  endfacet
  facet normal -0.6494480483301834 0 0.7604059656000312
    outer loop
      vertex -39.595836943965736 0 7.595836943965738
      vertex -40.00153014220559 -6 7.249342219125179
      vertex -39.595836943965736 -6 7.595836943965738
    endloop
  endfacet
  facet normal 0 0 1
    outer loop
      vertex -70 -6 6
      vertex -22.23359215540352 -34.94934221912518 6
      vertex -22.029422182240452 -34.45643230088554 6
    endloop
  endfacet
  facet normal 0 0 1
    outer loop
      vertex -70 -6 6
      vertex -22.35814035802347 -35.468122818863215 6
      vertex -22.23359215540352 -34.94934221912518 6
    endloop
  endfacet
  facet normal 0 0 1
    outer loop
      vertex -70 -6 6
      vertex -22.4 -36 6
      vertex -22.35814035802347 -35.468122818863215 6
    endloop
  endfacet
  facet normal -0.7604059656000375 0 0.649448048330176
    outer loop
      vertex -55.595836943965736 0 7.595836943965738
      vertex -55.595836943965736 -6 7.595836943965738
      vertex -55.24934221912518 0 8.001530142205592
    endloop
  endfacet
  facet normal -0.7604059656000375 0 0.649448048330176
    outer loop
      vertex -55.24934221912518 0 8.001530142205592
      vertex -55.595836943965736 -6 7.595836943965738
      vertex -55.24934221912518 -6 8.001530142205592
    endloop
  endfacet
  facet normal -0.852640164354088 0 0.5224985647159559
    outer loop
      vertex -55.24934221912518 0 8.001530142205592
      vertex -55.24934221912518 -6 8.001530142205592
      vertex -54.97057781775955 0 8.456432300885542
    endloop
  endfacet
  facet normal 0 1 0
    outer loop
      vertex -55.595836943965736 0 7.595836943965738
      vertex -55.24934221912518 0 8.001530142205592
      vertex -44.404163056034264 0 7.595836943965738
    endloop
  endfacet
  facet normal 0 1 0
    outer loop
      vertex -55.24934221912518 0 8.001530142205592
      vertex -44.75065778087482 0 8.001530142205592
      vertex -44.404163056034264 0 7.595836943965738
    endloop
  endfacet
  facet normal 0 -1 0
    outer loop
      vertex -55.24934221912518 -6 8.001530142205592
      vertex -55.595836943965736 -6 7.595836943965738
      vertex -44.75065778087482 -6 8.001530142205592
    endloop
  endfacet
  facet normal 0 -1 0
    outer loop
      vertex -55.595836943965736 -6 7.595836943965738
      vertex -44.404163056034264 -6 7.595836943965738
      vertex -44.75065778087482 -6 8.001530142205592
    endloop
  endfacet
  facet normal 0 1 0
    outer loop
      vertex -55.24934221912518 0 8.001530142205592
      vertex -54.97057781775955 0 8.456432300885542
      vertex -44.75065778087482 0 8.001530142205592
    endloop
  endfacet
  facet normal 0 -1 0
    outer loop
      vertex -55.24934221912518 -6 8.001530142205592
      vertex -44.75065778087482 -6 8.001530142205592
      vertex -45.02942218224045 -6 8.456432300885542
    endloop
  endfacet
  facet normal -0.9238795325112882 0 0.3826834323650863
    outer loop
      vertex -54.97057781775955 0 8.456432300885542
      vertex -54.97057781775955 -6 8.456432300885542
      vertex -54.76640784459648 0 8.949342219125178
    endloop
  endfacet
  facet normal -0.852640164354088 0 0.5224985647159559
    outer loop
      vertex -54.97057781775955 0 8.456432300885542
      vertex -55.24934221912518 -6 8.001530142205592
      vertex -54.97057781775955 -6 8.456432300885542
    endloop
  endfacet
  facet normal -0.9238795325112882 0 0.3826834323650863
    outer loop
      vertex -54.76640784459648 0 8.949342219125178
      vertex -54.97057781775955 -6 8.456432300885542
      vertex -54.76640784459648 -6 8.949342219125178
    endloop
  endfacet
  facet normal 0 1 0
    outer loop
      vertex -54.97057781775955 0 8.456432300885542
      vertex -54.76640784459648 0 8.949342219125178
      vertex -45.02942218224045 0 8.456432300885542
    endloop
  endfacet
  facet normal 0 1 0
    outer loop
      vertex -54.97057781775955 0 8.456432300885542
      vertex -45.02942218224045 0 8.456432300885542
      vertex -44.75065778087482 0 8.001530142205592
    endloop
  endfacet
  facet normal 0 -1 0
    outer loop
      vertex -45.23359215540352 -6 8.949342219125178
      vertex -54.97057781775955 -6 8.456432300885542
      vertex -55.24934221912518 -6 8.001530142205592
    endloop
  endfacet
  facet normal 0 -1 0
    outer loop
      vertex -55.24934221912518 -6 8.001530142205592
      vertex -45.02942218224045 -6 8.456432300885542
      vertex -45.23359215540352 -6 8.949342219125178
    endloop
  endfacet
  facet normal 0 1 0
    outer loop
      vertex -45.02942218224045 0 8.456432300885542
      vertex -54.76640784459648 0 8.949342219125178
      vertex -54.64185964197653 0 9.468122818863215
    endloop
  endfacet
  facet normal 0 -1 0
    outer loop
      vertex -54.76640784459648 -6 8.949342219125178
      vertex -54.97057781775955 -6 8.456432300885542
      vertex -45.23359215540352 -6 8.949342219125178
    endloop
  endfacet
  facet normal 0.7604059656000375 0 0.649448048330176
    outer loop
      vertex -44.75065778087482 0 8.001530142205592
      vertex -44.75065778087482 -6 8.001530142205592
      vertex -44.404163056034264 0 7.595836943965738
    endloop
  endfacet
  facet normal 0.7604059656000375 0 0.649448048330176
    outer loop
      vertex -44.404163056034264 0 7.595836943965738
      vertex -44.75065778087482 -6 8.001530142205592
      vertex -44.404163056034264 -6 7.595836943965738
    endloop
  endfacet
  facet normal 0.852640164354088 0 0.5224985647159559
    outer loop
      vertex -44.75065778087482 0 8.001530142205592
      vertex -45.02942218224045 -6 8.456432300885542
      vertex -44.75065778087482 -6 8.001530142205592
    endloop
  endfacet
  facet normal -0.7604059656000375 1.6659373544902603e-18 0.649448048330176
    outer loop
      vertex -39.24934221912518 0 8.001530142205592
      vertex -39.595836943965736 0 7.595836943965738
      vertex -39.595836943965736 -6 7.595836943965738
    endloop
  endfacet
  facet normal -0.7604059656000375 0 0.649448048330176
    outer loop
      vertex -39.24934221912518 0 8.001530142205592
      vertex -39.595836943965736 -6 7.595836943965738
      vertex -39.24934221912518 -6 8.001530142205592
    endloop
  endfacet
  facet normal -0.852640164354088 0 0.5224985647159559
    outer loop
      vertex -39.24934221912518 0 8.001530142205592
      vertex -39.24934221912518 -6 8.001530142205592
      vertex -38.97057781775955 0 8.456432300885542
    endloop
  endfacet
  facet normal 0.852640164354088 2.4156020392218567e-18 0.5224985647159559
    outer loop
      vertex -44.75065778087482 0 8.001530142205592
      vertex -45.02942218224045 0 8.456432300885542
      vertex -45.02942218224045 -6 8.456432300885542
    endloop
  endfacet
  facet normal 0.9238795325112882 -8.628510466155919e-19 0.3826834323650863
    outer loop
      vertex -45.23359215540352 -6 8.949342219125178
      vertex -45.02942218224045 -6 8.456432300885542
      vertex -45.02942218224045 0 8.456432300885542
    endloop
  endfacet
  facet normal 0.9238795325112882 -8.628510466155919e-19 0.3826834323650863
    outer loop
      vertex -45.02942218224045 0 8.456432300885542
      vertex -45.23359215540352 0 8.949342219125178
      vertex -45.23359215540352 -6 8.949342219125178
    endloop
  endfacet
  facet normal -0.9238795325112882 8.628510466155919e-19 0.3826834323650863
    outer loop
      vertex -38.76640784459648 0 8.949342219125178
      vertex -38.97057781775955 0 8.456432300885542
      vertex -38.97057781775955 -6 8.456432300885542
    endloop
  endfacet
  facet normal -0.852640164354088 0 0.5224985647159559
    outer loop
      vertex -38.97057781775955 0 8.456432300885542
      vertex -39.24934221912518 -6 8.001530142205592
      vertex -38.97057781775955 -6 8.456432300885542
    endloop
  endfacet
  facet normal -0.9238795325112882 0 0.3826834323650863
    outer loop
      vertex -38.76640784459648 -6 8.949342219125178
      vertex -38.76640784459648 0 8.949342219125178
      vertex -38.97057781775955 -6 8.456432300885542
    endloop
  endfacet
  facet normal -1 0 0
    outer loop
      vertex -76 -4.8 4.5
      vertex -76 -102 6
      vertex -76 -4.8 8
    endloop
  endfacet
  facet normal 1 0 0
    outer loop
      vertex -70 -6 6
      vertex -70 -8 8
      vertex -70 -102 6
    endloop
  endfacet
  facet normal -1 0 0
    outer loop
      vertex -76 -4.8 8
      vertex -76 -102 6
      vertex -76 -8 8
    endloop
  endfacet
  facet normal 5.66794118055183e-16 -0.02127178149057585 0.9997737300570649
    outer loop
      vertex -76 -8 8
      vertex -76 -102 6
      vertex -75.2 -30 7.531914893617021
    endloop
  endfacet
  facet normal -5.66794118055183e-16 -0.02127178149057585 0.9997737300570649
    outer loop
      vertex -70 -8 8
      vertex -70.8 -30 7.531914893617021
      vertex -70 -102 6
    endloop
  endfacet
  facet normal -7.264740459999988e-15 -0.02127178149057579 0.9997737300570652
    outer loop
      vertex -76 -102 6
      vertex -75.17291434930931 -30.344155823088506 7.524592429295989
      vertex -75.2 -30 7.531914893617021
    endloop
  endfacet
  facet normal -3.745046882606576e-15 -0.02127178149057579 0.999773730057065
    outer loop
      vertex -76 -102 6
      vertex -75.09232433584934 -30.679837387624886 7.517450268348407
      vertex -75.17291434930931 -30.344155823088506 7.524592429295989
    endloop
  endfacet
  facet normal -2.060279853082747e-15 -0.021271781490575823 0.9997737300570649
    outer loop
      vertex -76 -102 6
      vertex -74.96021435321441 -30.998779099427004 7.510664274480277
      vertex -75.09232433584934 -30.679837387624886 7.517450268348407
    endloop
  endfacet
  facet normal -2.5853224371023628e-15 -0.021271781490575806 0.999773730057065
    outer loop
      vertex -76 -102 6
      vertex -74.77983738762488 -31.29312755504344 7.504401541382055
      vertex -74.96021435321441 -30.998779099427004 7.510664274480277
    endloop
  endfacet
  facet normal 7.333182894530739e-15 -0.021271781490575983 0.999773730057065
    outer loop
      vertex -76 -102 6
      vertex -74.55563491861041 -31.555634918610405 7.498816278327437
      vertex -74.77983738762488 -31.29312755504344 7.504401541382055
    endloop
  endfacet
  facet normal -5.5847750992246256e-15 -0.021271781490575726 0.999773730057065
    outer loop
      vertex -76 -102 6
      vertex -74.29312755504344 -31.779837387624884 7.4940460130292585
      vertex -74.55563491861041 -31.555634918610405 7.498816278327437
    endloop
  endfacet
  facet normal 3.465525269021553e-16 -0.02127178149057587 0.999773730057065
    outer loop
      vertex -76 -102 6
      vertex -73.998779099427 -31.96021435321441 7.490208205250758
      vertex -74.29312755504344 -31.779837387624884 7.4940460130292585
    endloop
  endfacet
  facet normal 3.910653633346292e-15 -0.021271781490575962 0.9997737300570652
    outer loop
      vertex -76 -102 6
      vertex -73.67983738762489 -32.09232433584934 7.487397354556396
      vertex -73.998779099427 -31.96021435321441 7.490208205250758
    endloop
  endfacet
  facet normal -3.452801164097272e-15 -0.02127178149057573 0.9997737300570652
    outer loop
      vertex -76 -102 6
      vertex -73.34415582308851 -32.1729143493093 7.485682673418951
      vertex -73.67983738762489 -32.09232433584934 7.487397354556396
    endloop
  endfacet
  facet normal 3.670995865247365e-15 -0.021271781490576 0.9997737300570652
    outer loop
      vertex -76 -102 6
      vertex -73 -32.2 7.4851063829787226
      vertex -73.34415582308851 -32.1729143493093 7.485682673418951
    endloop
  endfacet
  facet normal -3.8316750825095835e-15 -0.021271781490575684 0.9997737300570652
    outer loop
      vertex -76 -102 6
      vertex -72.65584417691149 -32.1729143493093 7.485682673418951
      vertex -73 -32.2 7.4851063829787226
    endloop
  endfacet
  facet normal -1.604567399926966e-15 -0.02127178149057579 0.9997737300570649
    outer loop
      vertex -76 -102 6
      vertex -72.32016261237511 -32.09232433584934 7.487397354556398
      vertex -72.65584417691149 -32.1729143493093 7.485682673418951
    endloop
  endfacet
  facet normal -5.812604964600494e-16 -0.021271781490575847 0.9997737300570652
    outer loop
      vertex -74.5 -102 6
      vertex -71.44436508138959 -31.555634918610405 7.498816278327439
      vertex -71.70687244495656 -31.779837387624884 7.4940460130292585
    endloop
  endfacet
  facet normal 2.0887444837398496e-15 -0.02127178149057597 0.999773730057065
    outer loop
      vertex -76 -102 6
      vertex -72.001220900573 -31.96021435321441 7.490208205250758
      vertex -72.32016261237511 -32.09232433584934 7.487397354556398
    endloop
  endfacet
  facet normal -1.009413151797585e-15 -0.021271781490575795 0.999773730057065
    outer loop
      vertex -76 -102 6
      vertex -71.70687244495656 -31.779837387624884 7.4940460130292585
      vertex -72.001220900573 -31.96021435321441 7.490208205250758
    endloop
  endfacet
  facet normal 8.281995269587813e-15 -0.021271781490576264 0.999773730057065
    outer loop
      vertex -74.5 -102 6
      vertex -71.22016261237512 -31.29312755504344 7.5044015413820535
      vertex -71.44436508138959 -31.555634918610405 7.498816278327439
    endloop
  endfacet
  facet normal 6.384045579847222e-15 -0.021271781490575792 0.9997737300570652
    outer loop
      vertex -70 -102 6
      vertex -70.8 -30 7.531914893617021
      vertex -70.82708565069069 -30.344155823088506 7.524592429295989
    endloop
  endfacet
  facet normal -7.16324547121767e-15 -0.021271781490575962 0.999773730057065
    outer loop
      vertex -70 -102 6
      vertex -71.03978564678559 -30.998779099427004 7.510664274480277
      vertex -71.22016261237512 -31.29312755504344 7.5044015413820535
    endloop
  endfacet
  facet normal 4.963529790253888e-15 -0.021271781490575806 0.999773730057065
    outer loop
      vertex -70 -102 6
      vertex -70.82708565069069 -30.344155823088506 7.524592429295989
      vertex -70.90767566415066 -30.679837387624886 7.517450268348407
    endloop
  endfacet
  facet normal 7.938746878117105e-16 -0.021271781490575854 0.9997737300570652
    outer loop
      vertex -70 -102 6
      vertex -70.90767566415066 -30.679837387624886 7.517450268348407
      vertex -71.03978564678559 -30.998779099427004 7.510664274480277
    endloop
  endfacet
  facet normal 0 0 1
    outer loop
      vertex -70 -6 6
      vertex -22.4 -46 6
      vertex -22.4 -36 6
    endloop
  endfacet
  facet normal 0 0 1
    outer loop
      vertex -70 -6 6
      vertex -22.35814035802347 -46.531877181136785 6
      vertex -22.4 -46 6
    endloop
  endfacet
  facet normal 0 0 1
    outer loop
      vertex -70 -6 6
      vertex -22.23359215540352 -47.05065778087482 6
      vertex -22.35814035802347 -46.531877181136785 6
    endloop
  endfacet
  facet normal 0 0 1
    outer loop
      vertex -70 -6 6
      vertex -22.029422182240452 -47.54356769911446 6
      vertex -22.23359215540352 -47.05065778087482 6
    endloop
  endfacet
  facet normal 0 0 1
    outer loop
      vertex -70 -6 6
      vertex -22.23359215540352 -64.94934221912519 6
      vertex -22.029422182240452 -64.45643230088554 6
    endloop
  endfacet
  facet normal 0 0 1
    outer loop
      vertex -70 -6 6
      vertex -22.35814035802347 -65.46812281886322 6
      vertex -22.23359215540352 -64.94934221912519 6
    endloop
  endfacet
  facet normal 0 0 1
    outer loop
      vertex -70 -6 6
      vertex -42.25 -83 6
      vertex -22.35814035802347 -65.46812281886322 6
    endloop
  endfacet
  facet normal 0 1 0
    outer loop
      vertex -74.8 0 8
      vertex -74.8 0 10.799999999999999
      vertex -61.35814035802347 0 9.468122818863215
    endloop
  endfacet
  facet normal -0.7071067811865467 0.7071067811865483 0
    outer loop
      vertex -76 -1.2 8
      vertex -76 -1.2 10.799999999999999
      vertex -74.8 0 10.799999999999999
    endloop
  endfacet
  facet normal -1 0 0
    outer loop
      vertex -76 -4.8 8
      vertex -76 -4.8 10.799999999999999
      vertex -76 -1.2 10.799999999999999
    endloop
  endfacet
  facet normal -0.7071067811865467 -0.7071067811865482 0
    outer loop
      vertex -74.8 -6 8
      vertex -74.8 -6 10.799999999999999
      vertex -76 -4.8 10.799999999999999
    endloop
  endfacet
  facet normal 0 -1 0
    outer loop
      vertex -70 -6 8
      vertex -61.4 -6 10.799999999999999
      vertex -74.8 -6 10.799999999999999
    endloop
  endfacet
  facet normal 0 -1 0
    outer loop
      vertex -70 -6 8
      vertex -61.35814035802347 -6 9.468122818863215
      vertex -61.4 -6 10
    endloop
  endfacet
  facet normal 0 -1 0
    outer loop
      vertex -70 -6 8
      vertex -61.4 -6 10
      vertex -61.4 -6 10.799999999999999
    endloop
  endfacet
  facet normal 0.9723699203976758 1.5708975184097345e-18 0.23344536385590908
    outer loop
      vertex -61.23359215540352 0 8.949342219125178
      vertex -61.35814035802347 0 9.468122818863215
      vertex -61.35814035802347 -6 9.468122818863215
    endloop
  endfacet
  facet normal 0.9723699203976758 0 0.23344536385590908
    outer loop
      vertex -61.23359215540352 0 8.949342219125178
      vertex -61.35814035802347 -6 9.468122818863215
      vertex -61.23359215540352 -6 8.949342219125178
    endloop
  endfacet
  facet normal 0.9969173337331283 0 0.07845909572784047
    outer loop
      vertex -61.35814035802347 0 9.468122818863215
      vertex -61.4 -6 10
      vertex -61.35814035802347 -6 9.468122818863215
    endloop
  endfacet
  facet normal 0 1 0
    outer loop
      vertex -74.8 0 10.799999999999999
      vertex -61.4 0 10
      vertex -61.35814035802347 0 9.468122818863215
    endloop
  endfacet
  facet normal 0.9969173337331283 3.171428551585294e-19 0.07845909572784047
    outer loop
      vertex -61.35814035802347 0 9.468122818863215
      vertex -61.4 0 10
      vertex -61.4 -6 10
    endloop
  endfacet
  facet normal 1 0 0
    outer loop
      vertex -61.4 0 10
      vertex -61.4 0 10.799999999999999
      vertex -61.4 -6 10
    endloop
  endfacet
  facet normal -0.5773502691896251 0.5773502691896264 0.5773502691896258
    outer loop
      vertex -76 -1.2 10.799999999999999
      vertex -74.8 -1.2 12
      vertex -74.8 0 10.799999999999999
    endloop
  endfacet
  facet normal -0.7071067811865469 0 0.707106781186548
    outer loop
      vertex -76 -1.2 10.799999999999999
      vertex -76 -4.8 10.799999999999999
      vertex -74.8 -4.8 12
    endloop
  endfacet
  facet normal -0.5773502691896251 -0.5773502691896263 0.577350269189626
    outer loop
      vertex -76 -4.8 10.799999999999999
      vertex -74.8 -6 10.799999999999999
      vertex -74.8 -4.8 12
    endloop
  endfacet
  facet normal 0 0.7071067811865479 0.7071067811865472
    outer loop
      vertex -74.8 0 10.799999999999999
      vertex -74.8 -1.2 12
      vertex -61.4 0 10.799999999999999
    endloop
  endfacet
  facet normal -0.7071067811865469 1.3084103822365267e-17 0.707106781186548
    outer loop
      vertex -76 -1.2 10.799999999999999
      vertex -74.8 -4.8 12
      vertex -74.8 -1.2 12
    endloop
  endfacet
  facet normal -3.9057026335416442e-19 -0.7071067811865478 0.7071067811865474
    outer loop
      vertex -74.8 -6 10.799999999999999
      vertex -61.4 -4.8 12
      vertex -74.8 -4.8 12
    endloop
  endfacet
  facet normal 0 0 1
    outer loop
      vertex -74.8 -1.2 12
      vertex -74.8 -4.8 12
      vertex -61.4 -1.2 12
    endloop
  endfacet
  facet normal 0 1 0
    outer loop
      vertex -74.8 0 10.799999999999999
      vertex -61.4 0 10.799999999999999
      vertex -61.4 0 10
    endloop
  endfacet
  facet normal 0 -0.7071067811865478 0.7071067811865474
    outer loop
      vertex -74.8 -6 10.799999999999999
      vertex -61.4 -6 10.799999999999999
      vertex -61.4 -4.8 12
    endloop
  endfacet
  facet normal 1 0 0
    outer loop
      vertex -61.4 0 10.799999999999999
      vertex -61.4 -6 10.799999999999999
      vertex -61.4 -6 10
    endloop
  endfacet
  facet normal 1 0 0
    outer loop
      vertex -61.4 -4.8 12
      vertex -61.4 -6 10.799999999999999
      vertex -61.4 0 10.799999999999999
    endloop
  endfacet
  facet normal 0 0.7071067811865479 0.7071067811865472
    outer loop
      vertex -74.8 -1.2 12
      vertex -61.4 -1.2 12
      vertex -61.4 0 10.799999999999999
    endloop
  endfacet
  facet normal 0 0 1
    outer loop
      vertex -74.8 -4.8 12
      vertex -61.4 -4.8 12
      vertex -61.4 -1.2 12
    endloop
  endfacet
  facet normal 1 0 0
    outer loop
      vertex -61.4 0 10.799999999999999
      vertex -61.4 -1.2 12
      vertex -61.4 -4.8 12
    endloop
  endfacet
  facet normal -0.9723699203976758 0 0.23344536385590908
    outer loop
      vertex -54.76640784459648 0 8.949342219125178
      vertex -54.76640784459648 -6 8.949342219125178
      vertex -54.64185964197653 0 9.468122818863215
    endloop
  endfacet
  facet normal -0.9723699203976758 0 0.23344536385590908
    outer loop
      vertex -54.64185964197653 0 9.468122818863215
      vertex -54.76640784459648 -6 8.949342219125178
      vertex -54.64185964197653 -6 9.468122818863215
    endloop
  endfacet
  facet normal -0.9969173337331283 -3.171428551585294e-19 0.07845909572784047
    outer loop
      vertex -54.6 0 10
      vertex -54.64185964197653 0 9.468122818863215
      vertex -54.64185964197653 -6 9.468122818863215
    endloop
  endfacet
  facet normal 0 1 0
    outer loop
      vertex -54.6 0 10
      vertex -45.02942218224045 0 8.456432300885542
      vertex -54.64185964197653 0 9.468122818863215
    endloop
  endfacet
  facet normal 0 1 0
    outer loop
      vertex -54.6 0 10
      vertex -45.23359215540352 0 8.949342219125178
      vertex -45.02942218224045 0 8.456432300885542
    endloop
  endfacet
  facet normal 0 -1 0
    outer loop
      vertex -54.64185964197653 -6 9.468122818863215
      vertex -54.76640784459648 -6 8.949342219125178
      vertex -45.35814035802347 -6 9.468122818863215
    endloop
  endfacet
  facet normal 0 -1 0
    outer loop
      vertex -54.76640784459648 -6 8.949342219125178
      vertex -45.23359215540352 -6 8.949342219125178
      vertex -45.35814035802347 -6 9.468122818863215
    endloop
  endfacet
  facet normal 0 1 0
    outer loop
      vertex -54.6 0 10
      vertex -45.35814035802347 0 9.468122818863215
      vertex -45.23359215540352 0 8.949342219125178
    endloop
  endfacet
  facet normal 0 -1 0
    outer loop
      vertex -54.64185964197653 -6 9.468122818863215
      vertex -45.35814035802347 -6 9.468122818863215
      vertex -45.4 -6 10
    endloop
  endfacet
  facet normal -0.9969173337331283 -3.171428551585294e-19 0.07845909572784047
    outer loop
      vertex -54.64185964197653 -6 9.468122818863215
      vertex -54.6 -6 10
      vertex -54.6 0 10
    endloop
  endfacet
  facet normal -1 0 0
    outer loop
      vertex -54.6 0 10.799999999999999
      vertex -54.6 0 10
      vertex -54.6 -6 10
    endloop
  endfacet
  facet normal 0 1 0
    outer loop
      vertex -54.6 0 10
      vertex -45.4 0 10
      vertex -45.35814035802347 0 9.468122818863215
    endloop
  endfacet
  facet normal 0 -1 0
    outer loop
      vertex -54.64185964197653 -6 9.468122818863215
      vertex -45.4 -6 10
      vertex -54.6 -6 10
    endloop
  endfacet
  facet normal 0 1 0
    outer loop
      vertex -54.6 0 10.799999999999999
      vertex -45.4 0 10
      vertex -54.6 0 10
    endloop
  endfacet
  facet normal 0 -1 0
    outer loop
      vertex -54.6 -6 10.799999999999999
      vertex -54.6 -6 10
      vertex -45.4 -6 10
    endloop
  endfacet
  facet normal 0.9723699203976758 0 0.23344536385590908
    outer loop
      vertex -45.35814035802347 -6 9.468122818863215
      vertex -45.23359215540352 0 8.949342219125178
      vertex -45.35814035802347 0 9.468122818863215
    endloop
  endfacet
  facet normal 0.9723699203976758 1.5708975184097345e-18 0.23344536385590908
    outer loop
      vertex -45.35814035802347 -6 9.468122818863215
      vertex -45.23359215540352 -6 8.949342219125178
      vertex -45.23359215540352 0 8.949342219125178
    endloop
  endfacet
  facet normal 0.9969173337331283 3.171428551585294e-19 0.07845909572784047
    outer loop
      vertex -45.4 -6 10
      vertex -45.35814035802347 -6 9.468122818863215
      vertex -45.35814035802347 0 9.468122818863215
    endloop
  endfacet
  facet normal -0.9723699203976758 0 0.23344536385590908
    outer loop
      vertex -38.76640784459648 0 8.949342219125178
      vertex -38.76640784459648 -6 8.949342219125178
      vertex -38.64185964197653 0 9.468122818863215
    endloop
  endfacet
  facet normal -0.9723699203976758 -1.5708975184097345e-18 0.23344536385590908
    outer loop
      vertex -38.76640784459648 -6 8.949342219125178
      vertex -38.64185964197653 -6 9.468122818863215
      vertex -38.64185964197653 0 9.468122818863215
    endloop
  endfacet
  facet normal -0.9969173337331283 0 0.07845909572784047
    outer loop
      vertex -38.64185964197653 -6 9.468122818863215
      vertex -38.6 0 10
      vertex -38.64185964197653 0 9.468122818863215
    endloop
  endfacet
  facet normal 0.9969173337331283 0 0.07845909572784047
    outer loop
      vertex -45.4 -6 10
      vertex -45.35814035802347 0 9.468122818863215
      vertex -45.4 0 10
    endloop
  endfacet
  facet normal 1 0 0
    outer loop
      vertex -45.4 0 10
      vertex -45.4 0 10.799999999999999
      vertex -45.4 -6 10
    endloop
  endfacet
  facet normal -0.9969173337331283 0 0.07845909572784047
    outer loop
      vertex -38.6 -6 10
      vertex -38.6 0 10
      vertex -38.64185964197653 -6 9.468122818863215
    endloop
  endfacet
  facet normal -1 0 0
    outer loop
      vertex -38.6 0 10.799999999999999
      vertex -38.6 0 10
      vertex -38.6 -6 10
    endloop
  endfacet
  facet normal -1 0 0
    outer loop
      vertex -54.6 -1.2 12
      vertex -54.6 0 10.799999999999999
      vertex -54.6 -6 10
    endloop
  endfacet
  facet normal -1 0 0
    outer loop
      vertex -54.6 -6 10.799999999999999
      vertex -54.6 -4.8 12
      vertex -54.6 -6 10
    endloop
  endfacet
  facet normal 0 1 0
    outer loop
      vertex -54.6 0 10.799999999999999
      vertex -45.4 0 10.799999999999999
      vertex -45.4 0 10
    endloop
  endfacet
  facet normal 0 -1 0
    outer loop
      vertex -54.6 -6 10.799999999999999
      vertex -45.4 -6 10
      vertex -45.4 -6 10.799999999999999
    endloop
  endfacet
  facet normal 3.4132444753995112e-18 0.7071067811865478 0.7071067811865471
    outer loop
      vertex -54.6 -1.2 12
      vertex -45.4 0 10.799999999999999
      vertex -54.6 0 10.799999999999999
    endloop
  endfacet
  facet normal 0 -0.7071067811865478 0.7071067811865472
    outer loop
      vertex -54.6 -6 10.799999999999999
      vertex -45.4 -6 10.799999999999999
      vertex -45.4 -4.8 12
    endloop
  endfacet
  facet normal -1 0 0
    outer loop
      vertex -54.6 -1.2 12
      vertex -54.6 -6 10
      vertex -54.6 -4.8 12
    endloop
  endfacet
  facet normal 0 0.7071067811865478 0.7071067811865471
    outer loop
      vertex -54.6 -1.2 12
      vertex -45.4 -1.2 12
      vertex -45.4 0 10.799999999999999
    endloop
  endfacet
  facet normal -5.688740792332393e-19 -0.7071067811865478 0.7071067811865472
    outer loop
      vertex -54.6 -6 10.799999999999999
      vertex -45.4 -4.8 12
      vertex -54.6 -4.8 12
    endloop
  endfacet
  facet normal 0 0 1
    outer loop
      vertex -54.6 -1.2 12
      vertex -54.6 -4.8 12
      vertex -45.4 -1.2 12
    endloop
  endfacet
  facet normal 0 0 1
    outer loop
      vertex -54.6 -4.8 12
      vertex -45.4 -4.8 12
      vertex -45.4 -1.2 12
    endloop
  endfacet
  facet normal 1 0 0
    outer loop
      vertex -45.4 0 10.799999999999999
      vertex -45.4 -1.2 12
      vertex -45.4 -6 10
    endloop
  endfacet
  facet normal 1 0 0
    outer loop
      vertex -45.4 -4.8 12
      vertex -45.4 -6 10.799999999999999
      vertex -45.4 -6 10
    endloop
  endfacet
  facet normal -1 0 0
    outer loop
      vertex -38.6 -1.2 12
      vertex -38.6 0 10.799999999999999
      vertex -38.6 -6 10
    endloop
  endfacet
  facet normal -1 0 0
    outer loop
      vertex -38.6 -6 10.799999999999999
      vertex -38.6 -4.8 12
      vertex -38.6 -6 10
    endloop
  endfacet
  facet normal 1 0 0
    outer loop
      vertex -45.4 -4.8 12
      vertex -45.4 -6 10
      vertex -45.4 -1.2 12
    endloop
  endfacet
  facet normal -1 0 0
    outer loop
      vertex -38.6 -1.2 12
      vertex -38.6 -6 10
      vertex -38.6 -4.8 12
    endloop
  endfacet
  facet normal 0 1 0
    outer loop
      vertex -42 0 6.6
      vertex -41.468122818863215 0 6.641859641976531
      vertex -26 0 6.6
    endloop
  endfacet
  facet normal 0 1 0
    outer loop
      vertex -41.468122818863215 0 6.641859641976531
      vertex -40.94934221912518 0 6.766407844596479
      vertex -26.531877181136785 0 6.641859641976531
    endloop
  endfacet
  facet normal 0 -1 0
    outer loop
      vertex -41.468122818863215 -6 6.641859641976531
      vertex -42 -6 6.6
      vertex -27.050657780874822 -6 6.766407844596479
    endloop
  endfacet
  facet normal 0 -1 0
    outer loop
      vertex -41.468122818863215 -6 6.641859641976531
      vertex -27.050657780874822 -6 6.766407844596479
      vertex -40.94934221912518 -6 6.766407844596479
    endloop
  endfacet
  facet normal 0 -1 0
    outer loop
      vertex -70 -6 6
      vertex -10 -6 6.6
      vertex -26 -6 6.6
    endloop
  endfacet
  facet normal 0 1 0
    outer loop
      vertex -41.468122818863215 0 6.641859641976531
      vertex -26.531877181136785 0 6.641859641976531
      vertex -26 0 6.6
    endloop
  endfacet
  facet normal 0 1 0
    outer loop
      vertex -40.94934221912518 0 6.766407844596479
      vertex -27.050657780874822 0 6.766407844596479
      vertex -26.531877181136785 0 6.641859641976531
    endloop
  endfacet
  facet normal 0 1 0
    outer loop
      vertex -40.94934221912518 0 6.766407844596479
      vertex -40.45643230088554 0 6.970577817759549
      vertex -27.050657780874822 0 6.766407844596479
    endloop
  endfacet
  facet normal 0 1 0
    outer loop
      vertex -40.45643230088554 0 6.970577817759549
      vertex -40.00153014220559 0 7.249342219125179
      vertex -27.54356769911446 0 6.970577817759549
    endloop
  endfacet
  facet normal 0 -1 0
    outer loop
      vertex -40.45643230088554 -6 6.970577817759549
      vertex -40.94934221912518 -6 6.766407844596479
      vertex -27.54356769911446 -6 6.970577817759549
    endloop
  endfacet
  facet normal 0 1 0
    outer loop
      vertex -40.00153014220559 0 7.249342219125179
      vertex -39.595836943965736 0 7.595836943965738
      vertex -27.998469857794408 0 7.249342219125179
    endloop
  endfacet
  facet normal 0 -1 0
    outer loop
      vertex -28.40416305603426 -6 7.595836943965738
      vertex -40.00153014220559 -6 7.249342219125179
      vertex -40.45643230088554 -6 6.970577817759549
    endloop
  endfacet
  facet normal 0 -1 0
    outer loop
      vertex -28.40416305603426 -6 7.595836943965738
      vertex -39.595836943965736 -6 7.595836943965738
      vertex -40.00153014220559 -6 7.249342219125179
    endloop
  endfacet
  facet normal 0 1 0
    outer loop
      vertex -40.45643230088554 0 6.970577817759549
      vertex -27.54356769911446 0 6.970577817759549
      vertex -27.050657780874822 0 6.766407844596479
    endloop
  endfacet
  facet normal 0 -1 0
    outer loop
      vertex -40.94934221912518 -6 6.766407844596479
      vertex -27.050657780874822 -6 6.766407844596479
      vertex -27.54356769911446 -6 6.970577817759549
    endloop
  endfacet
  facet normal 0 -1 0
    outer loop
      vertex -40.45643230088554 -6 6.970577817759549
      vertex -27.54356769911446 -6 6.970577817759549
      vertex -27.998469857794408 -6 7.249342219125179
    endloop
  endfacet
  facet normal 0 1 0
    outer loop
      vertex -40.00153014220559 0 7.249342219125179
      vertex -27.998469857794408 0 7.249342219125179
      vertex -27.54356769911446 0 6.970577817759549
    endloop
  endfacet
  facet normal 0 1 0
    outer loop
      vertex -39.595836943965736 0 7.595836943965738
      vertex -28.40416305603426 0 7.595836943965738
      vertex -27.998469857794408 0 7.249342219125179
    endloop
  endfacet
  facet normal 0 -1 0
    outer loop
      vertex -40.45643230088554 -6 6.970577817759549
      vertex -27.998469857794408 -6 7.249342219125179
      vertex -28.40416305603426 -6 7.595836943965738
    endloop
  endfacet
  facet normal 0.07845909572784379 0 0.996917333733128
    outer loop
      vertex -26.531877181136785 0 6.641859641976531
      vertex -26.531877181136785 -6 6.641859641976531
      vertex -26 0 6.6
    endloop
  endfacet
  facet normal 0.23344536385590908 0 0.9723699203976758
    outer loop
      vertex -27.050657780874822 0 6.766407844596479
      vertex -27.050657780874822 -6 6.766407844596479
      vertex -26.531877181136785 0 6.641859641976531
    endloop
  endfacet
  facet normal -0.07845909572784379 0 0.996917333733128
    outer loop
      vertex -26 0 6.6
      vertex -26 -6 6.6
      vertex -25.468122818863215 0 6.641859641976531
    endloop
  endfacet
  facet normal -0.23344536385590908 0 0.9723699203976758
    outer loop
      vertex -25.468122818863215 0 6.641859641976531
      vertex -25.468122818863215 -6 6.641859641976531
      vertex -24.949342219125178 0 6.766407844596479
    endloop
  endfacet
  facet normal 0.07845909572784379 -3.088959496166119e-20 0.996917333733128
    outer loop
      vertex -26.531877181136785 -6 6.641859641976531
      vertex -26 -6 6.6
      vertex -26 0 6.6
    endloop
  endfacet
  facet normal 0.23344536385590908 0 0.9723699203976758
    outer loop
      vertex -26.531877181136785 0 6.641859641976531
      vertex -27.050657780874822 -6 6.766407844596479
      vertex -26.531877181136785 -6 6.641859641976531
    endloop
  endfacet
  facet normal 0 -1 0
    outer loop
      vertex -70 -6 6
      vertex 6 -6 6.6
      vertex -10 -6 6.6
    endloop
  endfacet
  facet normal -0.07845909572784379 0 0.996917333733128
    outer loop
      vertex -25.468122818863215 0 6.641859641976531
      vertex -26 -6 6.6
      vertex -25.468122818863215 -6 6.641859641976531
    endloop
  endfacet
  facet normal -0.23344536385590908 0 0.9723699203976758
    outer loop
      vertex -24.949342219125178 0 6.766407844596479
      vertex -25.468122818863215 -6 6.641859641976531
      vertex -24.949342219125178 -6 6.766407844596479
    endloop
  endfacet
  facet normal 0 1 0
    outer loop
      vertex -26 0 6.6
      vertex -25.468122818863215 0 6.641859641976531
      vertex -10 0 6.6
    endloop
  endfacet
  facet normal 0 1 0
    outer loop
      vertex -10.531877181136785 0 6.641859641976531
      vertex -25.468122818863215 0 6.641859641976531
      vertex -24.949342219125178 0 6.766407844596479
    endloop
  endfacet
  facet normal 0 -1 0
    outer loop
      vertex -11.543567699114458 -6 6.970577817759549
      vertex -25.468122818863215 -6 6.641859641976531
      vertex -26 -6 6.6
    endloop
  endfacet
  facet normal 0.3826834323650891 -1.2637320285291743e-18 0.9238795325112871
    outer loop
      vertex -27.050657780874822 0 6.766407844596479
      vertex -27.54356769911446 0 6.970577817759549
      vertex -27.54356769911446 -6 6.970577817759549
    endloop
  endfacet
  facet normal -0.3826834323650891 0 0.9238795325112871
    outer loop
      vertex -24.949342219125178 0 6.766407844596479
      vertex -24.949342219125178 -6 6.766407844596479
      vertex -24.45643230088554 0 6.970577817759549
    endloop
  endfacet
  facet normal -0.5224985647159486 0 0.8526401643540924
    outer loop
      vertex -24.45643230088554 0 6.970577817759549
      vertex -24.45643230088554 -6 6.970577817759549
      vertex -24.001530142205592 0 7.249342219125179
    endloop
  endfacet
  facet normal 0.3826834323650891 0 0.9238795325112871
    outer loop
      vertex -27.050657780874822 0 6.766407844596479
      vertex -27.54356769911446 -6 6.970577817759549
      vertex -27.050657780874822 -6 6.766407844596479
    endloop
  endfacet
  facet normal 0.5224985647159486 0 0.8526401643540924
    outer loop
      vertex -27.54356769911446 0 6.970577817759549
      vertex -27.998469857794408 -6 7.249342219125179
      vertex -27.54356769911446 -6 6.970577817759549
    endloop
  endfacet
  facet normal -0.3826834323650891 0 0.9238795325112871
    outer loop
      vertex -24.45643230088554 0 6.970577817759549
      vertex -24.949342219125178 -6 6.766407844596479
      vertex -24.45643230088554 -6 6.970577817759549
    endloop
  endfacet
  facet normal 0.5224985647159486 -3.296432577419694e-18 0.8526401643540924
    outer loop
      vertex -27.54356769911446 0 6.970577817759549
      vertex -27.998469857794408 0 7.249342219125179
      vertex -27.998469857794408 -6 7.249342219125179
    endloop
  endfacet
  facet normal 0.6494480483301834 0 0.7604059656000312
    outer loop
      vertex -28.40416305603426 0 7.595836943965738
      vertex -28.40416305603426 -6 7.595836943965738
      vertex -27.998469857794408 0 7.249342219125179
    endloop
  endfacet
  facet normal -0.6494480483301834 0 0.7604059656000312
    outer loop
      vertex -24.001530142205592 0 7.249342219125179
      vertex -24.001530142205592 -6 7.249342219125179
      vertex -23.59583694396574 0 7.595836943965738
    endloop
  endfacet
  facet normal 0.6494480483301834 7.84086192911054e-19 0.7604059656000312
    outer loop
      vertex -28.40416305603426 -6 7.595836943965738
      vertex -27.998469857794408 -6 7.249342219125179
      vertex -27.998469857794408 0 7.249342219125179
    endloop
  endfacet
  facet normal -0.5224985647159486 0 0.8526401643540924
    outer loop
      vertex -24.001530142205592 0 7.249342219125179
      vertex -24.45643230088554 -6 6.970577817759549
      vertex -24.001530142205592 -6 7.249342219125179
    endloop
  endfacet
  facet normal 0 1 0
    outer loop
      vertex -10.531877181136785 0 6.641859641976531
      vertex -24.949342219125178 0 6.766407844596479
      vertex -24.45643230088554 0 6.970577817759549
    endloop
  endfacet
  facet normal 0 1 0
    outer loop
      vertex -10.531877181136785 0 6.641859641976531
      vertex -24.45643230088554 0 6.970577817759549
      vertex -24.001530142205592 0 7.249342219125179
    endloop
  endfacet
  facet normal 0 -1 0
    outer loop
      vertex -11.543567699114458 -6 6.970577817759549
      vertex -24.949342219125178 -6 6.766407844596479
      vertex -25.468122818863215 -6 6.641859641976531
    endloop
  endfacet
  facet normal 0 -1 0
    outer loop
      vertex -24.45643230088554 -6 6.970577817759549
      vertex -24.949342219125178 -6 6.766407844596479
      vertex -11.998469857794408 -6 7.249342219125179
    endloop
  endfacet
  facet normal 0 1 0
    outer loop
      vertex -10.531877181136785 0 6.641859641976531
      vertex -24.001530142205592 0 7.249342219125179
      vertex -23.59583694396574 0 7.595836943965738
    endloop
  endfacet
  facet normal -0.6494480483301834 -7.84086192911054e-19 0.7604059656000312
    outer loop
      vertex -24.001530142205592 -6 7.249342219125179
      vertex -23.59583694396574 -6 7.595836943965738
      vertex -23.59583694396574 0 7.595836943965738
    endloop
  endfacet
  facet normal 0 -1 0
    outer loop
      vertex -24.45643230088554 -6 6.970577817759549
      vertex -11.998469857794408 -6 7.249342219125179
      vertex -24.001530142205592 -6 7.249342219125179
    endloop
  endfacet
  facet normal 0 0 1
    outer loop
      vertex -70 -6 6
      vertex -21.40416305603426 -33.595836943965736 6
      vertex -20.998469857794408 -33.24934221912518 6
    endloop
  endfacet
  facet normal 0 0 1
    outer loop
      vertex -70 -6 6
      vertex -20.54356769911446 -32.97057781775955 6
      vertex -20.050657780874822 -32.76640784459648 6
    endloop
  endfacet
  facet normal 0 0 1
    outer loop
      vertex -70 -6 6
      vertex -20.998469857794408 -33.24934221912518 6
      vertex -20.54356769911446 -32.97057781775955 6
    endloop
  endfacet
  facet normal 0 0 1
    outer loop
      vertex -70 -6 6
      vertex -20.050657780874822 -32.76640784459648 6
      vertex -19.531877181136785 -32.64185964197653 6
    endloop
  endfacet
  facet normal 0 0 1
    outer loop
      vertex -70 -6 6
      vertex -19.531877181136785 -32.64185964197653 6
      vertex -19 -32.6 6
    endloop
  endfacet
  facet normal 0 0 1
    outer loop
      vertex -70 -6 6
      vertex -21.75065778087482 -34.00153014220559 6
      vertex -21.40416305603426 -33.595836943965736 6
    endloop
  endfacet
  facet normal 0 0 1
    outer loop
      vertex -70 -6 6
      vertex -22.029422182240452 -34.45643230088554 6
      vertex -21.75065778087482 -34.00153014220559 6
    endloop
  endfacet
  facet normal 0 1 0
    outer loop
      vertex -28.40416305603426 0 7.595836943965738
      vertex -39.595836943965736 0 7.595836943965738
      vertex -39.24934221912518 0 8.001530142205592
    endloop
  endfacet
  facet normal 0 -1 0
    outer loop
      vertex -39.595836943965736 -6 7.595836943965738
      vertex -28.75065778087482 -6 8.001530142205592
      vertex -39.24934221912518 -6 8.001530142205592
    endloop
  endfacet
  facet normal 0 1 0
    outer loop
      vertex -28.40416305603426 0 7.595836943965738
      vertex -39.24934221912518 0 8.001530142205592
      vertex -38.97057781775955 0 8.456432300885542
    endloop
  endfacet
  facet normal 0.7604059656000309 -4.30025944220069e-19 0.6494480483301838
    outer loop
      vertex -28.40416305603426 0 7.595836943965738
      vertex -28.75065778087482 0 8.001530142205592
      vertex -28.75065778087482 -6 8.001530142205592
    endloop
  endfacet
  facet normal 0 -1 0
    outer loop
      vertex -39.595836943965736 -6 7.595836943965738
      vertex -28.40416305603426 -6 7.595836943965738
      vertex -28.75065778087482 -6 8.001530142205592
    endloop
  endfacet
  facet normal 0.7604059656000309 0 0.6494480483301838
    outer loop
      vertex -28.40416305603426 0 7.595836943965738
      vertex -28.75065778087482 -6 8.001530142205592
      vertex -28.40416305603426 -6 7.595836943965738
    endloop
  endfacet
  facet normal 0 1 0
    outer loop
      vertex -38.76640784459648 0 8.949342219125178
      vertex -28.75065778087482 0 8.001530142205592
      vertex -28.40416305603426 0 7.595836943965738
    endloop
  endfacet
  facet normal 0 -1 0
    outer loop
      vertex -39.24934221912518 -6 8.001530142205592
      vertex -28.75065778087482 -6 8.001530142205592
      vertex -29.029422182240452 -6 8.456432300885542
    endloop
  endfacet
  facet normal 0.852640164354091 -4.2826052368933865e-18 0.522498564715951
    outer loop
      vertex -29.029422182240452 -6 8.456432300885542
      vertex -28.75065778087482 -6 8.001530142205592
      vertex -28.75065778087482 0 8.001530142205592
    endloop
  endfacet
  facet normal 0 1 0
    outer loop
      vertex -38.76640784459648 0 8.949342219125178
      vertex -28.40416305603426 0 7.595836943965738
      vertex -38.97057781775955 0 8.456432300885542
    endloop
  endfacet
  facet normal 0 -1 0
    outer loop
      vertex -29.23359215540352 -6 8.949342219125178
      vertex -38.97057781775955 -6 8.456432300885542
      vertex -39.24934221912518 -6 8.001530142205592
    endloop
  endfacet
  facet normal 0 -1 0
    outer loop
      vertex -38.76640784459648 -6 8.949342219125178
      vertex -38.97057781775955 -6 8.456432300885542
      vertex -29.23359215540352 -6 8.949342219125178
    endloop
  endfacet
  facet normal 0 1 0
    outer loop
      vertex -38.76640784459648 0 8.949342219125178
      vertex -29.029422182240452 0 8.456432300885542
      vertex -28.75065778087482 0 8.001530142205592
    endloop
  endfacet
  facet normal 0.852640164354091 0 0.522498564715951
    outer loop
      vertex -29.029422182240452 -6 8.456432300885542
      vertex -28.75065778087482 0 8.001530142205592
      vertex -29.029422182240452 0 8.456432300885542
    endloop
  endfacet
  facet normal 0 -1 0
    outer loop
      vertex -29.23359215540352 -6 8.949342219125178
      vertex -39.24934221912518 -6 8.001530142205592
      vertex -29.029422182240452 -6 8.456432300885542
    endloop
  endfacet
  facet normal 0.9238795325112882 -8.628510466155919e-19 0.3826834323650863
    outer loop
      vertex -29.23359215540352 -6 8.949342219125178
      vertex -29.029422182240452 -6 8.456432300885542
      vertex -29.029422182240452 0 8.456432300885542
    endloop
  endfacet
  facet normal 0 1 0
    outer loop
      vertex -38.76640784459648 0 8.949342219125178
      vertex -29.23359215540352 0 8.949342219125178
      vertex -29.029422182240452 0 8.456432300885542
    endloop
  endfacet
  facet normal 0.9238795325112882 0 0.3826834323650863
    outer loop
      vertex -29.23359215540352 -6 8.949342219125178
      vertex -29.029422182240452 0 8.456432300885542
      vertex -29.23359215540352 0 8.949342219125178
    endloop
  endfacet
  facet normal -0.7604059656000309 0 0.6494480483301838
    outer loop
      vertex -23.59583694396574 -6 7.595836943965738
      vertex -23.24934221912518 0 8.001530142205592
      vertex -23.59583694396574 0 7.595836943965738
    endloop
  endfacet
  facet normal 0 1 0
    outer loop
      vertex -23.59583694396574 0 7.595836943965738
      vertex -23.24934221912518 0 8.001530142205592
      vertex -12.404163056034262 0 7.595836943965738
    endloop
  endfacet
  facet normal -0.7604059656000309 0 0.6494480483301838
    outer loop
      vertex -23.24934221912518 -6 8.001530142205592
      vertex -23.24934221912518 0 8.001530142205592
      vertex -23.59583694396574 -6 7.595836943965738
    endloop
  endfacet
  facet normal 0 -1 0
    outer loop
      vertex -12.750657780874821 -6 8.001530142205592
      vertex -23.59583694396574 -6 7.595836943965738
      vertex -24.001530142205592 -6 7.249342219125179
    endloop
  endfacet
  facet normal 0 -1 0
    outer loop
      vertex -23.24934221912518 -6 8.001530142205592
      vertex -23.59583694396574 -6 7.595836943965738
      vertex -12.750657780874821 -6 8.001530142205592
    endloop
  endfacet
  facet normal -0.852640164354091 0 0.522498564715951
    outer loop
      vertex -23.24934221912518 -6 8.001530142205592
      vertex -22.970577817759548 0 8.456432300885542
      vertex -23.24934221912518 0 8.001530142205592
    endloop
  endfacet
  facet normal 0 1 0
    outer loop
      vertex -23.24934221912518 0 8.001530142205592
      vertex -22.970577817759548 0 8.456432300885542
      vertex -12.750657780874821 0 8.001530142205592
    endloop
  endfacet
  facet normal -0.9238795325112882 0 0.3826834323650863
    outer loop
      vertex -22.970577817759548 -6 8.456432300885542
      vertex -22.76640784459648 0 8.949342219125178
      vertex -22.970577817759548 0 8.456432300885542
    endloop
  endfacet
  facet normal 0 1 0
    outer loop
      vertex -22.970577817759548 0 8.456432300885542
      vertex -22.76640784459648 0 8.949342219125178
      vertex -13.02942218224045 0 8.456432300885542
    endloop
  endfacet
  facet normal -0.852640164354091 0 0.522498564715951
    outer loop
      vertex -22.970577817759548 -6 8.456432300885542
      vertex -22.970577817759548 0 8.456432300885542
      vertex -23.24934221912518 -6 8.001530142205592
    endloop
  endfacet
  facet normal 0 -1 0
    outer loop
      vertex -22.970577817759548 -6 8.456432300885542
      vertex -23.24934221912518 -6 8.001530142205592
      vertex -13.02942218224045 -6 8.456432300885542
    endloop
  endfacet
  facet normal -0.9238795325112882 8.628510466155919e-19 0.3826834323650863
    outer loop
      vertex -22.970577817759548 -6 8.456432300885542
      vertex -22.76640784459648 -6 8.949342219125178
      vertex -22.76640784459648 0 8.949342219125178
    endloop
  endfacet
  facet normal 0 -1 0
    outer loop
      vertex -22.970577817759548 -6 8.456432300885542
      vertex -13.35814035802347 -6 9.468122818863215
      vertex -22.76640784459648 -6 8.949342219125178
    endloop
  endfacet
  facet normal 0 1 0
    outer loop
      vertex -25.468122818863215 0 6.641859641976531
      vertex -10.531877181136785 0 6.641859641976531
      vertex -10 0 6.6
    endloop
  endfacet
  facet normal 0 -1 0
    outer loop
      vertex -26 -6 6.6
      vertex -10 -6 6.6
      vertex -10.531877181136785 -6 6.641859641976531
    endloop
  endfacet
  facet normal 0 -1 0
    outer loop
      vertex -26 -6 6.6
      vertex -10.531877181136785 -6 6.641859641976531
      vertex -11.050657780874822 -6 6.766407844596479
    endloop
  endfacet
  facet normal 0.23344536385590908 1.5708975184097345e-18 0.9723699203976758
    outer loop
      vertex -10.531877181136785 0 6.641859641976531
      vertex -11.050657780874822 0 6.766407844596479
      vertex -11.050657780874822 -6 6.766407844596479
    endloop
  endfacet
  facet normal 0.07845909572784379 0 0.996917333733128
    outer loop
      vertex -10.531877181136785 0 6.641859641976531
      vertex -10.531877181136785 -6 6.641859641976531
      vertex -10 0 6.6
    endloop
  endfacet
  facet normal -0.07845909572784379 0 0.996917333733128
    outer loop
      vertex -10 0 6.6
      vertex -10 -6 6.6
      vertex -9.468122818863215 0 6.641859641976531
    endloop
  endfacet
  facet normal 0 -1 0
    outer loop
      vertex -70 -6 6
      vertex 22 -6 6.6
      vertex 6 -6 6.6
    endloop
  endfacet
  facet normal 0.23344536385590908 0 0.9723699203976758
    outer loop
      vertex -10.531877181136785 0 6.641859641976531
      vertex -11.050657780874822 -6 6.766407844596479
      vertex -10.531877181136785 -6 6.641859641976531
    endloop
  endfacet
  facet normal 0.07845909572784379 0 0.996917333733128
    outer loop
      vertex -10 0 6.6
      vertex -10.531877181136785 -6 6.641859641976531
      vertex -10 -6 6.6
    endloop
  endfacet
  facet normal -0.07845909572784379 0 0.996917333733128
    outer loop
      vertex -9.468122818863215 -6 6.641859641976531
      vertex -9.468122818863215 0 6.641859641976531
      vertex -10 -6 6.6
    endloop
  endfacet
  facet normal 0 1 0
    outer loop
      vertex -23.59583694396574 0 7.595836943965738
      vertex -11.050657780874822 0 6.766407844596479
      vertex -10.531877181136785 0 6.641859641976531
    endloop
  endfacet
  facet normal 0 1 0
    outer loop
      vertex -23.59583694396574 0 7.595836943965738
      vertex -11.543567699114458 0 6.970577817759549
      vertex -11.050657780874822 0 6.766407844596479
    endloop
  endfacet
  facet normal 0 -1 0
    outer loop
      vertex -26 -6 6.6
      vertex -11.050657780874822 -6 6.766407844596479
      vertex -11.543567699114458 -6 6.970577817759549
    endloop
  endfacet
  facet normal 0 -1 0
    outer loop
      vertex -24.949342219125178 -6 6.766407844596479
      vertex -11.543567699114458 -6 6.970577817759549
      vertex -11.998469857794408 -6 7.249342219125179
    endloop
  endfacet
  facet normal 0 1 0
    outer loop
      vertex -23.59583694396574 0 7.595836943965738
      vertex -11.998469857794408 0 7.249342219125179
      vertex -11.543567699114458 0 6.970577817759549
    endloop
  endfacet
  facet normal 0 1 0
    outer loop
      vertex -23.59583694396574 0 7.595836943965738
      vertex -12.404163056034262 0 7.595836943965738
      vertex -11.998469857794408 0 7.249342219125179
    endloop
  endfacet
  facet normal 0 -1 0
    outer loop
      vertex -24.001530142205592 -6 7.249342219125179
      vertex -11.998469857794408 -6 7.249342219125179
      vertex -12.404163056034262 -6 7.595836943965738
    endloop
  endfacet
  facet normal 0.3826834323650891 -1.2637320285291743e-18 0.9238795325112871
    outer loop
      vertex -11.050657780874822 0 6.766407844596479
      vertex -11.543567699114458 0 6.970577817759549
      vertex -11.543567699114458 -6 6.970577817759549
    endloop
  endfacet
  facet normal 0.3826834323650891 -1.2637320285291743e-18 0.9238795325112871
    outer loop
      vertex -11.543567699114458 -6 6.970577817759549
      vertex -11.050657780874822 -6 6.766407844596479
      vertex -11.050657780874822 0 6.766407844596479
    endloop
  endfacet
  facet normal 0.5224985647159486 0 0.8526401643540924
    outer loop
      vertex -11.543567699114458 0 6.970577817759549
      vertex -11.998469857794408 -6 7.249342219125179
      vertex -11.543567699114458 -6 6.970577817759549
    endloop
  endfacet
  facet normal 0.6494480483301818 -7.390037967876148e-19 0.7604059656000325
    outer loop
      vertex -11.998469857794408 0 7.249342219125179
      vertex -12.404163056034262 0 7.595836943965738
      vertex -12.404163056034262 -6 7.595836943965738
    endloop
  endfacet
  facet normal 0.5224985647159486 -3.296432577419694e-18 0.8526401643540924
    outer loop
      vertex -11.543567699114458 0 6.970577817759549
      vertex -11.998469857794408 0 7.249342219125179
      vertex -11.998469857794408 -6 7.249342219125179
    endloop
  endfacet
  facet normal 0.6494480483301818 0 0.7604059656000325
    outer loop
      vertex -11.998469857794408 -6 7.249342219125179
      vertex -11.998469857794408 0 7.249342219125179
      vertex -12.404163056034262 -6 7.595836943965738
    endloop
  endfacet
  facet normal -0.23344536385590908 0 0.9723699203976758
    outer loop
      vertex -9.468122818863215 0 6.641859641976531
      vertex -9.468122818863215 -6 6.641859641976531
      vertex -8.949342219125178 0 6.766407844596479
    endloop
  endfacet
  facet normal -0.23344536385590908 -1.5708975184097345e-18 0.9723699203976758
    outer loop
      vertex -9.468122818863215 -6 6.641859641976531
      vertex -8.949342219125178 -6 6.766407844596479
      vertex -8.949342219125178 0 6.766407844596479
    endloop
  endfacet
  facet normal 0 1 0
    outer loop
      vertex -9.468122818863215 0 6.641859641976531
      vertex -8.949342219125178 0 6.766407844596479
      vertex 5.468122818863215 0 6.641859641976531
    endloop
  endfacet
  facet normal 0 -1 0
    outer loop
      vertex -70 -6 6
      vertex 38 -6 6.6
      vertex 22 -6 6.6
    endloop
  endfacet
  facet normal 0 -1 0
    outer loop
      vertex -9.468122818863215 -6 6.641859641976531
      vertex -10 -6 6.6
      vertex 5.468122818863215 -6 6.641859641976531
    endloop
  endfacet
  facet normal 0 -1 0
    outer loop
      vertex -9.468122818863215 -6 6.641859641976531
      vertex 4.949342219125179 -6 6.766407844596479
      vertex -8.949342219125178 -6 6.766407844596479
    endloop
  endfacet
  facet normal -0.3826834323650891 0 0.9238795325112871
    outer loop
      vertex -8.949342219125178 -6 6.766407844596479
      vertex -8.456432300885542 0 6.970577817759549
      vertex -8.949342219125178 0 6.766407844596479
    endloop
  endfacet
  facet normal -0.5224985647159486 0 0.8526401643540924
    outer loop
      vertex -8.456432300885542 0 6.970577817759549
      vertex -8.456432300885542 -6 6.970577817759549
      vertex -8.001530142205592 0 7.249342219125179
    endloop
  endfacet
  facet normal -0.3826834323650891 0 0.9238795325112871
    outer loop
      vertex -8.456432300885542 0 6.970577817759549
      vertex -8.949342219125178 -6 6.766407844596479
      vertex -8.456432300885542 -6 6.970577817759549
    endloop
  endfacet
  facet normal -0.6494480483301818 0 0.7604059656000325
    outer loop
      vertex -8.001530142205592 0 7.249342219125179
      vertex -8.001530142205592 -6 7.249342219125179
      vertex -7.595836943965738 0 7.595836943965738
    endloop
  endfacet
  facet normal -0.5224985647159486 0 0.8526401643540924
    outer loop
      vertex -8.001530142205592 0 7.249342219125179
      vertex -8.456432300885542 -6 6.970577817759549
      vertex -8.001530142205592 -6 7.249342219125179
    endloop
  endfacet
  facet normal -0.6494480483301818 0 0.7604059656000325
    outer loop
      vertex -7.595836943965738 0 7.595836943965738
      vertex -8.001530142205592 -6 7.249342219125179
      vertex -7.595836943965738 -6 7.595836943965738
    endloop
  endfacet
  facet normal 0 1 0
    outer loop
      vertex -8.949342219125178 0 6.766407844596479
      vertex -8.456432300885542 0 6.970577817759549
      vertex 4.949342219125179 0 6.766407844596479
    endloop
  endfacet
  facet normal 0 1 0
    outer loop
      vertex -8.456432300885542 0 6.970577817759549
      vertex -8.001530142205592 0 7.249342219125179
      vertex 4.456432300885541 0 6.970577817759549
    endloop
  endfacet
  facet normal 0 -1 0
    outer loop
      vertex 4.001530142205591 -6 7.249342219125179
      vertex -8.456432300885542 -6 6.970577817759549
      vertex -8.949342219125178 -6 6.766407844596479
    endloop
  endfacet
  facet normal 0 -1 0
    outer loop
      vertex -8.949342219125178 -6 6.766407844596479
      vertex 4.456432300885541 -6 6.970577817759549
      vertex 4.001530142205591 -6 7.249342219125179
    endloop
  endfacet
  facet normal 0 1 0
    outer loop
      vertex -8.001530142205592 0 7.249342219125179
      vertex -7.595836943965738 0 7.595836943965738
      vertex 4.001530142205591 0 7.249342219125179
    endloop
  endfacet
  facet normal 0 -1 0
    outer loop
      vertex -8.001530142205592 -6 7.249342219125179
      vertex -8.456432300885542 -6 6.970577817759549
      vertex 3.5958369439657383 -6 7.595836943965738
    endloop
  endfacet
  facet normal 0 -1 0
    outer loop
      vertex -8.001530142205592 -6 7.249342219125179
      vertex 3.5958369439657383 -6 7.595836943965738
      vertex -7.595836943965738 -6 7.595836943965738
    endloop
  endfacet
  facet normal 0 -1 0
    outer loop
      vertex -8.456432300885542 -6 6.970577817759549
      vertex 4.001530142205591 -6 7.249342219125179
      vertex 3.5958369439657383 -6 7.595836943965738
    endloop
  endfacet
  facet normal 0 0 1
    outer loop
      vertex -70 -6 6
      vertex -19 -32.6 6
      vertex 70 -6 6
    endloop
  endfacet
  facet normal 0 1 0
    outer loop
      vertex -23.24934221912518 0 8.001530142205592
      vertex -12.750657780874821 0 8.001530142205592
      vertex -12.404163056034262 0 7.595836943965738
    endloop
  endfacet
  facet normal 0 -1 0
    outer loop
      vertex -24.001530142205592 -6 7.249342219125179
      vertex -12.404163056034262 -6 7.595836943965738
      vertex -12.750657780874821 -6 8.001530142205592
    endloop
  endfacet
  facet normal 0 -1 0
    outer loop
      vertex -23.24934221912518 -6 8.001530142205592
      vertex -12.750657780874821 -6 8.001530142205592
      vertex -13.02942218224045 -6 8.456432300885542
    endloop
  endfacet
  facet normal 0.7604059656000325 -7.390037967876148e-19 0.6494480483301818
    outer loop
      vertex -12.404163056034262 0 7.595836943965738
      vertex -12.750657780874821 0 8.001530142205592
      vertex -12.750657780874821 -6 8.001530142205592
    endloop
  endfacet
  facet normal 0.7604059656000325 0 0.6494480483301818
    outer loop
      vertex -12.404163056034262 0 7.595836943965738
      vertex -12.750657780874821 -6 8.001530142205592
      vertex -12.404163056034262 -6 7.595836943965738
    endloop
  endfacet
  facet normal 0.8526401643540924 -3.296432577419694e-18 0.5224985647159486
    outer loop
      vertex -13.02942218224045 -6 8.456432300885542
      vertex -12.750657780874821 -6 8.001530142205592
      vertex -12.750657780874821 0 8.001530142205592
    endloop
  endfacet
  facet normal 0 1 0
    outer loop
      vertex -22.970577817759548 0 8.456432300885542
      vertex -13.02942218224045 0 8.456432300885542
      vertex -12.750657780874821 0 8.001530142205592
    endloop
  endfacet
  facet normal 0 -1 0
    outer loop
      vertex -22.970577817759548 -6 8.456432300885542
      vertex -13.02942218224045 -6 8.456432300885542
      vertex -13.233592155403521 -6 8.949342219125178
    endloop
  endfacet
  facet normal 0 1 0
    outer loop
      vertex -22.76640784459648 0 8.949342219125178
      vertex -13.233592155403521 0 8.949342219125178
      vertex -13.02942218224045 0 8.456432300885542
    endloop
  endfacet
  facet normal 0 -1 0
    outer loop
      vertex -22.970577817759548 -6 8.456432300885542
      vertex -13.233592155403521 -6 8.949342219125178
      vertex -13.35814035802347 -6 9.468122818863215
    endloop
  endfacet
  facet normal 0.8526401643540924 0 0.5224985647159486
    outer loop
      vertex -13.02942218224045 -6 8.456432300885542
      vertex -12.750657780874821 0 8.001530142205592
      vertex -13.02942218224045 0 8.456432300885542
    endloop
  endfacet
  facet normal 0.9238795325112871 -1.2637320285291743e-18 0.3826834323650891
    outer loop
      vertex -13.233592155403521 -6 8.949342219125178
      vertex -13.02942218224045 -6 8.456432300885542
      vertex -13.02942218224045 0 8.456432300885542
    endloop
  endfacet
  facet normal 0.9238795325112871 0 0.3826834323650891
    outer loop
      vertex -13.233592155403521 -6 8.949342219125178
      vertex -13.02942218224045 0 8.456432300885542
      vertex -13.233592155403521 0 8.949342219125178
    endloop
  endfacet
  facet normal -0.7604059656000325 7.390037967876148e-19 0.6494480483301818
    outer loop
      vertex -7.249342219125179 0 8.001530142205592
      vertex -7.595836943965738 0 7.595836943965738
      vertex -7.595836943965738 -6 7.595836943965738
    endloop
  endfacet
  facet normal -0.7604059656000325 0 0.6494480483301818
    outer loop
      vertex -7.249342219125179 0 8.001530142205592
      vertex -7.595836943965738 -6 7.595836943965738
      vertex -7.249342219125179 -6 8.001530142205592
    endloop
  endfacet
  facet normal -0.8526401643540924 0 0.5224985647159486
    outer loop
      vertex -7.249342219125179 0 8.001530142205592
      vertex -7.249342219125179 -6 8.001530142205592
      vertex -6.970577817759549 0 8.456432300885542
    endloop
  endfacet
  facet normal 0 1 0
    outer loop
      vertex -7.249342219125179 0 8.001530142205592
      vertex 3.5958369439657383 0 7.595836943965738
      vertex -7.595836943965738 0 7.595836943965738
    endloop
  endfacet
  facet normal 0 1 0
    outer loop
      vertex -7.249342219125179 0 8.001530142205592
      vertex 3.249342219125179 0 8.001530142205592
      vertex 3.5958369439657383 0 7.595836943965738
    endloop
  endfacet
  facet normal 0 -1 0
    outer loop
      vertex -7.595836943965738 -6 7.595836943965738
      vertex 3.249342219125179 -6 8.001530142205592
      vertex -7.249342219125179 -6 8.001530142205592
    endloop
  endfacet
  facet normal 0 -1 0
    outer loop
      vertex -7.595836943965738 -6 7.595836943965738
      vertex 3.5958369439657383 -6 7.595836943965738
      vertex 3.249342219125179 -6 8.001530142205592
    endloop
  endfacet
  facet normal 0 1 0
    outer loop
      vertex -7.249342219125179 0 8.001530142205592
      vertex -6.970577817759549 0 8.456432300885542
      vertex 3.249342219125179 0 8.001530142205592
    endloop
  endfacet
  facet normal 0 -1 0
    outer loop
      vertex -7.249342219125179 -6 8.001530142205592
      vertex 3.249342219125179 -6 8.001530142205592
      vertex 2.9705778177595494 -6 8.456432300885542
    endloop
  endfacet
  facet normal -0.9238795325112864 0 0.3826834323650905
    outer loop
      vertex -6.970577817759549 0 8.456432300885542
      vertex -6.970577817759549 -6 8.456432300885542
      vertex -6.766407844596478 0 8.949342219125178
    endloop
  endfacet
  facet normal -0.8526401643540924 0 0.5224985647159486
    outer loop
      vertex -6.970577817759549 -6 8.456432300885542
      vertex -6.970577817759549 0 8.456432300885542
      vertex -7.249342219125179 -6 8.001530142205592
    endloop
  endfacet
  facet normal -0.9238795325112864 -7.034656292797071e-19 0.3826834323650905
    outer loop
      vertex -6.970577817759549 -6 8.456432300885542
      vertex -6.766407844596478 -6 8.949342219125178
      vertex -6.766407844596478 0 8.949342219125178
    endloop
  endfacet
  facet normal 0 1 0
    outer loop
      vertex -6.970577817759549 0 8.456432300885542
      vertex -6.766407844596478 0 8.949342219125178
      vertex 2.9705778177595494 0 8.456432300885542
    endloop
  endfacet
  facet normal 0 1 0
    outer loop
      vertex -6.970577817759549 0 8.456432300885542
      vertex 2.9705778177595494 0 8.456432300885542
      vertex 3.249342219125179 0 8.001530142205592
    endloop
  endfacet
  facet normal 0 -1 0
    outer loop
      vertex 2.9705778177595494 -6 8.456432300885542
      vertex -6.970577817759549 -6 8.456432300885542
      vertex -7.249342219125179 -6 8.001530142205592
    endloop
  endfacet
  facet normal 0 -1 0
    outer loop
      vertex -6.970577817759549 -6 8.456432300885542
      vertex 2.9705778177595494 -6 8.456432300885542
      vertex 2.766407844596478 -6 8.949342219125178
    endloop
  endfacet
  facet normal 0 1 0
    outer loop
      vertex -6.766407844596478 0 8.949342219125178
      vertex 2.766407844596478 0 8.949342219125178
      vertex 2.9705778177595494 0 8.456432300885542
    endloop
  endfacet
  facet normal 0 -1 0
    outer loop
      vertex -6.970577817759549 -6 8.456432300885542
      vertex 2.766407844596478 -6 8.949342219125178
      vertex -6.766407844596478 -6 8.949342219125178
    endloop
  endfacet
  facet normal 0 0 1
    outer loop
      vertex -70 -6 6
      vertex -21.75065778087482 -47.99846985779441 6
      vertex -22.029422182240452 -47.54356769911446 6
    endloop
  endfacet
  facet normal 0 0 1
    outer loop
      vertex -70 -6 6
      vertex -21.40416305603426 -48.404163056034264 6
      vertex -21.75065778087482 -47.99846985779441 6
    endloop
  endfacet
  facet normal 0 0 1
    outer loop
      vertex -70 -6 6
      vertex -21.40416305603426 -63.595836943965736 6
      vertex -21.40416305603426 -48.404163056034264 6
    endloop
  endfacet
  facet normal 0 0 1
    outer loop
      vertex -70 -6 6
      vertex -21.75065778087482 -64.0015301422056 6
      vertex -21.40416305603426 -63.595836943965736 6
    endloop
  endfacet
  facet normal 0 0 1
    outer loop
      vertex -70 -6 6
      vertex -22.029422182240452 -64.45643230088554 6
      vertex -21.75065778087482 -64.0015301422056 6
    endloop
  endfacet
  facet normal 0 0 1
    outer loop
      vertex -20.998469857794408 -48.75065778087482 6
      vertex -21.40416305603426 -48.404163056034264 6
      vertex -20.998469857794408 -63.24934221912518 6
    endloop
  endfacet
  facet normal 0 0 1
    outer loop
      vertex -20.998469857794408 -48.75065778087482 6
      vertex -20.54356769911446 -62.97057781775955 6
      vertex -20.54356769911446 -49.02942218224045 6
    endloop
  endfacet
  facet normal 0 0 1
    outer loop
      vertex -20.54356769911446 -49.02942218224045 6
      vertex -20.050657780874822 -62.76640784459648 6
      vertex -20.050657780874822 -49.23359215540352 6
    endloop
  endfacet
  facet normal 0 0 1
    outer loop
      vertex -19.531877181136785 -49.35814035802347 6
      vertex -20.050657780874822 -49.23359215540352 6
      vertex -19.531877181136785 -62.64185964197653 6
    endloop
  endfacet
  facet normal 0 0 1
    outer loop
      vertex -19.531877181136785 -49.35814035802347 6
      vertex -19 -62.6 6
      vertex -19 -49.4 6
    endloop
  endfacet
  facet normal 0 0 1
    outer loop
      vertex -15.64185964197653 -35.468122818863215 6
      vertex -0.7665288786971313 -46.160327131083825 6
      vertex -15.766407844596479 -34.94934221912518 6
    endloop
  endfacet
  facet normal 0 0 1
    outer loop
      vertex -15.6 -36 6
      vertex -0.7665288786971313 -46.160327131083825 6
      vertex -15.64185964197653 -35.468122818863215 6
    endloop
  endfacet
  facet normal 0 0 1
    outer loop
      vertex -19 -32.6 6
      vertex -18.468122818863215 -32.64185964197653 6
      vertex 19 -32.6 6
    endloop
  endfacet
  facet normal 0 0 1
    outer loop
      vertex -18.468122818863215 -32.64185964197653 6
      vertex -17.949342219125178 -32.76640784459648 6
      vertex 18.468122818863215 -32.64185964197653 6
    endloop
  endfacet
  facet normal 0 0 1
    outer loop
      vertex -17.45643230088554 -32.97057781775955 6
      vertex 17.949342219125178 -32.76640784459648 6
      vertex -17.949342219125178 -32.76640784459648 6
    endloop
  endfacet
  facet normal 0 0 1
    outer loop
      vertex -17.001530142205592 -33.24934221912518 6
      vertex 17.45643230088554 -32.97057781775955 6
      vertex -17.45643230088554 -32.97057781775955 6
    endloop
  endfacet
  facet normal 0 0 1
    outer loop
      vertex -17.001530142205592 -33.24934221912518 6
      vertex -16.59583694396574 -33.595836943965736 6
      vertex 17.001530142205592 -33.24934221912518 6
    endloop
  endfacet
  facet normal 0 0 1
    outer loop
      vertex -16.59583694396574 -33.595836943965736 6
      vertex -16.24934221912518 -34.00153014220559 6
      vertex 16.59583694396574 -33.595836943965736 6
    endloop
  endfacet
  facet normal 0 0 1
    outer loop
      vertex -15.97057781775955 -34.45643230088554 6
      vertex 16.24934221912518 -34.00153014220559 6
      vertex -16.24934221912518 -34.00153014220559 6
    endloop
  endfacet
  facet normal 0 0 1
    outer loop
      vertex -15.97057781775955 -34.45643230088554 6
      vertex -15.766407844596479 -34.94934221912518 6
      vertex 15.97057781775955 -34.45643230088554 6
    endloop
  endfacet
  facet normal 0 0 1
    outer loop
      vertex -15.6 -36 6
      vertex -15.6 -46 6
      vertex -1.5141832724372424 -46.33982307015375 6
    endloop
  endfacet
  facet normal 0 0 1
    outer loop
      vertex -15.64185964197653 -46.531877181136785 6
      vertex -15.766407844596479 -47.05065778087482 6
      vertex -4.660176929846252 -49.48581672756276 6
    endloop
  endfacet
  facet normal 0 0 1
    outer loop
      vertex -15.766407844596479 -47.05065778087482 6
      vertex -15.97057781775955 -47.54356769911446 6
      vertex -4.839672868916176 -50.23347112130287 6
    endloop
  endfacet
  facet normal 0 0 1
    outer loop
      vertex -16.24934221912518 -47.99846985779441 6
      vertex -4.9 -51 6
      vertex -15.97057781775955 -47.54356769911446 6
    endloop
  endfacet
  facet normal 0 0 1
    outer loop
      vertex -15.64185964197653 -46.531877181136785 6
      vertex -4.365931968523003 -48.77544655127622 6
      vertex -15.6 -46 6
    endloop
  endfacet
  facet normal 0 0 1
    outer loop
      vertex -19 -49.4 6
      vertex -18.468122818863215 -62.64185964197653 6
      vertex -18.468122818863215 -49.35814035802347 6
    endloop
  endfacet
  facet normal 0 0 1
    outer loop
      vertex -18.468122818863215 -49.35814035802347 6
      vertex -17.949342219125178 -62.76640784459648 6
      vertex -17.949342219125178 -49.23359215540352 6
    endloop
  endfacet
  facet normal 0 0 1
    outer loop
      vertex -17.45643230088554 -49.02942218224045 6
      vertex -17.949342219125178 -49.23359215540352 6
      vertex -17.45643230088554 -62.97057781775955 6
    endloop
  endfacet
  facet normal 0 0 1
    outer loop
      vertex -17.001530142205592 -48.75065778087482 6
      vertex -17.45643230088554 -49.02942218224045 6
      vertex -4.839672868916176 -51.76652887869713 6
    endloop
  endfacet
  facet normal 0 0 1
    outer loop
      vertex -16.24934221912518 -47.99846985779441 6
      vertex -16.59583694396574 -48.404163056034264 6
      vertex -4.9 -51 6
    endloop
  endfacet
  facet normal 0 0 1
    outer loop
      vertex -17.001530142205592 -48.75065778087482 6
      vertex -4.839672868916176 -51.76652887869713 6
      vertex -16.59583694396574 -48.404163056034264 6
    endloop
  endfacet
  facet normal 0 0 1
    outer loop
      vertex -17.45643230088554 -49.02942218224045 6
      vertex -17.45643230088554 -62.97057781775955 6
      vertex -4.660176929846252 -52.51418327243724 6
    endloop
  endfacet
  facet normal 0 0 1
    outer loop
      vertex -15.6 -36 6
      vertex -1.5141832724372424 -46.33982307015375 6
      vertex -0.7665288786971313 -46.160327131083825 6
    endloop
  endfacet
  facet normal 0 0 1
    outer loop
      vertex 0 -46.1 6
      vertex -15.766407844596479 -34.94934221912518 6
      vertex -0.7665288786971313 -46.160327131083825 6
    endloop
  endfacet
  facet normal 0 0 1
    outer loop
      vertex -3.9641832724372428 -48.11985226376688 6
      vertex -3.464823227814083 -47.53517677218592 6
      vertex -15.6 -46 6
    endloop
  endfacet
  facet normal 0 0 1
    outer loop
      vertex -2.8801477362331185 -47.03581672756276 6
      vertex -15.6 -46 6
      vertex -3.464823227814083 -47.53517677218592 6
    endloop
  endfacet
  facet normal 0 0 1
    outer loop
      vertex -15.766407844596479 -47.05065778087482 6
      vertex -4.839672868916176 -50.23347112130287 6
      vertex -4.660176929846252 -49.48581672756276 6
    endloop
  endfacet
  facet normal 0 0 1
    outer loop
      vertex -4.365931968523003 -48.77544655127622 6
      vertex -3.9641832724372428 -48.11985226376688 6
      vertex -15.6 -46 6
    endloop
  endfacet
  facet normal 0 0 1
    outer loop
      vertex -15.64185964197653 -46.531877181136785 6
      vertex -4.660176929846252 -49.48581672756276 6
      vertex -4.365931968523003 -48.77544655127622 6
    endloop
  endfacet
  facet normal 0 0 1
    outer loop
      vertex -1.5141832724372424 -46.33982307015375 6
      vertex -15.6 -46 6
      vertex -2.2245534487237797 -46.634068031477 6
    endloop
  endfacet
  facet normal 0 0 1
    outer loop
      vertex -2.2245534487237797 -46.634068031477 6
      vertex -15.6 -46 6
      vertex -2.8801477362331185 -47.03581672756276 6
    endloop
  endfacet
  facet normal 0 0 1
    outer loop
      vertex -4.9 -51 6
      vertex -4.839672868916176 -50.23347112130287 6
      vertex -15.97057781775955 -47.54356769911446 6
    endloop
  endfacet
  facet normal 0 0 1
    outer loop
      vertex -4.839672868916176 -51.76652887869713 6
      vertex -4.9 -51 6
      vertex -16.59583694396574 -48.404163056034264 6
    endloop
  endfacet
  facet normal 0 0 1
    outer loop
      vertex -4.660176929846252 -52.51418327243724 6
      vertex -4.839672868916176 -51.76652887869713 6
      vertex -17.45643230088554 -49.02942218224045 6
    endloop
  endfacet
  facet normal 0 1 0
    outer loop
      vertex -38.76640784459648 0 8.949342219125178
      vertex -38.64185964197653 0 9.468122818863215
      vertex -29.23359215540352 0 8.949342219125178
    endloop
  endfacet
  facet normal 0 -1 0
    outer loop
      vertex -38.76640784459648 -6 8.949342219125178
      vertex -29.35814035802347 -6 9.468122818863215
      vertex -38.64185964197653 -6 9.468122818863215
    endloop
  endfacet
  facet normal 0 1 0
    outer loop
      vertex -38.64185964197653 0 9.468122818863215
      vertex -38.6 0 10
      vertex -29.35814035802347 0 9.468122818863215
    endloop
  endfacet
  facet normal 0 1 0
    outer loop
      vertex -38.64185964197653 0 9.468122818863215
      vertex -29.35814035802347 0 9.468122818863215
      vertex -29.23359215540352 0 8.949342219125178
    endloop
  endfacet
  facet normal 0.9723699203976758 1.5708975184097345e-18 0.23344536385590908
    outer loop
      vertex -29.23359215540352 0 8.949342219125178
      vertex -29.35814035802347 0 9.468122818863215
      vertex -29.35814035802347 -6 9.468122818863215
    endloop
  endfacet
  facet normal 0 -1 0
    outer loop
      vertex -38.76640784459648 -6 8.949342219125178
      vertex -29.23359215540352 -6 8.949342219125178
      vertex -29.35814035802347 -6 9.468122818863215
    endloop
  endfacet
  facet normal 0.9723699203976758 0 0.23344536385590908
    outer loop
      vertex -29.23359215540352 -6 8.949342219125178
      vertex -29.23359215540352 0 8.949342219125178
      vertex -29.35814035802347 -6 9.468122818863215
    endloop
  endfacet
  facet normal 0 -1 0
    outer loop
      vertex -38.64185964197653 -6 9.468122818863215
      vertex -29.35814035802347 -6 9.468122818863215
      vertex -29.4 -6 10
    endloop
  endfacet
  facet normal 0.9969173337331283 3.171428551585294e-19 0.07845909572784047
    outer loop
      vertex -29.4 -6 10
      vertex -29.35814035802347 -6 9.468122818863215
      vertex -29.35814035802347 0 9.468122818863215
    endloop
  endfacet
  facet normal 0 1 0
    outer loop
      vertex -38.6 0 10.799999999999999
      vertex -29.35814035802347 0 9.468122818863215
      vertex -38.6 0 10
    endloop
  endfacet
  facet normal 0 -1 0
    outer loop
      vertex -38.6 -6 10
      vertex -38.64185964197653 -6 9.468122818863215
      vertex -29.4 -6 10
    endloop
  endfacet
  facet normal 0 -1 0
    outer loop
      vertex -38.6 -6 10.799999999999999
      vertex -38.6 -6 10
      vertex -29.4 -6 10
    endloop
  endfacet
  facet normal 0 1 0
    outer loop
      vertex -38.6 0 10.799999999999999
      vertex -29.4 0 10
      vertex -29.35814035802347 0 9.468122818863215
    endloop
  endfacet
  facet normal 0.9969173337331283 3.171428551585294e-19 0.07845909572784047
    outer loop
      vertex -29.35814035802347 0 9.468122818863215
      vertex -29.4 0 10
      vertex -29.4 -6 10
    endloop
  endfacet
  facet normal 1 0 0
    outer loop
      vertex -29.4 -6 10.799999999999999
      vertex -29.4 -6 10
      vertex -29.4 0 10
    endloop
  endfacet
  facet normal -0.9723699203976758 0 0.23344536385590908
    outer loop
      vertex -22.76640784459648 -6 8.949342219125178
      vertex -22.64185964197653 0 9.468122818863215
      vertex -22.76640784459648 0 8.949342219125178
    endloop
  endfacet
  facet normal 0 1 0
    outer loop
      vertex -22.76640784459648 0 8.949342219125178
      vertex -22.64185964197653 0 9.468122818863215
      vertex -13.233592155403521 0 8.949342219125178
    endloop
  endfacet
  facet normal -0.9723699203976758 0 0.23344536385590908
    outer loop
      vertex -22.64185964197653 -6 9.468122818863215
      vertex -22.64185964197653 0 9.468122818863215
      vertex -22.76640784459648 -6 8.949342219125178
    endloop
  endfacet
  facet normal 0 -1 0
    outer loop
      vertex -22.64185964197653 -6 9.468122818863215
      vertex -22.76640784459648 -6 8.949342219125178
      vertex -13.35814035802347 -6 9.468122818863215
    endloop
  endfacet
  facet normal -0.9969173337331283 0 0.07845909572784047
    outer loop
      vertex -22.64185964197653 -6 9.468122818863215
      vertex -22.6 0 10
      vertex -22.64185964197653 0 9.468122818863215
    endloop
  endfacet
  facet normal 0 1 0
    outer loop
      vertex -22.64185964197653 0 9.468122818863215
      vertex -22.6 0 10
      vertex -13.35814035802347 0 9.468122818863215
    endloop
  endfacet
  facet normal -0.9969173337331283 0 0.07845909572784047
    outer loop
      vertex -22.6 -6 10
      vertex -22.6 0 10
      vertex -22.64185964197653 -6 9.468122818863215
    endloop
  endfacet
  facet normal 0 -1 0
    outer loop
      vertex -22.6 -6 10
      vertex -22.64185964197653 -6 9.468122818863215
      vertex -13.4 -6 10
    endloop
  endfacet
  facet normal -1 0 0
    outer loop
      vertex -22.6 0 10.799999999999999
      vertex -22.6 0 10
      vertex -22.6 -6 10
    endloop
  endfacet
  facet normal 0 1 0
    outer loop
      vertex -22.6 0 10.799999999999999
      vertex -13.4 0 10
      vertex -22.6 0 10
    endloop
  endfacet
  facet normal 0 -1 0
    outer loop
      vertex -22.6 -6 10.799999999999999
      vertex -22.6 -6 10
      vertex -13.4 -6 10
    endloop
  endfacet
  facet normal 3.4132444753995112e-18 0.7071067811865478 0.7071067811865471
    outer loop
      vertex -38.6 -1.2 12
      vertex -29.4 0 10.799999999999999
      vertex -38.6 0 10.799999999999999
    endloop
  endfacet
  facet normal 0 1 0
    outer loop
      vertex -38.6 0 10.799999999999999
      vertex -29.4 0 10.799999999999999
      vertex -29.4 0 10
    endloop
  endfacet
  facet normal 0 -1 0
    outer loop
      vertex -38.6 -6 10.799999999999999
      vertex -29.4 -6 10
      vertex -29.4 -6 10.799999999999999
    endloop
  endfacet
  facet normal 1 0 0
    outer loop
      vertex -29.4 0 10.799999999999999
      vertex -29.4 -1.2 12
      vertex -29.4 0 10
    endloop
  endfacet
  facet normal 1 0 0
    outer loop
      vertex -29.4 -6 10.799999999999999
      vertex -29.4 0 10
      vertex -29.4 -1.2 12
    endloop
  endfacet
  facet normal 0 -0.7071067811865478 0.7071067811865472
    outer loop
      vertex -38.6 -6 10.799999999999999
      vertex -29.4 -6 10.799999999999999
      vertex -29.4 -4.8 12
    endloop
  endfacet
  facet normal -5.688740792332393e-19 -0.7071067811865478 0.7071067811865472
    outer loop
      vertex -38.6 -6 10.799999999999999
      vertex -29.4 -4.8 12
      vertex -38.6 -4.8 12
    endloop
  endfacet
  facet normal 0 0 1
    outer loop
      vertex -38.6 -1.2 12
      vertex -38.6 -4.8 12
      vertex -29.4 -1.2 12
    endloop
  endfacet
  facet normal 0 0.7071067811865478 0.7071067811865471
    outer loop
      vertex -38.6 -1.2 12
      vertex -29.4 -1.2 12
      vertex -29.4 0 10.799999999999999
    endloop
  endfacet
  facet normal 1 0 0
    outer loop
      vertex -29.4 -4.8 12
      vertex -29.4 -6 10.799999999999999
      vertex -29.4 -1.2 12
    endloop
  endfacet
  facet normal 0 0 1
    outer loop
      vertex -38.6 -4.8 12
      vertex -29.4 -4.8 12
      vertex -29.4 -1.2 12
    endloop
  endfacet
  facet normal -1 0 0
    outer loop
      vertex -22.6 -1.2 12
      vertex -22.6 0 10.799999999999999
      vertex -22.6 -6 10
    endloop
  endfacet
  facet normal 3.413244475399512e-18 0.7071067811865479 0.7071067811865472
    outer loop
      vertex -22.6 -1.2 12
      vertex -13.4 0 10.799999999999999
      vertex -22.6 0 10.799999999999999
    endloop
  endfacet
  facet normal -1 0 0
    outer loop
      vertex -22.6 -6 10.799999999999999
      vertex -22.6 -4.8 12
      vertex -22.6 -6 10
    endloop
  endfacet
  facet normal -1 0 0
    outer loop
      vertex -22.6 -1.2 12
      vertex -22.6 -6 10
      vertex -22.6 -4.8 12
    endloop
  endfacet
  facet normal -5.688740792332393e-19 -0.7071067811865478 0.7071067811865472
    outer loop
      vertex -22.6 -6 10.799999999999999
      vertex -13.4 -4.8 12
      vertex -22.6 -4.8 12
    endloop
  endfacet
  facet normal 0 0 1
    outer loop
      vertex -22.6 -1.2 12
      vertex -22.6 -4.8 12
      vertex -13.4 -1.2 12
    endloop
  endfacet
  facet normal 0 1 0
    outer loop
      vertex -22.64185964197653 0 9.468122818863215
      vertex -13.35814035802347 0 9.468122818863215
      vertex -13.233592155403521 0 8.949342219125178
    endloop
  endfacet
  facet normal 0 -1 0
    outer loop
      vertex -22.64185964197653 -6 9.468122818863215
      vertex -13.35814035802347 -6 9.468122818863215
      vertex -13.4 -6 10
    endloop
  endfacet
  facet normal 0.9723699203976758 1.5708975184097345e-18 0.23344536385590908
    outer loop
      vertex -13.233592155403521 0 8.949342219125178
      vertex -13.35814035802347 0 9.468122818863215
      vertex -13.35814035802347 -6 9.468122818863215
    endloop
  endfacet
  facet normal 0.9723699203976758 0 0.23344536385590908
    outer loop
      vertex -13.233592155403521 -6 8.949342219125178
      vertex -13.233592155403521 0 8.949342219125178
      vertex -13.35814035802347 -6 9.468122818863215
    endloop
  endfacet
  facet normal 0.996917333733128 -3.088959496166119e-20 0.07845909572784379
    outer loop
      vertex -13.4 -6 10
      vertex -13.35814035802347 -6 9.468122818863215
      vertex -13.35814035802347 0 9.468122818863215
    endloop
  endfacet
  facet normal 0 1 0
    outer loop
      vertex -22.6 0 10
      vertex -13.4 0 10
      vertex -13.35814035802347 0 9.468122818863215
    endloop
  endfacet
  facet normal 0.996917333733128 -3.088959496166119e-20 0.07845909572784379
    outer loop
      vertex -13.35814035802347 0 9.468122818863215
      vertex -13.4 0 10
      vertex -13.4 -6 10
    endloop
  endfacet
  facet normal 1 0 0
    outer loop
      vertex -13.4 0 10.799999999999999
      vertex -13.4 -6 10
      vertex -13.4 0 10
    endloop
  endfacet
  facet normal -0.9723699203976766 0 0.23344536385590595
    outer loop
      vertex -6.766407844596478 -6 8.949342219125178
      vertex -6.641859641976532 0 9.468122818863215
      vertex -6.766407844596478 0 8.949342219125178
    endloop
  endfacet
  facet normal -0.9723699203976766 0 0.23344536385590595
    outer loop
      vertex -6.641859641976532 -6 9.468122818863215
      vertex -6.641859641976532 0 9.468122818863215
      vertex -6.766407844596478 -6 8.949342219125178
    endloop
  endfacet
  facet normal -0.996917333733128 2.0490582002175644e-19 0.07845909572784546
    outer loop
      vertex -6.6 0 10
      vertex -6.641859641976532 0 9.468122818863215
      vertex -6.641859641976532 -6 9.468122818863215
    endloop
  endfacet
  facet normal 0 1 0
    outer loop
      vertex -6.766407844596478 0 8.949342219125178
      vertex -6.641859641976532 0 9.468122818863215
      vertex 2.766407844596478 0 8.949342219125178
    endloop
  endfacet
  facet normal 0 -1 0
    outer loop
      vertex 2.6418596419765317 -6 9.468122818863215
      vertex -6.641859641976532 -6 9.468122818863215
      vertex -6.766407844596478 -6 8.949342219125178
    endloop
  endfacet
  facet normal 0 -1 0
    outer loop
      vertex -6.766407844596478 -6 8.949342219125178
      vertex 2.766407844596478 -6 8.949342219125178
      vertex 2.6418596419765317 -6 9.468122818863215
    endloop
  endfacet
  facet normal 0 1 0
    outer loop
      vertex -6.6 0 10
      vertex 2.766407844596478 0 8.949342219125178
      vertex -6.641859641976532 0 9.468122818863215
    endloop
  endfacet
  facet normal 0 1 0
    outer loop
      vertex -6.6 0 10
      vertex 2.6418596419765317 0 9.468122818863215
      vertex 2.766407844596478 0 8.949342219125178
    endloop
  endfacet
  facet normal 0 -1 0
    outer loop
      vertex -6.641859641976532 -6 9.468122818863215
      vertex 2.6418596419765317 -6 9.468122818863215
      vertex 2.6 -6 10
    endloop
  endfacet
  facet normal -0.996917333733128 0 0.07845909572784546
    outer loop
      vertex -6.6 -6 10
      vertex -6.6 0 10
      vertex -6.641859641976532 -6 9.468122818863215
    endloop
  endfacet
  facet normal -1 0 0
    outer loop
      vertex -6.6 0 10.799999999999999
      vertex -6.6 0 10
      vertex -6.6 -6 10
    endloop
  endfacet
  facet normal 0 1 0
    outer loop
      vertex -6.6 0 10
      vertex 2.6 0 10
      vertex 2.6418596419765317 0 9.468122818863215
    endloop
  endfacet
  facet normal 0 -1 0
    outer loop
      vertex -6.6 -6 10
      vertex -6.641859641976532 -6 9.468122818863215
      vertex 2.6 -6 10
    endloop
  endfacet
  facet normal 0 1 0
    outer loop
      vertex 2.6 0 10.799999999999999
      vertex 2.6 0 10
      vertex -6.6 0 10
    endloop
  endfacet
  facet normal 0 -1 0
    outer loop
      vertex -6.6 -6 10.799999999999999
      vertex -6.6 -6 10
      vertex 2.6 -6 10
    endloop
  endfacet
  facet normal 0 1 0
    outer loop
      vertex -22.6 0 10.799999999999999
      vertex -13.4 0 10.799999999999999
      vertex -13.4 0 10
    endloop
  endfacet
  facet normal 0 -1 0
    outer loop
      vertex -22.6 -6 10.799999999999999
      vertex -13.4 -6 10
      vertex -13.4 -6 10.799999999999999
    endloop
  endfacet
  facet normal 0 -0.7071067811865478 0.7071067811865472
    outer loop
      vertex -22.6 -6 10.799999999999999
      vertex -13.4 -6 10.799999999999999
      vertex -13.4 -4.8 12
    endloop
  endfacet
  facet normal 1 0 0
    outer loop
      vertex -13.4 0 10.799999999999999
      vertex -13.4 -1.2 12
      vertex -13.4 -6 10
    endloop
  endfacet
  facet normal 1 0 0
    outer loop
      vertex -13.4 -4.8 12
      vertex -13.4 -6 10.799999999999999
      vertex -13.4 -6 10
    endloop
  endfacet
  facet normal 0 0.7071067811865479 0.7071067811865472
    outer loop
      vertex -22.6 -1.2 12
      vertex -13.4 -1.2 12
      vertex -13.4 0 10.799999999999999
    endloop
  endfacet
  facet normal 0 0 1
    outer loop
      vertex -22.6 -4.8 12
      vertex -13.4 -4.8 12
      vertex -13.4 -1.2 12
    endloop
  endfacet
  facet normal 1 0 0
    outer loop
      vertex -13.4 -4.8 12
      vertex -13.4 -6 10
      vertex -13.4 -1.2 12
    endloop
  endfacet
  facet normal -1 0 0
    outer loop
      vertex -6.6 -1.2 12
      vertex -6.6 0 10.799999999999999
      vertex -6.6 -6 10
    endloop
  endfacet
  facet normal -1 0 0
    outer loop
      vertex -6.6 -6 10.799999999999999
      vertex -6.6 -4.8 12
      vertex -6.6 -6 10
    endloop
  endfacet
  facet normal 0 1 0
    outer loop
      vertex -6.6 0 10.799999999999999
      vertex 2.6 0 10.799999999999999
      vertex -6.6 0 10
    endloop
  endfacet
  facet normal 0 -1 0
    outer loop
      vertex -6.6 -6 10.799999999999999
      vertex 2.6 -6 10
      vertex 2.6 -6 10.799999999999999
    endloop
  endfacet
  facet normal 3.4132444753995124e-18 0.7071067811865478 0.7071067811865471
    outer loop
      vertex -6.6 -1.2 12
      vertex 2.6 0 10.799999999999999
      vertex -6.6 0 10.799999999999999
    endloop
  endfacet
  facet normal 0 -0.7071067811865478 0.7071067811865472
    outer loop
      vertex -6.6 -6 10.799999999999999
      vertex 2.6 -6 10.799999999999999
      vertex 2.6 -4.8 12
    endloop
  endfacet
  facet normal -1 0 0
    outer loop
      vertex -6.6 -1.2 12
      vertex -6.6 -6 10
      vertex -6.6 -4.8 12
    endloop
  endfacet
  facet normal 0 0.7071067811865478 0.7071067811865471
    outer loop
      vertex -6.6 -1.2 12
      vertex 2.6 -1.2 12
      vertex 2.6 0 10.799999999999999
    endloop
  endfacet
  facet normal -5.688740792332395e-19 -0.7071067811865478 0.7071067811865472
    outer loop
      vertex -6.6 -6 10.799999999999999
      vertex 2.6 -4.8 12
      vertex -6.6 -4.8 12
    endloop
  endfacet
  facet normal 0 0 1
    outer loop
      vertex -6.6 -1.2 12
      vertex -6.6 -4.8 12
      vertex 2.6 -1.2 12
    endloop
  endfacet
  facet normal 0 0 1
    outer loop
      vertex -6.6 -4.8 12
      vertex 2.6 -4.8 12
      vertex 2.6 -1.2 12
    endloop
  endfacet
  facet normal 0 0 1
    outer loop
      vertex -70 -6 6
      vertex -69.5 -82 6
      vertex -64.5 -82 6
    endloop
  endfacet
  facet normal 0 0 1
    outer loop
      vertex -70 -6 6
      vertex -70 -102 6
      vertex -69.5 -82 6
    endloop
  endfacet
  facet normal 0 0 1
    outer loop
      vertex -70 -6 6
      vertex -64.5 -82 6
      vertex -61.25 -83 6
    endloop
  endfacet
  facet normal 0 0 1
    outer loop
      vertex -70 -6 6
      vertex -61.25 -83 6
      vertex -58.002404735808355 -84.875 6
    endloop
  endfacet
  facet normal 0 0 1
    outer loop
      vertex -70 -6 6
      vertex -58.002404735808355 -84.875 6
      vertex -54.997595264191645 -84.875 6
    endloop
  endfacet
  facet normal 0 0 1
    outer loop
      vertex -70 -6 6
      vertex -54.997595264191645 -84.875 6
      vertex -51.75 -83 6
    endloop
  endfacet
  facet normal 0 -0.021271781490575865 0.999773730057065
    outer loop
      vertex -76 -102 6
      vertex -74.5 -102 6
      vertex -71.70687244495656 -31.779837387624884 7.4940460130292585
    endloop
  endfacet
  facet normal 0 -0.02127178149057584 0.9997737300570652
    outer loop
      vertex -74.5 -102 6
      vertex -70 -102 6
      vertex -71.22016261237512 -31.29312755504344 7.5044015413820535
    endloop
  endfacet
  facet normal 0 0 1
    outer loop
      vertex -61.25 -83 6
      vertex -64.5 -82 6
      vertex -64.49759526419165 -84.875 6
    endloop
  endfacet
  facet normal 0 0 1
    outer loop
      vertex -70 -6 6
      vertex -51.75 -83 6
      vertex -48.502404735808355 -84.875 6
    endloop
  endfacet
  facet normal 0 0 1
    outer loop
      vertex -70 -6 6
      vertex -48.502404735808355 -84.875 6
      vertex -45.497595264191645 -84.875 6
    endloop
  endfacet
  facet normal 0 0 1
    outer loop
      vertex -70 -6 6
      vertex -45.497595264191645 -84.875 6
      vertex -42.25 -83 6
    endloop
  endfacet
  facet normal 0 0 1
    outer loop
      vertex -70 -102 6
      vertex -69.5 -108 6
      vertex -69.5 -82 6
    endloop
  endfacet
  facet normal 0 0 1
    outer loop
      vertex -58.002404735808355 -84.875 6
      vertex -58.002404735808355 -88.625 6
      vertex -54.997595264191645 -84.875 6
    endloop
  endfacet
  facet normal 0 0 1
    outer loop
      vertex -61.25 -90.5 6
      vertex -56.5 -91.227 6
      vertex -58.002404735808355 -88.625 6
    endloop
  endfacet
  facet normal 0 0 1
    outer loop
      vertex -64.5 -82 6
      vertex -64.5 -108 6
      vertex -64.49759526419165 -84.875 6
    endloop
  endfacet
  facet normal 0 0 1
    outer loop
      vertex -64.49759526419165 -88.625 6
      vertex -64.49759526419165 -84.875 6
      vertex -64.5 -108 6
    endloop
  endfacet
  facet normal 0 0 1
    outer loop
      vertex -64.5 -108 6
      vertex -61.25 -90.5 6
      vertex -64.49759526419165 -88.625 6
    endloop
  endfacet
  facet normal 0 0 1
    outer loop
      vertex -59.747595264191645 -93.102 6
      vertex -61.25 -90.5 6
      vertex -64.5 -108 6
    endloop
  endfacet
  facet normal 0 0 1
    outer loop
      vertex -61.25 -90.5 6
      vertex -59.747595264191645 -93.102 6
      vertex -56.5 -91.227 6
    endloop
  endfacet
  facet normal 0 0 1
    outer loop
      vertex -74.5 -102 6
      vertex -74.5 -110.5 6
      vertex -70 -102 6
    endloop
  endfacet
  facet normal 0 0 1
    outer loop
      vertex -70 -102 6
      vertex -74.5 -110.5 6
      vertex -69.5 -108 6
    endloop
  endfacet
  facet normal 0 0 1
    outer loop
      vertex -64.5 -108 6
      vertex -59.747595264191645 -96.852 6
      vertex -59.747595264191645 -93.102 6
    endloop
  endfacet
  facet normal 0 0 1
    outer loop
      vertex -64.5 -108 6
      vertex -56.5 -98.727 6
      vertex -59.747595264191645 -96.852 6
    endloop
  endfacet
  facet normal 0 0 1
    outer loop
      vertex -58.002404735808355 -88.625 6
      vertex -54.997595264191645 -88.625 6
      vertex -54.997595264191645 -84.875 6
    endloop
  endfacet
  facet normal 0 0 1
    outer loop
      vertex -58.002404735808355 -88.625 6
      vertex -56.5 -91.227 6
      vertex -54.997595264191645 -88.625 6
    endloop
  endfacet
  facet normal 0 0 1
    outer loop
      vertex -53.252404735808355 -93.102 6
      vertex -54.997595264191645 -88.625 6
      vertex -56.5 -91.227 6
    endloop
  endfacet
  facet normal 0 0 1
    outer loop
      vertex -54.997595264191645 -88.625 6
      vertex -53.252404735808355 -93.102 6
      vertex -51.75 -90.5 6
    endloop
  endfacet
  facet normal 0 0 1
    outer loop
      vertex -45.497595264191645 -84.875 6
      vertex -48.502404735808355 -84.875 6
      vertex -48.502404735808355 -88.625 6
    endloop
  endfacet
  facet normal 0 0 1
    outer loop
      vertex -51.75 -90.5 6
      vertex -45.497595264191645 -88.625 6
      vertex -48.502404735808355 -88.625 6
    endloop
  endfacet
  facet normal 0 0 1
    outer loop
      vertex -51.75 -90.5 6
      vertex -47 -91.227 6
      vertex -45.497595264191645 -88.625 6
    endloop
  endfacet
  facet normal 0 0 1
    outer loop
      vertex -53.252404735808355 -93.102 6
      vertex -53.252404735808355 -96.852 6
      vertex -51.75 -90.5 6
    endloop
  endfacet
  facet normal 0 0 1
    outer loop
      vertex -56.5 -98.727 6
      vertex -50.247595264191645 -96.852 6
      vertex -53.252404735808355 -96.852 6
    endloop
  endfacet
  facet normal 0 0 1
    outer loop
      vertex -51.75 -90.5 6
      vertex -53.252404735808355 -96.852 6
      vertex -50.247595264191645 -93.102 6
    endloop
  endfacet
  facet normal 0 0 1
    outer loop
      vertex -51.75 -90.5 6
      vertex -50.247595264191645 -93.102 6
      vertex -47 -91.227 6
    endloop
  endfacet
  facet normal 0 0 1
    outer loop
      vertex -50.247595264191645 -96.852 6
      vertex -50.247595264191645 -93.102 6
      vertex -53.252404735808355 -96.852 6
    endloop
  endfacet
  facet normal 0 0 1
    outer loop
      vertex -45.497595264191645 -88.625 6
      vertex -45.497595264191645 -84.875 6
      vertex -48.502404735808355 -88.625 6
    endloop
  endfacet
  facet normal 0 0 1
    outer loop
      vertex -45.497595264191645 -88.625 6
      vertex -47 -91.227 6
      vertex -43.752404735808355 -93.102 6
    endloop
  endfacet
  facet normal 0 0 1
    outer loop
      vertex -45.497595264191645 -88.625 6
      vertex -43.752404735808355 -93.102 6
      vertex -42.25 -90.5 6
    endloop
  endfacet
  facet normal 0 0 1
    outer loop
      vertex -39.002404735808355 -84.875 6
      vertex -39.002404735808355 -88.625 6
      vertex -35.997595264191645 -88.625 6
    endloop
  endfacet
  facet normal 0 0 1
    outer loop
      vertex -43.752404735808355 -93.102 6
      vertex -39.002404735808355 -88.625 6
      vertex -42.25 -90.5 6
    endloop
  endfacet
  facet normal 0 0 1
    outer loop
      vertex -43.752404735808355 -93.102 6
      vertex -35.997595264191645 -88.625 6
      vertex -39.002404735808355 -88.625 6
    endloop
  endfacet
  facet normal 0 0 1
    outer loop
      vertex -43.752404735808355 -93.102 6
      vertex -37.5 -91.227 6
      vertex -35.997595264191645 -88.625 6
    endloop
  endfacet
  facet normal 0 0 1
    outer loop
      vertex -43.752404735808355 -93.102 6
      vertex -43.752404735808355 -96.852 6
      vertex -40.747595264191645 -93.102 6
    endloop
  endfacet
  facet normal 0 0 1
    outer loop
      vertex -47 -98.727 6
      vertex -40.747595264191645 -96.852 6
      vertex -43.752404735808355 -96.852 6
    endloop
  endfacet
  facet normal 0 0 1
    outer loop
      vertex -43.752404735808355 -93.102 6
      vertex -40.747595264191645 -93.102 6
      vertex -37.5 -91.227 6
    endloop
  endfacet
  facet normal 0 0 1
    outer loop
      vertex -40.747595264191645 -96.852 6
      vertex -40.747595264191645 -93.102 6
      vertex -43.752404735808355 -96.852 6
    endloop
  endfacet
  facet normal 0 0 1
    outer loop
      vertex -64.5 -108 6
      vertex -47 -98.727 6
      vertex -56.5 -98.727 6
    endloop
  endfacet
  facet normal 0 0 1
    outer loop
      vertex -56.5 -98.727 6
      vertex -47 -98.727 6
      vertex -50.247595264191645 -96.852 6
    endloop
  endfacet
  facet normal 0 0 1
    outer loop
      vertex -64.5 -108 6
      vertex -37.5 -98.727 6
      vertex -47 -98.727 6
    endloop
  endfacet
  facet normal 0 0 1
    outer loop
      vertex -64.5 -108 6
      vertex -28 -98.727 6
      vertex -37.5 -98.727 6
    endloop
  endfacet
  facet normal 0 0 1
    outer loop
      vertex -47 -98.727 6
      vertex -37.5 -98.727 6
      vertex -40.747595264191645 -96.852 6
    endloop
  endfacet
  facet normal 0 0 1
    outer loop
      vertex -21.40416305603426 -48.404163056034264 6
      vertex -21.40416305603426 -63.595836943965736 6
      vertex -20.998469857794408 -63.24934221912518 6
    endloop
  endfacet
  facet normal 0 0 1
    outer loop
      vertex -20.998469857794408 -48.75065778087482 6
      vertex -20.998469857794408 -63.24934221912518 6
      vertex -20.54356769911446 -62.97057781775955 6
    endloop
  endfacet
  facet normal 0 0 1
    outer loop
      vertex -20.54356769911446 -49.02942218224045 6
      vertex -20.54356769911446 -62.97057781775955 6
      vertex -20.050657780874822 -62.76640784459648 6
    endloop
  endfacet
  facet normal 0 0 1
    outer loop
      vertex -20.050657780874822 -49.23359215540352 6
      vertex -20.050657780874822 -62.76640784459648 6
      vertex -19.531877181136785 -62.64185964197653 6
    endloop
  endfacet
  facet normal 0 0 1
    outer loop
      vertex -19.531877181136785 -49.35814035802347 6
      vertex -19.531877181136785 -62.64185964197653 6
      vertex -19 -62.6 6
    endloop
  endfacet
  facet normal 0 0 1
    outer loop
      vertex -42.25 -83 6
      vertex -22.4 -66 6
      vertex -22.35814035802347 -65.46812281886322 6
    endloop
  endfacet
  facet normal 0 0 1
    outer loop
      vertex -22.4 -66 6
      vertex -42.25 -83 6
      vertex -39.002404735808355 -84.875 6
    endloop
  endfacet
  facet normal 0 0 1
    outer loop
      vertex -39.002404735808355 -84.875 6
      vertex -32.75 -83 6
      vertex -21.40416305603426 -78.40416305603426 6
    endloop
  endfacet
  facet normal 0 0 1
    outer loop
      vertex -29.502404735808355 -84.875 6
      vertex -23.25 -83 6
      vertex -32.75 -83 6
    endloop
  endfacet
  facet normal 0 0 1
    outer loop
      vertex -22.4 -66 6
      vertex -39.002404735808355 -84.875 6
      vertex -22.4 -76 6
    endloop
  endfacet
  facet normal 0 0 1
    outer loop
      vertex -39.002404735808355 -84.875 6
      vertex -22.35814035802347 -76.53187718113678 6
      vertex -22.4 -76 6
    endloop
  endfacet
  facet normal 0 0 1
    outer loop
      vertex -39.002404735808355 -84.875 6
      vertex -22.23359215540352 -77.05065778087481 6
      vertex -22.35814035802347 -76.53187718113678 6
    endloop
  endfacet
  facet normal 0 0 1
    outer loop
      vertex -39.002404735808355 -84.875 6
      vertex -22.029422182240452 -77.54356769911446 6
      vertex -22.23359215540352 -77.05065778087481 6
    endloop
  endfacet
  facet normal 0 0 1
    outer loop
      vertex -39.002404735808355 -84.875 6
      vertex -21.75065778087482 -77.9984698577944 6
      vertex -22.029422182240452 -77.54356769911446 6
    endloop
  endfacet
  facet normal 0 0 1
    outer loop
      vertex -39.002404735808355 -84.875 6
      vertex -21.40416305603426 -78.40416305603426 6
      vertex -21.75065778087482 -77.9984698577944 6
    endloop
  endfacet
  facet normal 0 0 1
    outer loop
      vertex -21.40416305603426 -78.40416305603426 6
      vertex -32.75 -83 6
      vertex -23.25 -83 6
    endloop
  endfacet
  facet normal 0 0 1
    outer loop
      vertex -20.998469857794408 -78.75065778087482 6
      vertex -21.40416305603426 -78.40416305603426 6
      vertex -23.25 -83 6
    endloop
  endfacet
  facet normal 0 0 1
    outer loop
      vertex -20.54356769911446 -79.02942218224045 6
      vertex -20.998469857794408 -78.75065778087482 6
      vertex -23.25 -83 6
    endloop
  endfacet
  facet normal 0 0 1
    outer loop
      vertex -20.54356769911446 -79.02942218224045 6
      vertex -23.25 -83 6
      vertex -20.050657780874822 -79.23359215540353 6
    endloop
  endfacet
  facet normal 0 0 1
    outer loop
      vertex -20.050657780874822 -79.23359215540353 6
      vertex -23.25 -83 6
      vertex -19.531877181136785 -79.35814035802346 6
    endloop
  endfacet
  facet normal 0 0 1
    outer loop
      vertex -20.002404735808355 -84.875 6
      vertex -13.75 -83 6
      vertex -23.25 -83 6
    endloop
  endfacet
  facet normal 0 0 1
    outer loop
      vertex -19 -49.4 6
      vertex -19 -62.6 6
      vertex -18.468122818863215 -62.64185964197653 6
    endloop
  endfacet
  facet normal 0 0 1
    outer loop
      vertex -18.468122818863215 -49.35814035802347 6
      vertex -18.468122818863215 -62.64185964197653 6
      vertex -17.949342219125178 -62.76640784459648 6
    endloop
  endfacet
  facet normal 0 0 1
    outer loop
      vertex -17.949342219125178 -49.23359215540352 6
      vertex -17.949342219125178 -62.76640784459648 6
      vertex -17.45643230088554 -62.97057781775955 6
    endloop
  endfacet
  facet normal 0 0 1
    outer loop
      vertex -4.660176929846252 -52.51418327243724 6
      vertex -17.45643230088554 -62.97057781775955 6
      vertex -17.001530142205592 -63.24934221912518 6
    endloop
  endfacet
  facet normal 0 0 1
    outer loop
      vertex -4.365931968523003 -53.22455344872378 6
      vertex -17.001530142205592 -63.24934221912518 6
      vertex -16.59583694396574 -63.595836943965736 6
    endloop
  endfacet
  facet normal 0 0 1
    outer loop
      vertex -16.59583694396574 -63.595836943965736 6
      vertex -16.24934221912518 -64.0015301422056 6
      vertex -3.9641832724372428 -53.88014773623312 6
    endloop
  endfacet
  facet normal 0 0 1
    outer loop
      vertex -15.97057781775955 -64.45643230088554 6
      vertex -3.464823227814083 -54.46482322781408 6
      vertex -16.24934221912518 -64.0015301422056 6
    endloop
  endfacet
  facet normal 0 0 1
    outer loop
      vertex -15.766407844596479 -64.94934221912519 6
      vertex -2.8801477362331185 -54.96418327243724 6
      vertex -15.97057781775955 -64.45643230088554 6
    endloop
  endfacet
  facet normal 0 0 1
    outer loop
      vertex -2.2245534487237797 -55.365931968523 6
      vertex -15.766407844596479 -64.94934221912519 6
      vertex -15.64185964197653 -65.46812281886322 6
    endloop
  endfacet
  facet normal 0 0 1
    outer loop
      vertex -15.64185964197653 -65.46812281886322 6
      vertex -15.6 -66 6
      vertex -1.5141832724372424 -55.66017692984625 6
    endloop
  endfacet
  facet normal 0 0 1
    outer loop
      vertex -15.6 -66 6
      vertex -15.6 -76 6
      vertex -1.5141832724372424 -55.66017692984625 6
    endloop
  endfacet
  facet normal 0 0 1
    outer loop
      vertex -15.64185964197653 -76.53187718113678 6
      vertex 1.5141832724372424 -55.66017692984625 6
      vertex -15.6 -76 6
    endloop
  endfacet
  facet normal 0 0 1
    outer loop
      vertex -15.64185964197653 -76.53187718113678 6
      vertex -15.766407844596479 -77.05065778087481 6
      vertex 2.2245534487237797 -55.365931968523 6
    endloop
  endfacet
  facet normal 0 0 1
    outer loop
      vertex -15.97057781775955 -77.54356769911446 6
      vertex 2.8801477362331185 -54.96418327243724 6
      vertex -15.766407844596479 -77.05065778087481 6
    endloop
  endfacet
  facet normal 0 0 1
    outer loop
      vertex -4.365931968523003 -53.22455344872378 6
      vertex -4.660176929846252 -52.51418327243724 6
      vertex -17.001530142205592 -63.24934221912518 6
    endloop
  endfacet
  facet normal 0 0 1
    outer loop
      vertex -4.365931968523003 -53.22455344872378 6
      vertex -16.59583694396574 -63.595836943965736 6
      vertex -3.9641832724372428 -53.88014773623312 6
    endloop
  endfacet
  facet normal 0 0 1
    outer loop
      vertex -3.464823227814083 -54.46482322781408 6
      vertex -3.9641832724372428 -53.88014773623312 6
      vertex -16.24934221912518 -64.0015301422056 6
    endloop
  endfacet
  facet normal 0 0 1
    outer loop
      vertex -3.464823227814083 -54.46482322781408 6
      vertex -15.97057781775955 -64.45643230088554 6
      vertex -2.8801477362331185 -54.96418327243724 6
    endloop
  endfacet
  facet normal 0 0 1
    outer loop
      vertex -15.766407844596479 -64.94934221912519 6
      vertex -2.2245534487237797 -55.365931968523 6
      vertex -2.8801477362331185 -54.96418327243724 6
    endloop
  endfacet
  facet normal 0 0 1
    outer loop
      vertex -2.2245534487237797 -55.365931968523 6
      vertex -15.64185964197653 -65.46812281886322 6
      vertex -1.5141832724372424 -55.66017692984625 6
    endloop
  endfacet
  facet normal 0 0 1
    outer loop
      vertex -1.5141832724372424 -55.66017692984625 6
      vertex -15.6 -76 6
      vertex -0.7665288786971313 -55.839672868916175 6
    endloop
  endfacet
  facet normal 0 0 1
    outer loop
      vertex -0.7665288786971313 -55.839672868916175 6
      vertex -15.6 -76 6
      vertex 0 -55.9 6
    endloop
  endfacet
  facet normal 0 0 1
    outer loop
      vertex -15.6 -76 6
      vertex 0.7665288786971313 -55.839672868916175 6
      vertex 0 -55.9 6
    endloop
  endfacet
  facet normal 0 0 1
    outer loop
      vertex -15.6 -76 6
      vertex 1.5141832724372424 -55.66017692984625 6
      vertex 0.7665288786971313 -55.839672868916175 6
    endloop
  endfacet
  facet normal 0 0 1
    outer loop
      vertex -15.64185964197653 -76.53187718113678 6
      vertex 2.2245534487237797 -55.365931968523 6
      vertex 1.5141832724372424 -55.66017692984625 6
    endloop
  endfacet
  facet normal 0 0 1
    outer loop
      vertex -15.766407844596479 -77.05065778087481 6
      vertex 2.8801477362331185 -54.96418327243724 6
      vertex 2.2245534487237797 -55.365931968523 6
    endloop
  endfacet
  facet normal 0 0 1
    outer loop
      vertex -17.45643230088554 -79.02942218224045 6
      vertex -17.949342219125178 -79.23359215540353 6
      vertex -13.75 -83 6
    endloop
  endfacet
  facet normal 0 0 1
    outer loop
      vertex -17.001530142205592 -78.75065778087482 6
      vertex -17.45643230088554 -79.02942218224045 6
      vertex -13.75 -83 6
    endloop
  endfacet
  facet normal 0 0 1
    outer loop
      vertex -17.001530142205592 -78.75065778087482 6
      vertex -13.75 -83 6
      vertex -16.59583694396574 -78.40416305603426 6
    endloop
  endfacet
  facet normal 0 0 1
    outer loop
      vertex -16.24934221912518 -77.9984698577944 6
      vertex -16.59583694396574 -78.40416305603426 6
      vertex -13.75 -83 6
    endloop
  endfacet
  facet normal 0 0 1
    outer loop
      vertex -19.531877181136785 -79.35814035802346 6
      vertex -23.25 -83 6
      vertex -13.75 -83 6
    endloop
  endfacet
  facet normal 0 0 1
    outer loop
      vertex -19.531877181136785 -79.35814035802346 6
      vertex -13.75 -83 6
      vertex -19 -79.4 6
    endloop
  endfacet
  facet normal 0 0 1
    outer loop
      vertex -19 -79.4 6
      vertex -13.75 -83 6
      vertex -18.468122818863215 -79.35814035802346 6
    endloop
  endfacet
  facet normal 0 0 1
    outer loop
      vertex -17.949342219125178 -79.23359215540353 6
      vertex -18.468122818863215 -79.35814035802346 6
      vertex -13.75 -83 6
    endloop
  endfacet
  facet normal 0 0 1
    outer loop
      vertex -16.24934221912518 -77.9984698577944 6
      vertex -4.25 -83 6
      vertex -15.97057781775955 -77.54356769911446 6
    endloop
  endfacet
  facet normal 0 0 1
    outer loop
      vertex -16.24934221912518 -77.9984698577944 6
      vertex -13.75 -83 6
      vertex -4.25 -83 6
    endloop
  endfacet
  facet normal 0 0 1
    outer loop
      vertex -10.502404735808355 -84.875 6
      vertex -4.25 -83 6
      vertex -13.75 -83 6
    endloop
  endfacet
  facet normal 0 0 1
    outer loop
      vertex -15.97057781775955 -77.54356769911446 6
      vertex -4.25 -83 6
      vertex 2.8801477362331185 -54.96418327243724 6
    endloop
  endfacet
  facet normal 0 0 1
    outer loop
      vertex -1.002404735808355 -84.875 6
      vertex 2.8801477362331185 -54.96418327243724 6
      vertex -4.25 -83 6
    endloop
  endfacet
  facet normal 0 0 1
    outer loop
      vertex -39.002404735808355 -84.875 6
      vertex -35.997595264191645 -84.875 6
      vertex -32.75 -83 6
    endloop
  endfacet
  facet normal 0 0 1
    outer loop
      vertex -39.002404735808355 -84.875 6
      vertex -35.997595264191645 -88.625 6
      vertex -35.997595264191645 -84.875 6
    endloop
  endfacet
  facet normal 0 0 1
    outer loop
      vertex -35.997595264191645 -88.625 6
      vertex -37.5 -91.227 6
      vertex -34.252404735808355 -93.102 6
    endloop
  endfacet
  facet normal 0 0 1
    outer loop
      vertex -35.997595264191645 -88.625 6
      vertex -34.252404735808355 -93.102 6
      vertex -32.75 -90.5 6
    endloop
  endfacet
  facet normal 0 0 1
    outer loop
      vertex -29.502404735808355 -84.875 6
      vertex -29.502404735808355 -88.625 6
      vertex -26.497595264191645 -84.875 6
    endloop
  endfacet
  facet normal 0 0 1
    outer loop
      vertex -32.75 -90.5 6
      vertex -28 -91.227 6
      vertex -29.502404735808355 -88.625 6
    endloop
  endfacet
  facet normal 0 0 1
    outer loop
      vertex -34.252404735808355 -93.102 6
      vertex -34.252404735808355 -96.852 6
      vertex -32.75 -90.5 6
    endloop
  endfacet
  facet normal 0 0 1
    outer loop
      vertex -37.5 -98.727 6
      vertex -31.247595264191645 -96.852 6
      vertex -34.252404735808355 -96.852 6
    endloop
  endfacet
  facet normal 0 0 1
    outer loop
      vertex -31.247595264191645 -96.852 6
      vertex -31.247595264191645 -93.102 6
      vertex -32.75 -90.5 6
    endloop
  endfacet
  facet normal 0 0 1
    outer loop
      vertex -32.75 -90.5 6
      vertex -31.247595264191645 -93.102 6
      vertex -28 -91.227 6
    endloop
  endfacet
  facet normal 0 0 1
    outer loop
      vertex -31.247595264191645 -96.852 6
      vertex -32.75 -90.5 6
      vertex -34.252404735808355 -96.852 6
    endloop
  endfacet
  facet normal 0 0 1
    outer loop
      vertex -29.502404735808355 -84.875 6
      vertex -26.497595264191645 -84.875 6
      vertex -23.25 -83 6
    endloop
  endfacet
  facet normal 0 0 1
    outer loop
      vertex -28 -91.227 6
      vertex -26.497595264191645 -84.875 6
      vertex -29.502404735808355 -88.625 6
    endloop
  endfacet
  facet normal 0 0 1
    outer loop
      vertex -26.497595264191645 -88.625 6
      vertex -26.497595264191645 -84.875 6
      vertex -28 -91.227 6
    endloop
  endfacet
  facet normal 0 0 1
    outer loop
      vertex -26.497595264191645 -88.625 6
      vertex -28 -91.227 6
      vertex -24.752404735808355 -93.102 6
    endloop
  endfacet
  facet normal 0 0 1
    outer loop
      vertex -26.497595264191645 -88.625 6
      vertex -24.752404735808355 -93.102 6
      vertex -23.25 -90.5 6
    endloop
  endfacet
  facet normal 0 0 1
    outer loop
      vertex -20.002404735808355 -84.875 6
      vertex -20.002404735808355 -88.625 6
      vertex -16.997595264191645 -84.875 6
    endloop
  endfacet
  facet normal 0 0 1
    outer loop
      vertex -23.25 -90.5 6
      vertex -18.5 -91.227 6
      vertex -20.002404735808355 -88.625 6
    endloop
  endfacet
  facet normal 0 0 1
    outer loop
      vertex -24.752404735808355 -93.102 6
      vertex -24.752404735808355 -96.852 6
      vertex -23.25 -90.5 6
    endloop
  endfacet
  facet normal 0 0 1
    outer loop
      vertex -28 -98.727 6
      vertex -21.747595264191645 -96.852 6
      vertex -24.752404735808355 -96.852 6
    endloop
  endfacet
  facet normal 0 0 1
    outer loop
      vertex -21.747595264191645 -96.852 6
      vertex -21.747595264191645 -93.102 6
      vertex -23.25 -90.5 6
    endloop
  endfacet
  facet normal 0 0 1
    outer loop
      vertex -23.25 -90.5 6
      vertex -21.747595264191645 -93.102 6
      vertex -18.5 -91.227 6
    endloop
  endfacet
  facet normal 0 0 1
    outer loop
      vertex -21.747595264191645 -96.852 6
      vertex -23.25 -90.5 6
      vertex -24.752404735808355 -96.852 6
    endloop
  endfacet
  facet normal 0 0 1
    outer loop
      vertex -64.5 -108 6
      vertex -18.5 -98.727 6
      vertex -28 -98.727 6
    endloop
  endfacet
  facet normal 0 0 1
    outer loop
      vertex -37.5 -98.727 6
      vertex -28 -98.727 6
      vertex -31.247595264191645 -96.852 6
    endloop
  endfacet
  facet normal 0 0 1
    outer loop
      vertex -64.5 -108 6
      vertex -9 -98.727 6
      vertex -18.5 -98.727 6
    endloop
  endfacet
  facet normal 0 0 1
    outer loop
      vertex -64.5 -108 6
      vertex 0.5 -98.727 6
      vertex -9 -98.727 6
    endloop
  endfacet
  facet normal 0 0 1
    outer loop
      vertex -28 -98.727 6
      vertex -18.5 -98.727 6
      vertex -21.747595264191645 -96.852 6
    endloop
  endfacet
  facet normal 0 0 1
    outer loop
      vertex -74.5 -110.5 6
      vertex 74.5 -110.5 6
      vertex -69.5 -108 6
    endloop
  endfacet
  facet normal 0 0 1
    outer loop
      vertex 74.5 -110.5 6
      vertex -64.5 -108 6
      vertex -69.5 -108 6
    endloop
  endfacet
  facet normal 0 0 1
    outer loop
      vertex -20.002404735808355 -84.875 6
      vertex -16.997595264191645 -84.875 6
      vertex -13.75 -83 6
    endloop
  endfacet
  facet normal 0 0 1
    outer loop
      vertex -18.5 -91.227 6
      vertex -16.997595264191645 -84.875 6
      vertex -20.002404735808355 -88.625 6
    endloop
  endfacet
  facet normal 0 0 1
    outer loop
      vertex -16.997595264191645 -88.625 6
      vertex -16.997595264191645 -84.875 6
      vertex -18.5 -91.227 6
    endloop
  endfacet
  facet normal 0 0 1
    outer loop
      vertex -16.997595264191645 -88.625 6
      vertex -18.5 -91.227 6
      vertex -15.252404735808355 -93.102 6
    endloop
  endfacet
  facet normal 0 0 1
    outer loop
      vertex -16.997595264191645 -88.625 6
      vertex -15.252404735808355 -93.102 6
      vertex -13.75 -90.5 6
    endloop
  endfacet
  facet normal 0 0 1
    outer loop
      vertex -10.502404735808355 -84.875 6
      vertex -10.502404735808355 -88.625 6
      vertex -7.497595264191645 -84.875 6
    endloop
  endfacet
  facet normal 0 0 1
    outer loop
      vertex -13.75 -90.5 6
      vertex -9 -91.227 6
      vertex -10.502404735808355 -88.625 6
    endloop
  endfacet
  facet normal 0 0 1
    outer loop
      vertex -15.252404735808355 -93.102 6
      vertex -15.252404735808355 -96.852 6
      vertex -13.75 -90.5 6
    endloop
  endfacet
  facet normal 0 0 1
    outer loop
      vertex -18.5 -98.727 6
      vertex -12.247595264191645 -96.852 6
      vertex -15.252404735808355 -96.852 6
    endloop
  endfacet
  facet normal 0 0 1
    outer loop
      vertex -12.247595264191645 -96.852 6
      vertex -12.247595264191645 -93.102 6
      vertex -13.75 -90.5 6
    endloop
  endfacet
  facet normal 0 0 1
    outer loop
      vertex -13.75 -90.5 6
      vertex -12.247595264191645 -93.102 6
      vertex -9 -91.227 6
    endloop
  endfacet
  facet normal 0 0 1
    outer loop
      vertex -12.247595264191645 -96.852 6
      vertex -13.75 -90.5 6
      vertex -15.252404735808355 -96.852 6
    endloop
  endfacet
  facet normal 0 0 1
    outer loop
      vertex -10.502404735808355 -84.875 6
      vertex -7.497595264191645 -84.875 6
      vertex -4.25 -83 6
    endloop
  endfacet
  facet normal 0 0 1
    outer loop
      vertex -9 -91.227 6
      vertex -7.497595264191645 -84.875 6
      vertex -10.502404735808355 -88.625 6
    endloop
  endfacet
  facet normal 0 0 1
    outer loop
      vertex -7.497595264191645 -88.625 6
      vertex -7.497595264191645 -84.875 6
      vertex -9 -91.227 6
    endloop
  endfacet
  facet normal 0 0 1
    outer loop
      vertex -7.497595264191645 -88.625 6
      vertex -9 -91.227 6
      vertex -5.752404735808355 -93.102 6
    endloop
  endfacet
  facet normal 0 0 1
    outer loop
      vertex -7.497595264191645 -88.625 6
      vertex -5.752404735808355 -93.102 6
      vertex -4.25 -90.5 6
    endloop
  endfacet
  facet normal 0 0 1
    outer loop
      vertex -1.002404735808355 -84.875 6
      vertex -1.002404735808355 -88.625 6
      vertex 2.002404735808355 -84.875 6
    endloop
  endfacet
  facet normal 0 0 1
    outer loop
      vertex -1.002404735808355 -88.625 6
      vertex -2.747595264191645 -93.102 6
      vertex 2.002404735808355 -84.875 6
    endloop
  endfacet
  facet normal 0 0 1
    outer loop
      vertex 0.5 -91.227 6
      vertex 2.002404735808355 -84.875 6
      vertex -2.747595264191645 -93.102 6
    endloop
  endfacet
  facet normal 0 0 1
    outer loop
      vertex -5.752404735808355 -93.102 6
      vertex -5.752404735808355 -96.852 6
      vertex -4.25 -90.5 6
    endloop
  endfacet
  facet normal 0 0 1
    outer loop
      vertex -9 -98.727 6
      vertex -2.747595264191645 -96.852 6
      vertex -5.752404735808355 -96.852 6
    endloop
  endfacet
  facet normal 0 0 1
    outer loop
      vertex -4.25 -90.5 6
      vertex -5.752404735808355 -96.852 6
      vertex -1.002404735808355 -88.625 6
    endloop
  endfacet
  facet normal 0 0 1
    outer loop
      vertex -1.002404735808355 -88.625 6
      vertex -5.752404735808355 -96.852 6
      vertex -2.747595264191645 -93.102 6
    endloop
  endfacet
  facet normal 0 0 1
    outer loop
      vertex -2.747595264191645 -96.852 6
      vertex -2.747595264191645 -93.102 6
      vertex -5.752404735808355 -96.852 6
    endloop
  endfacet
  facet normal 0 0 1
    outer loop
      vertex -18.5 -98.727 6
      vertex -9 -98.727 6
      vertex -12.247595264191645 -96.852 6
    endloop
  endfacet
  facet normal 0 0 1
    outer loop
      vertex -9 -98.727 6
      vertex 0.5 -98.727 6
      vertex -2.747595264191645 -96.852 6
    endloop
  endfacet
  facet normal 0 0 -1
    outer loop
      vertex -70 -1.2 0
      vertex 70 -1.2 0
      vertex 70 -4.8 0
    endloop
  endfacet
  facet normal 0 0.7071067811865472 -0.7071067811865477
    outer loop
      vertex -70 0 1.1999999999999993
      vertex 70 0 1.1999999999999993
      vertex 70 -1.2 0
    endloop
  endfacet
  facet normal 0 1 0
    outer loop
      vertex -70 0 1.1999999999999993
      vertex 70 0 1.5080213903743314
      vertex 70 0 1.1999999999999993
    endloop
  endfacet
  facet normal 0 0 -1
    outer loop
      vertex 70 -4.8 0
      vertex 19 -32.6 0
      vertex -19 -32.6 0
    endloop
  endfacet
  facet normal 0 0 -1
    outer loop
      vertex 70 -4.8 0
      vertex 19.531877181136785 -32.64185964197653 0
      vertex 19 -32.6 0
    endloop
  endfacet
  facet normal 0 0 -1
    outer loop
      vertex 70 -4.8 0
      vertex 20.050657780874822 -32.76640784459648 0
      vertex 19.531877181136785 -32.64185964197653 0
    endloop
  endfacet
  facet normal 0 0 -1
    outer loop
      vertex 70 -4.8 0
      vertex 20.54356769911446 -32.97057781775955 0
      vertex 20.050657780874822 -32.76640784459648 0
    endloop
  endfacet
  facet normal 0 0 -1
    outer loop
      vertex 70 -4.8 0
      vertex 20.998469857794408 -33.24934221912518 0
      vertex 20.54356769911446 -32.97057781775955 0
    endloop
  endfacet
  facet normal 0 0 -1
    outer loop
      vertex 70 -4.8 0
      vertex 21.40416305603426 -33.595836943965736 0
      vertex 20.998469857794408 -33.24934221912518 0
    endloop
  endfacet
  facet normal 0 0 -1
    outer loop
      vertex 70 -4.8 0
      vertex 21.75065778087482 -34.00153014220559 0
      vertex 21.40416305603426 -33.595836943965736 0
    endloop
  endfacet
  facet normal 0 0 -1
    outer loop
      vertex 70 -4.8 0
      vertex 22.029422182240452 -34.45643230088554 0
      vertex 21.75065778087482 -34.00153014220559 0
    endloop
  endfacet
  facet normal 0 0 -1
    outer loop
      vertex -17.949342219125178 -32.76640784459648 0
      vertex 17.949342219125178 -32.76640784459648 0
      vertex 17.45643230088554 -32.97057781775955 0
    endloop
  endfacet
  facet normal 0 0 -1
    outer loop
      vertex -17.45643230088554 -32.97057781775955 0
      vertex 17.45643230088554 -32.97057781775955 0
      vertex 17.001530142205592 -33.24934221912518 0
    endloop
  endfacet
  facet normal 0 0 -1
    outer loop
      vertex -18.468122818863215 -32.64185964197653 0
      vertex 18.468122818863215 -32.64185964197653 0
      vertex 17.949342219125178 -32.76640784459648 0
    endloop
  endfacet
  facet normal 0 0 -1
    outer loop
      vertex -19 -32.6 0
      vertex 19 -32.6 0
      vertex 18.468122818863215 -32.64185964197653 0
    endloop
  endfacet
  facet normal 0 0 -1
    outer loop
      vertex -17.001530142205592 -33.24934221912518 0
      vertex 17.001530142205592 -33.24934221912518 0
      vertex 16.59583694396574 -33.595836943965736 0
    endloop
  endfacet
  facet normal 0 0 -1
    outer loop
      vertex -16.59583694396574 -33.595836943965736 0
      vertex 16.59583694396574 -33.595836943965736 0
      vertex 16.24934221912518 -34.00153014220559 0
    endloop
  endfacet
  facet normal 0 0 -1
    outer loop
      vertex -16.24934221912518 -34.00153014220559 0
      vertex 16.24934221912518 -34.00153014220559 0
      vertex 15.97057781775955 -34.45643230088554 0
    endloop
  endfacet
  facet normal 0 0 -1
    outer loop
      vertex -15.97057781775955 -34.45643230088554 0
      vertex 15.97057781775955 -34.45643230088554 0
      vertex 15.766407844596479 -34.94934221912518 0
    endloop
  endfacet
  facet normal 0 0 -1
    outer loop
      vertex -15.766407844596479 -34.94934221912518 0
      vertex 15.766407844596479 -34.94934221912518 0
      vertex 0 -46.1 0
    endloop
  endfacet
  facet normal 0 0 -1
    outer loop
      vertex 0.7665288786971313 -46.160327131083825 0
      vertex 15.64185964197653 -35.468122818863215 0
      vertex 15.6 -36 0
    endloop
  endfacet
  facet normal 0 0 -1
    outer loop
      vertex 15.766407844596479 -34.94934221912518 0
      vertex 15.64185964197653 -35.468122818863215 0
      vertex 0.7665288786971313 -46.160327131083825 0
    endloop
  endfacet
  facet normal 0 0 -1
    outer loop
      vertex 15.766407844596479 -34.94934221912518 0
      vertex 0.7665288786971313 -46.160327131083825 0
      vertex 0 -46.1 0
    endloop
  endfacet
  facet normal 0 0 -1
    outer loop
      vertex 15.6 -36 0
      vertex 1.5141832724372424 -46.33982307015375 0
      vertex 0.7665288786971313 -46.160327131083825 0
    endloop
  endfacet
  facet normal 0 0 -1
    outer loop
      vertex 15.6 -36 0
      vertex 2.2245534487237797 -46.634068031477 0
      vertex 1.5141832724372424 -46.33982307015375 0
    endloop
  endfacet
  facet normal 0 0 -1
    outer loop
      vertex 15.6 -36 0
      vertex 2.8801477362331185 -47.03581672756276 0
      vertex 2.2245534487237797 -46.634068031477 0
    endloop
  endfacet
  facet normal 0 0 -1
    outer loop
      vertex 15.6 -36 0
      vertex 3.464823227814083 -47.53517677218592 0
      vertex 2.8801477362331185 -47.03581672756276 0
    endloop
  endfacet
  facet normal 0 0 -1
    outer loop
      vertex 15.6 -36 0
      vertex 3.9641832724372428 -48.11985226376688 0
      vertex 3.464823227814083 -47.53517677218592 0
    endloop
  endfacet
  facet normal 0 0 -1
    outer loop
      vertex 15.6 -46 0
      vertex 4.365931968523003 -48.77544655127622 0
      vertex 3.9641832724372428 -48.11985226376688 0
    endloop
  endfacet
  facet normal 0 0 -1
    outer loop
      vertex 4.660176929846252 -49.48581672756276 0
      vertex 4.365931968523003 -48.77544655127622 0
      vertex 15.64185964197653 -46.531877181136785 0
    endloop
  endfacet
  facet normal 0 0 -1
    outer loop
      vertex 4.839672868916176 -50.23347112130287 0
      vertex 4.660176929846252 -49.48581672756276 0
      vertex 19 -62.6 0
    endloop
  endfacet
  facet normal 0 0 -1
    outer loop
      vertex 4.9 -51 0
      vertex 4.839672868916176 -50.23347112130287 0
      vertex 18.468122818863215 -62.64185964197653 0
    endloop
  endfacet
  facet normal 0 0 -1
    outer loop
      vertex 4.839672868916176 -51.76652887869713 0
      vertex 4.9 -51 0
      vertex 17.949342219125178 -62.76640784459648 0
    endloop
  endfacet
  facet normal 0 0 -1
    outer loop
      vertex 4.660176929846252 -52.51418327243724 0
      vertex 4.839672868916176 -51.76652887869713 0
      vertex 17.45643230088554 -62.97057781775955 0
    endloop
  endfacet
  facet normal 0 0 -1
    outer loop
      vertex 15.6 -36 0
      vertex 15.6 -46 0
      vertex 3.9641832724372428 -48.11985226376688 0
    endloop
  endfacet
  facet normal 0 0 -1
    outer loop
      vertex 4.365931968523003 -48.77544655127622 0
      vertex 15.6 -46 0
      vertex 15.64185964197653 -46.531877181136785 0
    endloop
  endfacet
  facet normal 0 0 -1
    outer loop
      vertex 4.660176929846252 -49.48581672756276 0
      vertex 15.64185964197653 -46.531877181136785 0
      vertex 15.766407844596479 -47.05065778087482 0
    endloop
  endfacet
  facet normal 0 0 -1
    outer loop
      vertex 4.660176929846252 -49.48581672756276 0
      vertex 15.766407844596479 -47.05065778087482 0
      vertex 15.97057781775955 -47.54356769911446 0
    endloop
  endfacet
  facet normal 0 0 -1
    outer loop
      vertex 4.660176929846252 -49.48581672756276 0
      vertex 15.97057781775955 -47.54356769911446 0
      vertex 16.24934221912518 -47.99846985779441 0
    endloop
  endfacet
  facet normal 0 0 -1
    outer loop
      vertex 4.660176929846252 -49.48581672756276 0
      vertex 16.24934221912518 -47.99846985779441 0
      vertex 16.59583694396574 -48.404163056034264 0
    endloop
  endfacet
  facet normal 0 0 -1
    outer loop
      vertex 4.660176929846252 -49.48581672756276 0
      vertex 16.59583694396574 -48.404163056034264 0
      vertex 17.001530142205592 -48.75065778087482 0
    endloop
  endfacet
  facet normal 0 0 -1
    outer loop
      vertex 4.660176929846252 -49.48581672756276 0
      vertex 17.001530142205592 -48.75065778087482 0
      vertex 17.45643230088554 -49.02942218224045 0
    endloop
  endfacet
  facet normal 0 0 -1
    outer loop
      vertex 4.660176929846252 -49.48581672756276 0
      vertex 17.45643230088554 -49.02942218224045 0
      vertex 17.949342219125178 -49.23359215540352 0
    endloop
  endfacet
  facet normal 0 0 -1
    outer loop
      vertex 4.660176929846252 -49.48581672756276 0
      vertex 17.949342219125178 -49.23359215540352 0
      vertex 19.531877181136785 -62.64185964197653 0
    endloop
  endfacet
  facet normal 0.7604059656000295 -0.6494480483301853 0
    outer loop
      vertex 16.59583694396574 -33.595836943965736 0
      vertex 16.59583694396574 -33.595836943965736 6
      vertex 16.24934221912518 -34.00153014220559 0
    endloop
  endfacet
  facet normal 0.923879532511288 -0.38268343236508673 0
    outer loop
      vertex 15.97057781775955 -34.45643230088554 6
      vertex 15.766407844596479 -34.94934221912518 0
      vertex 15.97057781775955 -34.45643230088554 0
    endloop
  endfacet
  facet normal 0.8526401643540924 -0.5224985647159486 0
    outer loop
      vertex 16.24934221912518 -34.00153014220559 6
      vertex 15.97057781775955 -34.45643230088554 0
      vertex 16.24934221912518 -34.00153014220559 0
    endloop
  endfacet
  facet normal 0.5224985647159559 -0.852640164354088 0
    outer loop
      vertex 17.45643230088554 -32.97057781775955 0
      vertex 17.45643230088554 -32.97057781775955 6
      vertex 17.001530142205592 -33.24934221912518 0
    endloop
  endfacet
  facet normal 0.3826834323650863 -0.9238795325112882 8.628510466155919e-19
    outer loop
      vertex 17.45643230088554 -32.97057781775955 0
      vertex 17.949342219125178 -32.76640784459648 0
      vertex 17.949342219125178 -32.76640784459648 6
    endloop
  endfacet
  facet normal 0.23344536385590908 -0.9723699203976758 0
    outer loop
      vertex 18.468122818863215 -32.64185964197653 6
      vertex 17.949342219125178 -32.76640784459648 0
      vertex 18.468122818863215 -32.64185964197653 0
    endloop
  endfacet
  facet normal 0.07845909572784047 -0.9969173337331283 0
    outer loop
      vertex 19 -32.6 6
      vertex 18.468122818863215 -32.64185964197653 0
      vertex 19 -32.6 0
    endloop
  endfacet
  facet normal 0.6494480483301777 -0.760405965600036 1.4284736479454121e-19
    outer loop
      vertex 16.59583694396574 -33.595836943965736 0
      vertex 17.001530142205592 -33.24934221912518 0
      vertex 17.001530142205592 -33.24934221912518 6
    endloop
  endfacet
  facet normal 0.9723699203976758 -0.23344536385590908 0
    outer loop
      vertex 15.766407844596479 -34.94934221912518 0
      vertex 15.766407844596479 -34.94934221912518 6
      vertex 15.64185964197653 -35.468122818863215 0
    endloop
  endfacet
  facet normal 0.996917333733128 -0.07845909572784379 0
    outer loop
      vertex 15.64185964197653 -35.468122818863215 6
      vertex 15.6 -36 0
      vertex 15.64185964197653 -35.468122818863215 0
    endloop
  endfacet
  facet normal 1 0 0
    outer loop
      vertex 15.6 -36 0
      vertex 15.6 -36 6
      vertex 15.6 -46 0
    endloop
  endfacet
  facet normal -0.07845909572784322 -0.9969173337331281 0
    outer loop
      vertex 0.7665288786971313 -46.160327131083825 6
      vertex 0 -46.1 0
      vertex 0.7665288786971313 -46.160327131083825 0
    endloop
  endfacet
  facet normal -0.23344536385590664 -0.9723699203976764 0
    outer loop
      vertex 1.5141832724372424 -46.33982307015375 6
      vertex 0.7665288786971313 -46.160327131083825 0
      vertex 1.5141832724372424 -46.33982307015375 0
    endloop
  endfacet
  facet normal -0.38268343236509095 -0.9238795325112863 0
    outer loop
      vertex 2.2245534487237797 -46.634068031477 6
      vertex 1.5141832724372424 -46.33982307015375 0
      vertex 2.2245534487237797 -46.634068031477 0
    endloop
  endfacet
  facet normal -0.5224985647159499 -0.8526401643540917 0
    outer loop
      vertex 2.8801477362331185 -47.03581672756276 6
      vertex 2.2245534487237797 -46.634068031477 0
      vertex 2.8801477362331185 -47.03581672756276 0
    endloop
  endfacet
  facet normal -0.6494480483301837 -0.7604059656000309 0
    outer loop
      vertex 3.464823227814083 -47.53517677218592 6
      vertex 2.8801477362331185 -47.03581672756276 0
      vertex 3.464823227814083 -47.53517677218592 0
    endloop
  endfacet
  facet normal -0.7604059656000283 -0.6494480483301868 0
    outer loop
      vertex 3.9641832724372428 -48.11985226376688 6
      vertex 3.464823227814083 -47.53517677218592 0
      vertex 3.9641832724372428 -48.11985226376688 0
    endloop
  endfacet
  facet normal -0.8526401643540918 -0.5224985647159496 0
    outer loop
      vertex 4.365931968523003 -48.77544655127622 6
      vertex 3.9641832724372428 -48.11985226376688 0
      vertex 4.365931968523003 -48.77544655127622 0
    endloop
  endfacet
  facet normal -0.9238795325112873 -0.38268343236508845 0
    outer loop
      vertex 4.660176929846252 -49.48581672756276 6
      vertex 4.365931968523003 -48.77544655127622 0
      vertex 4.660176929846252 -49.48581672756276 0
    endloop
  endfacet
  facet normal -0.9723699203976766 0.233445363855906 0
    outer loop
      vertex 4.660176929846252 -52.51418327243724 0
      vertex 4.660176929846252 -52.51418327243724 6
      vertex 4.839672868916176 -51.76652887869713 0
    endloop
  endfacet
  facet normal -0.07845909572784322 0.9969173337331281 0
    outer loop
      vertex 0 -55.9 0
      vertex 0 -55.9 6
      vertex 0.7665288786971313 -55.839672868916175 0
    endloop
  endfacet
  facet normal -0.23344536385590664 0.9723699203976764 8.042046252981071e-19
    outer loop
      vertex 1.5141832724372424 -55.66017692984625 0
      vertex 0.7665288786971313 -55.839672868916175 0
      vertex 0.7665288786971313 -55.839672868916175 6
    endloop
  endfacet
  facet normal -0.38268343236509095 0.9238795325112863 -2.222327943149481e-18
    outer loop
      vertex 2.2245534487237797 -55.365931968523 0
      vertex 1.5141832724372424 -55.66017692984625 0
      vertex 1.5141832724372424 -55.66017692984625 6
    endloop
  endfacet
  facet normal -0.9238795325112873 0.38268343236508845 0
    outer loop
      vertex 4.365931968523003 -53.22455344872378 0
      vertex 4.365931968523003 -53.22455344872378 6
      vertex 4.660176929846252 -52.51418327243724 0
    endloop
  endfacet
  facet normal -0.8526401643540918 0.5224985647159496 5.242046970425881e-18
    outer loop
      vertex 4.365931968523003 -53.22455344872378 0
      vertex 3.9641832724372428 -53.88014773623312 0
      vertex 3.9641832724372428 -53.88014773623312 6
    endloop
  endfacet
  facet normal -0.6494480483301837 0.7604059656000309 -3.59189307719524e-18
    outer loop
      vertex 3.464823227814083 -54.46482322781408 0
      vertex 2.8801477362331185 -54.96418327243724 0
      vertex 2.8801477362331185 -54.96418327243724 6
    endloop
  endfacet
  facet normal -0.5224985647159499 0.8526401643540917 4.249209623775715e-18
    outer loop
      vertex 2.8801477362331185 -54.96418327243724 0
      vertex 2.2245534487237797 -55.365931968523 0
      vertex 2.2245534487237797 -55.365931968523 6
    endloop
  endfacet
  facet normal -0.7604059656000283 0.6494480483301868 0
    outer loop
      vertex 3.464823227814083 -54.46482322781408 0
      vertex 3.464823227814083 -54.46482322781408 6
      vertex 3.9641832724372428 -53.88014773623312 0
    endloop
  endfacet
  facet normal -0.9723699203976766 -0.233445363855906 0
    outer loop
      vertex 4.839672868916176 -50.23347112130287 6
      vertex 4.660176929846252 -49.48581672756276 0
      vertex 4.839672868916176 -50.23347112130287 0
    endloop
  endfacet
  facet normal -0.9969173337331281 -0.07845909572784449 0
    outer loop
      vertex 4.9 -51 0
      vertex 4.9 -51 6
      vertex 4.839672868916176 -50.23347112130287 0
    endloop
  endfacet
  facet normal -0.9969173337331281 0.07845909572784449 0
    outer loop
      vertex 4.839672868916176 -51.76652887869713 0
      vertex 4.839672868916176 -51.76652887869713 6
      vertex 4.9 -51 0
    endloop
  endfacet
  facet normal 0.996917333733128 0.07845909572784379 0
    outer loop
      vertex 15.6 -46 0
      vertex 15.6 -46 6
      vertex 15.64185964197653 -46.531877181136785 0
    endloop
  endfacet
  facet normal 0.9723699203976758 0.23344536385590908 0
    outer loop
      vertex 15.64185964197653 -46.531877181136785 0
      vertex 15.64185964197653 -46.531877181136785 6
      vertex 15.766407844596479 -47.05065778087482 0
    endloop
  endfacet
  facet normal 0.923879532511288 0.38268343236508673 0
    outer loop
      vertex 15.766407844596479 -47.05065778087482 0
      vertex 15.766407844596479 -47.05065778087482 6
      vertex 15.97057781775955 -47.54356769911446 0
    endloop
  endfacet
  facet normal 0.8526401643540924 0.5224985647159486 0
    outer loop
      vertex 15.97057781775955 -47.54356769911446 0
      vertex 15.97057781775955 -47.54356769911446 6
      vertex 16.24934221912518 -47.99846985779441 0
    endloop
  endfacet
  facet normal 0.7604059656000295 0.6494480483301853 0
    outer loop
      vertex 16.24934221912518 -47.99846985779441 0
      vertex 16.24934221912518 -47.99846985779441 6
      vertex 16.59583694396574 -48.404163056034264 0
    endloop
  endfacet
  facet normal 0.6494480483301777 0.760405965600036 -1.4284736479454121e-19
    outer loop
      vertex 17.001530142205592 -48.75065778087482 0
      vertex 16.59583694396574 -48.404163056034264 0
      vertex 16.59583694396574 -48.404163056034264 6
    endloop
  endfacet
  facet normal 0.5224985647159559 0.852640164354088 0
    outer loop
      vertex 17.001530142205592 -48.75065778087482 0
      vertex 17.001530142205592 -48.75065778087482 6
      vertex 17.45643230088554 -49.02942218224045 0
    endloop
  endfacet
  facet normal 0.3826834323650863 0.9238795325112882 0
    outer loop
      vertex 17.45643230088554 -49.02942218224045 0
      vertex 17.45643230088554 -49.02942218224045 6
      vertex 17.949342219125178 -49.23359215540352 0
    endloop
  endfacet
  facet normal 0.23344536385590908 0.9723699203976758 0
    outer loop
      vertex 17.949342219125178 -49.23359215540352 0
      vertex 17.949342219125178 -49.23359215540352 6
      vertex 18.468122818863215 -49.35814035802347 0
    endloop
  endfacet
  facet normal 0.07845909572784047 0.9969173337331283 0
    outer loop
      vertex 18.468122818863215 -49.35814035802347 0
      vertex 18.468122818863215 -49.35814035802347 6
      vertex 19 -49.4 0
    endloop
  endfacet
  facet normal 0 0 -1
    outer loop
      vertex 22.4 -36 0
      vertex 64.5 -82 0
      vertex 22.4 -46 0
    endloop
  endfacet
  facet normal -0.07845909572784047 -0.9969173337331283 0
    outer loop
      vertex 19.531877181136785 -32.64185964197653 6
      vertex 19 -32.6 0
      vertex 19.531877181136785 -32.64185964197653 0
    endloop
  endfacet
  facet normal -0.23344536385590908 -0.9723699203976758 1.5708975184097345e-18
    outer loop
      vertex 19.531877181136785 -32.64185964197653 0
      vertex 20.050657780874822 -32.76640784459648 0
      vertex 20.050657780874822 -32.76640784459648 6
    endloop
  endfacet
  facet normal -0.3826834323650863 -0.9238795325112882 0
    outer loop
      vertex 20.54356769911446 -32.97057781775955 6
      vertex 20.050657780874822 -32.76640784459648 0
      vertex 20.54356769911446 -32.97057781775955 0
    endloop
  endfacet
  facet normal -0.5224985647159559 -0.852640164354088 2.4156020392218567e-18
    outer loop
      vertex 20.54356769911446 -32.97057781775955 0
      vertex 20.998469857794408 -33.24934221912518 0
      vertex 20.998469857794408 -33.24934221912518 6
    endloop
  endfacet
  facet normal -0.6494480483301777 -0.760405965600036 0
    outer loop
      vertex 21.40416305603426 -33.595836943965736 6
      vertex 20.998469857794408 -33.24934221912518 0
      vertex 21.40416305603426 -33.595836943965736 0
    endloop
  endfacet
  facet normal -0.7604059656000295 -0.6494480483301853 0
    outer loop
      vertex 21.75065778087482 -34.00153014220559 6
      vertex 21.40416305603426 -33.595836943965736 0
      vertex 21.75065778087482 -34.00153014220559 0
    endloop
  endfacet
  facet normal -0.852640164354091 -0.522498564715951 0
    outer loop
      vertex 22.029422182240452 -34.45643230088554 6
      vertex 21.75065778087482 -34.00153014220559 0
      vertex 22.029422182240452 -34.45643230088554 0
    endloop
  endfacet
  facet normal -0.9238795325112892 -0.38268343236508395 0
    outer loop
      vertex 22.23359215540352 -34.94934221912518 6
      vertex 22.029422182240452 -34.45643230088554 0
      vertex 22.23359215540352 -34.94934221912518 0
    endloop
  endfacet
  facet normal -0.9723699203976758 -0.23344536385590908 1.5708975184097345e-18
    outer loop
      vertex 22.23359215540352 -34.94934221912518 0
      vertex 22.35814035802347 -35.468122818863215 0
      vertex 22.35814035802347 -35.468122818863215 6
    endloop
  endfacet
  facet normal -0.9969173337331283 -0.07845909572784047 0
    outer loop
      vertex 22.4 -36 6
      vertex 22.35814035802347 -35.468122818863215 0
      vertex 22.4 -36 0
    endloop
  endfacet
  facet normal -1 0 0
    outer loop
      vertex 22.4 -36 0
      vertex 22.4 -46 0
      vertex 22.4 -46 6
    endloop
  endfacet
  facet normal -0.5224985647159559 0.852640164354088 0
    outer loop
      vertex 20.54356769911446 -49.02942218224045 0
      vertex 20.54356769911446 -49.02942218224045 6
      vertex 20.998469857794408 -48.75065778087482 0
    endloop
  endfacet
  facet normal -0.6494480483301777 0.760405965600036 1.4284736479454121e-19
    outer loop
      vertex 21.40416305603426 -48.404163056034264 0
      vertex 20.998469857794408 -48.75065778087482 0
      vertex 20.998469857794408 -48.75065778087482 6
    endloop
  endfacet
  facet normal -0.9969173337331283 0.07845909572784047 -3.171428551585294e-19
    outer loop
      vertex 22.4 -46 0
      vertex 22.35814035802347 -46.531877181136785 0
      vertex 22.35814035802347 -46.531877181136785 6
    endloop
  endfacet
  facet normal -0.9723699203976758 0.23344536385590908 0
    outer loop
      vertex 22.23359215540352 -47.05065778087482 0
      vertex 22.23359215540352 -47.05065778087482 6
      vertex 22.35814035802347 -46.531877181136785 0
    endloop
  endfacet
  facet normal -0.852640164354091 0.522498564715951 0
    outer loop
      vertex 21.75065778087482 -47.99846985779441 0
      vertex 21.75065778087482 -47.99846985779441 6
      vertex 22.029422182240452 -47.54356769911446 0
    endloop
  endfacet
  facet normal -0.9238795325112892 0.38268343236508395 2.022594377279963e-18
    outer loop
      vertex 22.23359215540352 -47.05065778087482 0
      vertex 22.029422182240452 -47.54356769911446 0
      vertex 22.029422182240452 -47.54356769911446 6
    endloop
  endfacet
  facet normal -0.7604059656000295 0.6494480483301853 -1.093064045479583e-18
    outer loop
      vertex 21.75065778087482 -47.99846985779441 0
      vertex 21.40416305603426 -48.404163056034264 0
      vertex 21.40416305603426 -48.404163056034264 6
    endloop
  endfacet
  facet normal -0.07845909572784047 0.9969173337331283 0
    outer loop
      vertex 19 -49.4 0
      vertex 19 -49.4 6
      vertex 19.531877181136785 -49.35814035802347 0
    endloop
  endfacet
  facet normal -0.23344536385590908 0.9723699203976758 0
    outer loop
      vertex 19.531877181136785 -49.35814035802347 0
      vertex 19.531877181136785 -49.35814035802347 6
      vertex 20.050657780874822 -49.23359215540352 0
    endloop
  endfacet
  facet normal -0.3826834323650863 0.9238795325112882 0
    outer loop
      vertex 20.050657780874822 -49.23359215540352 0
      vertex 20.050657780874822 -49.23359215540352 6
      vertex 20.54356769911446 -49.02942218224045 0
    endloop
  endfacet
  facet normal 0 1 0
    outer loop
      vertex 70 0 1.5080213903743314
      vertex -42 0 6.6
      vertex -26 0 6.6
    endloop
  endfacet
  facet normal 0 1 0
    outer loop
      vertex 70 0 1.5080213903743314
      vertex -26 0 6.6
      vertex -10 0 6.6
    endloop
  endfacet
  facet normal 0 1 0
    outer loop
      vertex 70 0 1.5080213903743314
      vertex -10 0 6.6
      vertex -9.468122818863215 0 6.641859641976531
    endloop
  endfacet
  facet normal 0 1 0
    outer loop
      vertex 70 0 1.5080213903743314
      vertex -9.468122818863215 0 6.641859641976531
      vertex 5.468122818863215 0 6.641859641976531
    endloop
  endfacet
  facet normal 0 1 0
    outer loop
      vertex 70 0 1.5080213903743314
      vertex 5.468122818863215 0 6.641859641976531
      vertex 6 0 6.6
    endloop
  endfacet
  facet normal 0 1 0
    outer loop
      vertex 70 0 1.5080213903743314
      vertex 6 0 6.6
      vertex 6.531877181136785 0 6.641859641976531
    endloop
  endfacet
  facet normal 0 1 0
    outer loop
      vertex 70 0 1.5080213903743314
      vertex 6.531877181136785 0 6.641859641976531
      vertex 21.468122818863215 0 6.641859641976531
    endloop
  endfacet
  facet normal 0 1 0
    outer loop
      vertex 70 0 1.5080213903743314
      vertex 21.468122818863215 0 6.641859641976531
      vertex 22 0 6.6
    endloop
  endfacet
  facet normal 0.7604059656000295 -0.6494480483301853 -1.093064045479583e-18
    outer loop
      vertex 16.59583694396574 -33.595836943965736 6
      vertex 16.24934221912518 -34.00153014220559 6
      vertex 16.24934221912518 -34.00153014220559 0
    endloop
  endfacet
  facet normal 0.923879532511288 -0.38268343236508673 0
    outer loop
      vertex 15.766407844596479 -34.94934221912518 6
      vertex 15.766407844596479 -34.94934221912518 0
      vertex 15.97057781775955 -34.45643230088554 6
    endloop
  endfacet
  facet normal 0.8526401643540924 -0.5224985647159486 0
    outer loop
      vertex 15.97057781775955 -34.45643230088554 6
      vertex 15.97057781775955 -34.45643230088554 0
      vertex 16.24934221912518 -34.00153014220559 6
    endloop
  endfacet
  facet normal 0.5224985647159559 -0.852640164354088 -2.4156020392218567e-18
    outer loop
      vertex 17.45643230088554 -32.97057781775955 6
      vertex 17.001530142205592 -33.24934221912518 6
      vertex 17.001530142205592 -33.24934221912518 0
    endloop
  endfacet
  facet normal 0.3826834323650863 -0.9238795325112882 0
    outer loop
      vertex 17.45643230088554 -32.97057781775955 6
      vertex 17.45643230088554 -32.97057781775955 0
      vertex 17.949342219125178 -32.76640784459648 6
    endloop
  endfacet
  facet normal 0.23344536385590908 -0.9723699203976758 -1.5708975184097345e-18
    outer loop
      vertex 18.468122818863215 -32.64185964197653 6
      vertex 17.949342219125178 -32.76640784459648 6
      vertex 17.949342219125178 -32.76640784459648 0
    endloop
  endfacet
  facet normal 0.07845909572784047 -0.9969173337331283 0
    outer loop
      vertex 18.468122818863215 -32.64185964197653 6
      vertex 18.468122818863215 -32.64185964197653 0
      vertex 19 -32.6 6
    endloop
  endfacet
  facet normal 0.6494480483301777 -0.760405965600036 0
    outer loop
      vertex 16.59583694396574 -33.595836943965736 6
      vertex 16.59583694396574 -33.595836943965736 0
      vertex 17.001530142205592 -33.24934221912518 6
    endloop
  endfacet
  facet normal 0.9723699203976758 -0.23344536385590908 -1.5708975184097345e-18
    outer loop
      vertex 15.766407844596479 -34.94934221912518 6
      vertex 15.64185964197653 -35.468122818863215 6
      vertex 15.64185964197653 -35.468122818863215 0
    endloop
  endfacet
  facet normal 0.996917333733128 -0.07845909572784379 0
    outer loop
      vertex 15.6 -36 6
      vertex 15.6 -36 0
      vertex 15.64185964197653 -35.468122818863215 6
    endloop
  endfacet
  facet normal -0.07845909572784322 -0.9969173337331281 -2.5144943238762614e-19
    outer loop
      vertex 0.7665288786971313 -46.160327131083825 6
      vertex 0 -46.1 6
      vertex 0 -46.1 0
    endloop
  endfacet
  facet normal -0.23344536385590664 -0.9723699203976764 -8.042046252981071e-19
    outer loop
      vertex 1.5141832724372424 -46.33982307015375 6
      vertex 0.7665288786971313 -46.160327131083825 6
      vertex 0.7665288786971313 -46.160327131083825 0
    endloop
  endfacet
  facet normal -0.38268343236509095 -0.9238795325112863 2.222327943149481e-18
    outer loop
      vertex 2.2245534487237797 -46.634068031477 6
      vertex 1.5141832724372424 -46.33982307015375 6
      vertex 1.5141832724372424 -46.33982307015375 0
    endloop
  endfacet
  facet normal -0.5224985647159499 -0.8526401643540917 -4.249209623775715e-18
    outer loop
      vertex 2.8801477362331185 -47.03581672756276 6
      vertex 2.2245534487237797 -46.634068031477 6
      vertex 2.2245534487237797 -46.634068031477 0
    endloop
  endfacet
  facet normal -0.6494480483301837 -0.7604059656000309 3.59189307719524e-18
    outer loop
      vertex 3.464823227814083 -47.53517677218592 6
      vertex 2.8801477362331185 -47.03581672756276 6
      vertex 2.8801477362331185 -47.03581672756276 0
    endloop
  endfacet
  facet normal -0.7604059656000283 -0.6494480483301868 0
    outer loop
      vertex 3.464823227814083 -47.53517677218592 6
      vertex 3.464823227814083 -47.53517677218592 0
      vertex 3.9641832724372428 -48.11985226376688 6
    endloop
  endfacet
  facet normal -0.8526401643540918 -0.5224985647159496 0
    outer loop
      vertex 3.9641832724372428 -48.11985226376688 6
      vertex 3.9641832724372428 -48.11985226376688 0
      vertex 4.365931968523003 -48.77544655127622 6
    endloop
  endfacet
  facet normal -0.9238795325112873 -0.38268343236508845 0
    outer loop
      vertex 4.365931968523003 -48.77544655127622 6
      vertex 4.365931968523003 -48.77544655127622 0
      vertex 4.660176929846252 -49.48581672756276 6
    endloop
  endfacet
  facet normal -0.9723699203976766 -0.233445363855906 0
    outer loop
      vertex 4.660176929846252 -49.48581672756276 6
      vertex 4.660176929846252 -49.48581672756276 0
      vertex 4.839672868916176 -50.23347112130287 6
    endloop
  endfacet
  facet normal -0.07845909572784322 0.9969173337331281 0
    outer loop
      vertex 0.7665288786971313 -55.839672868916175 0
      vertex 0 -55.9 6
      vertex 0.7665288786971313 -55.839672868916175 6
    endloop
  endfacet
  facet normal -0.23344536385590664 0.9723699203976764 0
    outer loop
      vertex 1.5141832724372424 -55.66017692984625 0
      vertex 0.7665288786971313 -55.839672868916175 6
      vertex 1.5141832724372424 -55.66017692984625 6
    endloop
  endfacet
  facet normal -0.38268343236509095 0.9238795325112863 0
    outer loop
      vertex 2.2245534487237797 -55.365931968523 0
      vertex 1.5141832724372424 -55.66017692984625 6
      vertex 2.2245534487237797 -55.365931968523 6
    endloop
  endfacet
  facet normal -0.9238795325112873 0.38268343236508845 0
    outer loop
      vertex 4.660176929846252 -52.51418327243724 0
      vertex 4.365931968523003 -53.22455344872378 6
      vertex 4.660176929846252 -52.51418327243724 6
    endloop
  endfacet
  facet normal -0.7604059656000283 0.6494480483301868 0
    outer loop
      vertex 3.9641832724372428 -53.88014773623312 0
      vertex 3.464823227814083 -54.46482322781408 6
      vertex 3.9641832724372428 -53.88014773623312 6
    endloop
  endfacet
  facet normal -0.8526401643540918 0.5224985647159496 0
    outer loop
      vertex 4.365931968523003 -53.22455344872378 0
      vertex 3.9641832724372428 -53.88014773623312 6
      vertex 4.365931968523003 -53.22455344872378 6
    endloop
  endfacet
  facet normal -0.5224985647159499 0.8526401643540917 0
    outer loop
      vertex 2.8801477362331185 -54.96418327243724 0
      vertex 2.2245534487237797 -55.365931968523 6
      vertex 2.8801477362331185 -54.96418327243724 6
    endloop
  endfacet
  facet normal -0.6494480483301837 0.7604059656000309 0
    outer loop
      vertex 3.464823227814083 -54.46482322781408 0
      vertex 2.8801477362331185 -54.96418327243724 6
      vertex 3.464823227814083 -54.46482322781408 6
    endloop
  endfacet
  facet normal -0.9969173337331281 -0.07845909572784449 0
    outer loop
      vertex 4.839672868916176 -50.23347112130287 6
      vertex 4.839672868916176 -50.23347112130287 0
      vertex 4.9 -51 6
    endloop
  endfacet
  facet normal -0.9969173337331281 0.07845909572784449 0
    outer loop
      vertex 4.9 -51 0
      vertex 4.839672868916176 -51.76652887869713 6
      vertex 4.9 -51 6
    endloop
  endfacet
  facet normal -0.9723699203976766 0.233445363855906 0
    outer loop
      vertex 4.839672868916176 -51.76652887869713 0
      vertex 4.660176929846252 -52.51418327243724 6
      vertex 4.839672868916176 -51.76652887869713 6
    endloop
  endfacet
  facet normal 1 0 0
    outer loop
      vertex 15.6 -36 6
      vertex 15.6 -46 6
      vertex 15.6 -46 0
    endloop
  endfacet
  facet normal 0.996917333733128 0.07845909572784379 0
    outer loop
      vertex 15.64185964197653 -46.531877181136785 0
      vertex 15.6 -46 6
      vertex 15.64185964197653 -46.531877181136785 6
    endloop
  endfacet
  facet normal 0.9723699203976758 0.23344536385590908 0
    outer loop
      vertex 15.766407844596479 -47.05065778087482 0
      vertex 15.64185964197653 -46.531877181136785 6
      vertex 15.766407844596479 -47.05065778087482 6
    endloop
  endfacet
  facet normal 0.923879532511288 0.38268343236508673 0
    outer loop
      vertex 15.97057781775955 -47.54356769911446 0
      vertex 15.766407844596479 -47.05065778087482 6
      vertex 15.97057781775955 -47.54356769911446 6
    endloop
  endfacet
  facet normal 0.8526401643540924 0.5224985647159486 0
    outer loop
      vertex 16.24934221912518 -47.99846985779441 0
      vertex 15.97057781775955 -47.54356769911446 6
      vertex 16.24934221912518 -47.99846985779441 6
    endloop
  endfacet
  facet normal 0.7604059656000295 0.6494480483301853 0
    outer loop
      vertex 16.59583694396574 -48.404163056034264 0
      vertex 16.24934221912518 -47.99846985779441 6
      vertex 16.59583694396574 -48.404163056034264 6
    endloop
  endfacet
  facet normal 0.6494480483301777 0.760405965600036 0
    outer loop
      vertex 17.001530142205592 -48.75065778087482 0
      vertex 16.59583694396574 -48.404163056034264 6
      vertex 17.001530142205592 -48.75065778087482 6
    endloop
  endfacet
  facet normal 0.5224985647159559 0.852640164354088 0
    outer loop
      vertex 17.45643230088554 -49.02942218224045 0
      vertex 17.001530142205592 -48.75065778087482 6
      vertex 17.45643230088554 -49.02942218224045 6
    endloop
  endfacet
  facet normal 0.3826834323650863 0.9238795325112882 0
    outer loop
      vertex 17.949342219125178 -49.23359215540352 0
      vertex 17.45643230088554 -49.02942218224045 6
      vertex 17.949342219125178 -49.23359215540352 6
    endloop
  endfacet
  facet normal 0.23344536385590908 0.9723699203976758 0
    outer loop
      vertex 18.468122818863215 -49.35814035802347 0
      vertex 17.949342219125178 -49.23359215540352 6
      vertex 18.468122818863215 -49.35814035802347 6
    endloop
  endfacet
  facet normal 0.07845909572784047 0.9969173337331283 0
    outer loop
      vertex 19 -49.4 0
      vertex 18.468122818863215 -49.35814035802347 6
      vertex 19 -49.4 6
    endloop
  endfacet
  facet normal -0.07845909572784047 -0.9969173337331283 0
    outer loop
      vertex 19 -32.6 6
      vertex 19 -32.6 0
      vertex 19.531877181136785 -32.64185964197653 6
    endloop
  endfacet
  facet normal -0.23344536385590908 -0.9723699203976758 0
    outer loop
      vertex 19.531877181136785 -32.64185964197653 6
      vertex 19.531877181136785 -32.64185964197653 0
      vertex 20.050657780874822 -32.76640784459648 6
    endloop
  endfacet
  facet normal -0.3826834323650863 -0.9238795325112882 -8.628510466155919e-19
    outer loop
      vertex 20.54356769911446 -32.97057781775955 6
      vertex 20.050657780874822 -32.76640784459648 6
      vertex 20.050657780874822 -32.76640784459648 0
    endloop
  endfacet
  facet normal -0.5224985647159559 -0.852640164354088 0
    outer loop
      vertex 20.54356769911446 -32.97057781775955 6
      vertex 20.54356769911446 -32.97057781775955 0
      vertex 20.998469857794408 -33.24934221912518 6
    endloop
  endfacet
  facet normal -0.6494480483301777 -0.760405965600036 -1.4284736479454121e-19
    outer loop
      vertex 21.40416305603426 -33.595836943965736 6
      vertex 20.998469857794408 -33.24934221912518 6
      vertex 20.998469857794408 -33.24934221912518 0
    endloop
  endfacet
  facet normal -0.7604059656000295 -0.6494480483301853 1.093064045479583e-18
    outer loop
      vertex 21.75065778087482 -34.00153014220559 6
      vertex 21.40416305603426 -33.595836943965736 6
      vertex 21.40416305603426 -33.595836943965736 0
    endloop
  endfacet
  facet normal -0.852640164354091 -0.522498564715951 -4.2826052368933865e-18
    outer loop
      vertex 22.029422182240452 -34.45643230088554 6
      vertex 21.75065778087482 -34.00153014220559 6
      vertex 21.75065778087482 -34.00153014220559 0
    endloop
  endfacet
  facet normal -0.9238795325112892 -0.38268343236508395 0
    outer loop
      vertex 22.029422182240452 -34.45643230088554 6
      vertex 22.029422182240452 -34.45643230088554 0
      vertex 22.23359215540352 -34.94934221912518 6
    endloop
  endfacet
  facet normal -0.9723699203976758 -0.23344536385590908 0
    outer loop
      vertex 22.23359215540352 -34.94934221912518 6
      vertex 22.23359215540352 -34.94934221912518 0
      vertex 22.35814035802347 -35.468122818863215 6
    endloop
  endfacet
  facet normal -0.9969173337331283 -0.07845909572784047 3.171428551585294e-19
    outer loop
      vertex 22.4 -36 6
      vertex 22.35814035802347 -35.468122818863215 6
      vertex 22.35814035802347 -35.468122818863215 0
    endloop
  endfacet
  facet normal -1 0 0
    outer loop
      vertex 22.4 -36 6
      vertex 22.4 -36 0
      vertex 22.4 -46 6
    endloop
  endfacet
  facet normal -0.6494480483301777 0.760405965600036 0
    outer loop
      vertex 21.40416305603426 -48.404163056034264 0
      vertex 20.998469857794408 -48.75065778087482 6
      vertex 21.40416305603426 -48.404163056034264 6
    endloop
  endfacet
  facet normal -0.5224985647159559 0.852640164354088 0
    outer loop
      vertex 20.998469857794408 -48.75065778087482 0
      vertex 20.54356769911446 -49.02942218224045 6
      vertex 20.998469857794408 -48.75065778087482 6
    endloop
  endfacet
  facet normal -0.9969173337331283 0.07845909572784047 0
    outer loop
      vertex 22.4 -46 0
      vertex 22.35814035802347 -46.531877181136785 6
      vertex 22.4 -46 6
    endloop
  endfacet
  facet normal -0.9723699203976758 0.23344536385590908 0
    outer loop
      vertex 22.35814035802347 -46.531877181136785 0
      vertex 22.23359215540352 -47.05065778087482 6
      vertex 22.35814035802347 -46.531877181136785 6
    endloop
  endfacet
  facet normal -0.9238795325112892 0.38268343236508395 0
    outer loop
      vertex 22.23359215540352 -47.05065778087482 0
      vertex 22.029422182240452 -47.54356769911446 6
      vertex 22.23359215540352 -47.05065778087482 6
    endloop
  endfacet
  facet normal -0.852640164354091 0.522498564715951 0
    outer loop
      vertex 22.029422182240452 -47.54356769911446 0
      vertex 21.75065778087482 -47.99846985779441 6
      vertex 22.029422182240452 -47.54356769911446 6
    endloop
  endfacet
  facet normal -0.7604059656000295 0.6494480483301853 0
    outer loop
      vertex 21.75065778087482 -47.99846985779441 0
      vertex 21.40416305603426 -48.404163056034264 6
      vertex 21.75065778087482 -47.99846985779441 6
    endloop
  endfacet
  facet normal -0.07845909572784047 0.9969173337331283 0
    outer loop
      vertex 19.531877181136785 -49.35814035802347 0
      vertex 19 -49.4 6
      vertex 19.531877181136785 -49.35814035802347 6
    endloop
  endfacet
  facet normal -0.23344536385590908 0.9723699203976758 0
    outer loop
      vertex 20.050657780874822 -49.23359215540352 0
      vertex 19.531877181136785 -49.35814035802347 6
      vertex 20.050657780874822 -49.23359215540352 6
    endloop
  endfacet
  facet normal -0.3826834323650863 0.9238795325112882 0
    outer loop
      vertex 20.54356769911446 -49.02942218224045 0
      vertex 20.050657780874822 -49.23359215540352 6
      vertex 20.54356769911446 -49.02942218224045 6
    endloop
  endfacet
  facet normal 0 0 -1
    outer loop
      vertex 70 -4.8 0
      vertex 22.23359215540352 -34.94934221912518 0
      vertex 22.029422182240452 -34.45643230088554 0
    endloop
  endfacet
  facet normal 0 0 -1
    outer loop
      vertex 70 -4.8 0
      vertex 22.35814035802347 -35.468122818863215 0
      vertex 22.23359215540352 -34.94934221912518 0
    endloop
  endfacet
  facet normal 0 0 -1
    outer loop
      vertex 70 -4.8 0
      vertex 22.4 -36 0
      vertex 22.35814035802347 -35.468122818863215 0
    endloop
  endfacet
  facet normal -1 0 0
    outer loop
      vertex 70 0 0
      vertex 70 -1.2 0
      vertex 70 0 1.1999999999999993
    endloop
  endfacet
  facet normal 0 0 -1
    outer loop
      vertex 70 0 0
      vertex 76 0 0
      vertex 70 -1.2 0
    endloop
  endfacet
  facet normal 0 0 -1
    outer loop
      vertex 70 -1.2 0
      vertex 76 0 0
      vertex 70 -4.8 0
    endloop
  endfacet
  facet normal 0 1 0
    outer loop
      vertex 70 0 0
      vertex 74.79999999999998 0 1.200000000000017
      vertex 76 0 0
    endloop
  endfacet
  facet normal 0 0 -1
    outer loop
      vertex 70 -4.8 0
      vertex 76 0 0
      vertex 74.29312755504344 -28.220162612375116 0
    endloop
  endfacet
  facet normal 0 1 0
    outer loop
      vertex 70 0 0
      vertex 70 0 1.1999999999999993
      vertex 74.79999999999998 0 1.200000000000017
    endloop
  endfacet
  facet normal 1 0 0
    outer loop
      vertex 76 0 0
      vertex 76 -1.2 1.1999999999999993
      vertex 76 -4.8 1.1999999999999993
    endloop
  endfacet
  facet normal 0 1 0
    outer loop
      vertex 70 0 1.1999999999999993
      vertex 70 0 1.5080213903743314
      vertex 74.79999999999998 0 1.200000000000017
    endloop
  endfacet
  facet normal 1 0 0
    outer loop
      vertex 76 -1.2 1.1999999999999993
      vertex 76 -1.5 1.5
      vertex 76 -4.8 1.1999999999999993
    endloop
  endfacet
  facet normal 1 0 0
    outer loop
      vertex 76 -4.8 1.1999999999999993
      vertex 76 -1.5 1.5
      vertex 76 -4.8 1.5
    endloop
  endfacet
  facet normal 0 0 -1
    outer loop
      vertex 70 -4.8 0
      vertex 71.70687244495656 -28.220162612375116 0
      vertex 71.44436508138959 -28.444365081389595 0
    endloop
  endfacet
  facet normal 0 0 -1
    outer loop
      vertex 70 -4.8 0
      vertex 72.001220900573 -28.03978564678559 0
      vertex 71.70687244495656 -28.220162612375116 0
    endloop
  endfacet
  facet normal 0 0 -1
    outer loop
      vertex 70 -4.8 0
      vertex 71.44436508138959 -28.444365081389595 0
      vertex 71.22016261237512 -28.70687244495656 0
    endloop
  endfacet
  facet normal 0 0 -1
    outer loop
      vertex 70 -4.8 0
      vertex 71.22016261237512 -28.70687244495656 0
      vertex 71.03978564678559 -29.001220900572996 0
    endloop
  endfacet
  facet normal 0 0 -1
    outer loop
      vertex 70 -4.8 0
      vertex 72.32016261237511 -27.907675664150663 0
      vertex 72.001220900573 -28.03978564678559 0
    endloop
  endfacet
  facet normal 0 0 -1
    outer loop
      vertex 70 -4.8 0
      vertex 72.65584417691149 -27.827085650690698 0
      vertex 72.32016261237511 -27.907675664150663 0
    endloop
  endfacet
  facet normal 0 0 -1
    outer loop
      vertex 70 -4.8 0
      vertex 73 -27.8 0
      vertex 72.65584417691149 -27.827085650690698 0
    endloop
  endfacet
  facet normal 0 0 -1
    outer loop
      vertex 70 -4.8 0
      vertex 73.34415582308851 -27.827085650690698 0
      vertex 73 -27.8 0
    endloop
  endfacet
  facet normal 0 0 -1
    outer loop
      vertex 70 -4.8 0
      vertex 73.67983738762489 -27.907675664150663 0
      vertex 73.34415582308851 -27.827085650690698 0
    endloop
  endfacet
  facet normal 0 0 -1
    outer loop
      vertex 70 -4.8 0
      vertex 73.998779099427 -28.03978564678559 0
      vertex 73.67983738762489 -27.907675664150663 0
    endloop
  endfacet
  facet normal 0 0 -1
    outer loop
      vertex 70 -4.8 0
      vertex 74.29312755504344 -28.220162612375116 0
      vertex 73.998779099427 -28.03978564678559 0
    endloop
  endfacet
  facet normal 0 0 -1
    outer loop
      vertex 76 0 0
      vertex 74.55563491861041 -28.444365081389595 0
      vertex 74.29312755504344 -28.220162612375116 0
    endloop
  endfacet
  facet normal 0 0 -1
    outer loop
      vertex 76 0 0
      vertex 74.77983738762488 -28.70687244495656 0
      vertex 74.55563491861041 -28.444365081389595 0
    endloop
  endfacet
  facet normal 0 0 -1
    outer loop
      vertex 76 0 0
      vertex 74.96021435321441 -29.001220900572996 0
      vertex 74.77983738762488 -28.70687244495656 0
    endloop
  endfacet
  facet normal 0 0 -1
    outer loop
      vertex 76 0 0
      vertex 75.09232433584934 -29.320162612375114 0
      vertex 74.96021435321441 -29.001220900572996 0
    endloop
  endfacet
  facet normal 0 0 -1
    outer loop
      vertex 76 0 0
      vertex 75.17291434930931 -29.655844176911494 0
      vertex 75.09232433584934 -29.320162612375114 0
    endloop
  endfacet
  facet normal 0 0 -1
    outer loop
      vertex 76 0 0
      vertex 75.2 -30 0
      vertex 75.17291434930931 -29.655844176911494 0
    endloop
  endfacet
  facet normal 0 0 -1
    outer loop
      vertex 70 -4.8 0
      vertex 71.03978564678559 -29.001220900572996 0
      vertex 70.90767566415066 -29.320162612375114 0
    endloop
  endfacet
  facet normal 0 0 -1
    outer loop
      vertex 70 -4.8 0
      vertex 70.90767566415066 -29.320162612375114 0
      vertex 70.82708565069069 -29.655844176911494 0
    endloop
  endfacet
  facet normal 0 0 -1
    outer loop
      vertex 70 -4.8 0
      vertex 70.82708565069069 -29.655844176911494 0
      vertex 70.8 -30 0
    endloop
  endfacet
  facet normal 1 0 0
    outer loop
      vertex 76 -1.2 1.1999999999999993
      vertex 76 -1.5 4.5
      vertex 76 -1.5 1.5
    endloop
  endfacet
  facet normal 1 0 0
    outer loop
      vertex 76 -1.5 1.5
      vertex 76 -1.5 4.5
      vertex 76 -4.8 1.5
    endloop
  endfacet
  facet normal 0.3826834323650914 -0.9238795325112861 -9.224254065925434e-19
    outer loop
      vertex 72.001220900573 -28.03978564678559 0
      vertex 72.32016261237511 -27.907675664150663 0
      vertex 72.32016261237511 -27.907675664150663 7.576432432677645
    endloop
  endfacet
  facet normal 0.23344536385590667 -0.9723699203976763 -3.1892335449995976e-19
    outer loop
      vertex 72.32016261237511 -27.907675664150663 0
      vertex 72.65584417691149 -27.827085650690698 0
      vertex 72.65584417691149 -27.827085650690698 7.578147113815092
    endloop
  endfacet
  facet normal 0.07845909572784467 -0.996917333733128 1.897653400466946e-19
    outer loop
      vertex 72.65584417691149 -27.827085650690698 0
      vertex 73 -27.8 0
      vertex 73 -27.8 7.578723404255319
    endloop
  endfacet
  facet normal -0.07845909572784468 -0.9969173337331281 -1.8977977100847369e-19
    outer loop
      vertex 73 -27.8 0
      vertex 73.34415582308851 -27.827085650690698 0
      vertex 73.34415582308851 -27.827085650690698 7.578147113815092
    endloop
  endfacet
  facet normal -0.23344536385590667 -0.9723699203976763 3.1899553251581506e-19
    outer loop
      vertex 73.34415582308851 -27.827085650690698 0
      vertex 73.67983738762489 -27.907675664150663 0
      vertex 73.67983738762489 -27.907675664150663 7.576432432677645
    endloop
  endfacet
  facet normal -0.38268343236509134 -0.9238795325112861 9.227677527299292e-19
    outer loop
      vertex 73.67983738762489 -27.907675664150663 0
      vertex 73.998779099427 -28.03978564678559 0
      vertex 73.998779099427 -28.03978564678559 7.573621581983286
    endloop
  endfacet
  facet normal 0 0 -1
    outer loop
      vertex 70 -4.8 0
      vertex 64.5 -82 0
      vertex 22.4 -36 0
    endloop
  endfacet
  facet normal 1 0 0
    outer loop
      vertex 76 0 0
      vertex 76 -4.8 1.1999999999999993
      vertex 76 -102 1.5
    endloop
  endfacet
  facet normal 1 0 0
    outer loop
      vertex 76 -4.8 1.1999999999999993
      vertex 76 -4.8 1.5
      vertex 76 -102 1.5
    endloop
  endfacet
  facet normal 0 0 -1
    outer loop
      vertex 70 -4.8 0
      vertex 70.8 -30 0
      vertex 70 -102 0
    endloop
  endfacet
  facet normal 0 0 -1
    outer loop
      vertex 76 0 0
      vertex 74.5 -102 0
      vertex 75.2 -30 0
    endloop
  endfacet
  facet normal 0 0 -1
    outer loop
      vertex 70 -102 0
      vertex 70.8 -30 0
      vertex 70.82708565069069 -30.344155823088506 0
    endloop
  endfacet
  facet normal 0 0 -1
    outer loop
      vertex 70 -102 0
      vertex 70.82708565069069 -30.344155823088506 0
      vertex 70.90767566415066 -30.679837387624886 0
    endloop
  endfacet
  facet normal 0 0 -1
    outer loop
      vertex 70 -102 0
      vertex 70.90767566415066 -30.679837387624886 0
      vertex 71.03978564678559 -30.998779099427004 0
    endloop
  endfacet
  facet normal 0 0 -1
    outer loop
      vertex 70 -102 0
      vertex 71.03978564678559 -30.998779099427004 0
      vertex 71.22016261237512 -31.29312755504344 0
    endloop
  endfacet
  facet normal 0 0 -1
    outer loop
      vertex 70 -102 0
      vertex 71.22016261237512 -31.29312755504344 0
      vertex 71.44436508138959 -31.555634918610405 0
    endloop
  endfacet
  facet normal 0 0 -1
    outer loop
      vertex 70 -102 0
      vertex 71.44436508138959 -31.555634918610405 0
      vertex 71.70687244495656 -31.779837387624884 0
    endloop
  endfacet
  facet normal 0 0 -1
    outer loop
      vertex 70 -102 0
      vertex 71.70687244495656 -31.779837387624884 0
      vertex 72.001220900573 -31.96021435321441 0
    endloop
  endfacet
  facet normal 0 0 -1
    outer loop
      vertex 70 -102 0
      vertex 72.001220900573 -31.96021435321441 0
      vertex 72.32016261237511 -32.09232433584934 0
    endloop
  endfacet
  facet normal 0 0 -1
    outer loop
      vertex 70 -102 0
      vertex 72.32016261237511 -32.09232433584934 0
      vertex 72.65584417691149 -32.1729143493093 0
    endloop
  endfacet
  facet normal 0 0 -1
    outer loop
      vertex 70 -102 0
      vertex 72.65584417691149 -32.1729143493093 0
      vertex 73 -32.2 0
    endloop
  endfacet
  facet normal 0 0 -1
    outer loop
      vertex 70 -102 0
      vertex 73 -32.2 0
      vertex 73.34415582308851 -32.1729143493093 0
    endloop
  endfacet
  facet normal 0 0 -1
    outer loop
      vertex 70 -102 0
      vertex 73.34415582308851 -32.1729143493093 0
      vertex 73.67983738762489 -32.09232433584934 0
    endloop
  endfacet
  facet normal 0 0 -1
    outer loop
      vertex 70 -102 0
      vertex 73.67983738762489 -32.09232433584934 0
      vertex 73.998779099427 -31.96021435321441 0
    endloop
  endfacet
  facet normal 0 0 -1
    outer loop
      vertex 70 -102 0
      vertex 73.998779099427 -31.96021435321441 0
      vertex 74.29312755504344 -31.779837387624884 0
    endloop
  endfacet
  facet normal 0 0 -1
    outer loop
      vertex 74.5 -102 0
      vertex 75.17291434930931 -30.344155823088506 0
      vertex 75.2 -30 0
    endloop
  endfacet
  facet normal 0 0 -1
    outer loop
      vertex 74.5 -102 0
      vertex 74.29312755504344 -31.779837387624884 0
      vertex 74.55563491861041 -31.555634918610405 0
    endloop
  endfacet
  facet normal 0 0 -1
    outer loop
      vertex 74.5 -102 0
      vertex 74.77983738762488 -31.29312755504344 0
      vertex 74.96021435321441 -30.998779099427004 0
    endloop
  endfacet
  facet normal 0 0 -1
    outer loop
      vertex 74.5 -102 0
      vertex 74.55563491861041 -31.555634918610405 0
      vertex 74.77983738762488 -31.29312755504344 0
    endloop
  endfacet
  facet normal 0 0 -1
    outer loop
      vertex 74.5 -102 0
      vertex 75.09232433584934 -30.679837387624886 0
      vertex 75.17291434930931 -30.344155823088506 0
    endloop
  endfacet
  facet normal 0 0 -1
    outer loop
      vertex 74.5 -102 0
      vertex 74.96021435321441 -30.998779099427004 0
      vertex 75.09232433584934 -30.679837387624886 0
    endloop
  endfacet
  facet normal 0.8526401643540834 -0.5224985647159632 0
    outer loop
      vertex 71.22016261237512 -28.70687244495656 0
      vertex 71.22016261237512 -28.70687244495656 7.559428245851988
      vertex 71.03978564678559 -29.001220900572996 0
    endloop
  endfacet
  facet normal 0.9238795325112854 -0.38268343236509283 0
    outer loop
      vertex 71.03978564678559 -29.001220900572996 0
      vertex 71.03978564678559 -29.001220900572996 7.5531655127537665
      vertex 70.90767566415066 -29.320162612375114 0
    endloop
  endfacet
  facet normal 0.9723699203976751 -0.23344536385591172 0
    outer loop
      vertex 70.90767566415066 -29.320162612375114 0
      vertex 70.90767566415066 -29.320162612375114 7.546379518885637
      vertex 70.82708565069069 -29.655844176911494 0
    endloop
  endfacet
  facet normal 0.9969173337331286 -0.07845909572783605 0
    outer loop
      vertex 70.82708565069069 -29.655844176911494 0
      vertex 70.82708565069069 -29.655844176911494 7.539237357938054
      vertex 70.8 -30 0
    endloop
  endfacet
  facet normal 0.9969173337331286 0.07845909572783605 0
    outer loop
      vertex 70.8 -30 0
      vertex 70.8 -30 7.531914893617021
      vertex 70.82708565069069 -30.344155823088506 0
    endloop
  endfacet
  facet normal 0.972369920397675 0.2334453638559117 0
    outer loop
      vertex 70.82708565069069 -30.344155823088506 0
      vertex 70.82708565069069 -30.344155823088506 7.524592429295989
      vertex 70.90767566415066 -30.679837387624886 0
    endloop
  endfacet
  facet normal 0.9238795325112855 0.3826834323650929 0
    outer loop
      vertex 70.90767566415066 -30.679837387624886 0
      vertex 70.90767566415066 -30.679837387624886 7.517450268348407
      vertex 71.03978564678559 -30.998779099427004 0
    endloop
  endfacet
  facet normal 0.8526401643540834 0.5224985647159633 0
    outer loop
      vertex 71.03978564678559 -30.998779099427004 0
      vertex 71.03978564678559 -30.998779099427004 7.510664274480277
      vertex 71.22016261237512 -31.29312755504344 0
    endloop
  endfacet
  facet normal 0.6494480483301759 -0.7604059656000375 -3.385386273873935e-19
    outer loop
      vertex 71.44436508138959 -28.444365081389595 0
      vertex 71.70687244495656 -28.220162612375116 0
      vertex 71.70687244495656 -28.220162612375116 7.569783774204785
    endloop
  endfacet
  facet normal 0.7604059656000434 -0.6494480483301692 0
    outer loop
      vertex 71.44436508138959 -28.444365081389595 0
      vertex 71.44436508138959 -28.444365081389595 7.565013508906604
      vertex 71.22016261237512 -28.70687244495656 0
    endloop
  endfacet
  facet normal 0.5224985647159467 -0.8526401643540936 -5.772322144537765e-19
    outer loop
      vertex 71.70687244495656 -28.220162612375116 0
      vertex 72.001220900573 -28.03978564678559 0
      vertex 72.001220900573 -28.03978564678559 7.573621581983286
    endloop
  endfacet
  facet normal 0.7604059656000434 0.6494480483301692 0
    outer loop
      vertex 71.22016261237512 -31.29312755504344 0
      vertex 71.22016261237512 -31.29312755504344 7.504401541382055
      vertex 71.44436508138959 -31.555634918610405 0
    endloop
  endfacet
  facet normal -0.5224985647159466 -0.8526401643540936 5.77524865650787e-19
    outer loop
      vertex 73.998779099427 -28.03978564678559 0
      vertex 74.29312755504344 -28.220162612375116 0
      vertex 74.29312755504344 -28.220162612375116 7.569783774204785
    endloop
  endfacet
  facet normal -0.649448048330176 -0.7604059656000375 3.3875209945382384e-19
    outer loop
      vertex 74.29312755504344 -28.220162612375116 0
      vertex 74.55563491861041 -28.444365081389595 0
      vertex 74.55563491861041 -28.444365081389595 7.565013508906604
    endloop
  endfacet
  facet normal -0.7604059656000434 -0.6494480483301691 0
    outer loop
      vertex 74.77983738762488 -28.70687244495656 0
      vertex 74.77983738762488 -28.70687244495656 7.559428245851988
      vertex 74.55563491861041 -28.444365081389595 0
    endloop
  endfacet
  facet normal -0.8526401643540834 -0.5224985647159632 0
    outer loop
      vertex 74.96021435321441 -29.001220900572996 0
      vertex 74.96021435321441 -29.001220900572996 7.5531655127537665
      vertex 74.77983738762488 -28.70687244495656 0
    endloop
  endfacet
  facet normal -0.9238795325112854 -0.3826834323650929 0
    outer loop
      vertex 75.09232433584934 -29.320162612375114 0
      vertex 75.09232433584934 -29.320162612375114 7.546379518885635
      vertex 74.96021435321441 -29.001220900572996 0
    endloop
  endfacet
  facet normal -0.9723699203976751 -0.23344536385591172 0
    outer loop
      vertex 75.17291434930931 -29.655844176911494 0
      vertex 75.17291434930931 -29.655844176911494 7.5392373579380525
      vertex 75.09232433584934 -29.320162612375114 0
    endloop
  endfacet
  facet normal -0.7604059656000434 0.6494480483301691 0
    outer loop
      vertex 74.55563491861041 -31.555634918610405 0
      vertex 74.55563491861041 -31.555634918610405 7.498816278327439
      vertex 74.77983738762488 -31.29312755504344 0
    endloop
  endfacet
  facet normal -0.9969173337331286 -0.07845909572783605 0
    outer loop
      vertex 75.2 -30 0
      vertex 75.2 -30 7.531914893617021
      vertex 75.17291434930931 -29.655844176911494 0
    endloop
  endfacet
  facet normal -0.9723699203976751 0.23344536385591175 0
    outer loop
      vertex 75.09232433584934 -30.679837387624886 0
      vertex 75.09232433584934 -30.679837387624886 7.517450268348407
      vertex 75.17291434930931 -30.344155823088506 0
    endloop
  endfacet
  facet normal -0.9969173337331287 0.07845909572783605 0
    outer loop
      vertex 75.17291434930931 -30.344155823088506 0
      vertex 75.17291434930931 -30.344155823088506 7.524592429295989
      vertex 75.2 -30 0
    endloop
  endfacet
  facet normal -0.9238795325112855 0.3826834323650929 0
    outer loop
      vertex 74.96021435321441 -30.998779099427004 0
      vertex 74.96021435321441 -30.998779099427004 7.510664274480277
      vertex 75.09232433584934 -30.679837387624886 0
    endloop
  endfacet
  facet normal -0.8526401643540834 0.5224985647159633 0
    outer loop
      vertex 74.77983738762488 -31.29312755504344 0
      vertex 74.77983738762488 -31.29312755504344 7.5044015413820535
      vertex 74.96021435321441 -30.998779099427004 0
    endloop
  endfacet
  facet normal 0.649448048330176 0.7604059656000376 0
    outer loop
      vertex 71.44436508138959 -31.555634918610405 0
      vertex 71.44436508138959 -31.555634918610405 7.498816278327437
      vertex 71.70687244495656 -31.779837387624884 0
    endloop
  endfacet
  facet normal 0.5224985647159467 0.8526401643540935 5.833615579090864e-19
    outer loop
      vertex 72.001220900573 -31.96021435321441 0
      vertex 71.70687244495656 -31.779837387624884 0
      vertex 71.70687244495656 -31.779837387624884 7.4940460130292585
    endloop
  endfacet
  facet normal 0.38268343236510016 0.9238795325112824 1.32943421051259e-19
    outer loop
      vertex 72.32016261237511 -32.09232433584934 0
      vertex 72.001220900573 -31.96021435321441 0
      vertex 72.001220900573 -31.96021435321441 7.490208205250758
    endloop
  endfacet
  facet normal 0.23344536385589693 0.9723699203976788 -2.898525456391095e-20
    outer loop
      vertex 72.65584417691149 -32.1729143493093 0
      vertex 72.32016261237511 -32.09232433584934 0
      vertex 72.32016261237511 -32.09232433584934 7.487397354556396
    endloop
  endfacet
  facet normal 0.0784590957278549 0.9969173337331272 -7.876223268911634e-20
    outer loop
      vertex 73 -32.2 0
      vertex 72.65584417691149 -32.1729143493093 0
      vertex 72.65584417691149 -32.1729143493093 7.485682673418951
    endloop
  endfacet
  facet normal -0.0784590957278549 0.9969173337331273 7.876829672073158e-20
    outer loop
      vertex 73.34415582308851 -32.1729143493093 0
      vertex 73 -32.2 0
      vertex 73 -32.2 7.4851063829787226
    endloop
  endfacet
  facet normal -0.23344536385589693 0.9723699203976787 2.89918939676144e-20
    outer loop
      vertex 73.67983738762489 -32.09232433584934 0
      vertex 73.34415582308851 -32.1729143493093 0
      vertex 73.34415582308851 -32.1729143493093 7.485682673418951
    endloop
  endfacet
  facet normal -0.5224985647159467 0.8526401643540936 -5.836604587491261e-19
    outer loop
      vertex 74.29312755504344 -31.779837387624884 0
      vertex 73.998779099427 -31.96021435321441 0
      vertex 73.998779099427 -31.96021435321441 7.490208205250758
    endloop
  endfacet
  facet normal -0.3826834323651001 0.9238795325112824 -1.3299332946264378e-19
    outer loop
      vertex 73.998779099427 -31.96021435321441 0
      vertex 73.67983738762489 -32.09232433584934 0
      vertex 73.67983738762489 -32.09232433584934 7.487397354556398
    endloop
  endfacet
  facet normal -0.649448048330176 0.7604059656000375 -3.4196003121453554e-19
    outer loop
      vertex 74.55563491861041 -31.555634918610405 0
      vertex 74.29312755504344 -31.779837387624884 0
      vertex 74.29312755504344 -31.779837387624884 7.4940460130292585
    endloop
  endfacet
  facet normal 1 0 0
    outer loop
      vertex 76 -4.8 1.5
      vertex 76 -1.5 4.5
      vertex 76 -102 1.5
    endloop
  endfacet
  facet normal 0 1 0
    outer loop
      vertex 70 0 1.5080213903743314
      vertex 22 0 6.6
      vertex 38 0 6.6
    endloop
  endfacet
  facet normal 0 1 0
    outer loop
      vertex 70 0 1.5080213903743314
      vertex 38 0 6.6
      vertex 38.531877181136785 0 6.641859641976531
    endloop
  endfacet
  facet normal 0 1 0
    outer loop
      vertex 70 0 1.5080213903743314
      vertex 38.531877181136785 0 6.641859641976531
      vertex 53.468122818863215 0 6.641859641976531
    endloop
  endfacet
  facet normal 0 1 0
    outer loop
      vertex 76 0 0
      vertex 74.79999999999998 0 1.200000000000017
      vertex 76 0 8
    endloop
  endfacet
  facet normal 1 0 0
    outer loop
      vertex 76 0 0
      vertex 76 0 8
      vertex 76 -1.2 1.1999999999999993
    endloop
  endfacet
  facet normal 0 1 0
    outer loop
      vertex 74.79999999999998 0 1.200000000000017
      vertex 70 0 1.5080213903743314
      vertex 74.79999999999998 0 8
    endloop
  endfacet
  facet normal 0 1 0
    outer loop
      vertex 70 0 1.5080213903743314
      vertex 53.468122818863215 0 6.641859641976531
      vertex 54 0 6.6
    endloop
  endfacet
  facet normal 0 1 0
    outer loop
      vertex 70 0 1.5080213903743314
      vertex 54 0 6.6
      vertex 54.531877181136785 0 6.641859641976531
    endloop
  endfacet
  facet normal 0 1 0
    outer loop
      vertex 70 0 1.5080213903743314
      vertex 54.531877181136785 0 6.641859641976531
      vertex 55.05065778087482 0 6.766407844596479
    endloop
  endfacet
  facet normal 0 1 0
    outer loop
      vertex 70 0 1.5080213903743314
      vertex 55.05065778087482 0 6.766407844596479
      vertex 55.54356769911446 0 6.970577817759549
    endloop
  endfacet
  facet normal 0 1 0
    outer loop
      vertex 70 0 1.5080213903743314
      vertex 55.54356769911446 0 6.970577817759549
      vertex 55.99846985779441 0 7.249342219125179
    endloop
  endfacet
  facet normal 0 1 0
    outer loop
      vertex 70 0 1.5080213903743314
      vertex 55.99846985779441 0 7.249342219125179
      vertex 56.404163056034264 0 7.595836943965738
    endloop
  endfacet
  facet normal 0 1 0
    outer loop
      vertex 70 0 1.5080213903743314
      vertex 56.404163056034264 0 7.595836943965738
      vertex 56.75065778087482 0 8.001530142205592
    endloop
  endfacet
  facet normal 0 1 0
    outer loop
      vertex 70 0 1.5080213903743314
      vertex 56.75065778087482 0 8.001530142205592
      vertex 57.02942218224045 0 8.456432300885542
    endloop
  endfacet
  facet normal 1 0 0
    outer loop
      vertex 76 -1.2 1.1999999999999993
      vertex 76 -1.2 8
      vertex 76 -1.5 4.5
    endloop
  endfacet
  facet normal 0 1 0
    outer loop
      vertex 70 0 1.5080213903743314
      vertex 57.02942218224045 0 8.456432300885542
      vertex 74.79999999999998 0 8
    endloop
  endfacet
  facet normal 0 1 0
    outer loop
      vertex 74.79999999999998 0 1.200000000000017
      vertex 74.79999999999998 0 8
      vertex 76 0 8
    endloop
  endfacet
  facet normal 1 0 0
    outer loop
      vertex 76 -1.2 1.1999999999999993
      vertex 76 0 8
      vertex 76 -1.2 8
    endloop
  endfacet
  facet normal 0.38268343236509134 -0.9238795325112861 0
    outer loop
      vertex 72.001220900573 -28.03978564678559 0
      vertex 72.32016261237511 -27.907675664150663 7.576432432677645
      vertex 72.001220900573 -28.03978564678559 7.573621581983286
    endloop
  endfacet
  facet normal 0.23344536385590667 -0.9723699203976763 0
    outer loop
      vertex 72.32016261237511 -27.907675664150663 0
      vertex 72.65584417691149 -27.827085650690698 7.578147113815092
      vertex 72.32016261237511 -27.907675664150663 7.576432432677645
    endloop
  endfacet
  facet normal 0.07845909572784468 -0.9969173337331281 0
    outer loop
      vertex 72.65584417691149 -27.827085650690698 0
      vertex 73 -27.8 7.578723404255319
      vertex 72.65584417691149 -27.827085650690698 7.578147113815092
    endloop
  endfacet
  facet normal -0.07845909572784467 -0.996917333733128 0
    outer loop
      vertex 73 -27.8 0
      vertex 73.34415582308851 -27.827085650690698 7.578147113815092
      vertex 73 -27.8 7.578723404255319
    endloop
  endfacet
  facet normal -0.23344536385590667 -0.9723699203976763 0
    outer loop
      vertex 73.34415582308851 -27.827085650690698 0
      vertex 73.67983738762489 -27.907675664150663 7.576432432677645
      vertex 73.34415582308851 -27.827085650690698 7.578147113815092
    endloop
  endfacet
  facet normal -0.3826834323650914 -0.9238795325112861 9.224254065925434e-19
    outer loop
      vertex 73.998779099427 -28.03978564678559 7.573621581983286
      vertex 73.67983738762489 -27.907675664150663 7.576432432677645
      vertex 73.67983738762489 -27.907675664150663 0
    endloop
  endfacet
  facet normal 1 0 0
    outer loop
      vertex 76 -1.5 4.5
      vertex 76 -4.8 4.5
      vertex 76 -110.5 1.5
    endloop
  endfacet
  facet normal 0.9238795325112854 -0.3826834323650929 0
    outer loop
      vertex 70.90767566415066 -29.320162612375114 7.546379518885637
      vertex 70.90767566415066 -29.320162612375114 0
      vertex 71.03978564678559 -29.001220900572996 7.5531655127537665
    endloop
  endfacet
  facet normal 0.8526401643540834 -0.5224985647159632 0
    outer loop
      vertex 71.03978564678559 -29.001220900572996 7.5531655127537665
      vertex 71.03978564678559 -29.001220900572996 0
      vertex 71.22016261237512 -28.70687244495656 7.559428245851988
    endloop
  endfacet
  facet normal 0.9723699203976751 -0.23344536385591172 0
    outer loop
      vertex 70.82708565069069 -29.655844176911494 7.539237357938054
      vertex 70.82708565069069 -29.655844176911494 0
      vertex 70.90767566415066 -29.320162612375114 7.546379518885637
    endloop
  endfacet
  facet normal 0.9723699203976751 0.23344536385591175 0
    outer loop
      vertex 70.90767566415066 -30.679837387624886 7.517450268348407
      vertex 70.90767566415066 -30.679837387624886 0
      vertex 70.82708565069069 -30.344155823088506 7.524592429295989
    endloop
  endfacet
  facet normal 0.9969173337331286 -0.07845909572783605 0
    outer loop
      vertex 70.8 -30 7.531914893617021
      vertex 70.8 -30 0
      vertex 70.82708565069069 -29.655844176911494 7.539237357938054
    endloop
  endfacet
  facet normal 0.9969173337331287 0.07845909572783605 0
    outer loop
      vertex 70.82708565069069 -30.344155823088506 7.524592429295989
      vertex 70.82708565069069 -30.344155823088506 0
      vertex 70.8 -30 7.531914893617021
    endloop
  endfacet
  facet normal 0.9238795325112855 0.3826834323650929 0
    outer loop
      vertex 71.03978564678559 -30.998779099427004 7.510664274480277
      vertex 71.03978564678559 -30.998779099427004 0
      vertex 70.90767566415066 -30.679837387624886 7.517450268348407
    endloop
  endfacet
  facet normal 0.8526401643540833 0.5224985647159633 0
    outer loop
      vertex 71.22016261237512 -31.29312755504344 7.504401541382055
      vertex 71.22016261237512 -31.29312755504344 0
      vertex 71.03978564678559 -30.998779099427004 7.510664274480277
    endloop
  endfacet
  facet normal 0.649448048330176 -0.7604059656000375 0
    outer loop
      vertex 71.44436508138959 -28.444365081389595 0
      vertex 71.70687244495656 -28.220162612375116 7.569783774204785
      vertex 71.44436508138959 -28.444365081389595 7.565013508906604
    endloop
  endfacet
  facet normal 0.5224985647159466 -0.8526401643540936 0
    outer loop
      vertex 71.70687244495656 -28.220162612375116 0
      vertex 72.001220900573 -28.03978564678559 7.573621581983286
      vertex 71.70687244495656 -28.220162612375116 7.569783774204785
    endloop
  endfacet
  facet normal 0.7604059656000434 -0.6494480483301691 0
    outer loop
      vertex 71.22016261237512 -28.70687244495656 7.559428245851988
      vertex 71.22016261237512 -28.70687244495656 0
      vertex 71.44436508138959 -28.444365081389595 7.565013508906604
    endloop
  endfacet
  facet normal 0.7604059656000433 0.6494480483301691 0
    outer loop
      vertex 71.44436508138959 -31.555634918610405 7.498816278327437
      vertex 71.44436508138959 -31.555634918610405 0
      vertex 71.22016261237512 -31.29312755504344 7.504401541382055
    endloop
  endfacet
  facet normal -0.5224985647159467 -0.8526401643540936 5.772322144537765e-19
    outer loop
      vertex 74.29312755504344 -28.220162612375116 7.569783774204785
      vertex 73.998779099427 -28.03978564678559 7.573621581983286
      vertex 73.998779099427 -28.03978564678559 0
    endloop
  endfacet
  facet normal -0.6494480483301759 -0.7604059656000375 3.385386273873935e-19
    outer loop
      vertex 74.55563491861041 -28.444365081389595 7.565013508906604
      vertex 74.29312755504344 -28.220162612375116 7.569783774204785
      vertex 74.29312755504344 -28.220162612375116 0
    endloop
  endfacet
  facet normal -0.7604059656000434 -0.6494480483301691 -7.261445955855941e-19
    outer loop
      vertex 74.77983738762488 -28.70687244495656 7.559428245851988
      vertex 74.55563491861041 -28.444365081389595 7.565013508906604
      vertex 74.55563491861041 -28.444365081389595 0
    endloop
  endfacet
  facet normal -0.8526401643540834 -0.5224985647159632 0
    outer loop
      vertex 74.77983738762488 -28.70687244495656 0
      vertex 74.96021435321441 -29.001220900572996 7.5531655127537665
      vertex 74.77983738762488 -28.70687244495656 7.559428245851988
    endloop
  endfacet
  facet normal -0.9238795325112854 -0.38268343236509283 0
    outer loop
      vertex 74.96021435321441 -29.001220900572996 0
      vertex 75.09232433584934 -29.320162612375114 7.546379518885635
      vertex 74.96021435321441 -29.001220900572996 7.5531655127537665
    endloop
  endfacet
  facet normal -0.9723699203976751 -0.23344536385591175 0
    outer loop
      vertex 75.09232433584934 -29.320162612375114 0
      vertex 75.17291434930931 -29.655844176911494 7.5392373579380525
      vertex 75.09232433584934 -29.320162612375114 7.546379518885635
    endloop
  endfacet
  facet normal -0.7604059656000433 0.6494480483301691 0
    outer loop
      vertex 74.77983738762488 -31.29312755504344 0
      vertex 74.55563491861041 -31.555634918610405 7.498816278327439
      vertex 74.77983738762488 -31.29312755504344 7.5044015413820535
    endloop
  endfacet
  facet normal -0.972369920397675 0.2334453638559117 0
    outer loop
      vertex 75.17291434930931 -30.344155823088506 0
      vertex 75.09232433584934 -30.679837387624886 7.517450268348407
      vertex 75.17291434930931 -30.344155823088506 7.524592429295989
    endloop
  endfacet
  facet normal -0.9969173337331286 -0.07845909572783603 0
    outer loop
      vertex 75.17291434930931 -29.655844176911494 0
      vertex 75.2 -30 7.531914893617021
      vertex 75.17291434930931 -29.655844176911494 7.5392373579380525
    endloop
  endfacet
  facet normal -0.9969173337331286 0.07845909572783605 0
    outer loop
      vertex 75.2 -30 0
      vertex 75.17291434930931 -30.344155823088506 7.524592429295989
      vertex 75.2 -30 7.531914893617021
    endloop
  endfacet
  facet normal -0.9238795325112855 0.3826834323650929 0
    outer loop
      vertex 75.09232433584934 -30.679837387624886 0
      vertex 74.96021435321441 -30.998779099427004 7.510664274480277
      vertex 75.09232433584934 -30.679837387624886 7.517450268348407
    endloop
  endfacet
  facet normal -0.8526401643540834 0.5224985647159633 0
    outer loop
      vertex 74.96021435321441 -30.998779099427004 0
      vertex 74.77983738762488 -31.29312755504344 7.5044015413820535
      vertex 74.96021435321441 -30.998779099427004 7.510664274480277
    endloop
  endfacet
  facet normal 0.649448048330176 0.7604059656000375 0
    outer loop
      vertex 71.70687244495656 -31.779837387624884 0
      vertex 71.44436508138959 -31.555634918610405 7.498816278327437
      vertex 71.70687244495656 -31.779837387624884 7.4940460130292585
    endloop
  endfacet
  facet normal 0.5224985647159467 0.8526401643540936 0
    outer loop
      vertex 72.001220900573 -31.96021435321441 0
      vertex 71.70687244495656 -31.779837387624884 7.4940460130292585
      vertex 72.001220900573 -31.96021435321441 7.490208205250758
    endloop
  endfacet
  facet normal 0.38268343236510016 0.9238795325112824 0
    outer loop
      vertex 72.32016261237511 -32.09232433584934 0
      vertex 72.001220900573 -31.96021435321441 7.490208205250758
      vertex 72.32016261237511 -32.09232433584934 7.487397354556396
    endloop
  endfacet
  facet normal 0.23344536385589693 0.9723699203976787 0
    outer loop
      vertex 72.65584417691149 -32.1729143493093 0
      vertex 72.32016261237511 -32.09232433584934 7.487397354556396
      vertex 72.65584417691149 -32.1729143493093 7.485682673418951
    endloop
  endfacet
  facet normal 0.0784590957278549 0.9969173337331273 0
    outer loop
      vertex 73 -32.2 0
      vertex 72.65584417691149 -32.1729143493093 7.485682673418951
      vertex 73 -32.2 7.4851063829787226
    endloop
  endfacet
  facet normal -0.0784590957278549 0.9969173337331272 0
    outer loop
      vertex 73.34415582308851 -32.1729143493093 0
      vertex 73 -32.2 7.4851063829787226
      vertex 73.34415582308851 -32.1729143493093 7.485682673418951
    endloop
  endfacet
  facet normal -0.23344536385589693 0.9723699203976786 0
    outer loop
      vertex 73.67983738762489 -32.09232433584934 0
      vertex 73.34415582308851 -32.1729143493093 7.485682673418951
      vertex 73.67983738762489 -32.09232433584934 7.487397354556398
    endloop
  endfacet
  facet normal -0.5224985647159467 0.8526401643540935 -5.833615579090864e-19
    outer loop
      vertex 73.998779099427 -31.96021435321441 7.490208205250758
      vertex 74.29312755504344 -31.779837387624884 7.4940460130292585
      vertex 74.29312755504344 -31.779837387624884 0
    endloop
  endfacet
  facet normal -0.38268343236510016 0.9238795325112824 -1.32943421051259e-19
    outer loop
      vertex 73.67983738762489 -32.09232433584934 7.487397354556398
      vertex 73.998779099427 -31.96021435321441 7.490208205250758
      vertex 73.998779099427 -31.96021435321441 0
    endloop
  endfacet
  facet normal -0.6494480483301759 0.7604059656000375 -3.4174249820536155e-19
    outer loop
      vertex 74.29312755504344 -31.779837387624884 7.4940460130292585
      vertex 74.55563491861041 -31.555634918610405 7.498816278327439
      vertex 74.55563491861041 -31.555634918610405 0
    endloop
  endfacet
  facet normal 1 0 0
    outer loop
      vertex 76 -4.8 4.5
      vertex 76 -8 8
      vertex 76 -102 4.5
    endloop
  endfacet
  facet normal 0 0 -1
    outer loop
      vertex 4.365931968523003 -53.22455344872378 0
      vertex 16.59583694396574 -63.595836943965736 0
      vertex 3.9641832724372428 -53.88014773623312 0
    endloop
  endfacet
  facet normal 0 0 -1
    outer loop
      vertex 3.464823227814083 -54.46482322781408 0
      vertex 3.9641832724372428 -53.88014773623312 0
      vertex 15.97057781775955 -64.45643230088554 0
    endloop
  endfacet
  facet normal 0 0 -1
    outer loop
      vertex 4.365931968523003 -53.22455344872378 0
      vertex 4.660176929846252 -52.51418327243724 0
      vertex 17.001530142205592 -63.24934221912518 0
    endloop
  endfacet
  facet normal 0 0 -1
    outer loop
      vertex 15.766407844596479 -64.94934221912519 0
      vertex 2.8801477362331185 -54.96418327243724 0
      vertex 3.464823227814083 -54.46482322781408 0
    endloop
  endfacet
  facet normal 0 0 -1
    outer loop
      vertex 2.2245534487237797 -55.365931968523 0
      vertex 5.25 -83 0
      vertex 1.5141832724372424 -55.66017692984625 0
    endloop
  endfacet
  facet normal 0 0 -1
    outer loop
      vertex 2.8801477362331185 -54.96418327243724 0
      vertex 5.25 -83 0
      vertex 2.2245534487237797 -55.365931968523 0
    endloop
  endfacet
  facet normal 0 0 -1
    outer loop
      vertex 1.5141832724372424 -55.66017692984625 0
      vertex 5.25 -83 0
      vertex 0.7665288786971313 -55.839672868916175 0
    endloop
  endfacet
  facet normal 0 0 -1
    outer loop
      vertex 4.839672868916176 -50.23347112130287 0
      vertex 19 -62.6 0
      vertex 18.468122818863215 -62.64185964197653 0
    endloop
  endfacet
  facet normal 0 0 -1
    outer loop
      vertex 4.839672868916176 -51.76652887869713 0
      vertex 17.949342219125178 -62.76640784459648 0
      vertex 17.45643230088554 -62.97057781775955 0
    endloop
  endfacet
  facet normal 0 0 -1
    outer loop
      vertex 4.9 -51 0
      vertex 18.468122818863215 -62.64185964197653 0
      vertex 17.949342219125178 -62.76640784459648 0
    endloop
  endfacet
  facet normal 0 0 -1
    outer loop
      vertex 15.766407844596479 -64.94934221912519 0
      vertex 3.464823227814083 -54.46482322781408 0
      vertex 15.97057781775955 -64.45643230088554 0
    endloop
  endfacet
  facet normal 0 0 -1
    outer loop
      vertex 2.8801477362331185 -54.96418327243724 0
      vertex 15.766407844596479 -64.94934221912519 0
      vertex 15.64185964197653 -65.46812281886322 0
    endloop
  endfacet
  facet normal 0 0 -1
    outer loop
      vertex 4.660176929846252 -52.51418327243724 0
      vertex 17.45643230088554 -62.97057781775955 0
      vertex 17.001530142205592 -63.24934221912518 0
    endloop
  endfacet
  facet normal 0 0 -1
    outer loop
      vertex 4.365931968523003 -53.22455344872378 0
      vertex 17.001530142205592 -63.24934221912518 0
      vertex 16.59583694396574 -63.595836943965736 0
    endloop
  endfacet
  facet normal 0 0 -1
    outer loop
      vertex 3.9641832724372428 -53.88014773623312 0
      vertex 16.24934221912518 -64.0015301422056 0
      vertex 15.97057781775955 -64.45643230088554 0
    endloop
  endfacet
  facet normal 0 0 -1
    outer loop
      vertex 3.9641832724372428 -53.88014773623312 0
      vertex 16.59583694396574 -63.595836943965736 0
      vertex 16.24934221912518 -64.0015301422056 0
    endloop
  endfacet
  facet normal 0 0 -1
    outer loop
      vertex 4.660176929846252 -49.48581672756276 0
      vertex 19.531877181136785 -62.64185964197653 0
      vertex 19 -62.6 0
    endloop
  endfacet
  facet normal 0 0 -1
    outer loop
      vertex 0.7665288786971313 -55.839672868916175 0
      vertex 5.25 -83 0
      vertex 2.002404735808355 -84.875 0
    endloop
  endfacet
  facet normal 0 0 -1
    outer loop
      vertex 2.8801477362331185 -54.96418327243724 0
      vertex 8.497595264191645 -84.875 0
      vertex 5.25 -83 0
    endloop
  endfacet
  facet normal 0 0 -1
    outer loop
      vertex -1.002404735808355 -84.875 0
      vertex 0.7665288786971313 -55.839672868916175 0
      vertex 0.5 -91.227 0
    endloop
  endfacet
  facet normal 0 0 -1
    outer loop
      vertex 0.7665288786971313 -55.839672868916175 0
      vertex 2.002404735808355 -84.875 0
      vertex 0.5 -91.227 0
    endloop
  endfacet
  facet normal 0 0 -1
    outer loop
      vertex 2.8801477362331185 -54.96418327243724 0
      vertex 10 -91.227 0
      vertex 8.497595264191645 -84.875 0
    endloop
  endfacet
  facet normal 0 0 -1
    outer loop
      vertex 2.8801477362331185 -54.96418327243724 0
      vertex 15.64185964197653 -65.46812281886322 0
      vertex 10 -91.227 0
    endloop
  endfacet
  facet normal 0 0 -1
    outer loop
      vertex 15.64185964197653 -65.46812281886322 0
      vertex 15.6 -66 0
      vertex 10 -91.227 0
    endloop
  endfacet
  facet normal 0 0 -1
    outer loop
      vertex 15.6 -66 0
      vertex 15.6 -76 0
      vertex 14.75 -83 0
    endloop
  endfacet
  facet normal 0 0 -1
    outer loop
      vertex 15.6 -66 0
      vertex 14.75 -83 0
      vertex 11.502404735808355 -84.875 0
    endloop
  endfacet
  facet normal 0 0 -1
    outer loop
      vertex 15.6 -66 0
      vertex 11.502404735808355 -84.875 0
      vertex 10 -91.227 0
    endloop
  endfacet
  facet normal 0 0 -1
    outer loop
      vertex 15.6 -76 0
      vertex 15.64185964197653 -76.53187718113678 0
      vertex 14.75 -83 0
    endloop
  endfacet
  facet normal 0 0 -1
    outer loop
      vertex 15.64185964197653 -76.53187718113678 0
      vertex 15.766407844596479 -77.05065778087481 0
      vertex 14.75 -83 0
    endloop
  endfacet
  facet normal 0 0 -1
    outer loop
      vertex 15.766407844596479 -77.05065778087481 0
      vertex 15.97057781775955 -77.54356769911446 0
      vertex 14.75 -83 0
    endloop
  endfacet
  facet normal 0 0 -1
    outer loop
      vertex 15.97057781775955 -77.54356769911446 0
      vertex 16.24934221912518 -77.9984698577944 0
      vertex 14.75 -83 0
    endloop
  endfacet
  facet normal 0 0 -1
    outer loop
      vertex 16.24934221912518 -77.9984698577944 0
      vertex 16.59583694396574 -78.40416305603426 0
      vertex 14.75 -83 0
    endloop
  endfacet
  facet normal 0 0 -1
    outer loop
      vertex 16.59583694396574 -78.40416305603426 0
      vertex 17.001530142205592 -78.75065778087482 0
      vertex 14.75 -83 0
    endloop
  endfacet
  facet normal 0 0 -1
    outer loop
      vertex 17.001530142205592 -78.75065778087482 0
      vertex 17.45643230088554 -79.02942218224045 0
      vertex 14.75 -83 0
    endloop
  endfacet
  facet normal 0 0 -1
    outer loop
      vertex 17.949342219125178 -79.23359215540353 0
      vertex 14.75 -83 0
      vertex 17.45643230088554 -79.02942218224045 0
    endloop
  endfacet
  facet normal 0 0 -1
    outer loop
      vertex 18.468122818863215 -79.35814035802346 0
      vertex 17.997595264191645 -84.875 0
      vertex 17.949342219125178 -79.23359215540353 0
    endloop
  endfacet
  facet normal 0 0 -1
    outer loop
      vertex 19 -79.4 0
      vertex 17.997595264191645 -84.875 0
      vertex 18.468122818863215 -79.35814035802346 0
    endloop
  endfacet
  facet normal 0 0 -1
    outer loop
      vertex 19 -79.4 0
      vertex 19.531877181136785 -79.35814035802346 0
      vertex 17.997595264191645 -84.875 0
    endloop
  endfacet
  facet normal 0 0 -1
    outer loop
      vertex 17.949342219125178 -79.23359215540353 0
      vertex 17.997595264191645 -84.875 0
      vertex 14.75 -83 0
    endloop
  endfacet
  facet normal 0.3826834323650863 -0.9238795325112882 8.628510466155919e-19
    outer loop
      vertex 17.45643230088554 -62.97057781775955 0
      vertex 17.949342219125178 -62.76640784459648 0
      vertex 17.949342219125178 -62.76640784459648 6
    endloop
  endfacet
  facet normal 0.23344536385590908 -0.9723699203976758 -1.5708975184097345e-18
    outer loop
      vertex 17.949342219125178 -62.76640784459648 0
      vertex 18.468122818863215 -62.64185964197653 0
      vertex 18.468122818863215 -62.64185964197653 6
    endloop
  endfacet
  facet normal 0.07845909572784047 -0.9969173337331283 -3.171428551585294e-19
    outer loop
      vertex 18.468122818863215 -62.64185964197653 0
      vertex 19 -62.6 0
      vertex 19 -62.6 6
    endloop
  endfacet
  facet normal 0.760405965600035 -0.6494480483301788 -3.671256681743594e-18
    outer loop
      vertex 16.24934221912518 -64.0015301422056 0
      vertex 16.59583694396574 -63.595836943965736 0
      vertex 16.59583694396574 -63.595836943965736 6
    endloop
  endfacet
  facet normal 0.92387953251129 -0.38268343236508207 4.0768572299687996e-19
    outer loop
      vertex 15.766407844596479 -64.94934221912519 0
      vertex 15.97057781775955 -64.45643230088554 0
      vertex 15.97057781775955 -64.45643230088554 6
    endloop
  endfacet
  facet normal 0.8526401643540887 -0.5224985647159545 0
    outer loop
      vertex 16.24934221912518 -64.0015301422056 0
      vertex 16.24934221912518 -64.0015301422056 6
      vertex 15.97057781775955 -64.45643230088554 0
    endloop
  endfacet
  facet normal 0.9723699203976758 -0.23344536385590908 0
    outer loop
      vertex 15.766407844596479 -64.94934221912519 0
      vertex 15.766407844596479 -64.94934221912519 6
      vertex 15.64185964197653 -65.46812281886322 0
    endloop
  endfacet
  facet normal 0.996917333733128 -0.07845909572784483 0
    outer loop
      vertex 15.64185964197653 -65.46812281886322 0
      vertex 15.64185964197653 -65.46812281886322 6
      vertex 15.6 -66 0
    endloop
  endfacet
  facet normal 0.6494480483301777 -0.760405965600036 1.4284736479454121e-19
    outer loop
      vertex 16.59583694396574 -63.595836943965736 0
      vertex 17.001530142205592 -63.24934221912518 0
      vertex 17.001530142205592 -63.24934221912518 6
    endloop
  endfacet
  facet normal 0.5224985647159559 -0.852640164354088 -2.4156020392218567e-18
    outer loop
      vertex 17.001530142205592 -63.24934221912518 0
      vertex 17.45643230088554 -62.97057781775955 0
      vertex 17.45643230088554 -62.97057781775955 6
    endloop
  endfacet
  facet normal 1 0 0
    outer loop
      vertex 15.6 -66 0
      vertex 15.6 -66 6
      vertex 15.6 -76 0
    endloop
  endfacet
  facet normal 0.5 -0.8660254037844387 0
    outer loop
      vertex 2.002404735808355 -84.875 0
      vertex 5.25 -83 0
      vertex 5.25 -83 6
    endloop
  endfacet
  facet normal 0.996917333733128 0.07845909572784483 0
    outer loop
      vertex 15.6 -76 0
      vertex 15.6 -76 6
      vertex 15.64185964197653 -76.53187718113678 0
    endloop
  endfacet
  facet normal 0.9723699203976758 0.23344536385590908 0
    outer loop
      vertex 15.64185964197653 -76.53187718113678 0
      vertex 15.64185964197653 -76.53187718113678 6
      vertex 15.766407844596479 -77.05065778087481 0
    endloop
  endfacet
  facet normal 0.5 -0.8660254037844387 0
    outer loop
      vertex 11.502404735808355 -84.875 0
      vertex 14.75 -83 0
      vertex 14.75 -83 6
    endloop
  endfacet
  facet normal 0.92387953251129 0.38268343236508207 0
    outer loop
      vertex 15.766407844596479 -77.05065778087481 0
      vertex 15.766407844596479 -77.05065778087481 6
      vertex 15.97057781775955 -77.54356769911446 0
    endloop
  endfacet
  facet normal 0.8526401643540887 0.5224985647159545 0
    outer loop
      vertex 15.97057781775955 -77.54356769911446 0
      vertex 15.97057781775955 -77.54356769911446 6
      vertex 16.24934221912518 -77.9984698577944 0
    endloop
  endfacet
  facet normal 0.760405965600035 0.6494480483301788 0
    outer loop
      vertex 16.24934221912518 -77.9984698577944 0
      vertex 16.24934221912518 -77.9984698577944 6
      vertex 16.59583694396574 -78.40416305603426 0
    endloop
  endfacet
  facet normal 0.6494480483301777 0.760405965600036 0
    outer loop
      vertex 16.59583694396574 -78.40416305603426 0
      vertex 16.59583694396574 -78.40416305603426 6
      vertex 17.001530142205592 -78.75065778087482 0
    endloop
  endfacet
  facet normal 0.5224985647159559 0.852640164354088 0
    outer loop
      vertex 17.001530142205592 -78.75065778087482 0
      vertex 17.001530142205592 -78.75065778087482 6
      vertex 17.45643230088554 -79.02942218224045 0
    endloop
  endfacet
  facet normal 0.3826834323650976 0.9238795325112834 1.8689013232614155e-18
    outer loop
      vertex 17.949342219125178 -79.23359215540353 0
      vertex 17.45643230088554 -79.02942218224045 0
      vertex 17.45643230088554 -79.02942218224045 6
    endloop
  endfacet
  facet normal 0.23344536385588388 0.9723699203976818 -1.761481400938166e-18
    outer loop
      vertex 18.468122818863215 -79.35814035802346 0
      vertex 17.949342219125178 -79.23359215540353 0
      vertex 17.949342219125178 -79.23359215540353 6
    endloop
  endfacet
  facet normal 0.07845909572786695 0.9969173337331262 -2.9947859703732883e-19
    outer loop
      vertex 19 -79.4 0
      vertex 18.468122818863215 -79.35814035802346 0
      vertex 18.468122818863215 -79.35814035802346 6
    endloop
  endfacet
  facet normal 0 0 -1
    outer loop
      vertex 17.949342219125178 -49.23359215540352 0
      vertex 20.050657780874822 -62.76640784459648 0
      vertex 19.531877181136785 -62.64185964197653 0
    endloop
  endfacet
  facet normal 0 0 -1
    outer loop
      vertex 17.949342219125178 -49.23359215540352 0
      vertex 20.54356769911446 -62.97057781775955 0
      vertex 20.050657780874822 -62.76640784459648 0
    endloop
  endfacet
  facet normal 0 0 -1
    outer loop
      vertex 17.949342219125178 -49.23359215540352 0
      vertex 20.998469857794408 -63.24934221912518 0
      vertex 20.54356769911446 -62.97057781775955 0
    endloop
  endfacet
  facet normal 0 0 -1
    outer loop
      vertex 17.949342219125178 -49.23359215540352 0
      vertex 21.40416305603426 -63.595836943965736 0
      vertex 20.998469857794408 -63.24934221912518 0
    endloop
  endfacet
  facet normal 0 0 -1
    outer loop
      vertex 17.949342219125178 -49.23359215540352 0
      vertex 21.75065778087482 -64.0015301422056 0
      vertex 21.40416305603426 -63.595836943965736 0
    endloop
  endfacet
  facet normal 0 0 -1
    outer loop
      vertex 17.949342219125178 -49.23359215540352 0
      vertex 22.029422182240452 -64.45643230088554 0
      vertex 21.75065778087482 -64.0015301422056 0
    endloop
  endfacet
  facet normal 0 0 -1
    outer loop
      vertex 17.949342219125178 -49.23359215540352 0
      vertex 22.23359215540352 -64.94934221912519 0
      vertex 22.029422182240452 -64.45643230088554 0
    endloop
  endfacet
  facet normal 0 0 -1
    outer loop
      vertex 17.949342219125178 -49.23359215540352 0
      vertex 18.468122818863215 -49.35814035802347 0
      vertex 46.497595264191645 -84.875 0
    endloop
  endfacet
  facet normal 0 0 -1
    outer loop
      vertex 17.949342219125178 -49.23359215540352 0
      vertex 43.25 -83 0
      vertex 22.23359215540352 -64.94934221912519 0
    endloop
  endfacet
  facet normal 0 0 -1
    outer loop
      vertex 18.468122818863215 -49.35814035802347 0
      vertex 19 -49.4 0
      vertex 49.502404735808355 -84.875 0
    endloop
  endfacet
  facet normal 0 0 -1
    outer loop
      vertex 19 -49.4 0
      vertex 19.531877181136785 -49.35814035802347 0
      vertex 52.75 -83 0
    endloop
  endfacet
  facet normal 0 0 -1
    outer loop
      vertex 19.531877181136785 -49.35814035802347 0
      vertex 20.050657780874822 -49.23359215540352 0
      vertex 55.997595264191645 -84.875 0
    endloop
  endfacet
  facet normal 0 0 -1
    outer loop
      vertex 20.050657780874822 -49.23359215540352 0
      vertex 20.54356769911446 -49.02942218224045 0
      vertex 55.997595264191645 -84.875 0
    endloop
  endfacet
  facet normal 0 0 -1
    outer loop
      vertex 20.54356769911446 -49.02942218224045 0
      vertex 20.998469857794408 -48.75065778087482 0
      vertex 55.997595264191645 -84.875 0
    endloop
  endfacet
  facet normal 0 0 -1
    outer loop
      vertex 21.40416305603426 -48.404163056034264 0
      vertex 55.997595264191645 -84.875 0
      vertex 20.998469857794408 -48.75065778087482 0
    endloop
  endfacet
  facet normal 0 0 -1
    outer loop
      vertex 21.75065778087482 -47.99846985779441 0
      vertex 55.997595264191645 -84.875 0
      vertex 21.40416305603426 -48.404163056034264 0
    endloop
  endfacet
  facet normal 0 0 -1
    outer loop
      vertex 22.4 -46 0
      vertex 64.5 -82 0
      vertex 22.35814035802347 -46.531877181136785 0
    endloop
  endfacet
  facet normal 0 0 -1
    outer loop
      vertex 22.23359215540352 -47.05065778087482 0
      vertex 22.35814035802347 -46.531877181136785 0
      vertex 64.5 -82 0
    endloop
  endfacet
  facet normal 0 0 -1
    outer loop
      vertex 21.75065778087482 -47.99846985779441 0
      vertex 22.029422182240452 -47.54356769911446 0
      vertex 64.5 -82 0
    endloop
  endfacet
  facet normal 0 0 -1
    outer loop
      vertex 22.23359215540352 -47.05065778087482 0
      vertex 64.5 -82 0
      vertex 22.029422182240452 -47.54356769911446 0
    endloop
  endfacet
  facet normal 0 0 -1
    outer loop
      vertex 22.4 -66 0
      vertex 24.25 -83 0
      vertex 22.4 -76 0
    endloop
  endfacet
  facet normal 0 0 -1
    outer loop
      vertex 22.35814035802347 -76.53187718113678 0
      vertex 22.4 -76 0
      vertex 24.25 -83 0
    endloop
  endfacet
  facet normal 0 0 -1
    outer loop
      vertex 20.998469857794408 -78.75065778087482 0
      vertex 21.40416305603426 -78.40416305603426 0
      vertex 24.25 -83 0
    endloop
  endfacet
  facet normal 0 0 -1
    outer loop
      vertex 21.40416305603426 -78.40416305603426 0
      vertex 21.75065778087482 -77.9984698577944 0
      vertex 24.25 -83 0
    endloop
  endfacet
  facet normal 0 0 -1
    outer loop
      vertex 22.35814035802347 -76.53187718113678 0
      vertex 24.25 -83 0
      vertex 22.23359215540352 -77.05065778087481 0
    endloop
  endfacet
  facet normal 0 0 -1
    outer loop
      vertex 22.23359215540352 -77.05065778087481 0
      vertex 24.25 -83 0
      vertex 22.029422182240452 -77.54356769911446 0
    endloop
  endfacet
  facet normal 0 0 -1
    outer loop
      vertex 21.75065778087482 -77.9984698577944 0
      vertex 22.029422182240452 -77.54356769911446 0
      vertex 24.25 -83 0
    endloop
  endfacet
  facet normal 0 0 -1
    outer loop
      vertex 19.531877181136785 -79.35814035802346 0
      vertex 20.050657780874822 -79.23359215540353 0
      vertex 21.002404735808355 -84.875 0
    endloop
  endfacet
  facet normal 0 0 -1
    outer loop
      vertex 20.050657780874822 -79.23359215540353 0
      vertex 20.54356769911446 -79.02942218224045 0
      vertex 21.002404735808355 -84.875 0
    endloop
  endfacet
  facet normal 0 0 -1
    outer loop
      vertex 20.54356769911446 -79.02942218224045 0
      vertex 20.998469857794408 -78.75065778087482 0
      vertex 21.002404735808355 -84.875 0
    endloop
  endfacet
  facet normal 0 0 -1
    outer loop
      vertex 20.998469857794408 -78.75065778087482 0
      vertex 24.25 -83 0
      vertex 21.002404735808355 -84.875 0
    endloop
  endfacet
  facet normal 0 0 -1
    outer loop
      vertex 22.4 -66 0
      vertex 33.75 -83 0
      vertex 24.25 -83 0
    endloop
  endfacet
  facet normal 0 0 -1
    outer loop
      vertex 22.35814035802347 -65.46812281886322 0
      vertex 22.23359215540352 -64.94934221912519 0
      vertex 43.25 -83 0
    endloop
  endfacet
  facet normal 0 0 -1
    outer loop
      vertex 22.4 -66 0
      vertex 22.35814035802347 -65.46812281886322 0
      vertex 43.25 -83 0
    endloop
  endfacet
  facet normal 0 0 -1
    outer loop
      vertex 17.949342219125178 -49.23359215540352 0
      vertex 46.497595264191645 -84.875 0
      vertex 43.25 -83 0
    endloop
  endfacet
  facet normal 0 0 -1
    outer loop
      vertex 22.4 -66 0
      vertex 40.002404735808355 -84.875 0
      vertex 33.75 -83 0
    endloop
  endfacet
  facet normal 0 0 -1
    outer loop
      vertex 24.25 -83 0
      vertex 33.75 -83 0
      vertex 30.502404735808355 -84.875 0
    endloop
  endfacet
  facet normal 0 0 -1
    outer loop
      vertex 22.4 -66 0
      vertex 43.25 -83 0
      vertex 40.002404735808355 -84.875 0
    endloop
  endfacet
  facet normal -0.07845909572784047 -0.9969173337331283 0
    outer loop
      vertex 19.531877181136785 -62.64185964197653 0
      vertex 19.531877181136785 -62.64185964197653 6
      vertex 19 -62.6 0
    endloop
  endfacet
  facet normal -0.23344536385590908 -0.9723699203976758 1.5708975184097345e-18
    outer loop
      vertex 19.531877181136785 -62.64185964197653 0
      vertex 20.050657780874822 -62.76640784459648 0
      vertex 20.050657780874822 -62.76640784459648 6
    endloop
  endfacet
  facet normal -0.3826834323650863 -0.9238795325112882 -8.628510466155919e-19
    outer loop
      vertex 20.050657780874822 -62.76640784459648 0
      vertex 20.54356769911446 -62.97057781775955 0
      vertex 20.54356769911446 -62.97057781775955 6
    endloop
  endfacet
  facet normal -0.5224985647159559 -0.852640164354088 2.4156020392218567e-18
    outer loop
      vertex 20.54356769911446 -62.97057781775955 0
      vertex 20.998469857794408 -63.24934221912518 0
      vertex 20.998469857794408 -63.24934221912518 6
    endloop
  endfacet
  facet normal -0.6494480483301777 -0.760405965600036 0
    outer loop
      vertex 21.40416305603426 -63.595836943965736 0
      vertex 21.40416305603426 -63.595836943965736 6
      vertex 20.998469857794408 -63.24934221912518 0
    endloop
  endfacet
  facet normal -0.760405965600035 -0.6494480483301788 3.671256681743594e-18
    outer loop
      vertex 21.40416305603426 -63.595836943965736 0
      vertex 21.75065778087482 -64.0015301422056 0
      vertex 21.75065778087482 -64.0015301422056 6
    endloop
  endfacet
  facet normal -0.8526401643540872 -0.5224985647159569 -1.1292401463454868e-18
    outer loop
      vertex 21.75065778087482 -64.0015301422056 0
      vertex 22.029422182240452 -64.45643230088554 0
      vertex 22.029422182240452 -64.45643230088554 6
    endloop
  endfacet
  facet normal -0.9238795325112911 -0.38268343236507923 0
    outer loop
      vertex 22.23359215540352 -64.94934221912519 0
      vertex 22.23359215540352 -64.94934221912519 6
      vertex 22.029422182240452 -64.45643230088554 0
    endloop
  endfacet
  facet normal -0.9723699203976758 -0.23344536385590908 0
    outer loop
      vertex 22.35814035802347 -65.46812281886322 0
      vertex 22.35814035802347 -65.46812281886322 6
      vertex 22.23359215540352 -64.94934221912519 0
    endloop
  endfacet
  facet normal -0.9969173337331283 -0.07845909572784153 0
    outer loop
      vertex 22.4 -66 0
      vertex 22.4 -66 6
      vertex 22.35814035802347 -65.46812281886322 0
    endloop
  endfacet
  facet normal -1 0 0
    outer loop
      vertex 22.4 -66 0
      vertex 22.4 -76 0
      vertex 22.4 -76 6
    endloop
  endfacet
  facet normal -0.9969173337331283 0.07845909572784153 0
    outer loop
      vertex 22.35814035802347 -76.53187718113678 0
      vertex 22.35814035802347 -76.53187718113678 6
      vertex 22.4 -76 0
    endloop
  endfacet
  facet normal -0.9723699203976758 0.23344536385590908 -1.5708975184097345e-18
    outer loop
      vertex 22.35814035802347 -76.53187718113678 0
      vertex 22.23359215540352 -77.05065778087481 0
      vertex 22.23359215540352 -77.05065778087481 6
    endloop
  endfacet
  facet normal -0.6494480483301777 0.760405965600036 0
    outer loop
      vertex 20.998469857794408 -78.75065778087482 0
      vertex 20.998469857794408 -78.75065778087482 6
      vertex 21.40416305603426 -78.40416305603426 0
    endloop
  endfacet
  facet normal -0.07845909572786695 0.9969173337331262 0
    outer loop
      vertex 19 -79.4 0
      vertex 19 -79.4 6
      vertex 19.531877181136785 -79.35814035802346 0
    endloop
  endfacet
  facet normal -0.23344536385588388 0.9723699203976818 0
    outer loop
      vertex 19.531877181136785 -79.35814035802346 0
      vertex 19.531877181136785 -79.35814035802346 6
      vertex 20.050657780874822 -79.23359215540353 0
    endloop
  endfacet
  facet normal -0.3826834323650976 0.9238795325112834 0
    outer loop
      vertex 20.050657780874822 -79.23359215540353 0
      vertex 20.050657780874822 -79.23359215540353 6
      vertex 20.54356769911446 -79.02942218224045 0
    endloop
  endfacet
  facet normal -0.5224985647159559 0.852640164354088 0
    outer loop
      vertex 20.54356769911446 -79.02942218224045 0
      vertex 20.54356769911446 -79.02942218224045 6
      vertex 20.998469857794408 -78.75065778087482 0
    endloop
  endfacet
  facet normal -0.8526401643540872 0.5224985647159569 0
    outer loop
      vertex 21.75065778087482 -77.9984698577944 0
      vertex 21.75065778087482 -77.9984698577944 6
      vertex 22.029422182240452 -77.54356769911446 0
    endloop
  endfacet
  facet normal -0.9238795325112911 0.38268343236507923 6.8047410773896e-21
    outer loop
      vertex 22.23359215540352 -77.05065778087481 0
      vertex 22.029422182240452 -77.54356769911446 0
      vertex 22.029422182240452 -77.54356769911446 6
    endloop
  endfacet
  facet normal -0.760405965600035 0.6494480483301788 0
    outer loop
      vertex 21.40416305603426 -78.40416305603426 0
      vertex 21.40416305603426 -78.40416305603426 6
      vertex 21.75065778087482 -77.9984698577944 0
    endloop
  endfacet
  facet normal 0.5 -0.8660254037844387 0
    outer loop
      vertex 21.002404735808355 -84.875 0
      vertex 24.25 -83 0
      vertex 24.25 -83 6
    endloop
  endfacet
  facet normal 0.5 -0.8660254037844387 0
    outer loop
      vertex 30.502404735808355 -84.875 0
      vertex 33.75 -83 0
      vertex 33.75 -83 6
    endloop
  endfacet
  facet normal 0 0 -1
    outer loop
      vertex 0.5 -91.227 0
      vertex 2.002404735808355 -84.875 0
      vertex 2.002404735808355 -88.625 0
    endloop
  endfacet
  facet normal 0 0 -1
    outer loop
      vertex 2.002404735808355 -88.625 0
      vertex 5.25 -90.5 0
      vertex 0.5 -91.227 0
    endloop
  endfacet
  facet normal 0 0 -1
    outer loop
      vertex 8.497595264191645 -88.625 0
      vertex 6.752404735808355 -93.102 0
      vertex 5.25 -90.5 0
    endloop
  endfacet
  facet normal 0 0 -1
    outer loop
      vertex 8.497595264191645 -84.875 0
      vertex 10 -91.227 0
      vertex 8.497595264191645 -88.625 0
    endloop
  endfacet
  facet normal 0 0 -1
    outer loop
      vertex 8.497595264191645 -88.625 0
      vertex 10 -91.227 0
      vertex 6.752404735808355 -93.102 0
    endloop
  endfacet
  facet normal 0 0 -1
    outer loop
      vertex 5.25 -90.5 0
      vertex 3.747595264191645 -93.102 0
      vertex 0.5 -91.227 0
    endloop
  endfacet
  facet normal 0 0 -1
    outer loop
      vertex 6.752404735808355 -96.852 0
      vertex 3.747595264191645 -96.852 0
      vertex 3.747595264191645 -93.102 0
    endloop
  endfacet
  facet normal 0 0 -1
    outer loop
      vertex 5.25 -90.5 0
      vertex 6.752404735808355 -96.852 0
      vertex 3.747595264191645 -93.102 0
    endloop
  endfacet
  facet normal 0 0 -1
    outer loop
      vertex 5.25 -90.5 0
      vertex 6.752404735808355 -93.102 0
      vertex 6.752404735808355 -96.852 0
    endloop
  endfacet
  facet normal 0 0 -1
    outer loop
      vertex 3.747595264191645 -96.852 0
      vertex 6.752404735808355 -96.852 0
      vertex 10 -98.727 0
    endloop
  endfacet
  facet normal 0 0 -1
    outer loop
      vertex 11.502404735808355 -88.625 0
      vertex 10 -91.227 0
      vertex 11.502404735808355 -84.875 0
    endloop
  endfacet
  facet normal 0 0 -1
    outer loop
      vertex 11.502404735808355 -88.625 0
      vertex 14.75 -90.5 0
      vertex 10 -91.227 0
    endloop
  endfacet
  facet normal 0 0 -1
    outer loop
      vertex 17.997595264191645 -88.625 0
      vertex 16.252404735808355 -93.102 0
      vertex 14.75 -90.5 0
    endloop
  endfacet
  facet normal 0 0 -1
    outer loop
      vertex 17.997595264191645 -84.875 0
      vertex 19.5 -91.227 0
      vertex 17.997595264191645 -88.625 0
    endloop
  endfacet
  facet normal 0 0 -1
    outer loop
      vertex 17.997595264191645 -88.625 0
      vertex 19.5 -91.227 0
      vertex 16.252404735808355 -93.102 0
    endloop
  endfacet
  facet normal 0 0 -1
    outer loop
      vertex 14.75 -90.5 0
      vertex 13.247595264191645 -93.102 0
      vertex 10 -91.227 0
    endloop
  endfacet
  facet normal 0 0 -1
    outer loop
      vertex 16.252404735808355 -96.852 0
      vertex 13.247595264191645 -96.852 0
      vertex 13.247595264191645 -93.102 0
    endloop
  endfacet
  facet normal 0 0 -1
    outer loop
      vertex 14.75 -90.5 0
      vertex 16.252404735808355 -96.852 0
      vertex 13.247595264191645 -93.102 0
    endloop
  endfacet
  facet normal 0 0 -1
    outer loop
      vertex 14.75 -90.5 0
      vertex 16.252404735808355 -93.102 0
      vertex 16.252404735808355 -96.852 0
    endloop
  endfacet
  facet normal 0 0 -1
    outer loop
      vertex 16.252404735808355 -96.852 0
      vertex 19.5 -98.727 0
      vertex 13.247595264191645 -96.852 0
    endloop
  endfacet
  facet normal 0 0 -1
    outer loop
      vertex 0.5 -98.727 0
      vertex 3.747595264191645 -96.852 0
      vertex 10 -98.727 0
    endloop
  endfacet
  facet normal 0 0 -1
    outer loop
      vertex -64.5 -108 0
      vertex 19.5 -98.727 0
      vertex 64.5 -108 0
    endloop
  endfacet
  facet normal 0 0 -1
    outer loop
      vertex 13.247595264191645 -96.852 0
      vertex 19.5 -98.727 0
      vertex 10 -98.727 0
    endloop
  endfacet
  facet normal 1 0 0
    outer loop
      vertex 2.002404735808355 -88.625 0
      vertex 2.002404735808355 -84.875 0
      vertex 2.002404735808355 -84.875 6
    endloop
  endfacet
  facet normal 0.5 0.8660254037844387 0
    outer loop
      vertex 2.002404735808355 -88.625 0
      vertex 2.002404735808355 -88.625 6
      vertex 5.25 -90.5 0
    endloop
  endfacet
  facet normal -0.5 -0.8660254037844387 0
    outer loop
      vertex 5.25 -83 0
      vertex 8.497595264191645 -84.875 0
      vertex 8.497595264191645 -84.875 6
    endloop
  endfacet
  facet normal -1 0 0
    outer loop
      vertex 8.497595264191645 -84.875 0
      vertex 8.497595264191645 -88.625 0
      vertex 8.497595264191645 -88.625 6
    endloop
  endfacet
  facet normal -0.5 0.8660254037844387 0
    outer loop
      vertex 8.497595264191645 -88.625 0
      vertex 5.25 -90.5 0
      vertex 5.25 -90.5 6
    endloop
  endfacet
  facet normal -0.5 -0.8660254037844387 0
    outer loop
      vertex 0.5 -91.227 0
      vertex 3.747595264191645 -93.102 0
      vertex 3.747595264191645 -93.102 6
    endloop
  endfacet
  facet normal -1 0 0
    outer loop
      vertex 3.747595264191645 -93.102 0
      vertex 3.747595264191645 -96.852 0
      vertex 3.747595264191645 -96.852 6
    endloop
  endfacet
  facet normal 1 0 0
    outer loop
      vertex 6.752404735808355 -96.852 0
      vertex 6.752404735808355 -93.102 0
      vertex 6.752404735808355 -93.102 6
    endloop
  endfacet
  facet normal 0.5 -0.8660254037844387 0
    outer loop
      vertex 6.752404735808355 -93.102 0
      vertex 10 -91.227 0
      vertex 10 -91.227 6
    endloop
  endfacet
  facet normal 0.5 0.8660254037844387 0
    outer loop
      vertex 6.752404735808355 -96.852 0
      vertex 6.752404735808355 -96.852 6
      vertex 10 -98.727 0
    endloop
  endfacet
  facet normal 1 0 0
    outer loop
      vertex 11.502404735808355 -88.625 0
      vertex 11.502404735808355 -84.875 0
      vertex 11.502404735808355 -84.875 6
    endloop
  endfacet
  facet normal 0.5 0.8660254037844387 0
    outer loop
      vertex 11.502404735808355 -88.625 0
      vertex 11.502404735808355 -88.625 6
      vertex 14.75 -90.5 0
    endloop
  endfacet
  facet normal -0.5 -0.8660254037844387 0
    outer loop
      vertex 14.75 -83 0
      vertex 17.997595264191645 -84.875 0
      vertex 17.997595264191645 -84.875 6
    endloop
  endfacet
  facet normal -1 0 0
    outer loop
      vertex 17.997595264191645 -84.875 0
      vertex 17.997595264191645 -88.625 0
      vertex 17.997595264191645 -88.625 6
    endloop
  endfacet
  facet normal -0.5 0.8660254037844387 0
    outer loop
      vertex 17.997595264191645 -88.625 0
      vertex 14.75 -90.5 0
      vertex 14.75 -90.5 6
    endloop
  endfacet
  facet normal -0.5 -0.8660254037844387 0
    outer loop
      vertex 10 -91.227 0
      vertex 13.247595264191645 -93.102 0
      vertex 13.247595264191645 -93.102 6
    endloop
  endfacet
  facet normal -1 0 0
    outer loop
      vertex 13.247595264191645 -93.102 0
      vertex 13.247595264191645 -96.852 0
      vertex 13.247595264191645 -96.852 6
    endloop
  endfacet
  facet normal 1 0 0
    outer loop
      vertex 16.252404735808355 -96.852 0
      vertex 16.252404735808355 -93.102 0
      vertex 16.252404735808355 -93.102 6
    endloop
  endfacet
  facet normal 0.5 -0.8660254037844387 0
    outer loop
      vertex 16.252404735808355 -93.102 0
      vertex 19.5 -91.227 0
      vertex 19.5 -91.227 6
    endloop
  endfacet
  facet normal 0.5 0.8660254037844387 0
    outer loop
      vertex 16.252404735808355 -96.852 0
      vertex 16.252404735808355 -96.852 6
      vertex 19.5 -98.727 0
    endloop
  endfacet
  facet normal -0.5 0.8660254037844387 0
    outer loop
      vertex 0.5 -98.727 0
      vertex 0.5 -98.727 6
      vertex 3.747595264191645 -96.852 0
    endloop
  endfacet
  facet normal -0.5 0.8660254037844387 0
    outer loop
      vertex 13.247595264191645 -96.852 0
      vertex 10 -98.727 0
      vertex 10 -98.727 6
    endloop
  endfacet
  facet normal 0 0 -1
    outer loop
      vertex 19.531877181136785 -79.35814035802346 0
      vertex 19.5 -91.227 0
      vertex 17.997595264191645 -84.875 0
    endloop
  endfacet
  facet normal 0 0 -1
    outer loop
      vertex 19.531877181136785 -79.35814035802346 0
      vertex 21.002404735808355 -84.875 0
      vertex 19.5 -91.227 0
    endloop
  endfacet
  facet normal 0 0 -1
    outer loop
      vertex 21.002404735808355 -88.625 0
      vertex 19.5 -91.227 0
      vertex 21.002404735808355 -84.875 0
    endloop
  endfacet
  facet normal 0 0 -1
    outer loop
      vertex 21.002404735808355 -88.625 0
      vertex 24.25 -90.5 0
      vertex 19.5 -91.227 0
    endloop
  endfacet
  facet normal 0 0 -1
    outer loop
      vertex 24.25 -83 0
      vertex 30.502404735808355 -84.875 0
      vertex 27.497595264191645 -84.875 0
    endloop
  endfacet
  facet normal 0 0 -1
    outer loop
      vertex 27.497595264191645 -88.625 0
      vertex 25.752404735808355 -93.102 0
      vertex 24.25 -90.5 0
    endloop
  endfacet
  facet normal 0 0 -1
    outer loop
      vertex 27.497595264191645 -84.875 0
      vertex 29 -91.227 0
      vertex 27.497595264191645 -88.625 0
    endloop
  endfacet
  facet normal 0 0 -1
    outer loop
      vertex 27.497595264191645 -88.625 0
      vertex 29 -91.227 0
      vertex 25.752404735808355 -93.102 0
    endloop
  endfacet
  facet normal 0 0 -1
    outer loop
      vertex 24.25 -90.5 0
      vertex 22.747595264191645 -93.102 0
      vertex 19.5 -91.227 0
    endloop
  endfacet
  facet normal 0 0 -1
    outer loop
      vertex 25.752404735808355 -96.852 0
      vertex 22.747595264191645 -96.852 0
      vertex 22.747595264191645 -93.102 0
    endloop
  endfacet
  facet normal 0 0 -1
    outer loop
      vertex 24.25 -90.5 0
      vertex 25.752404735808355 -96.852 0
      vertex 22.747595264191645 -93.102 0
    endloop
  endfacet
  facet normal 0 0 -1
    outer loop
      vertex 24.25 -90.5 0
      vertex 25.752404735808355 -93.102 0
      vertex 25.752404735808355 -96.852 0
    endloop
  endfacet
  facet normal 0 0 -1
    outer loop
      vertex 25.752404735808355 -96.852 0
      vertex 29 -98.727 0
      vertex 22.747595264191645 -96.852 0
    endloop
  endfacet
  facet normal 0 0 -1
    outer loop
      vertex 27.497595264191645 -84.875 0
      vertex 30.502404735808355 -84.875 0
      vertex 29 -91.227 0
    endloop
  endfacet
  facet normal 0 0 -1
    outer loop
      vertex 30.502404735808355 -88.625 0
      vertex 29 -91.227 0
      vertex 30.502404735808355 -84.875 0
    endloop
  endfacet
  facet normal 0 0 -1
    outer loop
      vertex 30.502404735808355 -88.625 0
      vertex 33.75 -90.5 0
      vertex 29 -91.227 0
    endloop
  endfacet
  facet normal 0 0 -1
    outer loop
      vertex 33.75 -83 0
      vertex 40.002404735808355 -84.875 0
      vertex 36.997595264191645 -84.875 0
    endloop
  endfacet
  facet normal 0 0 -1
    outer loop
      vertex 36.997595264191645 -88.625 0
      vertex 35.252404735808355 -93.102 0
      vertex 33.75 -90.5 0
    endloop
  endfacet
  facet normal 0 0 -1
    outer loop
      vertex 36.997595264191645 -84.875 0
      vertex 38.5 -91.227 0
      vertex 36.997595264191645 -88.625 0
    endloop
  endfacet
  facet normal 0 0 -1
    outer loop
      vertex 36.997595264191645 -88.625 0
      vertex 38.5 -91.227 0
      vertex 35.252404735808355 -93.102 0
    endloop
  endfacet
  facet normal 0 0 -1
    outer loop
      vertex 33.75 -90.5 0
      vertex 32.247595264191645 -93.102 0
      vertex 29 -91.227 0
    endloop
  endfacet
  facet normal 0 0 -1
    outer loop
      vertex 35.252404735808355 -96.852 0
      vertex 32.247595264191645 -96.852 0
      vertex 32.247595264191645 -93.102 0
    endloop
  endfacet
  facet normal 0 0 -1
    outer loop
      vertex 33.75 -90.5 0
      vertex 35.252404735808355 -93.102 0
      vertex 32.247595264191645 -93.102 0
    endloop
  endfacet
  facet normal 0 0 -1
    outer loop
      vertex 35.252404735808355 -93.102 0
      vertex 35.252404735808355 -96.852 0
      vertex 32.247595264191645 -93.102 0
    endloop
  endfacet
  facet normal 0 0 -1
    outer loop
      vertex 35.252404735808355 -96.852 0
      vertex 38.5 -98.727 0
      vertex 32.247595264191645 -96.852 0
    endloop
  endfacet
  facet normal 0 0 -1
    outer loop
      vertex 19.5 -98.727 0
      vertex 22.747595264191645 -96.852 0
      vertex 29 -98.727 0
    endloop
  endfacet
  facet normal 0 0 -1
    outer loop
      vertex -74.5 -110.5 0
      vertex 64.5 -108 0
      vertex 69.5 -108 0
    endloop
  endfacet
  facet normal 0 0 -1
    outer loop
      vertex -74.5 -110.5 0
      vertex 69.5 -108 0
      vertex 74.5 -110.5 0
    endloop
  endfacet
  facet normal 0 -0.7071067811865476 -0.7071067811865476
    outer loop
      vertex -74.5 -112 1.5
      vertex 74.5 -110.5 0
      vertex 74.5 -112 1.5
    endloop
  endfacet
  facet normal 0 0 -1
    outer loop
      vertex 32.247595264191645 -96.852 0
      vertex 38.5 -98.727 0
      vertex 29 -98.727 0
    endloop
  endfacet
  facet normal 0 0 -1
    outer loop
      vertex 64.5 -108 0
      vertex 19.5 -98.727 0
      vertex 29 -98.727 0
    endloop
  endfacet
  facet normal 1 0 0
    outer loop
      vertex 21.002404735808355 -88.625 0
      vertex 21.002404735808355 -84.875 0
      vertex 21.002404735808355 -84.875 6
    endloop
  endfacet
  facet normal 0.5 0.8660254037844387 0
    outer loop
      vertex 21.002404735808355 -88.625 0
      vertex 21.002404735808355 -88.625 6
      vertex 24.25 -90.5 0
    endloop
  endfacet
  facet normal -0.5 -0.8660254037844387 0
    outer loop
      vertex 24.25 -83 0
      vertex 27.497595264191645 -84.875 0
      vertex 27.497595264191645 -84.875 6
    endloop
  endfacet
  facet normal -1 0 0
    outer loop
      vertex 27.497595264191645 -84.875 0
      vertex 27.497595264191645 -88.625 0
      vertex 27.497595264191645 -88.625 6
    endloop
  endfacet
  facet normal -0.5 0.8660254037844387 0
    outer loop
      vertex 27.497595264191645 -88.625 0
      vertex 24.25 -90.5 0
      vertex 24.25 -90.5 6
    endloop
  endfacet
  facet normal -0.5 -0.8660254037844387 0
    outer loop
      vertex 19.5 -91.227 0
      vertex 22.747595264191645 -93.102 0
      vertex 22.747595264191645 -93.102 6
    endloop
  endfacet
  facet normal -1 0 0
    outer loop
      vertex 22.747595264191645 -93.102 0
      vertex 22.747595264191645 -96.852 0
      vertex 22.747595264191645 -96.852 6
    endloop
  endfacet
  facet normal 1 0 0
    outer loop
      vertex 25.752404735808355 -96.852 0
      vertex 25.752404735808355 -93.102 0
      vertex 25.752404735808355 -93.102 6
    endloop
  endfacet
  facet normal 0.5 -0.8660254037844387 0
    outer loop
      vertex 25.752404735808355 -93.102 0
      vertex 29 -91.227 0
      vertex 29 -91.227 6
    endloop
  endfacet
  facet normal 0.5 0.8660254037844387 0
    outer loop
      vertex 25.752404735808355 -96.852 0
      vertex 25.752404735808355 -96.852 6
      vertex 29 -98.727 0
    endloop
  endfacet
  facet normal 1 0 0
    outer loop
      vertex 30.502404735808355 -88.625 0
      vertex 30.502404735808355 -84.875 0
      vertex 30.502404735808355 -84.875 6
    endloop
  endfacet
  facet normal 0.5 0.8660254037844387 0
    outer loop
      vertex 30.502404735808355 -88.625 0
      vertex 30.502404735808355 -88.625 6
      vertex 33.75 -90.5 0
    endloop
  endfacet
  facet normal -0.5 -0.8660254037844387 0
    outer loop
      vertex 33.75 -83 0
      vertex 36.997595264191645 -84.875 0
      vertex 36.997595264191645 -84.875 6
    endloop
  endfacet
  facet normal -1 0 0
    outer loop
      vertex 36.997595264191645 -84.875 0
      vertex 36.997595264191645 -88.625 0
      vertex 36.997595264191645 -88.625 6
    endloop
  endfacet
  facet normal -0.5 0.8660254037844387 0
    outer loop
      vertex 36.997595264191645 -88.625 0
      vertex 33.75 -90.5 0
      vertex 33.75 -90.5 6
    endloop
  endfacet
  facet normal -0.5 -0.8660254037844387 -1.4802973661668753e-16
    outer loop
      vertex 29 -91.227 0
      vertex 32.247595264191645 -93.102 0
      vertex 31.841645856167688 -92.867625 6
    endloop
  endfacet
  facet normal -1 0 0
    outer loop
      vertex 32.247595264191645 -93.102 0
      vertex 32.247595264191645 -96.852 0
      vertex 32.247595264191645 -96.852 6
    endloop
  endfacet
  facet normal 1 0 0
    outer loop
      vertex 35.252404735808355 -93.102 0
      vertex 35.252404735808355 -93.102 6
      vertex 35.252404735808355 -96.852 0
    endloop
  endfacet
  facet normal 0.5 -0.8660254037844387 0
    outer loop
      vertex 35.252404735808355 -93.102 0
      vertex 38.5 -91.227 0
      vertex 38.5 -91.227 6
    endloop
  endfacet
  facet normal 0.5 0.8660254037844387 0
    outer loop
      vertex 35.252404735808355 -96.852 0
      vertex 35.252404735808355 -96.852 6
      vertex 38.5 -98.727 0
    endloop
  endfacet
  facet normal -0.5 0.8660254037844387 0
    outer loop
      vertex 19.5 -98.727 0
      vertex 19.5 -98.727 6
      vertex 22.747595264191645 -96.852 0
    endloop
  endfacet
  facet normal 0 -1 0
    outer loop
      vertex -74.5 -112 1.5
      vertex 74.5 -112 1.5
      vertex 74.5 -112 4.5
    endloop
  endfacet
  facet normal -0.5 0.8660254037844387 0
    outer loop
      vertex 32.247595264191645 -96.852 0
      vertex 29 -98.727 0
      vertex 29 -98.727 6
    endloop
  endfacet
  facet normal 0.3826834323650863 -0.9238795325112882 0
    outer loop
      vertex 17.45643230088554 -62.97057781775955 0
      vertex 17.949342219125178 -62.76640784459648 6
      vertex 17.45643230088554 -62.97057781775955 6
    endloop
  endfacet
  facet normal 0.23344536385590908 -0.9723699203976758 0
    outer loop
      vertex 17.949342219125178 -62.76640784459648 0
      vertex 18.468122818863215 -62.64185964197653 6
      vertex 17.949342219125178 -62.76640784459648 6
    endloop
  endfacet
  facet normal 0.07845909572784047 -0.9969173337331283 0
    outer loop
      vertex 18.468122818863215 -62.64185964197653 6
      vertex 18.468122818863215 -62.64185964197653 0
      vertex 19 -62.6 6
    endloop
  endfacet
  facet normal 0.760405965600035 -0.6494480483301788 0
    outer loop
      vertex 16.24934221912518 -64.0015301422056 0
      vertex 16.59583694396574 -63.595836943965736 6
      vertex 16.24934221912518 -64.0015301422056 6
    endloop
  endfacet
  facet normal 0.8526401643540887 -0.5224985647159545 0
    outer loop
      vertex 15.97057781775955 -64.45643230088554 0
      vertex 16.24934221912518 -64.0015301422056 6
      vertex 15.97057781775955 -64.45643230088554 6
    endloop
  endfacet
  facet normal 0.92387953251129 -0.38268343236508207 0
    outer loop
      vertex 15.766407844596479 -64.94934221912519 0
      vertex 15.97057781775955 -64.45643230088554 6
      vertex 15.766407844596479 -64.94934221912519 6
    endloop
  endfacet
  facet normal 0.9723699203976758 -0.23344536385590908 0
    outer loop
      vertex 15.64185964197653 -65.46812281886322 0
      vertex 15.766407844596479 -64.94934221912519 6
      vertex 15.64185964197653 -65.46812281886322 6
    endloop
  endfacet
  facet normal 0.996917333733128 -0.07845909572784483 0
    outer loop
      vertex 15.6 -66 0
      vertex 15.64185964197653 -65.46812281886322 6
      vertex 15.6 -66 6
    endloop
  endfacet
  facet normal 0.5224985647159559 -0.852640164354088 0
    outer loop
      vertex 17.001530142205592 -63.24934221912518 0
      vertex 17.45643230088554 -62.97057781775955 6
      vertex 17.001530142205592 -63.24934221912518 6
    endloop
  endfacet
  facet normal 0.6494480483301777 -0.760405965600036 0
    outer loop
      vertex 16.59583694396574 -63.595836943965736 0
      vertex 17.001530142205592 -63.24934221912518 6
      vertex 16.59583694396574 -63.595836943965736 6
    endloop
  endfacet
  facet normal -0.5 -0.8660254037844387 0
    outer loop
      vertex 5.25 -83 0
      vertex 8.497595264191645 -84.875 6
      vertex 5.25 -83 6
    endloop
  endfacet
  facet normal 1 0 0
    outer loop
      vertex 15.6 -76 0
      vertex 15.6 -66 6
      vertex 15.6 -76 6
    endloop
  endfacet
  facet normal 0.996917333733128 0.07845909572784483 0
    outer loop
      vertex 15.64185964197653 -76.53187718113678 0
      vertex 15.6 -76 6
      vertex 15.64185964197653 -76.53187718113678 6
    endloop
  endfacet
  facet normal 0.9723699203976758 0.23344536385590908 0
    outer loop
      vertex 15.766407844596479 -77.05065778087481 0
      vertex 15.64185964197653 -76.53187718113678 6
      vertex 15.766407844596479 -77.05065778087481 6
    endloop
  endfacet
  facet normal 0.92387953251129 0.38268343236508207 0
    outer loop
      vertex 15.97057781775955 -77.54356769911446 0
      vertex 15.766407844596479 -77.05065778087481 6
      vertex 15.97057781775955 -77.54356769911446 6
    endloop
  endfacet
  facet normal 0.8526401643540887 0.5224985647159545 0
    outer loop
      vertex 16.24934221912518 -77.9984698577944 0
      vertex 15.97057781775955 -77.54356769911446 6
      vertex 16.24934221912518 -77.9984698577944 6
    endloop
  endfacet
  facet normal 0.760405965600035 0.6494480483301788 0
    outer loop
      vertex 16.59583694396574 -78.40416305603426 0
      vertex 16.24934221912518 -77.9984698577944 6
      vertex 16.59583694396574 -78.40416305603426 6
    endloop
  endfacet
  facet normal 0.6494480483301777 0.760405965600036 0
    outer loop
      vertex 17.001530142205592 -78.75065778087482 0
      vertex 16.59583694396574 -78.40416305603426 6
      vertex 17.001530142205592 -78.75065778087482 6
    endloop
  endfacet
  facet normal 0.5224985647159559 0.852640164354088 0
    outer loop
      vertex 17.45643230088554 -79.02942218224045 0
      vertex 17.001530142205592 -78.75065778087482 6
      vertex 17.45643230088554 -79.02942218224045 6
    endloop
  endfacet
  facet normal 0.3826834323650976 0.9238795325112834 0
    outer loop
      vertex 17.949342219125178 -79.23359215540353 0
      vertex 17.45643230088554 -79.02942218224045 6
      vertex 17.949342219125178 -79.23359215540353 6
    endloop
  endfacet
  facet normal 0.23344536385588388 0.9723699203976818 0
    outer loop
      vertex 18.468122818863215 -79.35814035802346 0
      vertex 17.949342219125178 -79.23359215540353 6
      vertex 18.468122818863215 -79.35814035802346 6
    endloop
  endfacet
  facet normal 0.07845909572786695 0.9969173337331262 0
    outer loop
      vertex 19 -79.4 0
      vertex 18.468122818863215 -79.35814035802346 6
      vertex 19 -79.4 6
    endloop
  endfacet
  facet normal -0.5 -0.8660254037844387 0
    outer loop
      vertex 14.75 -83 0
      vertex 17.997595264191645 -84.875 6
      vertex 14.75 -83 6
    endloop
  endfacet
  facet normal -0.07845909572784047 -0.9969173337331283 0
    outer loop
      vertex 19 -62.6 0
      vertex 19.531877181136785 -62.64185964197653 6
      vertex 19 -62.6 6
    endloop
  endfacet
  facet normal -0.23344536385590908 -0.9723699203976758 0
    outer loop
      vertex 19.531877181136785 -62.64185964197653 0
      vertex 20.050657780874822 -62.76640784459648 6
      vertex 19.531877181136785 -62.64185964197653 6
    endloop
  endfacet
  facet normal -0.3826834323650863 -0.9238795325112882 0
    outer loop
      vertex 20.050657780874822 -62.76640784459648 0
      vertex 20.54356769911446 -62.97057781775955 6
      vertex 20.050657780874822 -62.76640784459648 6
    endloop
  endfacet
  facet normal -0.5224985647159559 -0.852640164354088 0
    outer loop
      vertex 20.54356769911446 -62.97057781775955 0
      vertex 20.998469857794408 -63.24934221912518 6
      vertex 20.54356769911446 -62.97057781775955 6
    endloop
  endfacet
  facet normal -0.6494480483301777 -0.760405965600036 0
    outer loop
      vertex 20.998469857794408 -63.24934221912518 0
      vertex 21.40416305603426 -63.595836943965736 6
      vertex 20.998469857794408 -63.24934221912518 6
    endloop
  endfacet
  facet normal -0.760405965600035 -0.6494480483301788 0
    outer loop
      vertex 21.40416305603426 -63.595836943965736 0
      vertex 21.75065778087482 -64.0015301422056 6
      vertex 21.40416305603426 -63.595836943965736 6
    endloop
  endfacet
  facet normal -0.8526401643540872 -0.5224985647159569 0
    outer loop
      vertex 21.75065778087482 -64.0015301422056 0
      vertex 22.029422182240452 -64.45643230088554 6
      vertex 21.75065778087482 -64.0015301422056 6
    endloop
  endfacet
  facet normal -0.9238795325112911 -0.38268343236507923 0
    outer loop
      vertex 22.029422182240452 -64.45643230088554 0
      vertex 22.23359215540352 -64.94934221912519 6
      vertex 22.029422182240452 -64.45643230088554 6
    endloop
  endfacet
  facet normal -0.9723699203976758 -0.23344536385590908 0
    outer loop
      vertex 22.23359215540352 -64.94934221912519 0
      vertex 22.35814035802347 -65.46812281886322 6
      vertex 22.23359215540352 -64.94934221912519 6
    endloop
  endfacet
  facet normal -0.9969173337331283 -0.07845909572784153 0
    outer loop
      vertex 22.35814035802347 -65.46812281886322 0
      vertex 22.4 -66 6
      vertex 22.35814035802347 -65.46812281886322 6
    endloop
  endfacet
  facet normal -1 0 0
    outer loop
      vertex 22.4 -66 0
      vertex 22.4 -76 6
      vertex 22.4 -66 6
    endloop
  endfacet
  facet normal -0.9969173337331283 0.07845909572784153 0
    outer loop
      vertex 22.4 -76 0
      vertex 22.35814035802347 -76.53187718113678 6
      vertex 22.4 -76 6
    endloop
  endfacet
  facet normal -0.9723699203976758 0.23344536385590908 0
    outer loop
      vertex 22.35814035802347 -76.53187718113678 0
      vertex 22.23359215540352 -77.05065778087481 6
      vertex 22.35814035802347 -76.53187718113678 6
    endloop
  endfacet
  facet normal -0.6494480483301777 0.760405965600036 0
    outer loop
      vertex 21.40416305603426 -78.40416305603426 0
      vertex 20.998469857794408 -78.75065778087482 6
      vertex 21.40416305603426 -78.40416305603426 6
    endloop
  endfacet
  facet normal -0.07845909572786695 0.9969173337331262 0
    outer loop
      vertex 19.531877181136785 -79.35814035802346 0
      vertex 19 -79.4 6
      vertex 19.531877181136785 -79.35814035802346 6
    endloop
  endfacet
  facet normal -0.23344536385588388 0.9723699203976818 0
    outer loop
      vertex 20.050657780874822 -79.23359215540353 0
      vertex 19.531877181136785 -79.35814035802346 6
      vertex 20.050657780874822 -79.23359215540353 6
    endloop
  endfacet
  facet normal -0.3826834323650976 0.9238795325112834 0
    outer loop
      vertex 20.54356769911446 -79.02942218224045 0
      vertex 20.050657780874822 -79.23359215540353 6
      vertex 20.54356769911446 -79.02942218224045 6
    endloop
  endfacet
  facet normal -0.5224985647159559 0.852640164354088 0
    outer loop
      vertex 20.998469857794408 -78.75065778087482 0
      vertex 20.54356769911446 -79.02942218224045 6
      vertex 20.998469857794408 -78.75065778087482 6
    endloop
  endfacet
  facet normal -0.8526401643540872 0.5224985647159569 0
    outer loop
      vertex 22.029422182240452 -77.54356769911446 0
      vertex 21.75065778087482 -77.9984698577944 6
      vertex 22.029422182240452 -77.54356769911446 6
    endloop
  endfacet
  facet normal -0.9238795325112911 0.38268343236507923 0
    outer loop
      vertex 22.23359215540352 -77.05065778087481 0
      vertex 22.029422182240452 -77.54356769911446 6
      vertex 22.23359215540352 -77.05065778087481 6
    endloop
  endfacet
  facet normal -0.760405965600035 0.6494480483301788 0
    outer loop
      vertex 21.75065778087482 -77.9984698577944 0
      vertex 21.40416305603426 -78.40416305603426 6
      vertex 21.75065778087482 -77.9984698577944 6
    endloop
  endfacet
  facet normal -0.5 -0.8660254037844387 0
    outer loop
      vertex 24.25 -83 0
      vertex 27.497595264191645 -84.875 6
      vertex 24.25 -83 6
    endloop
  endfacet
  facet normal -0.5 -0.8660254037844387 0
    outer loop
      vertex 33.75 -83 0
      vertex 36.997595264191645 -84.875 6
      vertex 33.75 -83 6
    endloop
  endfacet
  facet normal 1 0 0
    outer loop
      vertex 2.002404735808355 -88.625 0
      vertex 2.002404735808355 -84.875 6
      vertex 2.002404735808355 -88.625 6
    endloop
  endfacet
  facet normal 0.5 -0.8660254037844387 0
    outer loop
      vertex 2.002404735808355 -84.875 0
      vertex 5.25 -83 6
      vertex 2.002404735808355 -84.875 6
    endloop
  endfacet
  facet normal 0.5 0.8660254037844387 0
    outer loop
      vertex 5.25 -90.5 0
      vertex 2.002404735808355 -88.625 6
      vertex 5.25 -90.5 6
    endloop
  endfacet
  facet normal -1 0 0
    outer loop
      vertex 8.497595264191645 -84.875 0
      vertex 8.497595264191645 -88.625 6
      vertex 8.497595264191645 -84.875 6
    endloop
  endfacet
  facet normal -0.5 0.8660254037844387 0
    outer loop
      vertex 8.497595264191645 -88.625 0
      vertex 5.25 -90.5 6
      vertex 8.497595264191645 -88.625 6
    endloop
  endfacet
  facet normal -0.5 -0.8660254037844387 0
    outer loop
      vertex 0.5 -91.227 0
      vertex 3.747595264191645 -93.102 6
      vertex 0.5 -91.227 6
    endloop
  endfacet
  facet normal -1 0 0
    outer loop
      vertex 3.747595264191645 -93.102 0
      vertex 3.747595264191645 -96.852 6
      vertex 3.747595264191645 -93.102 6
    endloop
  endfacet
  facet normal -0.5 0.8660254037844387 0
    outer loop
      vertex 3.747595264191645 -96.852 0
      vertex 0.5 -98.727 6
      vertex 3.747595264191645 -96.852 6
    endloop
  endfacet
  facet normal 0.5 -0.8660254037844387 0
    outer loop
      vertex 6.752404735808355 -93.102 0
      vertex 10 -91.227 6
      vertex 6.752404735808355 -93.102 6
    endloop
  endfacet
  facet normal 1 0 0
    outer loop
      vertex 6.752404735808355 -96.852 0
      vertex 6.752404735808355 -93.102 6
      vertex 6.752404735808355 -96.852 6
    endloop
  endfacet
  facet normal 1 0 0
    outer loop
      vertex 11.502404735808355 -88.625 0
      vertex 11.502404735808355 -84.875 6
      vertex 11.502404735808355 -88.625 6
    endloop
  endfacet
  facet normal 0.5 -0.8660254037844387 0
    outer loop
      vertex 11.502404735808355 -84.875 0
      vertex 14.75 -83 6
      vertex 11.502404735808355 -84.875 6
    endloop
  endfacet
  facet normal 0.5 0.8660254037844387 0
    outer loop
      vertex 14.75 -90.5 0
      vertex 11.502404735808355 -88.625 6
      vertex 14.75 -90.5 6
    endloop
  endfacet
  facet normal -1 0 0
    outer loop
      vertex 17.997595264191645 -84.875 0
      vertex 17.997595264191645 -88.625 6
      vertex 17.997595264191645 -84.875 6
    endloop
  endfacet
  facet normal -0.5 0.8660254037844387 0
    outer loop
      vertex 17.997595264191645 -88.625 0
      vertex 14.75 -90.5 6
      vertex 17.997595264191645 -88.625 6
    endloop
  endfacet
  facet normal -0.5 -0.8660254037844387 0
    outer loop
      vertex 10 -91.227 0
      vertex 13.247595264191645 -93.102 6
      vertex 10 -91.227 6
    endloop
  endfacet
  facet normal -1 0 0
    outer loop
      vertex 13.247595264191645 -93.102 0
      vertex 13.247595264191645 -96.852 6
      vertex 13.247595264191645 -93.102 6
    endloop
  endfacet
  facet normal -0.5 0.8660254037844387 0
    outer loop
      vertex 13.247595264191645 -96.852 0
      vertex 10 -98.727 6
      vertex 13.247595264191645 -96.852 6
    endloop
  endfacet
  facet normal 0.5 -0.8660254037844387 0
    outer loop
      vertex 16.252404735808355 -93.102 0
      vertex 19.5 -91.227 6
      vertex 16.252404735808355 -93.102 6
    endloop
  endfacet
  facet normal 1 0 0
    outer loop
      vertex 16.252404735808355 -96.852 0
      vertex 16.252404735808355 -93.102 6
      vertex 16.252404735808355 -96.852 6
    endloop
  endfacet
  facet normal 0.5 0.8660254037844387 0
    outer loop
      vertex 10 -98.727 0
      vertex 6.752404735808355 -96.852 6
      vertex 10 -98.727 6
    endloop
  endfacet
  facet normal 0.5 0.8660254037844387 0
    outer loop
      vertex 19.5 -98.727 0
      vertex 16.252404735808355 -96.852 6
      vertex 19.5 -98.727 6
    endloop
  endfacet
  facet normal 1 0 0
    outer loop
      vertex 21.002404735808355 -88.625 0
      vertex 21.002404735808355 -84.875 6
      vertex 21.002404735808355 -88.625 6
    endloop
  endfacet
  facet normal 0.5 -0.8660254037844387 0
    outer loop
      vertex 21.002404735808355 -84.875 0
      vertex 24.25 -83 6
      vertex 21.002404735808355 -84.875 6
    endloop
  endfacet
  facet normal 0.5 0.8660254037844387 0
    outer loop
      vertex 24.25 -90.5 0
      vertex 21.002404735808355 -88.625 6
      vertex 24.25 -90.5 6
    endloop
  endfacet
  facet normal -1 0 0
    outer loop
      vertex 27.497595264191645 -84.875 0
      vertex 27.497595264191645 -88.625 6
      vertex 27.497595264191645 -84.875 6
    endloop
  endfacet
  facet normal -0.5 0.8660254037844387 0
    outer loop
      vertex 27.497595264191645 -88.625 0
      vertex 24.25 -90.5 6
      vertex 27.497595264191645 -88.625 6
    endloop
  endfacet
  facet normal -0.5 -0.8660254037844387 0
    outer loop
      vertex 19.5 -91.227 0
      vertex 22.747595264191645 -93.102 6
      vertex 19.5 -91.227 6
    endloop
  endfacet
  facet normal -1 0 0
    outer loop
      vertex 22.747595264191645 -93.102 0
      vertex 22.747595264191645 -96.852 6
      vertex 22.747595264191645 -93.102 6
    endloop
  endfacet
  facet normal -0.5 0.8660254037844387 0
    outer loop
      vertex 22.747595264191645 -96.852 0
      vertex 19.5 -98.727 6
      vertex 22.747595264191645 -96.852 6
    endloop
  endfacet
  facet normal 0.5 -0.8660254037844387 0
    outer loop
      vertex 25.752404735808355 -93.102 0
      vertex 29 -91.227 6
      vertex 25.752404735808355 -93.102 6
    endloop
  endfacet
  facet normal 1 0 0
    outer loop
      vertex 25.752404735808355 -96.852 0
      vertex 25.752404735808355 -93.102 6
      vertex 25.752404735808355 -96.852 6
    endloop
  endfacet
  facet normal 1 0 0
    outer loop
      vertex 30.502404735808355 -88.625 0
      vertex 30.502404735808355 -84.875 6
      vertex 30.502404735808355 -88.625 6
    endloop
  endfacet
  facet normal 0.5 -0.8660254037844387 0
    outer loop
      vertex 30.502404735808355 -84.875 0
      vertex 33.75 -83 6
      vertex 30.502404735808355 -84.875 6
    endloop
  endfacet
  facet normal 0.5 0.8660254037844387 0
    outer loop
      vertex 33.75 -90.5 0
      vertex 30.502404735808355 -88.625 6
      vertex 33.75 -90.5 6
    endloop
  endfacet
  facet normal -1 0 0
    outer loop
      vertex 36.997595264191645 -84.875 0
      vertex 36.997595264191645 -88.625 6
      vertex 36.997595264191645 -84.875 6
    endloop
  endfacet
  facet normal -0.5 0.8660254037844387 0
    outer loop
      vertex 36.997595264191645 -88.625 0
      vertex 33.75 -90.5 6
      vertex 36.997595264191645 -88.625 6
    endloop
  endfacet
  facet normal -0.5000000000000002 -0.8660254037844385 0
    outer loop
      vertex 29 -91.227 0
      vertex 31.841645856167688 -92.867625 6
      vertex 29 -91.227 6
    endloop
  endfacet
  facet normal -0.49999999999999833 -0.8660254037844396 0
    outer loop
      vertex 31.841645856167688 -92.867625 6
      vertex 32.247595264191645 -93.102 0
      vertex 32.247595264191645 -93.102 6
    endloop
  endfacet
  facet normal -1 0 0
    outer loop
      vertex 32.247595264191645 -93.102 0
      vertex 32.247595264191645 -96.852 6
      vertex 32.247595264191645 -93.102 6
    endloop
  endfacet
  facet normal -0.5 0.8660254037844387 0
    outer loop
      vertex 32.247595264191645 -96.852 0
      vertex 29 -98.727 6
      vertex 32.247595264191645 -96.852 6
    endloop
  endfacet
  facet normal 0.5 -0.8660254037844387 0
    outer loop
      vertex 35.252404735808355 -93.102 0
      vertex 38.5 -91.227 6
      vertex 35.252404735808355 -93.102 6
    endloop
  endfacet
  facet normal 1 0 0
    outer loop
      vertex 35.252404735808355 -96.852 0
      vertex 35.252404735808355 -93.102 6
      vertex 35.252404735808355 -96.852 6
    endloop
  endfacet
  facet normal 0.5 0.8660254037844387 0
    outer loop
      vertex 29 -98.727 0
      vertex 25.752404735808355 -96.852 6
      vertex 29 -98.727 6
    endloop
  endfacet
  facet normal 0.5 0.8660254037844387 0
    outer loop
      vertex 38.5 -98.727 0
      vertex 35.252404735808355 -96.852 6
      vertex 38.5 -98.727 6
    endloop
  endfacet
  facet normal 0 -0.7071067811865476 0.7071067811865476
    outer loop
      vertex -74.5 -110.5 6
      vertex 74.5 -112 4.5
      vertex 74.5 -110.5 6
    endloop
  endfacet
  facet normal 0 0 -1
    outer loop
      vertex 18.468122818863215 -49.35814035802347 0
      vertex 49.502404735808355 -84.875 0
      vertex 46.497595264191645 -84.875 0
    endloop
  endfacet
  facet normal 0 0 -1
    outer loop
      vertex 19 -49.4 0
      vertex 52.75 -83 0
      vertex 49.502404735808355 -84.875 0
    endloop
  endfacet
  facet normal 0 0 -1
    outer loop
      vertex 19.531877181136785 -49.35814035802347 0
      vertex 55.997595264191645 -84.875 0
      vertex 52.75 -83 0
    endloop
  endfacet
  facet normal 0 0 -1
    outer loop
      vertex 21.75065778087482 -47.99846985779441 0
      vertex 64.5 -82 0
      vertex 55.997595264191645 -84.875 0
    endloop
  endfacet
  facet normal 0.5 -0.8660254037844387 0
    outer loop
      vertex 40.002404735808355 -84.875 0
      vertex 43.25 -83 0
      vertex 43.25 -83 6
    endloop
  endfacet
  facet normal 0.5 -0.8660254037844387 0
    outer loop
      vertex 49.502404735808355 -84.875 0
      vertex 52.75 -83 0
      vertex 52.75 -83 6
    endloop
  endfacet
  facet normal 0 0 -1
    outer loop
      vertex 70 -4.8 0
      vertex 69.5 -82 0
      vertex 64.5 -82 0
    endloop
  endfacet
  facet normal 0 0 -1
    outer loop
      vertex 70 -4.8 0
      vertex 70 -102 0
      vertex 69.5 -82 0
    endloop
  endfacet
  facet normal 0 0 -1
    outer loop
      vertex 76 0 0
      vertex 76 -102 0
      vertex 74.5 -102 0
    endloop
  endfacet
  facet normal 1 0 0
    outer loop
      vertex 76 0 0
      vertex 76 -102 1.5
      vertex 76 -102 0
    endloop
  endfacet
  facet normal 0 0 -1
    outer loop
      vertex 70 -102 0
      vertex 74.29312755504344 -31.779837387624884 0
      vertex 74.5 -102 0
    endloop
  endfacet
  facet normal 0 -1 0
    outer loop
      vertex 64.5 -82 0
      vertex 69.5 -82 0
      vertex 69.5 -82 6
    endloop
  endfacet
  facet normal 1 0 0
    outer loop
      vertex 76 -1.5 4.5
      vertex 76 -110.5 1.5
      vertex 76 -102 1.5
    endloop
  endfacet
  facet normal 0 0 -1
    outer loop
      vertex 36.997595264191645 -84.875 0
      vertex 40.002404735808355 -84.875 0
      vertex 38.5 -91.227 0
    endloop
  endfacet
  facet normal 0 0 -1
    outer loop
      vertex 40.002404735808355 -84.875 0
      vertex 40.002404735808355 -88.625 0
      vertex 38.5 -91.227 0
    endloop
  endfacet
  facet normal 0 0 -1
    outer loop
      vertex 40.002404735808355 -88.625 0
      vertex 43.25 -90.5 0
      vertex 38.5 -91.227 0
    endloop
  endfacet
  facet normal 0 0 -1
    outer loop
      vertex 49.502404735808355 -88.625 0
      vertex 46.497595264191645 -88.625 0
      vertex 46.497595264191645 -84.875 0
    endloop
  endfacet
  facet normal 0 0 -1
    outer loop
      vertex 46.497595264191645 -88.625 0
      vertex 44.752404735808355 -93.102 0
      vertex 43.25 -90.5 0
    endloop
  endfacet
  facet normal 0 0 -1
    outer loop
      vertex 46.497595264191645 -88.625 0
      vertex 48 -91.227 0
      vertex 44.752404735808355 -93.102 0
    endloop
  endfacet
  facet normal 0 0 -1
    outer loop
      vertex 43.25 -90.5 0
      vertex 41.747595264191645 -93.102 0
      vertex 38.5 -91.227 0
    endloop
  endfacet
  facet normal 0 0 -1
    outer loop
      vertex 44.752404735808355 -96.852 0
      vertex 41.747595264191645 -96.852 0
      vertex 41.747595264191645 -93.102 0
    endloop
  endfacet
  facet normal 0 0 -1
    outer loop
      vertex 43.25 -90.5 0
      vertex 44.752404735808355 -96.852 0
      vertex 41.747595264191645 -93.102 0
    endloop
  endfacet
  facet normal 0 0 -1
    outer loop
      vertex 43.25 -90.5 0
      vertex 44.752404735808355 -93.102 0
      vertex 44.752404735808355 -96.852 0
    endloop
  endfacet
  facet normal 0 0 -1
    outer loop
      vertex 44.752404735808355 -96.852 0
      vertex 48 -98.727 0
      vertex 41.747595264191645 -96.852 0
    endloop
  endfacet
  facet normal 0 0 -1
    outer loop
      vertex 46.497595264191645 -84.875 0
      vertex 49.502404735808355 -84.875 0
      vertex 49.502404735808355 -88.625 0
    endloop
  endfacet
  facet normal 0 0 -1
    outer loop
      vertex 49.502404735808355 -88.625 0
      vertex 48 -91.227 0
      vertex 46.497595264191645 -88.625 0
    endloop
  endfacet
  facet normal 0 0 -1
    outer loop
      vertex 49.502404735808355 -88.625 0
      vertex 52.75 -90.5 0
      vertex 48 -91.227 0
    endloop
  endfacet
  facet normal 0 0 -1
    outer loop
      vertex 55.997595264191645 -88.625 0
      vertex 54.252404735808355 -93.102 0
      vertex 52.75 -90.5 0
    endloop
  endfacet
  facet normal 0 0 -1
    outer loop
      vertex 54.252404735808355 -93.102 0
      vertex 55.997595264191645 -88.625 0
      vertex 57.5 -91.227 0
    endloop
  endfacet
  facet normal 0 0 -1
    outer loop
      vertex 52.75 -90.5 0
      vertex 51.247595264191645 -93.102 0
      vertex 48 -91.227 0
    endloop
  endfacet
  facet normal 0 0 -1
    outer loop
      vertex 54.252404735808355 -96.852 0
      vertex 51.247595264191645 -96.852 0
      vertex 51.247595264191645 -93.102 0
    endloop
  endfacet
  facet normal 0 0 -1
    outer loop
      vertex 51.247595264191645 -93.102 0
      vertex 52.75 -90.5 0
      vertex 54.252404735808355 -93.102 0
    endloop
  endfacet
  facet normal 0 0 -1
    outer loop
      vertex 51.247595264191645 -93.102 0
      vertex 54.252404735808355 -93.102 0
      vertex 54.252404735808355 -96.852 0
    endloop
  endfacet
  facet normal 0 0 -1
    outer loop
      vertex 54.252404735808355 -96.852 0
      vertex 57.5 -98.727 0
      vertex 51.247595264191645 -96.852 0
    endloop
  endfacet
  facet normal 0 0 -1
    outer loop
      vertex 38.5 -98.727 0
      vertex 41.747595264191645 -96.852 0
      vertex 48 -98.727 0
    endloop
  endfacet
  facet normal 0 0 -1
    outer loop
      vertex 64.5 -108 0
      vertex 29 -98.727 0
      vertex 38.5 -98.727 0
    endloop
  endfacet
  facet normal 0 0 -1
    outer loop
      vertex 51.247595264191645 -96.852 0
      vertex 57.5 -98.727 0
      vertex 48 -98.727 0
    endloop
  endfacet
  facet normal 0 0 -1
    outer loop
      vertex 64.5 -108 0
      vertex 38.5 -98.727 0
      vertex 48 -98.727 0
    endloop
  endfacet
  facet normal 0 0 -1
    outer loop
      vertex 64.5 -108 0
      vertex 48 -98.727 0
      vertex 57.5 -98.727 0
    endloop
  endfacet
  facet normal 1 0 0
    outer loop
      vertex 40.002404735808355 -84.875 0
      vertex 40.002404735808355 -84.875 6
      vertex 40.002404735808355 -88.625 0
    endloop
  endfacet
  facet normal 0.5 0.8660254037844387 0
    outer loop
      vertex 40.002404735808355 -88.625 0
      vertex 40.002404735808355 -88.625 6
      vertex 43.25 -90.5 0
    endloop
  endfacet
  facet normal -0.5 -0.8660254037844387 0
    outer loop
      vertex 43.25 -83 0
      vertex 46.497595264191645 -84.875 0
      vertex 46.497595264191645 -84.875 6
    endloop
  endfacet
  facet normal -1 0 0
    outer loop
      vertex 46.497595264191645 -84.875 0
      vertex 46.497595264191645 -88.625 0
      vertex 46.497595264191645 -88.625 6
    endloop
  endfacet
  facet normal -0.5 0.8660254037844387 0
    outer loop
      vertex 46.497595264191645 -88.625 0
      vertex 43.25 -90.5 0
      vertex 43.25 -90.5 6
    endloop
  endfacet
  facet normal -0.5 -0.8660254037844387 0
    outer loop
      vertex 38.5 -91.227 0
      vertex 41.747595264191645 -93.102 0
      vertex 41.747595264191645 -93.102 6
    endloop
  endfacet
  facet normal -1 0 0
    outer loop
      vertex 41.747595264191645 -93.102 0
      vertex 41.747595264191645 -96.852 0
      vertex 41.747595264191645 -96.852 6
    endloop
  endfacet
  facet normal 1 0 0
    outer loop
      vertex 44.752404735808355 -93.102 0
      vertex 44.752404735808355 -93.102 6
      vertex 44.752404735808355 -96.852 0
    endloop
  endfacet
  facet normal 0.5 -0.8660254037844387 0
    outer loop
      vertex 44.752404735808355 -93.102 0
      vertex 48 -91.227 0
      vertex 48 -91.227 6
    endloop
  endfacet
  facet normal 0.5 0.8660254037844387 0
    outer loop
      vertex 44.752404735808355 -96.852 0
      vertex 44.752404735808355 -96.852 6
      vertex 48 -98.727 0
    endloop
  endfacet
  facet normal 1 0 0
    outer loop
      vertex 49.502404735808355 -84.875 0
      vertex 49.502404735808355 -84.875 6
      vertex 49.502404735808355 -88.625 0
    endloop
  endfacet
  facet normal 0.5 0.8660254037844387 0
    outer loop
      vertex 49.502404735808355 -88.625 0
      vertex 49.502404735808355 -88.625 6
      vertex 52.75 -90.5 0
    endloop
  endfacet
  facet normal -0.5 -0.8660254037844387 0
    outer loop
      vertex 52.75 -83 0
      vertex 55.997595264191645 -84.875 0
      vertex 55.997595264191645 -84.875 6
    endloop
  endfacet
  facet normal -1 0 0
    outer loop
      vertex 55.997595264191645 -84.875 0
      vertex 55.997595264191645 -88.625 0
      vertex 55.997595264191645 -88.625 6
    endloop
  endfacet
  facet normal -0.5 0.8660254037844387 0
    outer loop
      vertex 55.997595264191645 -88.625 0
      vertex 52.75 -90.5 0
      vertex 52.75 -90.5 6
    endloop
  endfacet
  facet normal -0.5 -0.8660254037844387 0
    outer loop
      vertex 48 -91.227 0
      vertex 51.247595264191645 -93.102 0
      vertex 51.247595264191645 -93.102 6
    endloop
  endfacet
  facet normal -1 0 0
    outer loop
      vertex 51.247595264191645 -93.102 0
      vertex 51.247595264191645 -96.852 0
      vertex 51.247595264191645 -96.852 6
    endloop
  endfacet
  facet normal 1 0 0
    outer loop
      vertex 54.252404735808355 -93.102 0
      vertex 54.252404735808355 -93.102 6
      vertex 54.252404735808355 -96.852 0
    endloop
  endfacet
  facet normal 0.5 -0.8660254037844387 0
    outer loop
      vertex 54.252404735808355 -93.102 0
      vertex 57.5 -91.227 0
      vertex 57.5 -91.227 6
    endloop
  endfacet
  facet normal 0.5 0.8660254037844387 0
    outer loop
      vertex 54.252404735808355 -96.852 0
      vertex 54.252404735808355 -96.852 6
      vertex 57.5 -98.727 0
    endloop
  endfacet
  facet normal -0.5 0.8660254037844387 0
    outer loop
      vertex 38.5 -98.727 0
      vertex 38.5 -98.727 6
      vertex 41.747595264191645 -96.852 0
    endloop
  endfacet
  facet normal -0.5 0.8660254037844387 0
    outer loop
      vertex 51.247595264191645 -96.852 0
      vertex 48 -98.727 0
      vertex 48 -98.727 6
    endloop
  endfacet
  facet normal 0 0 -1
    outer loop
      vertex 55.997595264191645 -84.875 0
      vertex 64.5 -82 0
      vertex 55.997595264191645 -88.625 0
    endloop
  endfacet
  facet normal 0 0 -1
    outer loop
      vertex 55.997595264191645 -88.625 0
      vertex 64.5 -82 0
      vertex 57.5 -91.227 0
    endloop
  endfacet
  facet normal 0 0 -1
    outer loop
      vertex 57.5 -91.227 0
      vertex 64.5 -82 0
      vertex 60.747595264191645 -93.102 0
    endloop
  endfacet
  facet normal 0 0 -1
    outer loop
      vertex 64.5 -108 0
      vertex 60.747595264191645 -93.102 0
      vertex 64.5 -82 0
    endloop
  endfacet
  facet normal 0 0 -1
    outer loop
      vertex 70 -102 0
      vertex 69.5 -108 0
      vertex 69.5 -82 0
    endloop
  endfacet
  facet normal 0 0 -1
    outer loop
      vertex 64.5 -108 0
      vertex 57.5 -98.727 0
      vertex 60.747595264191645 -96.852 0
    endloop
  endfacet
  facet normal 0 0 -1
    outer loop
      vertex 64.5 -108 0
      vertex 60.747595264191645 -96.852 0
      vertex 60.747595264191645 -93.102 0
    endloop
  endfacet
  facet normal 0 0 -1
    outer loop
      vertex 70 -102 0
      vertex 74.5 -102 0
      vertex 74.5 -110.5 0
    endloop
  endfacet
  facet normal 0 -1 0
    outer loop
      vertex 74.5 -102 0
      vertex 76 -102 0
      vertex 76 -102 1.5
    endloop
  endfacet
  facet normal 0.7071067811865476 0 -0.7071067811865476
    outer loop
      vertex 74.5 -102 0
      vertex 76 -102 1.5
      vertex 74.5 -110.5 0
    endloop
  endfacet
  facet normal 0 0 -1
    outer loop
      vertex 70 -102 0
      vertex 74.5 -110.5 0
      vertex 69.5 -108 0
    endloop
  endfacet
  facet normal 0.7071067811865476 0 -0.7071067811865476
    outer loop
      vertex 74.5 -110.5 0
      vertex 76 -102 1.5
      vertex 76 -110.5 1.5
    endloop
  endfacet
  facet normal 0.5773502691896257 -0.5773502691896257 -0.5773502691896257
    outer loop
      vertex 74.5 -110.5 0
      vertex 76 -110.5 1.5
      vertex 74.5 -112 1.5
    endloop
  endfacet
  facet normal -0.5 -0.8660254037844387 0
    outer loop
      vertex 57.5 -91.227 0
      vertex 60.747595264191645 -93.102 0
      vertex 60.747595264191645 -93.102 6
    endloop
  endfacet
  facet normal -1 0 0
    outer loop
      vertex 60.747595264191645 -93.102 0
      vertex 60.747595264191645 -96.852 0
      vertex 60.747595264191645 -96.852 6
    endloop
  endfacet
  facet normal -0.5 0.8660254037844387 0
    outer loop
      vertex 60.747595264191645 -96.852 0
      vertex 57.5 -98.727 0
      vertex 57.5 -98.727 6
    endloop
  endfacet
  facet normal 1 0 0
    outer loop
      vertex 64.5 -108 0
      vertex 64.5 -82 0
      vertex 64.5 -108 6
    endloop
  endfacet
  facet normal 0 1 0
    outer loop
      vertex 64.5 -108 0
      vertex 64.5 -108 6
      vertex 69.5 -108 0
    endloop
  endfacet
  facet normal -1 0 0
    outer loop
      vertex 69.5 -82 0
      vertex 69.5 -108 0
      vertex 69.5 -108 6
    endloop
  endfacet
  facet normal 0.7071067811865476 -0.7071067811865476 0
    outer loop
      vertex 74.5 -112 1.5
      vertex 76 -110.5 1.5
      vertex 74.5 -112 4.5
    endloop
  endfacet
  facet normal -0.5 -0.8660254037844387 0
    outer loop
      vertex 43.25 -83 0
      vertex 46.497595264191645 -84.875 6
      vertex 43.25 -83 6
    endloop
  endfacet
  facet normal -0.5 -0.8660254037844387 0
    outer loop
      vertex 52.75 -83 0
      vertex 55.997595264191645 -84.875 6
      vertex 52.75 -83 6
    endloop
  endfacet
  facet normal 0 -1 0
    outer loop
      vertex 64.5 -82 0
      vertex 69.5 -82 6
      vertex 64.5 -82 6
    endloop
  endfacet
  facet normal 1 0 0
    outer loop
      vertex 76 -4.8 4.5
      vertex 76 -102 4.5
      vertex 76 -110.5 1.5
    endloop
  endfacet
  facet normal 1 0 0
    outer loop
      vertex 40.002404735808355 -88.625 0
      vertex 40.002404735808355 -84.875 6
      vertex 40.002404735808355 -88.625 6
    endloop
  endfacet
  facet normal 0.5 -0.8660254037844387 0
    outer loop
      vertex 40.002404735808355 -84.875 0
      vertex 43.25 -83 6
      vertex 40.002404735808355 -84.875 6
    endloop
  endfacet
  facet normal 0.5 0.8660254037844387 0
    outer loop
      vertex 43.25 -90.5 0
      vertex 40.002404735808355 -88.625 6
      vertex 43.25 -90.5 6
    endloop
  endfacet
  facet normal -1 0 0
    outer loop
      vertex 46.497595264191645 -84.875 0
      vertex 46.497595264191645 -88.625 6
      vertex 46.497595264191645 -84.875 6
    endloop
  endfacet
  facet normal -0.5 0.8660254037844387 0
    outer loop
      vertex 46.497595264191645 -88.625 0
      vertex 43.25 -90.5 6
      vertex 46.497595264191645 -88.625 6
    endloop
  endfacet
  facet normal -0.5 -0.8660254037844387 0
    outer loop
      vertex 38.5 -91.227 0
      vertex 41.747595264191645 -93.102 6
      vertex 38.5 -91.227 6
    endloop
  endfacet
  facet normal -1 0 0
    outer loop
      vertex 41.747595264191645 -93.102 0
      vertex 41.747595264191645 -96.852 6
      vertex 41.747595264191645 -93.102 6
    endloop
  endfacet
  facet normal -0.5 0.8660254037844387 0
    outer loop
      vertex 41.747595264191645 -96.852 0
      vertex 38.5 -98.727 6
      vertex 41.747595264191645 -96.852 6
    endloop
  endfacet
  facet normal 0.5 -0.8660254037844387 0
    outer loop
      vertex 44.752404735808355 -93.102 0
      vertex 48 -91.227 6
      vertex 44.752404735808355 -93.102 6
    endloop
  endfacet
  facet normal 1 0 0
    outer loop
      vertex 44.752404735808355 -96.852 0
      vertex 44.752404735808355 -93.102 6
      vertex 44.752404735808355 -96.852 6
    endloop
  endfacet
  facet normal 1 0 0
    outer loop
      vertex 49.502404735808355 -88.625 0
      vertex 49.502404735808355 -84.875 6
      vertex 49.502404735808355 -88.625 6
    endloop
  endfacet
  facet normal 0.5 -0.8660254037844387 0
    outer loop
      vertex 49.502404735808355 -84.875 0
      vertex 52.75 -83 6
      vertex 49.502404735808355 -84.875 6
    endloop
  endfacet
  facet normal 0.5 0.8660254037844387 0
    outer loop
      vertex 52.75 -90.5 0
      vertex 49.502404735808355 -88.625 6
      vertex 52.75 -90.5 6
    endloop
  endfacet
  facet normal -1 0 0
    outer loop
      vertex 55.997595264191645 -84.875 0
      vertex 55.997595264191645 -88.625 6
      vertex 55.997595264191645 -84.875 6
    endloop
  endfacet
  facet normal -0.5 0.8660254037844387 0
    outer loop
      vertex 55.997595264191645 -88.625 0
      vertex 52.75 -90.5 6
      vertex 55.997595264191645 -88.625 6
    endloop
  endfacet
  facet normal -0.5 -0.8660254037844387 0
    outer loop
      vertex 48 -91.227 0
      vertex 51.247595264191645 -93.102 6
      vertex 48 -91.227 6
    endloop
  endfacet
  facet normal -1 0 0
    outer loop
      vertex 51.247595264191645 -93.102 0
      vertex 51.247595264191645 -96.852 6
      vertex 51.247595264191645 -93.102 6
    endloop
  endfacet
  facet normal -0.5 0.8660254037844387 0
    outer loop
      vertex 51.247595264191645 -96.852 0
      vertex 48 -98.727 6
      vertex 51.247595264191645 -96.852 6
    endloop
  endfacet
  facet normal 0.5 -0.8660254037844387 0
    outer loop
      vertex 54.252404735808355 -93.102 6
      vertex 54.252404735808355 -93.102 0
      vertex 57.5 -91.227 6
    endloop
  endfacet
  facet normal 1 0 0
    outer loop
      vertex 54.252404735808355 -96.852 0
      vertex 54.252404735808355 -93.102 6
      vertex 54.252404735808355 -96.852 6
    endloop
  endfacet
  facet normal 0.5 0.8660254037844387 0
    outer loop
      vertex 48 -98.727 0
      vertex 44.752404735808355 -96.852 6
      vertex 48 -98.727 6
    endloop
  endfacet
  facet normal 0.5 0.8660254037844387 0
    outer loop
      vertex 57.5 -98.727 0
      vertex 54.252404735808355 -96.852 6
      vertex 57.5 -98.727 6
    endloop
  endfacet
  facet normal 1 0 0
    outer loop
      vertex 64.5 -108 6
      vertex 64.5 -82 0
      vertex 64.5 -82 6
    endloop
  endfacet
  facet normal -0.5 -0.8660254037844387 0
    outer loop
      vertex 57.5 -91.227 0
      vertex 60.747595264191645 -93.102 6
      vertex 57.5 -91.227 6
    endloop
  endfacet
  facet normal -1 0 0
    outer loop
      vertex 60.747595264191645 -93.102 0
      vertex 60.747595264191645 -96.852 6
      vertex 60.747595264191645 -93.102 6
    endloop
  endfacet
  facet normal -0.5 0.8660254037844387 0
    outer loop
      vertex 60.747595264191645 -96.852 0
      vertex 57.5 -98.727 6
      vertex 60.747595264191645 -96.852 6
    endloop
  endfacet
  facet normal -1 0 0
    outer loop
      vertex 69.5 -82 0
      vertex 69.5 -108 6
      vertex 69.5 -82 6
    endloop
  endfacet
  facet normal 1 0 0
    outer loop
      vertex 76 -110.5 1.5
      vertex 76 -102 4.5
      vertex 76 -110.5 4.5
    endloop
  endfacet
  facet normal 0.7071067811865476 -0.7071067811865476 0
    outer loop
      vertex 76 -110.5 1.5
      vertex 76 -110.5 4.5
      vertex 74.5 -112 4.5
    endloop
  endfacet
  facet normal 0 1 0
    outer loop
      vertex 69.5 -108 0
      vertex 64.5 -108 6
      vertex 69.5 -108 6
    endloop
  endfacet
  facet normal 0.7071067811865476 0 0.7071067811865476
    outer loop
      vertex 76 -102 4.5
      vertex 74.5 -102 6
      vertex 76 -110.5 4.5
    endloop
  endfacet
  facet normal 0.5773502691896257 -0.5773502691896257 0.5773502691896257
    outer loop
      vertex 74.5 -112 4.5
      vertex 76 -110.5 4.5
      vertex 74.5 -110.5 6
    endloop
  endfacet
  facet normal 0 -1 0
    outer loop
      vertex 76 -102 4.5
      vertex 76 -102 6
      vertex 74.5 -102 6
    endloop
  endfacet
  facet normal 0.7071067811865476 0 0.7071067811865476
    outer loop
      vertex 76 -110.5 4.5
      vertex 74.5 -102 6
      vertex 74.5 -110.5 6
    endloop
  endfacet
  facet normal 0 1 0
    outer loop
      vertex -8.949342219125178 0 6.766407844596479
      vertex 4.949342219125179 0 6.766407844596479
      vertex 5.468122818863215 0 6.641859641976531
    endloop
  endfacet
  facet normal 0 -1 0
    outer loop
      vertex -10 -6 6.6
      vertex 6 -6 6.6
      vertex 5.468122818863215 -6 6.641859641976531
    endloop
  endfacet
  facet normal 0 -1 0
    outer loop
      vertex -9.468122818863215 -6 6.641859641976531
      vertex 5.468122818863215 -6 6.641859641976531
      vertex 4.949342219125179 -6 6.766407844596479
    endloop
  endfacet
  facet normal 0.07845909572784379 0 0.996917333733128
    outer loop
      vertex 5.468122818863215 0 6.641859641976531
      vertex 5.468122818863215 -6 6.641859641976531
      vertex 6 0 6.6
    endloop
  endfacet
  facet normal 0.23344536385590944 1.4455428641361317e-18 0.9723699203976756
    outer loop
      vertex 5.468122818863215 0 6.641859641976531
      vertex 4.949342219125179 0 6.766407844596479
      vertex 4.949342219125179 -6 6.766407844596479
    endloop
  endfacet
  facet normal -0.07845909572784379 0 0.996917333733128
    outer loop
      vertex 6 -6 6.6
      vertex 6.531877181136785 0 6.641859641976531
      vertex 6 0 6.6
    endloop
  endfacet
  facet normal -0.23344536385590944 0 0.9723699203976756
    outer loop
      vertex 6.531877181136785 0 6.641859641976531
      vertex 6.531877181136785 -6 6.641859641976531
      vertex 7.050657780874821 0 6.766407844596479
    endloop
  endfacet
  facet normal 0.07845909572784379 -3.088959496166119e-20 0.996917333733128
    outer loop
      vertex 5.468122818863215 -6 6.641859641976531
      vertex 6 -6 6.6
      vertex 6 0 6.6
    endloop
  endfacet
  facet normal 0.23344536385590944 0 0.9723699203976756
    outer loop
      vertex 5.468122818863215 -6 6.641859641976531
      vertex 5.468122818863215 0 6.641859641976531
      vertex 4.949342219125179 -6 6.766407844596479
    endloop
  endfacet
  facet normal -0.07845909572784379 0 0.996917333733128
    outer loop
      vertex 6.531877181136785 -6 6.641859641976531
      vertex 6.531877181136785 0 6.641859641976531
      vertex 6 -6 6.6
    endloop
  endfacet
  facet normal -0.23344536385590944 -1.4455428641361317e-18 0.9723699203976756
    outer loop
      vertex 6.531877181136785 -6 6.641859641976531
      vertex 7.050657780874821 -6 6.766407844596479
      vertex 7.050657780874821 0 6.766407844596479
    endloop
  endfacet
  facet normal 0 1 0
    outer loop
      vertex -8.456432300885542 0 6.970577817759549
      vertex 4.456432300885541 0 6.970577817759549
      vertex 4.949342219125179 0 6.766407844596479
    endloop
  endfacet
  facet normal 0.38268343236508795 0 0.9238795325112875
    outer loop
      vertex 4.456432300885541 -6 6.970577817759549
      vertex 4.949342219125179 0 6.766407844596479
      vertex 4.456432300885541 0 6.970577817759549
    endloop
  endfacet
  facet normal 0 -1 0
    outer loop
      vertex -8.949342219125178 -6 6.766407844596479
      vertex 4.949342219125179 -6 6.766407844596479
      vertex 4.456432300885541 -6 6.970577817759549
    endloop
  endfacet
  facet normal 0.5224985647159486 -3.296432577419694e-18 0.8526401643540924
    outer loop
      vertex 4.001530142205591 -6 7.249342219125179
      vertex 4.456432300885541 -6 6.970577817759549
      vertex 4.456432300885541 0 6.970577817759549
    endloop
  endfacet
  facet normal 0 1 0
    outer loop
      vertex -8.001530142205592 0 7.249342219125179
      vertex 4.001530142205591 0 7.249342219125179
      vertex 4.456432300885541 0 6.970577817759549
    endloop
  endfacet
  facet normal 0 1 0
    outer loop
      vertex -7.595836943965738 0 7.595836943965738
      vertex 3.5958369439657383 0 7.595836943965738
      vertex 4.001530142205591 0 7.249342219125179
    endloop
  endfacet
  facet normal 0.5224985647159486 -3.296432577419694e-18 0.8526401643540924
    outer loop
      vertex 4.456432300885541 0 6.970577817759549
      vertex 4.001530142205591 0 7.249342219125179
      vertex 4.001530142205591 -6 7.249342219125179
    endloop
  endfacet
  facet normal 0.649448048330183 0 0.7604059656000315
    outer loop
      vertex 3.5958369439657383 0 7.595836943965738
      vertex 3.5958369439657383 -6 7.595836943965738
      vertex 4.001530142205591 0 7.249342219125179
    endloop
  endfacet
  facet normal 0.649448048330183 0 0.7604059656000315
    outer loop
      vertex 4.001530142205591 0 7.249342219125179
      vertex 3.5958369439657383 -6 7.595836943965738
      vertex 4.001530142205591 -6 7.249342219125179
    endloop
  endfacet
  facet normal -0.38268343236508795 0 0.9238795325112875
    outer loop
      vertex 7.050657780874821 -6 6.766407844596479
      vertex 7.543567699114459 0 6.970577817759549
      vertex 7.050657780874821 0 6.766407844596479
    endloop
  endfacet
  facet normal -0.5224985647159486 0 0.8526401643540924
    outer loop
      vertex 7.543567699114459 -6 6.970577817759549
      vertex 7.998469857794409 0 7.249342219125179
      vertex 7.543567699114459 0 6.970577817759549
    endloop
  endfacet
  facet normal 0.38268343236508795 -1.8436036938623454e-18 0.9238795325112875
    outer loop
      vertex 4.456432300885541 -6 6.970577817759549
      vertex 4.949342219125179 -6 6.766407844596479
      vertex 4.949342219125179 0 6.766407844596479
    endloop
  endfacet
  facet normal -0.38268343236508795 0 0.9238795325112875
    outer loop
      vertex 7.543567699114459 -6 6.970577817759549
      vertex 7.543567699114459 0 6.970577817759549
      vertex 7.050657780874821 -6 6.766407844596479
    endloop
  endfacet
  facet normal -0.6494480483301827 0 0.7604059656000318
    outer loop
      vertex 7.998469857794409 0 7.249342219125179
      vertex 7.998469857794409 -6 7.249342219125179
      vertex 8.404163056034262 0 7.595836943965738
    endloop
  endfacet
  facet normal -0.5224985647159486 0 0.8526401643540924
    outer loop
      vertex 7.998469857794409 0 7.249342219125179
      vertex 7.543567699114459 -6 6.970577817759549
      vertex 7.998469857794409 -6 7.249342219125179
    endloop
  endfacet
  facet normal -0.6494480483301827 -2.254119806171859e-20 0.7604059656000318
    outer loop
      vertex 7.998469857794409 -6 7.249342219125179
      vertex 8.404163056034262 -6 7.595836943965738
      vertex 8.404163056034262 0 7.595836943965738
    endloop
  endfacet
  facet normal 0 -1 0
    outer loop
      vertex -70 -6 6
      vertex 70 -6 6
      vertex 38 -6 6.6
    endloop
  endfacet
  facet normal 0 1 0
    outer loop
      vertex 6.531877181136785 0 6.641859641976531
      vertex 7.050657780874821 0 6.766407844596479
      vertex 21.468122818863215 0 6.641859641976531
    endloop
  endfacet
  facet normal 0 -1 0
    outer loop
      vertex 6.531877181136785 -6 6.641859641976531
      vertex 6 -6 6.6
      vertex 21.468122818863215 -6 6.641859641976531
    endloop
  endfacet
  facet normal 0 -1 0
    outer loop
      vertex 6.531877181136785 -6 6.641859641976531
      vertex 20.949342219125178 -6 6.766407844596479
      vertex 7.050657780874821 -6 6.766407844596479
    endloop
  endfacet
  facet normal 0 1 0
    outer loop
      vertex 7.050657780874821 0 6.766407844596479
      vertex 20.949342219125178 0 6.766407844596479
      vertex 21.468122818863215 0 6.641859641976531
    endloop
  endfacet
  facet normal 0 -1 0
    outer loop
      vertex 6 -6 6.6
      vertex 22 -6 6.6
      vertex 21.468122818863215 -6 6.641859641976531
    endloop
  endfacet
  facet normal 0 -1 0
    outer loop
      vertex 6.531877181136785 -6 6.641859641976531
      vertex 21.468122818863215 -6 6.641859641976531
      vertex 20.949342219125178 -6 6.766407844596479
    endloop
  endfacet
  facet normal 0 1 0
    outer loop
      vertex 7.050657780874821 0 6.766407844596479
      vertex 7.543567699114459 0 6.970577817759549
      vertex 20.949342219125178 0 6.766407844596479
    endloop
  endfacet
  facet normal 0 1 0
    outer loop
      vertex 7.543567699114459 0 6.970577817759549
      vertex 7.998469857794409 0 7.249342219125179
      vertex 20.45643230088554 0 6.970577817759549
    endloop
  endfacet
  facet normal 0 -1 0
    outer loop
      vertex 7.543567699114459 -6 6.970577817759549
      vertex 7.050657780874821 -6 6.766407844596479
      vertex 20.45643230088554 -6 6.970577817759549
    endloop
  endfacet
  facet normal 0 1 0
    outer loop
      vertex 7.998469857794409 0 7.249342219125179
      vertex 8.404163056034262 0 7.595836943965738
      vertex 20.001530142205592 0 7.249342219125179
    endloop
  endfacet
  facet normal 0 -1 0
    outer loop
      vertex 19.59583694396574 -6 7.595836943965738
      vertex 7.998469857794409 -6 7.249342219125179
      vertex 7.543567699114459 -6 6.970577817759549
    endloop
  endfacet
  facet normal 0 1 0
    outer loop
      vertex 7.543567699114459 0 6.970577817759549
      vertex 20.45643230088554 0 6.970577817759549
      vertex 20.949342219125178 0 6.766407844596479
    endloop
  endfacet
  facet normal 0 -1 0
    outer loop
      vertex 7.050657780874821 -6 6.766407844596479
      vertex 20.949342219125178 -6 6.766407844596479
      vertex 20.45643230088554 -6 6.970577817759549
    endloop
  endfacet
  facet normal 0 -1 0
    outer loop
      vertex 7.543567699114459 -6 6.970577817759549
      vertex 20.45643230088554 -6 6.970577817759549
      vertex 20.001530142205592 -6 7.249342219125179
    endloop
  endfacet
  facet normal 0 1 0
    outer loop
      vertex 7.998469857794409 0 7.249342219125179
      vertex 20.001530142205592 0 7.249342219125179
      vertex 20.45643230088554 0 6.970577817759549
    endloop
  endfacet
  facet normal 0 1 0
    outer loop
      vertex 8.404163056034262 0 7.595836943965738
      vertex 19.59583694396574 0 7.595836943965738
      vertex 20.001530142205592 0 7.249342219125179
    endloop
  endfacet
  facet normal 0 -1 0
    outer loop
      vertex 7.543567699114459 -6 6.970577817759549
      vertex 20.001530142205592 -6 7.249342219125179
      vertex 19.59583694396574 -6 7.595836943965738
    endloop
  endfacet
  facet normal 0.760405965600032 3.673516963885598e-18 0.6494480483301822
    outer loop
      vertex 3.5958369439657383 0 7.595836943965738
      vertex 3.249342219125179 0 8.001530142205592
      vertex 3.249342219125179 -6 8.001530142205592
    endloop
  endfacet
  facet normal 0.760405965600032 0 0.6494480483301822
    outer loop
      vertex 3.5958369439657383 0 7.595836943965738
      vertex 3.249342219125179 -6 8.001530142205592
      vertex 3.5958369439657383 -6 7.595836943965738
    endloop
  endfacet
  facet normal 0.8526401643540924 0 0.5224985647159486
    outer loop
      vertex 3.249342219125179 0 8.001530142205592
      vertex 2.9705778177595494 -6 8.456432300885542
      vertex 3.249342219125179 -6 8.001530142205592
    endloop
  endfacet
  facet normal -0.7604059656000325 0 0.6494480483301818
    outer loop
      vertex 8.404163056034262 0 7.595836943965738
      vertex 8.404163056034262 -6 7.595836943965738
      vertex 8.750657780874821 0 8.001530142205592
    endloop
  endfacet
  facet normal -0.7604059656000325 0 0.6494480483301818
    outer loop
      vertex 8.750657780874821 0 8.001530142205592
      vertex 8.404163056034262 -6 7.595836943965738
      vertex 8.750657780874821 -6 8.001530142205592
    endloop
  endfacet
  facet normal -0.8526401643540924 0 0.5224985647159486
    outer loop
      vertex 8.750657780874821 0 8.001530142205592
      vertex 8.750657780874821 -6 8.001530142205592
      vertex 9.02942218224045 0 8.456432300885542
    endloop
  endfacet
  facet normal 0.8526401643540924 -3.296432577419694e-18 0.5224985647159486
    outer loop
      vertex 3.249342219125179 0 8.001530142205592
      vertex 2.9705778177595494 0 8.456432300885542
      vertex 2.9705778177595494 -6 8.456432300885542
    endloop
  endfacet
  facet normal 0.9238795325112864 0 0.3826834323650905
    outer loop
      vertex 2.9705778177595494 -6 8.456432300885542
      vertex 2.9705778177595494 0 8.456432300885542
      vertex 2.766407844596478 -6 8.949342219125178
    endloop
  endfacet
  facet normal 0.9238795325112864 7.034656292797071e-19 0.3826834323650905
    outer loop
      vertex 2.9705778177595494 0 8.456432300885542
      vertex 2.766407844596478 0 8.949342219125178
      vertex 2.766407844596478 -6 8.949342219125178
    endloop
  endfacet
  facet normal -0.9238795325112871 0 0.3826834323650891
    outer loop
      vertex 9.02942218224045 0 8.456432300885542
      vertex 9.02942218224045 -6 8.456432300885542
      vertex 9.233592155403521 0 8.949342219125178
    endloop
  endfacet
  facet normal -0.8526401643540924 0 0.5224985647159486
    outer loop
      vertex 9.02942218224045 0 8.456432300885542
      vertex 8.750657780874821 -6 8.001530142205592
      vertex 9.02942218224045 -6 8.456432300885542
    endloop
  endfacet
  facet normal -0.9238795325112871 0 0.3826834323650891
    outer loop
      vertex 9.233592155403521 -6 8.949342219125178
      vertex 9.233592155403521 0 8.949342219125178
      vertex 9.02942218224045 -6 8.456432300885542
    endloop
  endfacet
  facet normal 0 1 0
    outer loop
      vertex 8.404163056034262 0 7.595836943965738
      vertex 8.750657780874821 0 8.001530142205592
      vertex 19.59583694396574 0 7.595836943965738
    endloop
  endfacet
  facet normal 0 -1 0
    outer loop
      vertex 7.998469857794409 -6 7.249342219125179
      vertex 19.24934221912518 -6 8.001530142205592
      vertex 8.404163056034262 -6 7.595836943965738
    endloop
  endfacet
  facet normal 0 -1 0
    outer loop
      vertex 8.404163056034262 -6 7.595836943965738
      vertex 19.24934221912518 -6 8.001530142205592
      vertex 8.750657780874821 -6 8.001530142205592
    endloop
  endfacet
  facet normal 0 1 0
    outer loop
      vertex 8.750657780874821 0 8.001530142205592
      vertex 9.02942218224045 0 8.456432300885542
      vertex 19.24934221912518 0 8.001530142205592
    endloop
  endfacet
  facet normal 0 1 0
    outer loop
      vertex 8.750657780874821 0 8.001530142205592
      vertex 19.24934221912518 0 8.001530142205592
      vertex 19.59583694396574 0 7.595836943965738
    endloop
  endfacet
  facet normal 0 -1 0
    outer loop
      vertex 7.998469857794409 -6 7.249342219125179
      vertex 19.59583694396574 -6 7.595836943965738
      vertex 19.24934221912518 -6 8.001530142205592
    endloop
  endfacet
  facet normal 0 -1 0
    outer loop
      vertex 8.750657780874821 -6 8.001530142205592
      vertex 19.24934221912518 -6 8.001530142205592
      vertex 18.970577817759548 -6 8.456432300885542
    endloop
  endfacet
  facet normal 0 1 0
    outer loop
      vertex 9.02942218224045 0 8.456432300885542
      vertex 9.233592155403521 0 8.949342219125178
      vertex 18.970577817759548 0 8.456432300885542
    endloop
  endfacet
  facet normal 0 -1 0
    outer loop
      vertex 9.02942218224045 -6 8.456432300885542
      vertex 8.750657780874821 -6 8.001530142205592
      vertex 18.76640784459648 -6 8.949342219125178
    endloop
  endfacet
  facet normal 0 -1 0
    outer loop
      vertex 18.76640784459648 -6 8.949342219125178
      vertex 9.233592155403521 -6 8.949342219125178
      vertex 9.02942218224045 -6 8.456432300885542
    endloop
  endfacet
  facet normal 0 1 0
    outer loop
      vertex 9.02942218224045 0 8.456432300885542
      vertex 18.970577817759548 0 8.456432300885542
      vertex 19.24934221912518 0 8.001530142205592
    endloop
  endfacet
  facet normal 0 -1 0
    outer loop
      vertex 8.750657780874821 -6 8.001530142205592
      vertex 18.970577817759548 -6 8.456432300885542
      vertex 18.76640784459648 -6 8.949342219125178
    endloop
  endfacet
  facet normal 0.9238795325112882 0 0.3826834323650863
    outer loop
      vertex 18.970577817759548 0 8.456432300885542
      vertex 18.76640784459648 -6 8.949342219125178
      vertex 18.970577817759548 -6 8.456432300885542
    endloop
  endfacet
  facet normal 0 1 0
    outer loop
      vertex 9.233592155403521 0 8.949342219125178
      vertex 18.76640784459648 0 8.949342219125178
      vertex 18.970577817759548 0 8.456432300885542
    endloop
  endfacet
  facet normal 0.9238795325112882 0 0.3826834323650863
    outer loop
      vertex 18.76640784459648 0 8.949342219125178
      vertex 18.76640784459648 -6 8.949342219125178
      vertex 18.970577817759548 0 8.456432300885542
    endloop
  endfacet
  facet normal 0.23344536385590908 1.5708975184097345e-18 0.9723699203976758
    outer loop
      vertex 21.468122818863215 0 6.641859641976531
      vertex 20.949342219125178 0 6.766407844596479
      vertex 20.949342219125178 -6 6.766407844596479
    endloop
  endfacet
  facet normal 0.07845909572784379 0 0.996917333733128
    outer loop
      vertex 21.468122818863215 0 6.641859641976531
      vertex 21.468122818863215 -6 6.641859641976531
      vertex 22 0 6.6
    endloop
  endfacet
  facet normal -0.07845909572784379 0 0.996917333733128
    outer loop
      vertex 22 -6 6.6
      vertex 22.531877181136785 0 6.641859641976531
      vertex 22 0 6.6
    endloop
  endfacet
  facet normal -0.23344536385590908 0 0.9723699203976758
    outer loop
      vertex 22.531877181136785 0 6.641859641976531
      vertex 22.531877181136785 -6 6.641859641976531
      vertex 23.050657780874822 0 6.766407844596479
    endloop
  endfacet
  facet normal 0.23344536385590908 0 0.9723699203976758
    outer loop
      vertex 21.468122818863215 -6 6.641859641976531
      vertex 21.468122818863215 0 6.641859641976531
      vertex 20.949342219125178 -6 6.766407844596479
    endloop
  endfacet
  facet normal 0.07845909572784379 -3.088959496166119e-20 0.996917333733128
    outer loop
      vertex 21.468122818863215 -6 6.641859641976531
      vertex 22 -6 6.6
      vertex 22 0 6.6
    endloop
  endfacet
  facet normal -0.07845909572784379 0 0.996917333733128
    outer loop
      vertex 22.531877181136785 -6 6.641859641976531
      vertex 22.531877181136785 0 6.641859641976531
      vertex 22 -6 6.6
    endloop
  endfacet
  facet normal -0.23344536385590908 -1.5708975184097345e-18 0.9723699203976758
    outer loop
      vertex 22.531877181136785 -6 6.641859641976531
      vertex 23.050657780874822 -6 6.766407844596479
      vertex 23.050657780874822 0 6.766407844596479
    endloop
  endfacet
  facet normal 0 1 0
    outer loop
      vertex 22 0 6.6
      vertex 22.531877181136785 0 6.641859641976531
      vertex 38 0 6.6
    endloop
  endfacet
  facet normal 0 1 0
    outer loop
      vertex 22.531877181136785 0 6.641859641976531
      vertex 23.050657780874822 0 6.766407844596479
      vertex 37.468122818863215 0 6.641859641976531
    endloop
  endfacet
  facet normal 0 -1 0
    outer loop
      vertex 22.531877181136785 -6 6.641859641976531
      vertex 22 -6 6.6
      vertex 37.468122818863215 -6 6.641859641976531
    endloop
  endfacet
  facet normal 0 -1 0
    outer loop
      vertex 22.531877181136785 -6 6.641859641976531
      vertex 36.94934221912518 -6 6.766407844596479
      vertex 23.050657780874822 -6 6.766407844596479
    endloop
  endfacet
  facet normal 0.3826834323650891 0 0.9238795325112871
    outer loop
      vertex 20.45643230088554 -6 6.970577817759549
      vertex 20.949342219125178 0 6.766407844596479
      vertex 20.45643230088554 0 6.970577817759549
    endloop
  endfacet
  facet normal -0.3826834323650891 0 0.9238795325112871
    outer loop
      vertex 23.050657780874822 -6 6.766407844596479
      vertex 23.54356769911446 0 6.970577817759549
      vertex 23.050657780874822 0 6.766407844596479
    endloop
  endfacet
  facet normal -0.5224985647159486 0 0.8526401643540924
    outer loop
      vertex 23.54356769911446 0 6.970577817759549
      vertex 23.54356769911446 -6 6.970577817759549
      vertex 23.998469857794408 0 7.249342219125179
    endloop
  endfacet
  facet normal 0.3826834323650891 -1.2637320285291743e-18 0.9238795325112871
    outer loop
      vertex 20.45643230088554 -6 6.970577817759549
      vertex 20.949342219125178 -6 6.766407844596479
      vertex 20.949342219125178 0 6.766407844596479
    endloop
  endfacet
  facet normal 0.5224985647159486 0 0.8526401643540924
    outer loop
      vertex 20.45643230088554 -6 6.970577817759549
      vertex 20.45643230088554 0 6.970577817759549
      vertex 20.001530142205592 -6 7.249342219125179
    endloop
  endfacet
  facet normal -0.3826834323650891 0 0.9238795325112871
    outer loop
      vertex 23.54356769911446 -6 6.970577817759549
      vertex 23.54356769911446 0 6.970577817759549
      vertex 23.050657780874822 -6 6.766407844596479
    endloop
  endfacet
  facet normal 0.5224985647159486 0 0.8526401643540924
    outer loop
      vertex 20.001530142205592 -6 7.249342219125179
      vertex 20.45643230088554 0 6.970577817759549
      vertex 20.001530142205592 0 7.249342219125179
    endloop
  endfacet
  facet normal 0.6494480483301834 0 0.7604059656000312
    outer loop
      vertex 19.59583694396574 0 7.595836943965738
      vertex 19.59583694396574 -6 7.595836943965738
      vertex 20.001530142205592 0 7.249342219125179
    endloop
  endfacet
  facet normal 0.6494480483301834 7.84086192911054e-19 0.7604059656000312
    outer loop
      vertex 19.59583694396574 -6 7.595836943965738
      vertex 20.001530142205592 -6 7.249342219125179
      vertex 20.001530142205592 0 7.249342219125179
    endloop
  endfacet
  facet normal 0 1 0
    outer loop
      vertex 23.050657780874822 0 6.766407844596479
      vertex 23.54356769911446 0 6.970577817759549
      vertex 36.94934221912518 0 6.766407844596479
    endloop
  endfacet
  facet normal 0 1 0
    outer loop
      vertex 23.54356769911446 0 6.970577817759549
      vertex 23.998469857794408 0 7.249342219125179
      vertex 36.45643230088554 0 6.970577817759549
    endloop
  endfacet
  facet normal 0 -1 0
    outer loop
      vertex 23.54356769911446 -6 6.970577817759549
      vertex 23.050657780874822 -6 6.766407844596479
      vertex 36.45643230088554 -6 6.970577817759549
    endloop
  endfacet
  facet normal -0.6494480483301834 0 0.7604059656000312
    outer loop
      vertex 23.998469857794408 -6 7.249342219125179
      vertex 24.40416305603426 0 7.595836943965738
      vertex 23.998469857794408 0 7.249342219125179
    endloop
  endfacet
  facet normal 0 1 0
    outer loop
      vertex 24.40416305603426 0 7.595836943965738
      vertex 36.00153014220559 0 7.249342219125179
      vertex 23.998469857794408 0 7.249342219125179
    endloop
  endfacet
  facet normal -0.5224985647159486 3.296432577419694e-18 0.8526401643540924
    outer loop
      vertex 23.54356769911446 -6 6.970577817759549
      vertex 23.998469857794408 -6 7.249342219125179
      vertex 23.998469857794408 0 7.249342219125179
    endloop
  endfacet
  facet normal -0.6494480483301834 -7.84086192911054e-19 0.7604059656000312
    outer loop
      vertex 23.998469857794408 -6 7.249342219125179
      vertex 24.40416305603426 -6 7.595836943965738
      vertex 24.40416305603426 0 7.595836943965738
    endloop
  endfacet
  facet normal 0 -1 0
    outer loop
      vertex 23.54356769911446 -6 6.970577817759549
      vertex 36.00153014220559 -6 7.249342219125179
      vertex 23.998469857794408 -6 7.249342219125179
    endloop
  endfacet
  facet normal 0 -1 0
    outer loop
      vertex 23.998469857794408 -6 7.249342219125179
      vertex 35.595836943965736 -6 7.595836943965738
      vertex 24.40416305603426 -6 7.595836943965738
    endloop
  endfacet
  facet normal 0 1 0
    outer loop
      vertex 22.531877181136785 0 6.641859641976531
      vertex 37.468122818863215 0 6.641859641976531
      vertex 38 0 6.6
    endloop
  endfacet
  facet normal 0 1 0
    outer loop
      vertex 23.050657780874822 0 6.766407844596479
      vertex 36.94934221912518 0 6.766407844596479
      vertex 37.468122818863215 0 6.641859641976531
    endloop
  endfacet
  facet normal 0 -1 0
    outer loop
      vertex 22 -6 6.6
      vertex 38 -6 6.6
      vertex 37.468122818863215 -6 6.641859641976531
    endloop
  endfacet
  facet normal 0 -1 0
    outer loop
      vertex 22.531877181136785 -6 6.641859641976531
      vertex 37.468122818863215 -6 6.641859641976531
      vertex 36.94934221912518 -6 6.766407844596479
    endloop
  endfacet
  facet normal 0.07845909572784379 0 0.996917333733128
    outer loop
      vertex 37.468122818863215 0 6.641859641976531
      vertex 37.468122818863215 -6 6.641859641976531
      vertex 38 0 6.6
    endloop
  endfacet
  facet normal 0.23344536385590908 0 0.9723699203976758
    outer loop
      vertex 36.94934221912518 -6 6.766407844596479
      vertex 37.468122818863215 0 6.641859641976531
      vertex 36.94934221912518 0 6.766407844596479
    endloop
  endfacet
  facet normal 0.07845909572784379 -3.088959496166119e-20 0.996917333733128
    outer loop
      vertex 37.468122818863215 -6 6.641859641976531
      vertex 38 -6 6.6
      vertex 38 0 6.6
    endloop
  endfacet
  facet normal 0.23344536385590908 0 0.9723699203976758
    outer loop
      vertex 37.468122818863215 -6 6.641859641976531
      vertex 37.468122818863215 0 6.641859641976531
      vertex 36.94934221912518 -6 6.766407844596479
    endloop
  endfacet
  facet normal 0 1 0
    outer loop
      vertex 23.54356769911446 0 6.970577817759549
      vertex 36.45643230088554 0 6.970577817759549
      vertex 36.94934221912518 0 6.766407844596479
    endloop
  endfacet
  facet normal 0 -1 0
    outer loop
      vertex 23.050657780874822 -6 6.766407844596479
      vertex 36.94934221912518 -6 6.766407844596479
      vertex 36.45643230088554 -6 6.970577817759549
    endloop
  endfacet
  facet normal 0 -1 0
    outer loop
      vertex 23.54356769911446 -6 6.970577817759549
      vertex 36.45643230088554 -6 6.970577817759549
      vertex 36.00153014220559 -6 7.249342219125179
    endloop
  endfacet
  facet normal 0 1 0
    outer loop
      vertex 23.998469857794408 0 7.249342219125179
      vertex 36.00153014220559 0 7.249342219125179
      vertex 36.45643230088554 0 6.970577817759549
    endloop
  endfacet
  facet normal 0 1 0
    outer loop
      vertex 24.40416305603426 0 7.595836943965738
      vertex 35.595836943965736 0 7.595836943965738
      vertex 36.00153014220559 0 7.249342219125179
    endloop
  endfacet
  facet normal 0 -1 0
    outer loop
      vertex 23.998469857794408 -6 7.249342219125179
      vertex 36.00153014220559 -6 7.249342219125179
      vertex 35.595836943965736 -6 7.595836943965738
    endloop
  endfacet
  facet normal 0.38268343236508673 1.9118009383358077e-18 0.923879532511288
    outer loop
      vertex 36.94934221912518 0 6.766407844596479
      vertex 36.45643230088554 0 6.970577817759549
      vertex 36.45643230088554 -6 6.970577817759549
    endloop
  endfacet
  facet normal 0.38268343236508673 0 0.923879532511288
    outer loop
      vertex 36.94934221912518 -6 6.766407844596479
      vertex 36.94934221912518 0 6.766407844596479
      vertex 36.45643230088554 -6 6.970577817759549
    endloop
  endfacet
  facet normal 0.5224985647159486 -3.296432577419694e-18 0.8526401643540924
    outer loop
      vertex 36.00153014220559 -6 7.249342219125179
      vertex 36.45643230088554 -6 6.970577817759549
      vertex 36.45643230088554 0 6.970577817759549
    endloop
  endfacet
  facet normal 0.5224985647159486 0 0.8526401643540924
    outer loop
      vertex 36.00153014220559 -6 7.249342219125179
      vertex 36.45643230088554 0 6.970577817759549
      vertex 36.00153014220559 0 7.249342219125179
    endloop
  endfacet
  facet normal 0.6494480483301834 0 0.7604059656000312
    outer loop
      vertex 35.595836943965736 0 7.595836943965738
      vertex 35.595836943965736 -6 7.595836943965738
      vertex 36.00153014220559 0 7.249342219125179
    endloop
  endfacet
  facet normal 0.6494480483301834 0 0.7604059656000312
    outer loop
      vertex 36.00153014220559 -6 7.249342219125179
      vertex 36.00153014220559 0 7.249342219125179
      vertex 35.595836943965736 -6 7.595836943965738
    endloop
  endfacet
  facet normal 0 0 1
    outer loop
      vertex 70 -6 6
      vertex -19 -32.6 6
      vertex 19 -32.6 6
    endloop
  endfacet
  facet normal 0 0 1
    outer loop
      vertex 70 -6 6
      vertex 19 -32.6 6
      vertex 19.531877181136785 -32.64185964197653 6
    endloop
  endfacet
  facet normal 0 0 1
    outer loop
      vertex 70 -6 6
      vertex 19.531877181136785 -32.64185964197653 6
      vertex 20.050657780874822 -32.76640784459648 6
    endloop
  endfacet
  facet normal 0 0 1
    outer loop
      vertex 70 -6 6
      vertex 20.050657780874822 -32.76640784459648 6
      vertex 20.54356769911446 -32.97057781775955 6
    endloop
  endfacet
  facet normal 0 0 1
    outer loop
      vertex 70 -6 6
      vertex 20.54356769911446 -32.97057781775955 6
      vertex 20.998469857794408 -33.24934221912518 6
    endloop
  endfacet
  facet normal 0 0 1
    outer loop
      vertex 70 -6 6
      vertex 20.998469857794408 -33.24934221912518 6
      vertex 21.40416305603426 -33.595836943965736 6
    endloop
  endfacet
  facet normal 0 0 1
    outer loop
      vertex 70 -6 6
      vertex 21.40416305603426 -33.595836943965736 6
      vertex 21.75065778087482 -34.00153014220559 6
    endloop
  endfacet
  facet normal 0 0 1
    outer loop
      vertex 70 -6 6
      vertex 21.75065778087482 -34.00153014220559 6
      vertex 22.029422182240452 -34.45643230088554 6
    endloop
  endfacet
  facet normal 0.7604059656000309 0 0.6494480483301838
    outer loop
      vertex 19.24934221912518 0 8.001530142205592
      vertex 19.24934221912518 -6 8.001530142205592
      vertex 19.59583694396574 0 7.595836943965738
    endloop
  endfacet
  facet normal 0.7604059656000309 0 0.6494480483301838
    outer loop
      vertex 19.59583694396574 0 7.595836943965738
      vertex 19.24934221912518 -6 8.001530142205592
      vertex 19.59583694396574 -6 7.595836943965738
    endloop
  endfacet
  facet normal 0.852640164354091 0 0.522498564715951
    outer loop
      vertex 19.24934221912518 0 8.001530142205592
      vertex 18.970577817759548 -6 8.456432300885542
      vertex 19.24934221912518 -6 8.001530142205592
    endloop
  endfacet
  facet normal -0.7604059656000309 4.30025944220069e-19 0.6494480483301838
    outer loop
      vertex 24.75065778087482 0 8.001530142205592
      vertex 24.40416305603426 0 7.595836943965738
      vertex 24.40416305603426 -6 7.595836943965738
    endloop
  endfacet
  facet normal 0 1 0
    outer loop
      vertex 24.75065778087482 0 8.001530142205592
      vertex 35.595836943965736 0 7.595836943965738
      vertex 24.40416305603426 0 7.595836943965738
    endloop
  endfacet
  facet normal -0.7604059656000309 0 0.6494480483301838
    outer loop
      vertex 24.75065778087482 0 8.001530142205592
      vertex 24.40416305603426 -6 7.595836943965738
      vertex 24.75065778087482 -6 8.001530142205592
    endloop
  endfacet
  facet normal 0 -1 0
    outer loop
      vertex 24.40416305603426 -6 7.595836943965738
      vertex 35.24934221912518 -6 8.001530142205592
      vertex 24.75065778087482 -6 8.001530142205592
    endloop
  endfacet
  facet normal -0.852640164354091 0 0.522498564715951
    outer loop
      vertex 24.75065778087482 0 8.001530142205592
      vertex 24.75065778087482 -6 8.001530142205592
      vertex 25.029422182240452 0 8.456432300885542
    endloop
  endfacet
  facet normal 0 1 0
    outer loop
      vertex 24.75065778087482 0 8.001530142205592
      vertex 25.029422182240452 0 8.456432300885542
      vertex 35.24934221912518 0 8.001530142205592
    endloop
  endfacet
  facet normal 0.852640164354091 -4.2826052368933865e-18 0.522498564715951
    outer loop
      vertex 19.24934221912518 0 8.001530142205592
      vertex 18.970577817759548 0 8.456432300885542
      vertex 18.970577817759548 -6 8.456432300885542
    endloop
  endfacet
  facet normal -0.9238795325112882 0 0.3826834323650863
    outer loop
      vertex 25.029422182240452 0 8.456432300885542
      vertex 25.029422182240452 -6 8.456432300885542
      vertex 25.23359215540352 0 8.949342219125178
    endloop
  endfacet
  facet normal 0 1 0
    outer loop
      vertex 25.029422182240452 0 8.456432300885542
      vertex 25.23359215540352 0 8.949342219125178
      vertex 34.97057781775955 0 8.456432300885542
    endloop
  endfacet
  facet normal -0.852640164354091 0 0.522498564715951
    outer loop
      vertex 25.029422182240452 0 8.456432300885542
      vertex 24.75065778087482 -6 8.001530142205592
      vertex 25.029422182240452 -6 8.456432300885542
    endloop
  endfacet
  facet normal 0 -1 0
    outer loop
      vertex 25.029422182240452 -6 8.456432300885542
      vertex 24.75065778087482 -6 8.001530142205592
      vertex 34.97057781775955 -6 8.456432300885542
    endloop
  endfacet
  facet normal -0.9238795325112882 0 0.3826834323650863
    outer loop
      vertex 25.23359215540352 0 8.949342219125178
      vertex 25.029422182240452 -6 8.456432300885542
      vertex 25.23359215540352 -6 8.949342219125178
    endloop
  endfacet
  facet normal 0 -1 0
    outer loop
      vertex 25.23359215540352 -6 8.949342219125178
      vertex 25.029422182240452 -6 8.456432300885542
      vertex 34.76640784459648 -6 8.949342219125178
    endloop
  endfacet
  facet normal 0 1 0
    outer loop
      vertex 24.75065778087482 0 8.001530142205592
      vertex 35.24934221912518 0 8.001530142205592
      vertex 35.595836943965736 0 7.595836943965738
    endloop
  endfacet
  facet normal 0 -1 0
    outer loop
      vertex 24.40416305603426 -6 7.595836943965738
      vertex 35.595836943965736 -6 7.595836943965738
      vertex 35.24934221912518 -6 8.001530142205592
    endloop
  endfacet
  facet normal 0 -1 0
    outer loop
      vertex 24.75065778087482 -6 8.001530142205592
      vertex 35.24934221912518 -6 8.001530142205592
      vertex 34.97057781775955 -6 8.456432300885542
    endloop
  endfacet
  facet normal 0.7604059656000375 0 0.649448048330176
    outer loop
      vertex 35.24934221912518 0 8.001530142205592
      vertex 35.24934221912518 -6 8.001530142205592
      vertex 35.595836943965736 0 7.595836943965738
    endloop
  endfacet
  facet normal 0.7604059656000375 0 0.649448048330176
    outer loop
      vertex 35.595836943965736 0 7.595836943965738
      vertex 35.24934221912518 -6 8.001530142205592
      vertex 35.595836943965736 -6 7.595836943965738
    endloop
  endfacet
  facet normal 0.852640164354088 0 0.5224985647159559
    outer loop
      vertex 35.24934221912518 0 8.001530142205592
      vertex 34.97057781775955 -6 8.456432300885542
      vertex 35.24934221912518 -6 8.001530142205592
    endloop
  endfacet
  facet normal 0 1 0
    outer loop
      vertex 25.029422182240452 0 8.456432300885542
      vertex 34.97057781775955 0 8.456432300885542
      vertex 35.24934221912518 0 8.001530142205592
    endloop
  endfacet
  facet normal 0 -1 0
    outer loop
      vertex 25.029422182240452 -6 8.456432300885542
      vertex 34.97057781775955 -6 8.456432300885542
      vertex 34.76640784459648 -6 8.949342219125178
    endloop
  endfacet
  facet normal 0 1 0
    outer loop
      vertex 25.23359215540352 0 8.949342219125178
      vertex 34.76640784459648 0 8.949342219125178
      vertex 34.97057781775955 0 8.456432300885542
    endloop
  endfacet
  facet normal 0.852640164354088 2.4156020392218567e-18 0.5224985647159559
    outer loop
      vertex 35.24934221912518 0 8.001530142205592
      vertex 34.97057781775955 0 8.456432300885542
      vertex 34.97057781775955 -6 8.456432300885542
    endloop
  endfacet
  facet normal 0.9238795325112882 0 0.3826834323650863
    outer loop
      vertex 34.97057781775955 0 8.456432300885542
      vertex 34.76640784459648 -6 8.949342219125178
      vertex 34.97057781775955 -6 8.456432300885542
    endloop
  endfacet
  facet normal 0.9238795325112882 -8.628510466155919e-19 0.3826834323650863
    outer loop
      vertex 34.97057781775955 0 8.456432300885542
      vertex 34.76640784459648 0 8.949342219125178
      vertex 34.76640784459648 -6 8.949342219125178
    endloop
  endfacet
  facet normal 0 0 1
    outer loop
      vertex -17.001530142205592 -33.24934221912518 6
      vertex 17.001530142205592 -33.24934221912518 6
      vertex 17.45643230088554 -32.97057781775955 6
    endloop
  endfacet
  facet normal 0 0 1
    outer loop
      vertex -17.949342219125178 -32.76640784459648 6
      vertex 17.949342219125178 -32.76640784459648 6
      vertex 18.468122818863215 -32.64185964197653 6
    endloop
  endfacet
  facet normal 0 0 1
    outer loop
      vertex -18.468122818863215 -32.64185964197653 6
      vertex 18.468122818863215 -32.64185964197653 6
      vertex 19 -32.6 6
    endloop
  endfacet
  facet normal 0 0 1
    outer loop
      vertex -17.45643230088554 -32.97057781775955 6
      vertex 17.45643230088554 -32.97057781775955 6
      vertex 17.949342219125178 -32.76640784459648 6
    endloop
  endfacet
  facet normal 0 0 1
    outer loop
      vertex -16.59583694396574 -33.595836943965736 6
      vertex 16.59583694396574 -33.595836943965736 6
      vertex 17.001530142205592 -33.24934221912518 6
    endloop
  endfacet
  facet normal 0 0 1
    outer loop
      vertex -16.24934221912518 -34.00153014220559 6
      vertex 16.24934221912518 -34.00153014220559 6
      vertex 16.59583694396574 -33.595836943965736 6
    endloop
  endfacet
  facet normal 0 0 1
    outer loop
      vertex -15.766407844596479 -34.94934221912518 6
      vertex 15.766407844596479 -34.94934221912518 6
      vertex 15.97057781775955 -34.45643230088554 6
    endloop
  endfacet
  facet normal 0 0 1
    outer loop
      vertex -15.97057781775955 -34.45643230088554 6
      vertex 15.97057781775955 -34.45643230088554 6
      vertex 16.24934221912518 -34.00153014220559 6
    endloop
  endfacet
  facet normal 0 0 1
    outer loop
      vertex -15.766407844596479 -34.94934221912518 6
      vertex 0 -46.1 6
      vertex 15.766407844596479 -34.94934221912518 6
    endloop
  endfacet
  facet normal 0 0 1
    outer loop
      vertex 15.6 -36 6
      vertex 15.64185964197653 -35.468122818863215 6
      vertex 0.7665288786971313 -46.160327131083825 6
    endloop
  endfacet
  facet normal 0 0 1
    outer loop
      vertex 15.766407844596479 -34.94934221912518 6
      vertex 0.7665288786971313 -46.160327131083825 6
      vertex 15.64185964197653 -35.468122818863215 6
    endloop
  endfacet
  facet normal 0 0 1
    outer loop
      vertex 15.766407844596479 -34.94934221912518 6
      vertex 0 -46.1 6
      vertex 0.7665288786971313 -46.160327131083825 6
    endloop
  endfacet
  facet normal 0 0 1
    outer loop
      vertex 15.6 -36 6
      vertex 0.7665288786971313 -46.160327131083825 6
      vertex 1.5141832724372424 -46.33982307015375 6
    endloop
  endfacet
  facet normal 0 0 1
    outer loop
      vertex 15.6 -36 6
      vertex 1.5141832724372424 -46.33982307015375 6
      vertex 2.2245534487237797 -46.634068031477 6
    endloop
  endfacet
  facet normal 0 0 1
    outer loop
      vertex 15.6 -36 6
      vertex 2.2245534487237797 -46.634068031477 6
      vertex 2.8801477362331185 -47.03581672756276 6
    endloop
  endfacet
  facet normal 0 0 1
    outer loop
      vertex 15.6 -36 6
      vertex 2.8801477362331185 -47.03581672756276 6
      vertex 3.464823227814083 -47.53517677218592 6
    endloop
  endfacet
  facet normal 0 0 1
    outer loop
      vertex 15.6 -36 6
      vertex 3.464823227814083 -47.53517677218592 6
      vertex 3.9641832724372428 -48.11985226376688 6
    endloop
  endfacet
  facet normal 0 0 1
    outer loop
      vertex 15.6 -36 6
      vertex 3.9641832724372428 -48.11985226376688 6
      vertex 4.365931968523003 -48.77544655127622 6
    endloop
  endfacet
  facet normal 0 0 1
    outer loop
      vertex 15.6 -36 6
      vertex 4.365931968523003 -48.77544655127622 6
      vertex 4.660176929846252 -49.48581672756276 6
    endloop
  endfacet
  facet normal 0 0 1
    outer loop
      vertex 15.6 -36 6
      vertex 4.660176929846252 -49.48581672756276 6
      vertex 4.839672868916176 -50.23347112130287 6
    endloop
  endfacet
  facet normal 0 0 1
    outer loop
      vertex 15.6 -36 6
      vertex 4.839672868916176 -50.23347112130287 6
      vertex 4.9 -51 6
    endloop
  endfacet
  facet normal 0 0 1
    outer loop
      vertex 4.9 -51 6
      vertex 4.839672868916176 -51.76652887869713 6
      vertex 16.24934221912518 -47.99846985779441 6
    endloop
  endfacet
  facet normal 0 0 1
    outer loop
      vertex 4.839672868916176 -51.76652887869713 6
      vertex 4.660176929846252 -52.51418327243724 6
      vertex 16.59583694396574 -48.404163056034264 6
    endloop
  endfacet
  facet normal 0 0 1
    outer loop
      vertex 4.660176929846252 -52.51418327243724 6
      vertex 4.365931968523003 -53.22455344872378 6
      vertex 17.001530142205592 -48.75065778087482 6
    endloop
  endfacet
  facet normal 0 0 1
    outer loop
      vertex 4.365931968523003 -53.22455344872378 6
      vertex 3.9641832724372428 -53.88014773623312 6
      vertex 17.45643230088554 -49.02942218224045 6
    endloop
  endfacet
  facet normal 0 0 1
    outer loop
      vertex 17.949342219125178 -49.23359215540352 6
      vertex 3.9641832724372428 -53.88014773623312 6
      vertex 3.464823227814083 -54.46482322781408 6
    endloop
  endfacet
  facet normal 0 0 1
    outer loop
      vertex 4.9 -51 6
      vertex 15.6 -46 6
      vertex 15.6 -36 6
    endloop
  endfacet
  facet normal 0 0 1
    outer loop
      vertex 4.9 -51 6
      vertex 15.64185964197653 -46.531877181136785 6
      vertex 15.6 -46 6
    endloop
  endfacet
  facet normal 0 0 1
    outer loop
      vertex 4.9 -51 6
      vertex 15.766407844596479 -47.05065778087482 6
      vertex 15.64185964197653 -46.531877181136785 6
    endloop
  endfacet
  facet normal 0 0 1
    outer loop
      vertex 4.9 -51 6
      vertex 15.97057781775955 -47.54356769911446 6
      vertex 15.766407844596479 -47.05065778087482 6
    endloop
  endfacet
  facet normal 0 0 1
    outer loop
      vertex 4.9 -51 6
      vertex 16.24934221912518 -47.99846985779441 6
      vertex 15.97057781775955 -47.54356769911446 6
    endloop
  endfacet
  facet normal 0 0 1
    outer loop
      vertex 4.839672868916176 -51.76652887869713 6
      vertex 16.59583694396574 -48.404163056034264 6
      vertex 16.24934221912518 -47.99846985779441 6
    endloop
  endfacet
  facet normal 0 0 1
    outer loop
      vertex 4.660176929846252 -52.51418327243724 6
      vertex 17.001530142205592 -48.75065778087482 6
      vertex 16.59583694396574 -48.404163056034264 6
    endloop
  endfacet
  facet normal 0 0 1
    outer loop
      vertex 4.365931968523003 -53.22455344872378 6
      vertex 17.45643230088554 -49.02942218224045 6
      vertex 17.001530142205592 -48.75065778087482 6
    endloop
  endfacet
  facet normal 0 0 1
    outer loop
      vertex 17.45643230088554 -49.02942218224045 6
      vertex 3.9641832724372428 -53.88014773623312 6
      vertex 17.949342219125178 -49.23359215540352 6
    endloop
  endfacet
  facet normal 0 0 1
    outer loop
      vertex 18.468122818863215 -49.35814035802347 6
      vertex 17.949342219125178 -49.23359215540352 6
      vertex 3.464823227814083 -54.46482322781408 6
    endloop
  endfacet
  facet normal 0.9723699203976766 0 0.23344536385590595
    outer loop
      vertex 2.6418596419765317 -6 9.468122818863215
      vertex 2.766407844596478 0 8.949342219125178
      vertex 2.6418596419765317 0 9.468122818863215
    endloop
  endfacet
  facet normal 0.9723699203976766 -1.013287995274416e-18 0.23344536385590595
    outer loop
      vertex 2.6418596419765317 -6 9.468122818863215
      vertex 2.766407844596478 -6 8.949342219125178
      vertex 2.766407844596478 0 8.949342219125178
    endloop
  endfacet
  facet normal 0.996917333733128 -1.178977074917088e-19 0.07845909572784462
    outer loop
      vertex 2.6 -6 10
      vertex 2.6418596419765317 -6 9.468122818863215
      vertex 2.6418596419765317 0 9.468122818863215
    endloop
  endfacet
  facet normal -0.9723699203976758 -1.5708975184097345e-18 0.23344536385590908
    outer loop
      vertex 9.35814035802347 0 9.468122818863215
      vertex 9.233592155403521 0 8.949342219125178
      vertex 9.233592155403521 -6 8.949342219125178
    endloop
  endfacet
  facet normal -0.9723699203976758 -1.5708975184097345e-18 0.23344536385590908
    outer loop
      vertex 9.233592155403521 -6 8.949342219125178
      vertex 9.35814035802347 -6 9.468122818863215
      vertex 9.35814035802347 0 9.468122818863215
    endloop
  endfacet
  facet normal -0.996917333733128 0 0.07845909572784379
    outer loop
      vertex 9.35814035802347 0 9.468122818863215
      vertex 9.35814035802347 -6 9.468122818863215
      vertex 9.4 0 10
    endloop
  endfacet
  facet normal 0.996917333733128 0 0.07845909572784462
    outer loop
      vertex 2.6 -6 10
      vertex 2.6418596419765317 0 9.468122818863215
      vertex 2.6 0 10
    endloop
  endfacet
  facet normal 1 0 0
    outer loop
      vertex 2.6 0 10.799999999999999
      vertex 2.6 -6 10
      vertex 2.6 0 10
    endloop
  endfacet
  facet normal -0.996917333733128 3.088959496166119e-20 0.07845909572784379
    outer loop
      vertex 9.35814035802347 -6 9.468122818863215
      vertex 9.4 -6 10
      vertex 9.4 0 10
    endloop
  endfacet
  facet normal 0 1 0
    outer loop
      vertex 9.35814035802347 0 9.468122818863215
      vertex 18.76640784459648 0 8.949342219125178
      vertex 9.233592155403521 0 8.949342219125178
    endloop
  endfacet
  facet normal 0 -1 0
    outer loop
      vertex 9.233592155403521 -6 8.949342219125178
      vertex 18.64185964197653 -6 9.468122818863215
      vertex 9.35814035802347 -6 9.468122818863215
    endloop
  endfacet
  facet normal 0 1 0
    outer loop
      vertex 9.35814035802347 0 9.468122818863215
      vertex 9.4 0 10
      vertex 18.64185964197653 0 9.468122818863215
    endloop
  endfacet
  facet normal 0 1 0
    outer loop
      vertex 9.35814035802347 0 9.468122818863215
      vertex 18.64185964197653 0 9.468122818863215
      vertex 18.76640784459648 0 8.949342219125178
    endloop
  endfacet
  facet normal 0.9723699203976758 1.5708975184097345e-18 0.23344536385590908
    outer loop
      vertex 18.76640784459648 0 8.949342219125178
      vertex 18.64185964197653 0 9.468122818863215
      vertex 18.64185964197653 -6 9.468122818863215
    endloop
  endfacet
  facet normal 0 -1 0
    outer loop
      vertex 9.233592155403521 -6 8.949342219125178
      vertex 18.76640784459648 -6 8.949342219125178
      vertex 18.64185964197653 -6 9.468122818863215
    endloop
  endfacet
  facet normal 0.9723699203976758 0 0.23344536385590908
    outer loop
      vertex 18.76640784459648 -6 8.949342219125178
      vertex 18.76640784459648 0 8.949342219125178
      vertex 18.64185964197653 -6 9.468122818863215
    endloop
  endfacet
  facet normal 0 -1 0
    outer loop
      vertex 18.6 -6 10
      vertex 9.35814035802347 -6 9.468122818863215
      vertex 18.64185964197653 -6 9.468122818863215
    endloop
  endfacet
  facet normal 0.9969173337331283 3.171428551585294e-19 0.07845909572784047
    outer loop
      vertex 18.6 -6 10
      vertex 18.64185964197653 -6 9.468122818863215
      vertex 18.64185964197653 0 9.468122818863215
    endloop
  endfacet
  facet normal 0 -1 0
    outer loop
      vertex 9.35814035802347 -6 9.468122818863215
      vertex 18.6 -6 10
      vertex 9.4 -6 10
    endloop
  endfacet
  facet normal 0 1 0
    outer loop
      vertex 9.4 0 10
      vertex 18.6 0 10
      vertex 18.64185964197653 0 9.468122818863215
    endloop
  endfacet
  facet normal 0.9969173337331283 0 0.07845909572784047
    outer loop
      vertex 18.6 -6 10
      vertex 18.64185964197653 0 9.468122818863215
      vertex 18.6 0 10
    endloop
  endfacet
  facet normal 0 1 0
    outer loop
      vertex 18.6 0 10.799999999999999
      vertex 18.6 0 10
      vertex 9.4 0 10
    endloop
  endfacet
  facet normal 0 -1 0
    outer loop
      vertex 18.6 -6 10.799999999999999
      vertex 9.4 -6 10
      vertex 18.6 -6 10
    endloop
  endfacet
  facet normal 1 0 0
    outer loop
      vertex 18.6 -6 10.799999999999999
      vertex 18.6 -6 10
      vertex 18.6 0 10
    endloop
  endfacet
  facet normal 1 0 0
    outer loop
      vertex 2.6 0 10.799999999999999
      vertex 2.6 -1.2 12
      vertex 2.6 -6 10
    endloop
  endfacet
  facet normal 1 0 0
    outer loop
      vertex 2.6 -4.8 12
      vertex 2.6 -6 10.799999999999999
      vertex 2.6 -6 10
    endloop
  endfacet
  facet normal -1 0 0
    outer loop
      vertex 9.4 -4.8 12
      vertex 9.4 0 10
      vertex 9.4 -6 10
    endloop
  endfacet
  facet normal -1 0 0
    outer loop
      vertex 9.4 0 10.799999999999999
      vertex 9.4 0 10
      vertex 9.4 -4.8 12
    endloop
  endfacet
  facet normal -1 0 0
    outer loop
      vertex 9.4 -6 10.799999999999999
      vertex 9.4 -4.8 12
      vertex 9.4 -6 10
    endloop
  endfacet
  facet normal 1 0 0
    outer loop
      vertex 2.6 -4.8 12
      vertex 2.6 -6 10
      vertex 2.6 -1.2 12
    endloop
  endfacet
  facet normal -1 0 0
    outer loop
      vertex 9.4 -1.2 12
      vertex 9.4 0 10.799999999999999
      vertex 9.4 -4.8 12
    endloop
  endfacet
  facet normal 0 1 0
    outer loop
      vertex 9.4 0 10.799999999999999
      vertex 18.6 0 10.799999999999999
      vertex 9.4 0 10
    endloop
  endfacet
  facet normal 0 -1 0
    outer loop
      vertex 9.4 -6 10.799999999999999
      vertex 9.4 -6 10
      vertex 18.6 -6 10.799999999999999
    endloop
  endfacet
  facet normal 3.413244475399512e-18 0.7071067811865479 0.7071067811865472
    outer loop
      vertex 9.4 -1.2 12
      vertex 18.6 0 10.799999999999999
      vertex 9.4 0 10.799999999999999
    endloop
  endfacet
  facet normal 1 0 0
    outer loop
      vertex 18.6 0 10.799999999999999
      vertex 18.6 -1.2 12
      vertex 18.6 0 10
    endloop
  endfacet
  facet normal 0 -0.7071067811865478 0.7071067811865472
    outer loop
      vertex 9.4 -6 10.799999999999999
      vertex 18.6 -6 10.799999999999999
      vertex 18.6 -4.8 12
    endloop
  endfacet
  facet normal 1 0 0
    outer loop
      vertex 18.6 -4.8 12
      vertex 18.6 -6 10.799999999999999
      vertex 18.6 0 10
    endloop
  endfacet
  facet normal -5.688740792332393e-19 -0.7071067811865478 0.7071067811865472
    outer loop
      vertex 9.4 -6 10.799999999999999
      vertex 18.6 -4.8 12
      vertex 9.4 -4.8 12
    endloop
  endfacet
  facet normal 0 0 1
    outer loop
      vertex 9.4 -1.2 12
      vertex 9.4 -4.8 12
      vertex 18.6 -1.2 12
    endloop
  endfacet
  facet normal 0 0.7071067811865479 0.7071067811865472
    outer loop
      vertex 9.4 -1.2 12
      vertex 18.6 -1.2 12
      vertex 18.6 0 10.799999999999999
    endloop
  endfacet
  facet normal 1 0 0
    outer loop
      vertex 18.6 -4.8 12
      vertex 18.6 0 10
      vertex 18.6 -1.2 12
    endloop
  endfacet
  facet normal 0 0 1
    outer loop
      vertex 9.4 -4.8 12
      vertex 18.6 -4.8 12
      vertex 18.6 -1.2 12
    endloop
  endfacet
  facet normal -0.9723699203976758 0 0.23344536385590908
    outer loop
      vertex 25.23359215540352 -6 8.949342219125178
      vertex 25.35814035802347 0 9.468122818863215
      vertex 25.23359215540352 0 8.949342219125178
    endloop
  endfacet
  facet normal 0 1 0
    outer loop
      vertex 25.23359215540352 0 8.949342219125178
      vertex 25.35814035802347 0 9.468122818863215
      vertex 34.76640784459648 0 8.949342219125178
    endloop
  endfacet
  facet normal -0.9723699203976758 0 0.23344536385590908
    outer loop
      vertex 25.35814035802347 -6 9.468122818863215
      vertex 25.35814035802347 0 9.468122818863215
      vertex 25.23359215540352 -6 8.949342219125178
    endloop
  endfacet
  facet normal -0.9969173337331283 0 0.07845909572784047
    outer loop
      vertex 25.35814035802347 -6 9.468122818863215
      vertex 25.4 0 10
      vertex 25.35814035802347 0 9.468122818863215
    endloop
  endfacet
  facet normal 0 1 0
    outer loop
      vertex 25.35814035802347 0 9.468122818863215
      vertex 25.4 0 10
      vertex 34.64185964197653 0 9.468122818863215
    endloop
  endfacet
  facet normal 0 -1 0
    outer loop
      vertex 34.6 -6 10
      vertex 25.35814035802347 -6 9.468122818863215
      vertex 25.23359215540352 -6 8.949342219125178
    endloop
  endfacet
  facet normal -0.9969173337331283 0 0.07845909572784047
    outer loop
      vertex 25.4 -6 10
      vertex 25.4 0 10
      vertex 25.35814035802347 -6 9.468122818863215
    endloop
  endfacet
  facet normal 0 -1 0
    outer loop
      vertex 34.6 -6 10.799999999999999
      vertex 25.4 -6 10
      vertex 25.35814035802347 -6 9.468122818863215
    endloop
  endfacet
  facet normal -1 0 0
    outer loop
      vertex 25.4 0 10.799999999999999
      vertex 25.4 0 10
      vertex 25.4 -6 10
    endloop
  endfacet
  facet normal 0 1 0
    outer loop
      vertex 25.35814035802347 0 9.468122818863215
      vertex 34.64185964197653 0 9.468122818863215
      vertex 34.76640784459648 0 8.949342219125178
    endloop
  endfacet
  facet normal 0 -1 0
    outer loop
      vertex 25.23359215540352 -6 8.949342219125178
      vertex 34.76640784459648 -6 8.949342219125178
      vertex 34.64185964197653 -6 9.468122818863215
    endloop
  endfacet
  facet normal 0 -1 0
    outer loop
      vertex 25.23359215540352 -6 8.949342219125178
      vertex 34.64185964197653 -6 9.468122818863215
      vertex 34.6 -6 10
    endloop
  endfacet
  facet normal 0.9723699203976758 0 0.23344536385590908
    outer loop
      vertex 34.64185964197653 -6 9.468122818863215
      vertex 34.76640784459648 0 8.949342219125178
      vertex 34.64185964197653 0 9.468122818863215
    endloop
  endfacet
  facet normal 0.9723699203976758 1.5708975184097345e-18 0.23344536385590908
    outer loop
      vertex 34.64185964197653 -6 9.468122818863215
      vertex 34.76640784459648 -6 8.949342219125178
      vertex 34.76640784459648 0 8.949342219125178
    endloop
  endfacet
  facet normal 0.9969173337331283 3.171428551585294e-19 0.07845909572784047
    outer loop
      vertex 34.6 -6 10
      vertex 34.64185964197653 -6 9.468122818863215
      vertex 34.64185964197653 0 9.468122818863215
    endloop
  endfacet
  facet normal 0 1 0
    outer loop
      vertex 25.4 0 10
      vertex 34.6 0 10
      vertex 34.64185964197653 0 9.468122818863215
    endloop
  endfacet
  facet normal 0 -1 0
    outer loop
      vertex 25.35814035802347 -6 9.468122818863215
      vertex 34.6 -6 10
      vertex 34.6 -6 10.799999999999999
    endloop
  endfacet
  facet normal 0 1 0
    outer loop
      vertex 34.6 0 10.799999999999999
      vertex 34.6 0 10
      vertex 25.4 0 10
    endloop
  endfacet
  facet normal 0.9969173337331283 0 0.07845909572784047
    outer loop
      vertex 34.6 -6 10
      vertex 34.64185964197653 0 9.468122818863215
      vertex 34.6 0 10
    endloop
  endfacet
  facet normal 1 0 0
    outer loop
      vertex 34.6 -6 10.799999999999999
      vertex 34.6 -6 10
      vertex 34.6 0 10
    endloop
  endfacet
  facet normal 0 1 0
    outer loop
      vertex 25.4 0 10.799999999999999
      vertex 34.6 0 10.799999999999999
      vertex 25.4 0 10
    endloop
  endfacet
  facet normal 0 -1 0
    outer loop
      vertex 34.6 -6 10.799999999999999
      vertex 25.4 -6 10.799999999999999
      vertex 25.4 -6 10
    endloop
  endfacet
  facet normal 3.4132444753995112e-18 0.7071067811865478 0.7071067811865471
    outer loop
      vertex 25.4 -1.2 12
      vertex 34.6 0 10.799999999999999
      vertex 25.4 0 10.799999999999999
    endloop
  endfacet
  facet normal -1 0 0
    outer loop
      vertex 25.4 0 10.799999999999999
      vertex 25.4 -6 10
      vertex 25.4 -4.8 12
    endloop
  endfacet
  facet normal -1 0 0
    outer loop
      vertex 25.4 -6 10.799999999999999
      vertex 25.4 -4.8 12
      vertex 25.4 -6 10
    endloop
  endfacet
  facet normal -1 0 0
    outer loop
      vertex 25.4 -1.2 12
      vertex 25.4 0 10.799999999999999
      vertex 25.4 -4.8 12
    endloop
  endfacet
  facet normal -5.688740792332393e-19 -0.7071067811865478 0.7071067811865472
    outer loop
      vertex 25.4 -6 10.799999999999999
      vertex 34.6 -4.8 12
      vertex 25.4 -4.8 12
    endloop
  endfacet
  facet normal 0 0 1
    outer loop
      vertex 25.4 -1.2 12
      vertex 25.4 -4.8 12
      vertex 34.6 -1.2 12
    endloop
  endfacet
  facet normal 0 -0.7071067811865478 0.7071067811865472
    outer loop
      vertex 25.4 -6 10.799999999999999
      vertex 34.6 -6 10.799999999999999
      vertex 34.6 -4.8 12
    endloop
  endfacet
  facet normal 1 0 0
    outer loop
      vertex 34.6 0 10.799999999999999
      vertex 34.6 -1.2 12
      vertex 34.6 0 10
    endloop
  endfacet
  facet normal 1 0 0
    outer loop
      vertex 34.6 -4.8 12
      vertex 34.6 -6 10.799999999999999
      vertex 34.6 0 10
    endloop
  endfacet
  facet normal 0 0.7071067811865478 0.7071067811865471
    outer loop
      vertex 25.4 -1.2 12
      vertex 34.6 -1.2 12
      vertex 34.6 0 10.799999999999999
    endloop
  endfacet
  facet normal 0 0 1
    outer loop
      vertex 25.4 -4.8 12
      vertex 34.6 -4.8 12
      vertex 34.6 -1.2 12
    endloop
  endfacet
  facet normal 1 0 0
    outer loop
      vertex 34.6 -4.8 12
      vertex 34.6 0 10
      vertex 34.6 -1.2 12
    endloop
  endfacet
  facet normal -0.07845909572784379 0 0.996917333733128
    outer loop
      vertex 38 -6 6.6
      vertex 38.531877181136785 0 6.641859641976531
      vertex 38 0 6.6
    endloop
  endfacet
  facet normal -0.23344536385590908 0 0.9723699203976758
    outer loop
      vertex 38.531877181136785 0 6.641859641976531
      vertex 38.531877181136785 -6 6.641859641976531
      vertex 39.05065778087482 0 6.766407844596479
    endloop
  endfacet
  facet normal -0.07845909572784379 0 0.996917333733128
    outer loop
      vertex 38.531877181136785 -6 6.641859641976531
      vertex 38.531877181136785 0 6.641859641976531
      vertex 38 -6 6.6
    endloop
  endfacet
  facet normal -0.23344536385590908 -1.5708975184097345e-18 0.9723699203976758
    outer loop
      vertex 38.531877181136785 -6 6.641859641976531
      vertex 39.05065778087482 -6 6.766407844596479
      vertex 39.05065778087482 0 6.766407844596479
    endloop
  endfacet
  facet normal 0 1 0
    outer loop
      vertex 38.531877181136785 0 6.641859641976531
      vertex 39.05065778087482 0 6.766407844596479
      vertex 53.468122818863215 0 6.641859641976531
    endloop
  endfacet
  facet normal 0 -1 0
    outer loop
      vertex 38.531877181136785 -6 6.641859641976531
      vertex 38 -6 6.6
      vertex 53.468122818863215 -6 6.641859641976531
    endloop
  endfacet
  facet normal 0 -1 0
    outer loop
      vertex 38.531877181136785 -6 6.641859641976531
      vertex 52.94934221912518 -6 6.766407844596479
      vertex 39.05065778087482 -6 6.766407844596479
    endloop
  endfacet
  facet normal -0.38268343236508673 0 0.923879532511288
    outer loop
      vertex 39.05065778087482 -6 6.766407844596479
      vertex 39.54356769911446 0 6.970577817759549
      vertex 39.05065778087482 0 6.766407844596479
    endloop
  endfacet
  facet normal -0.5224985647159486 0 0.8526401643540924
    outer loop
      vertex 39.54356769911446 -6 6.970577817759549
      vertex 39.99846985779441 0 7.249342219125179
      vertex 39.54356769911446 0 6.970577817759549
    endloop
  endfacet
  facet normal -0.38268343236508673 0 0.923879532511288
    outer loop
      vertex 39.54356769911446 -6 6.970577817759549
      vertex 39.54356769911446 0 6.970577817759549
      vertex 39.05065778087482 -6 6.766407844596479
    endloop
  endfacet
  facet normal -0.6494480483301834 0 0.7604059656000312
    outer loop
      vertex 39.99846985779441 0 7.249342219125179
      vertex 39.99846985779441 -6 7.249342219125179
      vertex 40.404163056034264 0 7.595836943965738
    endloop
  endfacet
  facet normal -0.5224985647159486 0 0.8526401643540924
    outer loop
      vertex 39.99846985779441 -6 7.249342219125179
      vertex 39.99846985779441 0 7.249342219125179
      vertex 39.54356769911446 -6 6.970577817759549
    endloop
  endfacet
  facet normal -0.6494480483301834 -7.84086192911054e-19 0.7604059656000312
    outer loop
      vertex 39.99846985779441 -6 7.249342219125179
      vertex 40.404163056034264 -6 7.595836943965738
      vertex 40.404163056034264 0 7.595836943965738
    endloop
  endfacet
  facet normal 0 1 0
    outer loop
      vertex 39.05065778087482 0 6.766407844596479
      vertex 39.54356769911446 0 6.970577817759549
      vertex 52.94934221912518 0 6.766407844596479
    endloop
  endfacet
  facet normal 0 1 0
    outer loop
      vertex 39.54356769911446 0 6.970577817759549
      vertex 39.99846985779441 0 7.249342219125179
      vertex 52.45643230088554 0 6.970577817759549
    endloop
  endfacet
  facet normal 0 -1 0
    outer loop
      vertex 39.54356769911446 -6 6.970577817759549
      vertex 39.05065778087482 -6 6.766407844596479
      vertex 52.45643230088554 -6 6.970577817759549
    endloop
  endfacet
  facet normal 0 1 0
    outer loop
      vertex 39.99846985779441 0 7.249342219125179
      vertex 40.404163056034264 0 7.595836943965738
      vertex 52.00153014220559 0 7.249342219125179
    endloop
  endfacet
  facet normal 0 -1 0
    outer loop
      vertex 39.99846985779441 -6 7.249342219125179
      vertex 39.54356769911446 -6 6.970577817759549
      vertex 52.00153014220559 -6 7.249342219125179
    endloop
  endfacet
  facet normal 0 1 0
    outer loop
      vertex 39.05065778087482 0 6.766407844596479
      vertex 52.94934221912518 0 6.766407844596479
      vertex 53.468122818863215 0 6.641859641976531
    endloop
  endfacet
  facet normal 0 -1 0
    outer loop
      vertex 38 -6 6.6
      vertex 54 -6 6.6
      vertex 53.468122818863215 -6 6.641859641976531
    endloop
  endfacet
  facet normal 0 -1 0
    outer loop
      vertex 38.531877181136785 -6 6.641859641976531
      vertex 53.468122818863215 -6 6.641859641976531
      vertex 52.94934221912518 -6 6.766407844596479
    endloop
  endfacet
  facet normal 0.23344536385590908 0 0.9723699203976758
    outer loop
      vertex 52.94934221912518 -6 6.766407844596479
      vertex 53.468122818863215 0 6.641859641976531
      vertex 52.94934221912518 0 6.766407844596479
    endloop
  endfacet
  facet normal 0.07845909572784379 0 0.996917333733128
    outer loop
      vertex 53.468122818863215 0 6.641859641976531
      vertex 53.468122818863215 -6 6.641859641976531
      vertex 54 0 6.6
    endloop
  endfacet
  facet normal -0.07845909572784379 0 0.996917333733128
    outer loop
      vertex 54 -6 6.6
      vertex 54.531877181136785 0 6.641859641976531
      vertex 54 0 6.6
    endloop
  endfacet
  facet normal -0.23344536385590908 0 0.9723699203976758
    outer loop
      vertex 54.531877181136785 0 6.641859641976531
      vertex 54.531877181136785 -6 6.641859641976531
      vertex 55.05065778087482 0 6.766407844596479
    endloop
  endfacet
  facet normal 0 -1 0
    outer loop
      vertex 70 -6 6
      vertex 54 -6 6.6
      vertex 38 -6 6.6
    endloop
  endfacet
  facet normal 0.23344536385590908 0 0.9723699203976758
    outer loop
      vertex 53.468122818863215 -6 6.641859641976531
      vertex 53.468122818863215 0 6.641859641976531
      vertex 52.94934221912518 -6 6.766407844596479
    endloop
  endfacet
  facet normal 0.07845909572784379 -3.088959496166119e-20 0.996917333733128
    outer loop
      vertex 53.468122818863215 -6 6.641859641976531
      vertex 54 -6 6.6
      vertex 54 0 6.6
    endloop
  endfacet
  facet normal -0.07845909572784379 0 0.996917333733128
    outer loop
      vertex 54.531877181136785 -6 6.641859641976531
      vertex 54.531877181136785 0 6.641859641976531
      vertex 54 -6 6.6
    endloop
  endfacet
  facet normal -0.23344536385590908 -1.5708975184097345e-18 0.9723699203976758
    outer loop
      vertex 54.531877181136785 -6 6.641859641976531
      vertex 55.05065778087482 -6 6.766407844596479
      vertex 55.05065778087482 0 6.766407844596479
    endloop
  endfacet
  facet normal 0 1 0
    outer loop
      vertex 39.54356769911446 0 6.970577817759549
      vertex 52.45643230088554 0 6.970577817759549
      vertex 52.94934221912518 0 6.766407844596479
    endloop
  endfacet
  facet normal 0 -1 0
    outer loop
      vertex 39.05065778087482 -6 6.766407844596479
      vertex 52.94934221912518 -6 6.766407844596479
      vertex 52.45643230088554 -6 6.970577817759549
    endloop
  endfacet
  facet normal 0 -1 0
    outer loop
      vertex 39.54356769911446 -6 6.970577817759549
      vertex 52.45643230088554 -6 6.970577817759549
      vertex 52.00153014220559 -6 7.249342219125179
    endloop
  endfacet
  facet normal 0 1 0
    outer loop
      vertex 39.99846985779441 0 7.249342219125179
      vertex 52.00153014220559 0 7.249342219125179
      vertex 52.45643230088554 0 6.970577817759549
    endloop
  endfacet
  facet normal 0 1 0
    outer loop
      vertex 40.404163056034264 0 7.595836943965738
      vertex 51.595836943965736 0 7.595836943965738
      vertex 52.00153014220559 0 7.249342219125179
    endloop
  endfacet
  facet normal 0.5224985647159486 0 0.8526401643540924
    outer loop
      vertex 52.00153014220559 -6 7.249342219125179
      vertex 52.45643230088554 0 6.970577817759549
      vertex 52.00153014220559 0 7.249342219125179
    endloop
  endfacet
  facet normal 0.6494480483301834 0 0.7604059656000312
    outer loop
      vertex 51.595836943965736 -6 7.595836943965738
      vertex 52.00153014220559 0 7.249342219125179
      vertex 51.595836943965736 0 7.595836943965738
    endloop
  endfacet
  facet normal 0 -1 0
    outer loop
      vertex 39.99846985779441 -6 7.249342219125179
      vertex 52.00153014220559 -6 7.249342219125179
      vertex 51.595836943965736 -6 7.595836943965738
    endloop
  endfacet
  facet normal 0.6494480483301834 0 0.7604059656000312
    outer loop
      vertex 52.00153014220559 -6 7.249342219125179
      vertex 52.00153014220559 0 7.249342219125179
      vertex 51.595836943965736 -6 7.595836943965738
    endloop
  endfacet
  facet normal 0.38268343236508673 1.9118009383358077e-18 0.923879532511288
    outer loop
      vertex 52.94934221912518 0 6.766407844596479
      vertex 52.45643230088554 0 6.970577817759549
      vertex 52.45643230088554 -6 6.970577817759549
    endloop
  endfacet
  facet normal -0.38268343236508673 0 0.923879532511288
    outer loop
      vertex 55.05065778087482 -6 6.766407844596479
      vertex 55.54356769911446 0 6.970577817759549
      vertex 55.05065778087482 0 6.766407844596479
    endloop
  endfacet
  facet normal -0.5224985647159486 0 0.8526401643540924
    outer loop
      vertex 55.54356769911446 -6 6.970577817759549
      vertex 55.99846985779441 0 7.249342219125179
      vertex 55.54356769911446 0 6.970577817759549
    endloop
  endfacet
  facet normal 0.38268343236508673 0 0.923879532511288
    outer loop
      vertex 52.94934221912518 -6 6.766407844596479
      vertex 52.94934221912518 0 6.766407844596479
      vertex 52.45643230088554 -6 6.970577817759549
    endloop
  endfacet
  facet normal 0.5224985647159486 -3.296432577419694e-18 0.8526401643540924
    outer loop
      vertex 52.00153014220559 -6 7.249342219125179
      vertex 52.45643230088554 -6 6.970577817759549
      vertex 52.45643230088554 0 6.970577817759549
    endloop
  endfacet
  facet normal -0.38268343236508673 0 0.923879532511288
    outer loop
      vertex 55.54356769911446 -6 6.970577817759549
      vertex 55.54356769911446 0 6.970577817759549
      vertex 55.05065778087482 -6 6.766407844596479
    endloop
  endfacet
  facet normal -0.6494480483301834 0 0.7604059656000312
    outer loop
      vertex 55.99846985779441 -6 7.249342219125179
      vertex 56.404163056034264 0 7.595836943965738
      vertex 55.99846985779441 0 7.249342219125179
    endloop
  endfacet
  facet normal -0.5224985647159486 0 0.8526401643540924
    outer loop
      vertex 55.99846985779441 -6 7.249342219125179
      vertex 55.99846985779441 0 7.249342219125179
      vertex 55.54356769911446 -6 6.970577817759549
    endloop
  endfacet
  facet normal -0.6494480483301834 -7.84086192911054e-19 0.7604059656000312
    outer loop
      vertex 55.99846985779441 -6 7.249342219125179
      vertex 56.404163056034264 -6 7.595836943965738
      vertex 56.404163056034264 0 7.595836943965738
    endloop
  endfacet
  facet normal 0 0 1
    outer loop
      vertex 70 -6 6
      vertex 22.029422182240452 -34.45643230088554 6
      vertex 22.23359215540352 -34.94934221912518 6
    endloop
  endfacet
  facet normal 0 0 1
    outer loop
      vertex 70 -6 6
      vertex 22.23359215540352 -34.94934221912518 6
      vertex 22.35814035802347 -35.468122818863215 6
    endloop
  endfacet
  facet normal 0 0 1
    outer loop
      vertex 70 -6 6
      vertex 22.35814035802347 -35.468122818863215 6
      vertex 22.4 -36 6
    endloop
  endfacet
  facet normal -0.7604059656000375 1.6659373544902603e-18 0.649448048330176
    outer loop
      vertex 40.75065778087482 0 8.001530142205592
      vertex 40.404163056034264 0 7.595836943965738
      vertex 40.404163056034264 -6 7.595836943965738
    endloop
  endfacet
  facet normal -0.7604059656000375 0 0.649448048330176
    outer loop
      vertex 40.75065778087482 0 8.001530142205592
      vertex 40.404163056034264 -6 7.595836943965738
      vertex 40.75065778087482 -6 8.001530142205592
    endloop
  endfacet
  facet normal -0.852640164354088 0 0.5224985647159559
    outer loop
      vertex 40.75065778087482 0 8.001530142205592
      vertex 40.75065778087482 -6 8.001530142205592
      vertex 41.02942218224045 0 8.456432300885542
    endloop
  endfacet
  facet normal 0 1 0
    outer loop
      vertex 40.75065778087482 0 8.001530142205592
      vertex 51.595836943965736 0 7.595836943965738
      vertex 40.404163056034264 0 7.595836943965738
    endloop
  endfacet
  facet normal 0 -1 0
    outer loop
      vertex 39.99846985779441 -6 7.249342219125179
      vertex 51.24934221912518 -6 8.001530142205592
      vertex 40.404163056034264 -6 7.595836943965738
    endloop
  endfacet
  facet normal 0 -1 0
    outer loop
      vertex 51.24934221912518 -6 8.001530142205592
      vertex 40.75065778087482 -6 8.001530142205592
      vertex 40.404163056034264 -6 7.595836943965738
    endloop
  endfacet
  facet normal 0 1 0
    outer loop
      vertex 40.75065778087482 0 8.001530142205592
      vertex 41.02942218224045 0 8.456432300885542
      vertex 51.24934221912518 0 8.001530142205592
    endloop
  endfacet
  facet normal -0.9238795325112882 0 0.3826834323650863
    outer loop
      vertex 41.02942218224045 0 8.456432300885542
      vertex 41.02942218224045 -6 8.456432300885542
      vertex 41.23359215540352 0 8.949342219125178
    endloop
  endfacet
  facet normal -0.852640164354088 0 0.5224985647159559
    outer loop
      vertex 41.02942218224045 0 8.456432300885542
      vertex 40.75065778087482 -6 8.001530142205592
      vertex 41.02942218224045 -6 8.456432300885542
    endloop
  endfacet
  facet normal -0.9238795325112882 0 0.3826834323650863
    outer loop
      vertex 41.23359215540352 -6 8.949342219125178
      vertex 41.23359215540352 0 8.949342219125178
      vertex 41.02942218224045 -6 8.456432300885542
    endloop
  endfacet
  facet normal 0 1 0
    outer loop
      vertex 51.24934221912518 0 8.001530142205592
      vertex 41.02942218224045 0 8.456432300885542
      vertex 41.23359215540352 0 8.949342219125178
    endloop
  endfacet
  facet normal 0 -1 0
    outer loop
      vertex 41.02942218224045 -6 8.456432300885542
      vertex 40.75065778087482 -6 8.001530142205592
      vertex 50.97057781775955 -6 8.456432300885542
    endloop
  endfacet
  facet normal 0 -1 0
    outer loop
      vertex 41.23359215540352 -6 8.949342219125178
      vertex 41.02942218224045 -6 8.456432300885542
      vertex 50.76640784459648 -6 8.949342219125178
    endloop
  endfacet
  facet normal 0 1 0
    outer loop
      vertex 40.75065778087482 0 8.001530142205592
      vertex 51.24934221912518 0 8.001530142205592
      vertex 51.595836943965736 0 7.595836943965738
    endloop
  endfacet
  facet normal 0.7604059656000375 -1.6659373544902603e-18 0.649448048330176
    outer loop
      vertex 51.595836943965736 0 7.595836943965738
      vertex 51.24934221912518 0 8.001530142205592
      vertex 51.24934221912518 -6 8.001530142205592
    endloop
  endfacet
  facet normal 0 -1 0
    outer loop
      vertex 39.99846985779441 -6 7.249342219125179
      vertex 51.595836943965736 -6 7.595836943965738
      vertex 51.24934221912518 -6 8.001530142205592
    endloop
  endfacet
  facet normal 0.7604059656000375 -1.6659373544902603e-18 0.649448048330176
    outer loop
      vertex 51.24934221912518 -6 8.001530142205592
      vertex 51.595836943965736 -6 7.595836943965738
      vertex 51.595836943965736 0 7.595836943965738
    endloop
  endfacet
  facet normal 0 -1 0
    outer loop
      vertex 40.75065778087482 -6 8.001530142205592
      vertex 51.24934221912518 -6 8.001530142205592
      vertex 50.97057781775955 -6 8.456432300885542
    endloop
  endfacet
  facet normal 0.852640164354088 0 0.5224985647159559
    outer loop
      vertex 51.24934221912518 0 8.001530142205592
      vertex 50.97057781775955 -6 8.456432300885542
      vertex 51.24934221912518 -6 8.001530142205592
    endloop
  endfacet
  facet normal -0.7604059656000375 0 0.649448048330176
    outer loop
      vertex 56.404163056034264 0 7.595836943965738
      vertex 56.404163056034264 -6 7.595836943965738
      vertex 56.75065778087482 0 8.001530142205592
    endloop
  endfacet
  facet normal -0.7604059656000375 1.6659373544902603e-18 0.649448048330176
    outer loop
      vertex 56.404163056034264 -6 7.595836943965738
      vertex 56.75065778087482 -6 8.001530142205592
      vertex 56.75065778087482 0 8.001530142205592
    endloop
  endfacet
  facet normal -0.852640164354088 0 0.5224985647159559
    outer loop
      vertex 56.75065778087482 0 8.001530142205592
      vertex 56.75065778087482 -6 8.001530142205592
      vertex 57.02942218224045 0 8.456432300885542
    endloop
  endfacet
  facet normal 0 1 0
    outer loop
      vertex 41.23359215540352 0 8.949342219125178
      vertex 50.97057781775955 0 8.456432300885542
      vertex 51.24934221912518 0 8.001530142205592
    endloop
  endfacet
  facet normal 0.852640164354088 2.4156020392218567e-18 0.5224985647159559
    outer loop
      vertex 51.24934221912518 0 8.001530142205592
      vertex 50.97057781775955 0 8.456432300885542
      vertex 50.97057781775955 -6 8.456432300885542
    endloop
  endfacet
  facet normal 0 -1 0
    outer loop
      vertex 41.02942218224045 -6 8.456432300885542
      vertex 50.97057781775955 -6 8.456432300885542
      vertex 50.76640784459648 -6 8.949342219125178
    endloop
  endfacet
  facet normal 0.9238795325112882 0 0.3826834323650863
    outer loop
      vertex 50.97057781775955 -6 8.456432300885542
      vertex 50.97057781775955 0 8.456432300885542
      vertex 50.76640784459648 -6 8.949342219125178
    endloop
  endfacet
  facet normal 0 1 0
    outer loop
      vertex 41.23359215540352 0 8.949342219125178
      vertex 50.76640784459648 0 8.949342219125178
      vertex 50.97057781775955 0 8.456432300885542
    endloop
  endfacet
  facet normal 0.9238795325112882 -8.628510466155919e-19 0.3826834323650863
    outer loop
      vertex 50.97057781775955 0 8.456432300885542
      vertex 50.76640784459648 0 8.949342219125178
      vertex 50.76640784459648 -6 8.949342219125178
    endloop
  endfacet
  facet normal -0.852640164354088 0 0.5224985647159559
    outer loop
      vertex 57.02942218224045 -6 8.456432300885542
      vertex 57.02942218224045 0 8.456432300885542
      vertex 56.75065778087482 -6 8.001530142205592
    endloop
  endfacet
  facet normal 0 -1 0
    outer loop
      vertex 70 -6 6
      vertex 54.531877181136785 -6 6.641859641976531
      vertex 54 -6 6.6
    endloop
  endfacet
  facet normal 0 -1 0
    outer loop
      vertex 70 -6 6
      vertex 55.05065778087482 -6 6.766407844596479
      vertex 54.531877181136785 -6 6.641859641976531
    endloop
  endfacet
  facet normal 0 -1 0
    outer loop
      vertex 70 -6 6
      vertex 55.54356769911446 -6 6.970577817759549
      vertex 55.05065778087482 -6 6.766407844596479
    endloop
  endfacet
  facet normal 0 -1 0
    outer loop
      vertex 70 -6 6
      vertex 55.99846985779441 -6 7.249342219125179
      vertex 55.54356769911446 -6 6.970577817759549
    endloop
  endfacet
  facet normal 0 -1 0
    outer loop
      vertex 70 -6 6
      vertex 56.404163056034264 -6 7.595836943965738
      vertex 55.99846985779441 -6 7.249342219125179
    endloop
  endfacet
  facet normal 0 -1 0
    outer loop
      vertex 70 -6 6
      vertex 70 -6 8
      vertex 56.404163056034264 -6 7.595836943965738
    endloop
  endfacet
  facet normal 1 0 0
    outer loop
      vertex 76 -1.5 4.5
      vertex 76 -1.2 10.799999999999999
      vertex 76 -4.8 4.5
    endloop
  endfacet
  facet normal -1 0 0
    outer loop
      vertex 70 -6 6
      vertex 70 -8 8
      vertex 70 -6 8
    endloop
  endfacet
  facet normal 1 0 0
    outer loop
      vertex 76 -4.8 4.5
      vertex 76 -4.8 8
      vertex 76 -8 8
    endloop
  endfacet
  facet normal 0 -1 0
    outer loop
      vertex 70 -6 8
      vertex 56.75065778087482 -6 8.001530142205592
      vertex 56.404163056034264 -6 7.595836943965738
    endloop
  endfacet
  facet normal 0 -1 0
    outer loop
      vertex 70 -6 8
      vertex 57.02942218224045 -6 8.456432300885542
      vertex 56.75065778087482 -6 8.001530142205592
    endloop
  endfacet
  facet normal -0.9238795325112882 0 0.3826834323650863
    outer loop
      vertex 57.02942218224045 -6 8.456432300885542
      vertex 57.23359215540352 0 8.949342219125178
      vertex 57.02942218224045 0 8.456432300885542
    endloop
  endfacet
  facet normal 0 -1 0
    outer loop
      vertex 70 -6 8
      vertex 57.23359215540352 -6 8.949342219125178
      vertex 57.02942218224045 -6 8.456432300885542
    endloop
  endfacet
  facet normal -0.9238795325112882 0 0.3826834323650863
    outer loop
      vertex 57.23359215540352 -6 8.949342219125178
      vertex 57.23359215540352 0 8.949342219125178
      vertex 57.02942218224045 -6 8.456432300885542
    endloop
  endfacet
  facet normal 0 -1 0
    outer loop
      vertex 70 -6 8
      vertex 57.35814035802347 -6 9.468122818863215
      vertex 57.23359215540352 -6 8.949342219125178
    endloop
  endfacet
  facet normal 0 1 0
    outer loop
      vertex 74.79999999999998 0 8
      vertex 57.02942218224045 0 8.456432300885542
      vertex 57.23359215540352 0 8.949342219125178
    endloop
  endfacet
  facet normal 0 1 0
    outer loop
      vertex 74.79999999999998 0 8
      vertex 57.23359215540352 0 8.949342219125178
      vertex 57.35814035802347 0 9.468122818863215
    endloop
  endfacet
  facet normal 1 0 0
    outer loop
      vertex 76 -1.5 4.5
      vertex 76 -1.2 8
      vertex 76 -1.2 10.799999999999999
    endloop
  endfacet
  facet normal 1 0 0
    outer loop
      vertex 76 -4.8 4.5
      vertex 76 -1.2 10.799999999999999
      vertex 76 -4.8 8
    endloop
  endfacet
  facet normal 0 0 1
    outer loop
      vertex 74.79999999999998 0 8
      vertex 76 -1.2 8
      vertex 76 0 8
    endloop
  endfacet
  facet normal 0 0 1
    outer loop
      vertex 70 -6 8
      vertex 70 -8 8
      vertex 74.79999999999998 -6 8
    endloop
  endfacet
  facet normal 0 0 1
    outer loop
      vertex 76 -4.8 8
      vertex 74.79999999999998 -6 8
      vertex 76 -8 8
    endloop
  endfacet
  facet normal 0 0 1
    outer loop
      vertex 74.79999999999998 -6 8
      vertex 70 -8 8
      vertex 76 -8 8
    endloop
  endfacet
  facet normal 0.7071067811865425 0.7071067811865526 -7.476630755636814e-18
    outer loop
      vertex 74.79999999999998 0 8
      vertex 76 -1.2 10.799999999999999
      vertex 76 -1.2 8
    endloop
  endfacet
  facet normal 0 -1 0
    outer loop
      vertex 70 -6 8
      vertex 74.79999999999998 -6 8
      vertex 74.79999999999998 -6 10.799999999999999
    endloop
  endfacet
  facet normal 0.7071067811865425 -0.7071067811865525 1.6822419200183826e-17
    outer loop
      vertex 76 -4.8 8
      vertex 74.79999999999998 -6 10.799999999999999
      vertex 74.79999999999998 -6 8
    endloop
  endfacet
  facet normal 0 -0.02127178149057583 0.9997737300570652
    outer loop
      vertex 70 -8 8
      vertex 73.34415582308851 -27.827085650690698 7.578147113815092
      vertex 76 -8 8
    endloop
  endfacet
  facet normal -9.574367380711227e-16 -0.021271781490575906 0.999773730057065
    outer loop
      vertex 70 -8 8
      vertex 71.70687244495656 -28.220162612375116 7.569783774204785
      vertex 72.001220900573 -28.03978564678559 7.573621581983286
    endloop
  endfacet
  facet normal -1.018971559989797e-16 -0.021271781490575865 0.999773730057065
    outer loop
      vertex 70 -8 8
      vertex 71.22016261237512 -28.70687244495656 7.559428245851988
      vertex 71.44436508138959 -28.444365081389595 7.565013508906604
    endloop
  endfacet
  facet normal -2.8355657714447226e-16 -0.021271781490575865 0.9997737300570649
    outer loop
      vertex 70 -8 8
      vertex 71.44436508138959 -28.444365081389595 7.565013508906604
      vertex 71.70687244495656 -28.220162612375116 7.569783774204785
    endloop
  endfacet
  facet normal 2.0762688887334644e-15 -0.021271781490575715 0.999773730057065
    outer loop
      vertex 70 -8 8
      vertex 70.90767566415066 -29.320162612375114 7.546379518885637
      vertex 71.03978564678559 -29.001220900572996 7.5531655127537665
    endloop
  endfacet
  facet normal 1.4507168392798416e-15 -0.021271781490575736 0.999773730057065
    outer loop
      vertex 70 -8 8
      vertex 70.82708565069069 -29.655844176911494 7.539237357938054
      vertex 70.90767566415066 -29.320162612375114 7.546379518885637
    endloop
  endfacet
  facet normal -3.4654410443027494e-14 -0.021271781490577162 0.999773730057065
    outer loop
      vertex 70 -8 8
      vertex 70.8 -30 7.531914893617021
      vertex 70.82708565069069 -29.655844176911494 7.539237357938054
    endloop
  endfacet
  facet normal 1.7842579962978804e-15 -0.02127178149057574 0.9997737300570649
    outer loop
      vertex 70 -8 8
      vertex 71.03978564678559 -29.001220900572996 7.5531655127537665
      vertex 71.22016261237512 -28.70687244495656 7.559428245851988
    endloop
  endfacet
  facet normal 1.6560876551676025e-15 -0.021271781490575677 0.999773730057065
    outer loop
      vertex 70 -8 8
      vertex 72.001220900573 -28.03978564678559 7.573621581983286
      vertex 72.32016261237511 -27.907675664150663 7.576432432677645
    endloop
  endfacet
  facet normal -1.6673454782318363e-15 -0.021271781490576062 0.999773730057065
    outer loop
      vertex 70 -8 8
      vertex 72.32016261237511 -27.907675664150663 7.576432432677645
      vertex 72.65584417691149 -27.827085650690698 7.578147113815092
    endloop
  endfacet
  facet normal 1.4541114897024507e-15 -0.021271781490575646 0.999773730057065
    outer loop
      vertex 70 -8 8
      vertex 72.65584417691149 -27.827085650690698 7.578147113815092
      vertex 73 -27.8 7.578723404255319
    endloop
  endfacet
  facet normal -1.538097303026768e-15 -0.021271781490576073 0.9997737300570652
    outer loop
      vertex 70 -8 8
      vertex 73 -27.8 7.578723404255319
      vertex 73.34415582308851 -27.827085650690698 7.578147113815092
    endloop
  endfacet
  facet normal 1.634050167713615e-15 -0.021271781490576062 0.999773730057065
    outer loop
      vertex 76 -8 8
      vertex 73.34415582308851 -27.827085650690698 7.578147113815092
      vertex 73.67983738762489 -27.907675664150663 7.576432432677645
    endloop
  endfacet
  facet normal -1.530107823261554e-15 -0.021271781490575663 0.999773730057065
    outer loop
      vertex 76 -8 8
      vertex 73.67983738762489 -27.907675664150663 7.576432432677645
      vertex 73.998779099427 -28.03978564678559 7.573621581983286
    endloop
  endfacet
  facet normal 7.513836140996863e-16 -0.02127178149057593 0.999773730057065
    outer loop
      vertex 76 -8 8
      vertex 73.998779099427 -28.03978564678559 7.573621581983286
      vertex 74.29312755504344 -28.220162612375116 7.569783774204785
    endloop
  endfacet
  facet normal 3.015212534364768e-16 -0.021271781490575865 0.999773730057065
    outer loop
      vertex 76 -8 8
      vertex 74.29312755504344 -28.220162612375116 7.569783774204785
      vertex 74.55563491861041 -28.444365081389595 7.565013508906604
    endloop
  endfacet
  facet normal -9.989846410020691e-17 -0.021271781490575837 0.999773730057065
    outer loop
      vertex 76 -8 8
      vertex 74.55563491861041 -28.444365081389595 7.565013508906604
      vertex 74.77983738762488 -28.70687244495656 7.559428245851988
    endloop
  endfacet
  facet normal -1.8592055026974623e-15 -0.021271781490575736 0.9997737300570649
    outer loop
      vertex 76 -8 8
      vertex 74.77983738762488 -28.70687244495656 7.559428245851988
      vertex 74.96021435321441 -29.001220900572996 7.5531655127537665
    endloop
  endfacet
  facet normal 9.540269997157647e-15 -0.02127178149057632 0.999773730057065
    outer loop
      vertex 76 -8 8
      vertex 74.96021435321441 -29.001220900572996 7.5531655127537665
      vertex 75.09232433584934 -29.320162612375114 7.546379518885635
    endloop
  endfacet
  facet normal -1.8899027918114006e-15 -0.021271781490575795 0.999773730057065
    outer loop
      vertex 76 -8 8
      vertex 75.09232433584934 -29.320162612375114 7.546379518885635
      vertex 75.17291434930931 -29.655844176911494 7.5392373579380525
    endloop
  endfacet
  facet normal -9.721011893944995e-15 -0.021271781490575525 0.999773730057065
    outer loop
      vertex 76 -8 8
      vertex 75.17291434930931 -29.655844176911494 7.5392373579380525
      vertex 75.2 -30 7.531914893617021
    endloop
  endfacet
  facet normal 0 0 1
    outer loop
      vertex 70 -6 6
      vertex 22.4 -36 6
      vertex 22.4 -46 6
    endloop
  endfacet
  facet normal 0 0 1
    outer loop
      vertex 70 -6 6
      vertex 22.4 -46 6
      vertex 64.5 -82 6
    endloop
  endfacet
  facet normal -1 0 0
    outer loop
      vertex 70 -6 6
      vertex 70 -102 6
      vertex 70 -8 8
    endloop
  endfacet
  facet normal 5.66794118055183e-16 -0.02127178149057585 0.9997737300570649
    outer loop
      vertex 70 -8 8
      vertex 70 -102 6
      vertex 70.8 -30 7.531914893617021
    endloop
  endfacet
  facet normal -1.0100217459182436e-15 -0.021271781490575837 0.999773730057065
    outer loop
      vertex 76 -8 8
      vertex 75.2 -30 7.531914893617021
      vertex 74.5 -102 6
    endloop
  endfacet
  facet normal -7.264740459999988e-15 -0.02127178149057579 0.9997737300570652
    outer loop
      vertex 70 -102 6
      vertex 70.82708565069069 -30.344155823088506 7.524592429295989
      vertex 70.8 -30 7.531914893617021
    endloop
  endfacet
  facet normal -3.745046882606576e-15 -0.02127178149057579 0.999773730057065
    outer loop
      vertex 70 -102 6
      vertex 70.90767566415066 -30.679837387624886 7.517450268348407
      vertex 70.82708565069069 -30.344155823088506 7.524592429295989
    endloop
  endfacet
  facet normal -2.060279853082747e-15 -0.021271781490575823 0.9997737300570649
    outer loop
      vertex 70 -102 6
      vertex 71.03978564678559 -30.998779099427004 7.510664274480277
      vertex 70.90767566415066 -30.679837387624886 7.517450268348407
    endloop
  endfacet
  facet normal -2.5853224371023628e-15 -0.021271781490575806 0.999773730057065
    outer loop
      vertex 70 -102 6
      vertex 71.22016261237512 -31.29312755504344 7.504401541382055
      vertex 71.03978564678559 -30.998779099427004 7.510664274480277
    endloop
  endfacet
  facet normal 7.333182894530739e-15 -0.021271781490575983 0.999773730057065
    outer loop
      vertex 70 -102 6
      vertex 71.44436508138959 -31.555634918610405 7.498816278327437
      vertex 71.22016261237512 -31.29312755504344 7.504401541382055
    endloop
  endfacet
  facet normal -5.5847750992246256e-15 -0.021271781490575726 0.999773730057065
    outer loop
      vertex 70 -102 6
      vertex 71.70687244495656 -31.779837387624884 7.4940460130292585
      vertex 71.44436508138959 -31.555634918610405 7.498816278327437
    endloop
  endfacet
  facet normal 3.465525269021553e-16 -0.02127178149057587 0.999773730057065
    outer loop
      vertex 70 -102 6
      vertex 72.001220900573 -31.96021435321441 7.490208205250758
      vertex 71.70687244495656 -31.779837387624884 7.4940460130292585
    endloop
  endfacet
  facet normal 3.910653633346292e-15 -0.021271781490575962 0.9997737300570652
    outer loop
      vertex 70 -102 6
      vertex 72.32016261237511 -32.09232433584934 7.487397354556396
      vertex 72.001220900573 -31.96021435321441 7.490208205250758
    endloop
  endfacet
  facet normal -3.452801164097272e-15 -0.02127178149057573 0.9997737300570652
    outer loop
      vertex 70 -102 6
      vertex 72.65584417691149 -32.1729143493093 7.485682673418951
      vertex 72.32016261237511 -32.09232433584934 7.487397354556396
    endloop
  endfacet
  facet normal 3.670995865247365e-15 -0.021271781490576 0.9997737300570652
    outer loop
      vertex 70 -102 6
      vertex 73 -32.2 7.4851063829787226
      vertex 72.65584417691149 -32.1729143493093 7.485682673418951
    endloop
  endfacet
  facet normal -3.8316750825095835e-15 -0.021271781490575684 0.9997737300570652
    outer loop
      vertex 70 -102 6
      vertex 73.34415582308851 -32.1729143493093 7.485682673418951
      vertex 73 -32.2 7.4851063829787226
    endloop
  endfacet
  facet normal -1.604567399926966e-15 -0.02127178149057579 0.9997737300570649
    outer loop
      vertex 70 -102 6
      vertex 73.67983738762489 -32.09232433584934 7.487397354556398
      vertex 73.34415582308851 -32.1729143493093 7.485682673418951
    endloop
  endfacet
  facet normal 2.0887444837398496e-15 -0.02127178149057597 0.999773730057065
    outer loop
      vertex 70 -102 6
      vertex 73.998779099427 -31.96021435321441 7.490208205250758
      vertex 73.67983738762489 -32.09232433584934 7.487397354556398
    endloop
  endfacet
  facet normal -1.009413151797585e-15 -0.021271781490575795 0.999773730057065
    outer loop
      vertex 70 -102 6
      vertex 74.29312755504344 -31.779837387624884 7.4940460130292585
      vertex 73.998779099427 -31.96021435321441 7.490208205250758
    endloop
  endfacet
  facet normal 8.312168852249065e-15 -0.021271781490575976 0.9997737300570652
    outer loop
      vertex 74.5 -102 6
      vertex 75.2 -30 7.531914893617021
      vertex 75.17291434930931 -30.344155823088506 7.524592429295989
    endloop
  endfacet
  facet normal -5.601042923942251e-16 -0.021271781490575865 0.999773730057065
    outer loop
      vertex 74.5 -102 6
      vertex 74.55563491861041 -31.555634918610405 7.498816278327439
      vertex 74.29312755504344 -31.779837387624884 7.4940460130292585
    endloop
  endfacet
  facet normal -7.412839443707075e-15 -0.021271781490575806 0.999773730057065
    outer loop
      vertex 74.5 -102 6
      vertex 74.96021435321441 -30.998779099427004 7.510664274480277
      vertex 74.77983738762488 -31.29312755504344 7.5044015413820535
    endloop
  endfacet
  facet normal 7.868650113827421e-15 -0.02127178149057587 0.999773730057065
    outer loop
      vertex 74.5 -102 6
      vertex 74.77983738762488 -31.29312755504344 7.5044015413820535
      vertex 74.55563491861041 -31.555634918610405 7.498816278327439
    endloop
  endfacet
  facet normal 5.413937250688974e-15 -0.021271781490575865 0.999773730057065
    outer loop
      vertex 74.5 -102 6
      vertex 75.17291434930931 -30.344155823088506 7.524592429295989
      vertex 75.09232433584934 -30.679837387624886 7.517450268348407
    endloop
  endfacet
  facet normal 8.350088667097263e-16 -0.02127178149057587 0.9997737300570652
    outer loop
      vertex 74.5 -102 6
      vertex 75.09232433584934 -30.679837387624886 7.517450268348407
      vertex 74.96021435321441 -30.998779099427004 7.510664274480277
    endloop
  endfacet
  facet normal -0.9723699203976758 0 0.23344536385590908
    outer loop
      vertex 41.23359215540352 -6 8.949342219125178
      vertex 41.35814035802347 0 9.468122818863215
      vertex 41.23359215540352 0 8.949342219125178
    endloop
  endfacet
  facet normal -0.9723699203976758 0 0.23344536385590908
    outer loop
      vertex 41.35814035802347 -6 9.468122818863215
      vertex 41.35814035802347 0 9.468122818863215
      vertex 41.23359215540352 -6 8.949342219125178
    endloop
  endfacet
  facet normal -0.9969173337331283 0 0.07845909572784047
    outer loop
      vertex 41.35814035802347 0 9.468122818863215
      vertex 41.35814035802347 -6 9.468122818863215
      vertex 41.4 0 10
    endloop
  endfacet
  facet normal 0 1 0
    outer loop
      vertex 41.23359215540352 0 8.949342219125178
      vertex 41.35814035802347 0 9.468122818863215
      vertex 50.76640784459648 0 8.949342219125178
    endloop
  endfacet
  facet normal 0 -1 0
    outer loop
      vertex 41.35814035802347 -6 9.468122818863215
      vertex 41.23359215540352 -6 8.949342219125178
      vertex 50.64185964197653 -6 9.468122818863215
    endloop
  endfacet
  facet normal 0 1 0
    outer loop
      vertex 41.35814035802347 0 9.468122818863215
      vertex 41.4 0 10
      vertex 50.64185964197653 0 9.468122818863215
    endloop
  endfacet
  facet normal -0.9969173337331283 -3.171428551585294e-19 0.07845909572784047
    outer loop
      vertex 41.35814035802347 -6 9.468122818863215
      vertex 41.4 -6 10
      vertex 41.4 0 10
    endloop
  endfacet
  facet normal -1 0 0
    outer loop
      vertex 41.4 -6 10
      vertex 41.4 -6 10.799999999999999
      vertex 41.4 0 10
    endloop
  endfacet
  facet normal 0 -1 0
    outer loop
      vertex 41.35814035802347 -6 9.468122818863215
      vertex 50.6 -6 10
      vertex 41.4 -6 10
    endloop
  endfacet
  facet normal 0 1 0
    outer loop
      vertex 41.35814035802347 0 9.468122818863215
      vertex 50.64185964197653 0 9.468122818863215
      vertex 50.76640784459648 0 8.949342219125178
    endloop
  endfacet
  facet normal 0.9723699203976758 0 0.23344536385590908
    outer loop
      vertex 50.64185964197653 -6 9.468122818863215
      vertex 50.76640784459648 0 8.949342219125178
      vertex 50.64185964197653 0 9.468122818863215
    endloop
  endfacet
  facet normal 0 -1 0
    outer loop
      vertex 41.23359215540352 -6 8.949342219125178
      vertex 50.76640784459648 -6 8.949342219125178
      vertex 50.64185964197653 -6 9.468122818863215
    endloop
  endfacet
  facet normal 0.9723699203976758 1.5708975184097345e-18 0.23344536385590908
    outer loop
      vertex 50.64185964197653 -6 9.468122818863215
      vertex 50.76640784459648 -6 8.949342219125178
      vertex 50.76640784459648 0 8.949342219125178
    endloop
  endfacet
  facet normal 0 -1 0
    outer loop
      vertex 41.35814035802347 -6 9.468122818863215
      vertex 50.64185964197653 -6 9.468122818863215
      vertex 50.6 -6 10
    endloop
  endfacet
  facet normal 0.9969173337331283 3.171428551585294e-19 0.07845909572784047
    outer loop
      vertex 50.6 -6 10
      vertex 50.64185964197653 -6 9.468122818863215
      vertex 50.64185964197653 0 9.468122818863215
    endloop
  endfacet
  facet normal 0 1 0
    outer loop
      vertex 41.4 0 10
      vertex 50.6 0 10
      vertex 50.64185964197653 0 9.468122818863215
    endloop
  endfacet
  facet normal 0.9969173337331283 0 0.07845909572784047
    outer loop
      vertex 50.6 -6 10
      vertex 50.64185964197653 0 9.468122818863215
      vertex 50.6 0 10
    endloop
  endfacet
  facet normal 0 1 0
    outer loop
      vertex 50.6 0 10.799999999999999
      vertex 50.6 0 10
      vertex 41.4 0 10
    endloop
  endfacet
  facet normal 0 -1 0
    outer loop
      vertex 41.4 -6 10
      vertex 50.6 -6 10
      vertex 50.6 -6 10.799999999999999
    endloop
  endfacet
  facet normal 1 0 0
    outer loop
      vertex 50.6 -6 10.799999999999999
      vertex 50.6 -6 10
      vertex 50.6 0 10
    endloop
  endfacet
  facet normal -1 0 0
    outer loop
      vertex 41.4 -1.2 12
      vertex 41.4 0 10.799999999999999
      vertex 41.4 0 10
    endloop
  endfacet
  facet normal -1 0 0
    outer loop
      vertex 41.4 -6 10.799999999999999
      vertex 41.4 -4.8 12
      vertex 41.4 0 10
    endloop
  endfacet
  facet normal 0 1 0
    outer loop
      vertex 41.4 0 10.799999999999999
      vertex 50.6 0 10.799999999999999
      vertex 41.4 0 10
    endloop
  endfacet
  facet normal 0 -1 0
    outer loop
      vertex 41.4 -6 10
      vertex 50.6 -6 10.799999999999999
      vertex 41.4 -6 10.799999999999999
    endloop
  endfacet
  facet normal 3.4132444753995112e-18 0.7071067811865478 0.7071067811865471
    outer loop
      vertex 41.4 -1.2 12
      vertex 50.6 0 10.799999999999999
      vertex 41.4 0 10.799999999999999
    endloop
  endfacet
  facet normal -1 0 0
    outer loop
      vertex 41.4 -1.2 12
      vertex 41.4 0 10
      vertex 41.4 -4.8 12
    endloop
  endfacet
  facet normal -5.688740792332393e-19 -0.7071067811865478 0.7071067811865472
    outer loop
      vertex 41.4 -6 10.799999999999999
      vertex 50.6 -4.8 12
      vertex 41.4 -4.8 12
    endloop
  endfacet
  facet normal 0 0 1
    outer loop
      vertex 41.4 -1.2 12
      vertex 41.4 -4.8 12
      vertex 50.6 -1.2 12
    endloop
  endfacet
  facet normal 1 0 0
    outer loop
      vertex 50.6 0 10.799999999999999
      vertex 50.6 -1.2 12
      vertex 50.6 0 10
    endloop
  endfacet
  facet normal 0 -0.7071067811865478 0.7071067811865472
    outer loop
      vertex 41.4 -6 10.799999999999999
      vertex 50.6 -6 10.799999999999999
      vertex 50.6 -4.8 12
    endloop
  endfacet
  facet normal 1 0 0
    outer loop
      vertex 50.6 -4.8 12
      vertex 50.6 -6 10.799999999999999
      vertex 50.6 0 10
    endloop
  endfacet
  facet normal 0 0.7071067811865478 0.7071067811865471
    outer loop
      vertex 41.4 -1.2 12
      vertex 50.6 -1.2 12
      vertex 50.6 0 10.799999999999999
    endloop
  endfacet
  facet normal 1 0 0
    outer loop
      vertex 50.6 -4.8 12
      vertex 50.6 0 10
      vertex 50.6 -1.2 12
    endloop
  endfacet
  facet normal 0 0 1
    outer loop
      vertex 41.4 -4.8 12
      vertex 50.6 -4.8 12
      vertex 50.6 -1.2 12
    endloop
  endfacet
  facet normal -0.9723699203976758 0 0.23344536385590908
    outer loop
      vertex 57.23359215540352 0 8.949342219125178
      vertex 57.23359215540352 -6 8.949342219125178
      vertex 57.35814035802347 0 9.468122818863215
    endloop
  endfacet
  facet normal -0.9723699203976758 -1.5708975184097345e-18 0.23344536385590908
    outer loop
      vertex 57.23359215540352 -6 8.949342219125178
      vertex 57.35814035802347 -6 9.468122818863215
      vertex 57.35814035802347 0 9.468122818863215
    endloop
  endfacet
  facet normal 0 -1 0
    outer loop
      vertex 70 -6 8
      vertex 57.4 -6 10
      vertex 57.35814035802347 -6 9.468122818863215
    endloop
  endfacet
  facet normal -0.9969173337331283 0 0.07845909572784047
    outer loop
      vertex 57.35814035802347 -6 9.468122818863215
      vertex 57.4 0 10
      vertex 57.35814035802347 0 9.468122818863215
    endloop
  endfacet
  facet normal 0 1 0
    outer loop
      vertex 74.79999999999998 0 8
      vertex 57.35814035802347 0 9.468122818863215
      vertex 57.4 0 10
    endloop
  endfacet
  facet normal -0.9969173337331283 0 0.07845909572784047
    outer loop
      vertex 57.4 -6 10
      vertex 57.4 0 10
      vertex 57.35814035802347 -6 9.468122818863215
    endloop
  endfacet
  facet normal -1 0 0
    outer loop
      vertex 57.4 -6 10
      vertex 57.4 -6 10.799999999999999
      vertex 57.4 0 10
    endloop
  endfacet
  facet normal 0 1 0
    outer loop
      vertex 74.79999999999998 0 8
      vertex 57.4 0 10
      vertex 74.79999999999998 0 10.799999999999999
    endloop
  endfacet
  facet normal 0 -1 0
    outer loop
      vertex 70 -6 8
      vertex 74.79999999999998 -6 10.799999999999999
      vertex 57.4 -6 10
    endloop
  endfacet
  facet normal 0.7071067811865425 0.7071067811865526 0
    outer loop
      vertex 74.79999999999998 0 8
      vertex 74.79999999999998 0 10.799999999999999
      vertex 76 -1.2 10.799999999999999
    endloop
  endfacet
  facet normal 1 0 0
    outer loop
      vertex 76 -4.8 8
      vertex 76 -1.2 10.799999999999999
      vertex 76 -4.8 10.799999999999999
    endloop
  endfacet
  facet normal 0.7071067811865425 -0.7071067811865525 0
    outer loop
      vertex 76 -4.8 8
      vertex 76 -4.8 10.799999999999999
      vertex 74.79999999999998 -6 10.799999999999999
    endloop
  endfacet
  facet normal -1 0 0
    outer loop
      vertex 57.4 -1.2 12
      vertex 57.4 0 10.799999999999999
      vertex 57.4 0 10
    endloop
  endfacet
  facet normal -1 0 0
    outer loop
      vertex 57.4 -6 10.799999999999999
      vertex 57.4 -4.8 12
      vertex 57.4 0 10
    endloop
  endfacet
  facet normal 0 1 0
    outer loop
      vertex 74.79999999999998 0 10.799999999999999
      vertex 57.4 0 10
      vertex 57.4 0 10.799999999999999
    endloop
  endfacet
  facet normal 0 -1 0
    outer loop
      vertex 74.79999999999998 -6 10.799999999999999
      vertex 57.4 -6 10.799999999999999
      vertex 57.4 -6 10
    endloop
  endfacet
  facet normal 0 0.7071067811865478 0.7071067811865472
    outer loop
      vertex 74.79999999999998 0 10.799999999999999
      vertex 57.4 0 10.799999999999999
      vertex 57.4 -1.2 12
    endloop
  endfacet
  facet normal -1 0 0
    outer loop
      vertex 57.4 -1.2 12
      vertex 57.4 0 10
      vertex 57.4 -4.8 12
    endloop
  endfacet
  facet normal 0 -0.7071067811865478 0.7071067811865472
    outer loop
      vertex 74.79999999999998 -4.8 12
      vertex 57.4 -4.8 12
      vertex 57.4 -6 10.799999999999999
    endloop
  endfacet
  facet normal 0 0 1
    outer loop
      vertex 74.79999999999998 -1.2 12
      vertex 57.4 -1.2 12
      vertex 57.4 -4.8 12
    endloop
  endfacet
  facet normal 0 -0.7071067811865478 0.7071067811865472
    outer loop
      vertex 74.79999999999998 -6 10.799999999999999
      vertex 74.79999999999998 -4.8 12
      vertex 57.4 -6 10.799999999999999
    endloop
  endfacet
  facet normal 0.5773502691896205 0.5773502691896287 0.5773502691896282
    outer loop
      vertex 74.79999999999998 0 10.799999999999999
      vertex 74.79999999999998 -1.2 12
      vertex 76 -1.2 10.799999999999999
    endloop
  endfacet
  facet normal 0.7071067811865428 0 0.7071067811865521
    outer loop
      vertex 76 -1.2 10.799999999999999
      vertex 74.79999999999998 -1.2 12
      vertex 76 -4.8 10.799999999999999
    endloop
  endfacet
  facet normal 0.5773502691896205 -0.5773502691896286 0.5773502691896282
    outer loop
      vertex 76 -4.8 10.799999999999999
      vertex 74.79999999999998 -4.8 12
      vertex 74.79999999999998 -6 10.799999999999999
    endloop
  endfacet
  facet normal 1.8047039754985944e-18 0.7071067811865478 0.7071067811865472
    outer loop
      vertex 74.79999999999998 0 10.799999999999999
      vertex 57.4 -1.2 12
      vertex 74.79999999999998 -1.2 12
    endloop
  endfacet
  facet normal 0 0 1
    outer loop
      vertex 74.79999999999998 -1.2 12
      vertex 57.4 -4.8 12
      vertex 74.79999999999998 -4.8 12
    endloop
  endfacet
  facet normal 0.7071067811865428 -5.815157254387283e-18 0.7071067811865521
    outer loop
      vertex 76 -4.8 10.799999999999999
      vertex 74.79999999999998 -1.2 12
      vertex 74.79999999999998 -4.8 12
    endloop
  endfacet
  facet normal 0 0 1
    outer loop
      vertex 15.97057781775955 -64.45643230088554 6
      vertex 2.8801477362331185 -54.96418327243724 6
      vertex 2.002404735808355 -84.875 6
    endloop
  endfacet
  facet normal 0 0 1
    outer loop
      vertex 15.97057781775955 -64.45643230088554 6
      vertex 16.24934221912518 -64.0015301422056 6
      vertex 2.8801477362331185 -54.96418327243724 6
    endloop
  endfacet
  facet normal 0 0 1
    outer loop
      vertex 17.45643230088554 -62.97057781775955 6
      vertex 17.949342219125178 -62.76640784459648 6
      vertex 2.8801477362331185 -54.96418327243724 6
    endloop
  endfacet
  facet normal 0 0 1
    outer loop
      vertex 17.001530142205592 -63.24934221912518 6
      vertex 2.8801477362331185 -54.96418327243724 6
      vertex 16.59583694396574 -63.595836943965736 6
    endloop
  endfacet
  facet normal 0 0 1
    outer loop
      vertex 17.45643230088554 -62.97057781775955 6
      vertex 2.8801477362331185 -54.96418327243724 6
      vertex 17.001530142205592 -63.24934221912518 6
    endloop
  endfacet
  facet normal 0 0 1
    outer loop
      vertex 16.59583694396574 -63.595836943965736 6
      vertex 2.8801477362331185 -54.96418327243724 6
      vertex 16.24934221912518 -64.0015301422056 6
    endloop
  endfacet
  facet normal 0 0 1
    outer loop
      vertex 18.468122818863215 -62.64185964197653 6
      vertex 2.8801477362331185 -54.96418327243724 6
      vertex 17.949342219125178 -62.76640784459648 6
    endloop
  endfacet
  facet normal 0 0 1
    outer loop
      vertex 2.8801477362331185 -54.96418327243724 6
      vertex 18.468122818863215 -62.64185964197653 6
      vertex 19 -62.6 6
    endloop
  endfacet
  facet normal 0 0 1
    outer loop
      vertex 2.8801477362331185 -54.96418327243724 6
      vertex 19 -62.6 6
      vertex 19.531877181136785 -62.64185964197653 6
    endloop
  endfacet
  facet normal 0 0 1
    outer loop
      vertex 2.8801477362331185 -54.96418327243724 6
      vertex 19.531877181136785 -62.64185964197653 6
      vertex 20.050657780874822 -62.76640784459648 6
    endloop
  endfacet
  facet normal 0 0 1
    outer loop
      vertex 2.8801477362331185 -54.96418327243724 6
      vertex 20.050657780874822 -62.76640784459648 6
      vertex 20.54356769911446 -62.97057781775955 6
    endloop
  endfacet
  facet normal 0 0 1
    outer loop
      vertex -1.002404735808355 -84.875 6
      vertex 2.002404735808355 -84.875 6
      vertex 2.8801477362331185 -54.96418327243724 6
    endloop
  endfacet
  facet normal 0 0 1
    outer loop
      vertex 15.6 -66 6
      vertex 2.002404735808355 -84.875 6
      vertex 5.25 -83 6
    endloop
  endfacet
  facet normal 0 0 1
    outer loop
      vertex 8.497595264191645 -84.875 6
      vertex 14.75 -83 6
      vertex 5.25 -83 6
    endloop
  endfacet
  facet normal 0 0 1
    outer loop
      vertex 15.97057781775955 -64.45643230088554 6
      vertex 2.002404735808355 -84.875 6
      vertex 15.766407844596479 -64.94934221912519 6
    endloop
  endfacet
  facet normal 0 0 1
    outer loop
      vertex 15.64185964197653 -65.46812281886322 6
      vertex 15.766407844596479 -64.94934221912519 6
      vertex 2.002404735808355 -84.875 6
    endloop
  endfacet
  facet normal 0 0 1
    outer loop
      vertex 15.6 -66 6
      vertex 15.64185964197653 -65.46812281886322 6
      vertex 2.002404735808355 -84.875 6
    endloop
  endfacet
  facet normal 0 0 1
    outer loop
      vertex 15.6 -66 6
      vertex 5.25 -83 6
      vertex 15.6 -76 6
    endloop
  endfacet
  facet normal 0 0 1
    outer loop
      vertex 15.64185964197653 -76.53187718113678 6
      vertex 15.6 -76 6
      vertex 5.25 -83 6
    endloop
  endfacet
  facet normal 0 0 1
    outer loop
      vertex 15.766407844596479 -77.05065778087481 6
      vertex 15.64185964197653 -76.53187718113678 6
      vertex 5.25 -83 6
    endloop
  endfacet
  facet normal 0 0 1
    outer loop
      vertex 15.97057781775955 -77.54356769911446 6
      vertex 15.766407844596479 -77.05065778087481 6
      vertex 5.25 -83 6
    endloop
  endfacet
  facet normal 0 0 1
    outer loop
      vertex 16.24934221912518 -77.9984698577944 6
      vertex 15.97057781775955 -77.54356769911446 6
      vertex 5.25 -83 6
    endloop
  endfacet
  facet normal 0 0 1
    outer loop
      vertex 16.24934221912518 -77.9984698577944 6
      vertex 5.25 -83 6
      vertex 16.59583694396574 -78.40416305603426 6
    endloop
  endfacet
  facet normal 0 0 1
    outer loop
      vertex 16.59583694396574 -78.40416305603426 6
      vertex 5.25 -83 6
      vertex 14.75 -83 6
    endloop
  endfacet
  facet normal 0 0 1
    outer loop
      vertex 17.001530142205592 -78.75065778087482 6
      vertex 16.59583694396574 -78.40416305603426 6
      vertex 14.75 -83 6
    endloop
  endfacet
  facet normal 0 0 1
    outer loop
      vertex 17.001530142205592 -78.75065778087482 6
      vertex 14.75 -83 6
      vertex 17.45643230088554 -79.02942218224045 6
    endloop
  endfacet
  facet normal 0 0 1
    outer loop
      vertex 17.45643230088554 -79.02942218224045 6
      vertex 14.75 -83 6
      vertex 17.949342219125178 -79.23359215540353 6
    endloop
  endfacet
  facet normal 0 0 1
    outer loop
      vertex 17.949342219125178 -79.23359215540353 6
      vertex 17.997595264191645 -84.875 6
      vertex 18.468122818863215 -79.35814035802346 6
    endloop
  endfacet
  facet normal 0 0 1
    outer loop
      vertex 18.468122818863215 -79.35814035802346 6
      vertex 17.997595264191645 -84.875 6
      vertex 19 -79.4 6
    endloop
  endfacet
  facet normal 0 0 1
    outer loop
      vertex 17.949342219125178 -79.23359215540353 6
      vertex 14.75 -83 6
      vertex 17.997595264191645 -84.875 6
    endloop
  endfacet
  facet normal 0 0 1
    outer loop
      vertex 2.8801477362331185 -54.96418327243724 6
      vertex 64.5 -82 6
      vertex 3.464823227814083 -54.46482322781408 6
    endloop
  endfacet
  facet normal 0 0 1
    outer loop
      vertex 18.468122818863215 -49.35814035802347 6
      vertex 3.464823227814083 -54.46482322781408 6
      vertex 64.5 -82 6
    endloop
  endfacet
  facet normal 0 0 1
    outer loop
      vertex 22.35814035802347 -46.531877181136785 6
      vertex 64.5 -82 6
      vertex 22.4 -46 6
    endloop
  endfacet
  facet normal 0 0 1
    outer loop
      vertex 22.35814035802347 -46.531877181136785 6
      vertex 22.23359215540352 -47.05065778087482 6
      vertex 64.5 -82 6
    endloop
  endfacet
  facet normal 0 0 1
    outer loop
      vertex 21.75065778087482 -47.99846985779441 6
      vertex 21.40416305603426 -48.404163056034264 6
      vertex 64.5 -82 6
    endloop
  endfacet
  facet normal 0 0 1
    outer loop
      vertex 21.75065778087482 -47.99846985779441 6
      vertex 64.5 -82 6
      vertex 22.029422182240452 -47.54356769911446 6
    endloop
  endfacet
  facet normal 0 0 1
    outer loop
      vertex 22.23359215540352 -47.05065778087482 6
      vertex 22.029422182240452 -47.54356769911446 6
      vertex 64.5 -82 6
    endloop
  endfacet
  facet normal 0 0 1
    outer loop
      vertex 18.468122818863215 -49.35814035802347 6
      vertex 64.5 -82 6
      vertex 19 -49.4 6
    endloop
  endfacet
  facet normal 0 0 1
    outer loop
      vertex 19.531877181136785 -49.35814035802347 6
      vertex 19 -49.4 6
      vertex 64.5 -82 6
    endloop
  endfacet
  facet normal 0 0 1
    outer loop
      vertex 19.531877181136785 -49.35814035802347 6
      vertex 64.5 -82 6
      vertex 20.050657780874822 -49.23359215540352 6
    endloop
  endfacet
  facet normal 0 0 1
    outer loop
      vertex 20.998469857794408 -48.75065778087482 6
      vertex 20.54356769911446 -49.02942218224045 6
      vertex 64.5 -82 6
    endloop
  endfacet
  facet normal 0 0 1
    outer loop
      vertex 20.54356769911446 -49.02942218224045 6
      vertex 20.050657780874822 -49.23359215540352 6
      vertex 64.5 -82 6
    endloop
  endfacet
  facet normal 0 0 1
    outer loop
      vertex 20.998469857794408 -48.75065778087482 6
      vertex 64.5 -82 6
      vertex 21.40416305603426 -48.404163056034264 6
    endloop
  endfacet
  facet normal 0 0 1
    outer loop
      vertex 2.8801477362331185 -54.96418327243724 6
      vertex 20.54356769911446 -62.97057781775955 6
      vertex 64.5 -82 6
    endloop
  endfacet
  facet normal 0 0 1
    outer loop
      vertex 20.998469857794408 -63.24934221912518 6
      vertex 64.5 -82 6
      vertex 20.54356769911446 -62.97057781775955 6
    endloop
  endfacet
  facet normal 0 0 1
    outer loop
      vertex 20.998469857794408 -63.24934221912518 6
      vertex 21.40416305603426 -63.595836943965736 6
      vertex 64.5 -82 6
    endloop
  endfacet
  facet normal 0 0 1
    outer loop
      vertex 21.40416305603426 -63.595836943965736 6
      vertex 21.75065778087482 -64.0015301422056 6
      vertex 64.5 -82 6
    endloop
  endfacet
  facet normal 0 0 1
    outer loop
      vertex 22.35814035802347 -65.46812281886322 6
      vertex 22.4 -66 6
      vertex 31.841645856167688 -92.867625 6
    endloop
  endfacet
  facet normal 0 0 1
    outer loop
      vertex 22.4 -66 6
      vertex 22.4 -76 6
      vertex 27.497595264191645 -84.875 6
    endloop
  endfacet
  facet normal 0 0 1
    outer loop
      vertex 20.54356769911446 -79.02942218224045 6
      vertex 20.050657780874822 -79.23359215540353 6
      vertex 24.25 -83 6
    endloop
  endfacet
  facet normal 0 0 1
    outer loop
      vertex 20.998469857794408 -78.75065778087482 6
      vertex 20.54356769911446 -79.02942218224045 6
      vertex 24.25 -83 6
    endloop
  endfacet
  facet normal 0 0 1
    outer loop
      vertex 20.998469857794408 -78.75065778087482 6
      vertex 24.25 -83 6
      vertex 21.40416305603426 -78.40416305603426 6
    endloop
  endfacet
  facet normal 0 0 1
    outer loop
      vertex 21.75065778087482 -77.9984698577944 6
      vertex 21.40416305603426 -78.40416305603426 6
      vertex 24.25 -83 6
    endloop
  endfacet
  facet normal 0 0 1
    outer loop
      vertex 22.029422182240452 -77.54356769911446 6
      vertex 24.25 -83 6
      vertex 22.23359215540352 -77.05065778087481 6
    endloop
  endfacet
  facet normal 0 0 1
    outer loop
      vertex 21.75065778087482 -77.9984698577944 6
      vertex 24.25 -83 6
      vertex 22.029422182240452 -77.54356769911446 6
    endloop
  endfacet
  facet normal 0 0 1
    outer loop
      vertex 19.531877181136785 -79.35814035802346 6
      vertex 19 -79.4 6
      vertex 21.002404735808355 -84.875 6
    endloop
  endfacet
  facet normal 0 0 1
    outer loop
      vertex 20.050657780874822 -79.23359215540353 6
      vertex 19.531877181136785 -79.35814035802346 6
      vertex 21.002404735808355 -84.875 6
    endloop
  endfacet
  facet normal 0 0 1
    outer loop
      vertex 20.050657780874822 -79.23359215540353 6
      vertex 21.002404735808355 -84.875 6
      vertex 24.25 -83 6
    endloop
  endfacet
  facet normal 0 0 1
    outer loop
      vertex 22.35814035802347 -76.53187718113678 6
      vertex 27.497595264191645 -84.875 6
      vertex 22.4 -76 6
    endloop
  endfacet
  facet normal 0 0 1
    outer loop
      vertex 22.35814035802347 -76.53187718113678 6
      vertex 22.23359215540352 -77.05065778087481 6
      vertex 27.497595264191645 -84.875 6
    endloop
  endfacet
  facet normal 0 0 1
    outer loop
      vertex 22.35814035802347 -65.46812281886322 6
      vertex 30.502404735808355 -88.625 6
      vertex 30.502404735808355 -84.875 6
    endloop
  endfacet
  facet normal 0 0 1
    outer loop
      vertex 22.23359215540352 -77.05065778087481 6
      vertex 24.25 -83 6
      vertex 27.497595264191645 -84.875 6
    endloop
  endfacet
  facet normal 0 0 1
    outer loop
      vertex 22.4 -66 6
      vertex 27.497595264191645 -84.875 6
      vertex 31.841645856167688 -92.867625 6
    endloop
  endfacet
  facet normal 0 0 1
    outer loop
      vertex 22.35814035802347 -65.46812281886322 6
      vertex 31.841645856167688 -92.867625 6
      vertex 30.502404735808355 -88.625 6
    endloop
  endfacet
  facet normal 0 0 1
    outer loop
      vertex 22.029422182240452 -64.45643230088554 6
      vertex 22.23359215540352 -64.94934221912519 6
      vertex 52.75 -83 6
    endloop
  endfacet
  facet normal 0 0 1
    outer loop
      vertex 22.23359215540352 -64.94934221912519 6
      vertex 22.35814035802347 -65.46812281886322 6
      vertex 52.75 -83 6
    endloop
  endfacet
  facet normal 0 0 1
    outer loop
      vertex 22.029422182240452 -64.45643230088554 6
      vertex 64.5 -82 6
      vertex 21.75065778087482 -64.0015301422056 6
    endloop
  endfacet
  facet normal 0 0 1
    outer loop
      vertex 22.35814035802347 -65.46812281886322 6
      vertex 30.502404735808355 -84.875 6
      vertex 33.75 -83 6
    endloop
  endfacet
  facet normal 0 0 1
    outer loop
      vertex 22.35814035802347 -65.46812281886322 6
      vertex 33.75 -83 6
      vertex 43.25 -83 6
    endloop
  endfacet
  facet normal 0 0 1
    outer loop
      vertex 36.997595264191645 -84.875 6
      vertex 43.25 -83 6
      vertex 33.75 -83 6
    endloop
  endfacet
  facet normal 0 0 1
    outer loop
      vertex 2.002404735808355 -88.625 6
      vertex 2.002404735808355 -84.875 6
      vertex 0.5 -91.227 6
    endloop
  endfacet
  facet normal 0 0 1
    outer loop
      vertex 2.002404735808355 -88.625 6
      vertex 0.5 -91.227 6
      vertex 3.747595264191645 -93.102 6
    endloop
  endfacet
  facet normal 0 0 1
    outer loop
      vertex 2.002404735808355 -88.625 6
      vertex 3.747595264191645 -93.102 6
      vertex 5.25 -90.5 6
    endloop
  endfacet
  facet normal 0 0 1
    outer loop
      vertex 8.497595264191645 -84.875 6
      vertex 8.497595264191645 -88.625 6
      vertex 11.502404735808355 -84.875 6
    endloop
  endfacet
  facet normal 0 0 1
    outer loop
      vertex 5.25 -90.5 6
      vertex 10 -91.227 6
      vertex 8.497595264191645 -88.625 6
    endloop
  endfacet
  facet normal 0 0 1
    outer loop
      vertex 3.747595264191645 -93.102 6
      vertex 3.747595264191645 -96.852 6
      vertex 5.25 -90.5 6
    endloop
  endfacet
  facet normal 0 0 1
    outer loop
      vertex 0.5 -98.727 6
      vertex 6.752404735808355 -96.852 6
      vertex 3.747595264191645 -96.852 6
    endloop
  endfacet
  facet normal 0 0 1
    outer loop
      vertex 6.752404735808355 -96.852 6
      vertex 6.752404735808355 -93.102 6
      vertex 5.25 -90.5 6
    endloop
  endfacet
  facet normal 0 0 1
    outer loop
      vertex 5.25 -90.5 6
      vertex 6.752404735808355 -93.102 6
      vertex 10 -91.227 6
    endloop
  endfacet
  facet normal 0 0 1
    outer loop
      vertex 6.752404735808355 -96.852 6
      vertex 5.25 -90.5 6
      vertex 3.747595264191645 -96.852 6
    endloop
  endfacet
  facet normal 0 0 1
    outer loop
      vertex 8.497595264191645 -84.875 6
      vertex 11.502404735808355 -84.875 6
      vertex 14.75 -83 6
    endloop
  endfacet
  facet normal 0 0 1
    outer loop
      vertex 10 -91.227 6
      vertex 11.502404735808355 -84.875 6
      vertex 8.497595264191645 -88.625 6
    endloop
  endfacet
  facet normal 0 0 1
    outer loop
      vertex 11.502404735808355 -88.625 6
      vertex 11.502404735808355 -84.875 6
      vertex 10 -91.227 6
    endloop
  endfacet
  facet normal 0 0 1
    outer loop
      vertex 11.502404735808355 -88.625 6
      vertex 10 -91.227 6
      vertex 13.247595264191645 -93.102 6
    endloop
  endfacet
  facet normal 0 0 1
    outer loop
      vertex 11.502404735808355 -88.625 6
      vertex 13.247595264191645 -93.102 6
      vertex 14.75 -90.5 6
    endloop
  endfacet
  facet normal 0 0 1
    outer loop
      vertex 19 -79.4 6
      vertex 17.997595264191645 -84.875 6
      vertex 17.997595264191645 -88.625 6
    endloop
  endfacet
  facet normal 0 0 1
    outer loop
      vertex 19 -79.4 6
      vertex 17.997595264191645 -88.625 6
      vertex 19.5 -91.227 6
    endloop
  endfacet
  facet normal 0 0 1
    outer loop
      vertex 14.75 -90.5 6
      vertex 19.5 -91.227 6
      vertex 17.997595264191645 -88.625 6
    endloop
  endfacet
  facet normal 0 0 1
    outer loop
      vertex 13.247595264191645 -93.102 6
      vertex 13.247595264191645 -96.852 6
      vertex 14.75 -90.5 6
    endloop
  endfacet
  facet normal 0 0 1
    outer loop
      vertex 10 -98.727 6
      vertex 16.252404735808355 -96.852 6
      vertex 13.247595264191645 -96.852 6
    endloop
  endfacet
  facet normal 0 0 1
    outer loop
      vertex 16.252404735808355 -96.852 6
      vertex 16.252404735808355 -93.102 6
      vertex 14.75 -90.5 6
    endloop
  endfacet
  facet normal 0 0 1
    outer loop
      vertex 14.75 -90.5 6
      vertex 16.252404735808355 -93.102 6
      vertex 19.5 -91.227 6
    endloop
  endfacet
  facet normal 0 0 1
    outer loop
      vertex 16.252404735808355 -96.852 6
      vertex 14.75 -90.5 6
      vertex 13.247595264191645 -96.852 6
    endloop
  endfacet
  facet normal 0 0 1
    outer loop
      vertex -64.5 -108 6
      vertex 64.5 -108 6
      vertex 0.5 -98.727 6
    endloop
  endfacet
  facet normal 0 0 1
    outer loop
      vertex 0.5 -98.727 6
      vertex 10 -98.727 6
      vertex 6.752404735808355 -96.852 6
    endloop
  endfacet
  facet normal 0 0 1
    outer loop
      vertex 10 -98.727 6
      vertex 19.5 -98.727 6
      vertex 16.252404735808355 -96.852 6
    endloop
  endfacet
  facet normal 0 0 1
    outer loop
      vertex 19 -79.4 6
      vertex 19.5 -91.227 6
      vertex 21.002404735808355 -84.875 6
    endloop
  endfacet
  facet normal 0 0 1
    outer loop
      vertex 21.002404735808355 -88.625 6
      vertex 21.002404735808355 -84.875 6
      vertex 19.5 -91.227 6
    endloop
  endfacet
  facet normal 0 0 1
    outer loop
      vertex 21.002404735808355 -88.625 6
      vertex 19.5 -91.227 6
      vertex 22.747595264191645 -93.102 6
    endloop
  endfacet
  facet normal 0 0 1
    outer loop
      vertex 21.002404735808355 -88.625 6
      vertex 22.747595264191645 -93.102 6
      vertex 24.25 -90.5 6
    endloop
  endfacet
  facet normal 0 0 1
    outer loop
      vertex 24.25 -90.5 6
      vertex 29 -91.227 6
      vertex 27.497595264191645 -88.625 6
    endloop
  endfacet
  facet normal 0 0 1
    outer loop
      vertex 22.747595264191645 -93.102 6
      vertex 22.747595264191645 -96.852 6
      vertex 24.25 -90.5 6
    endloop
  endfacet
  facet normal 0 0 1
    outer loop
      vertex 19.5 -98.727 6
      vertex 25.752404735808355 -96.852 6
      vertex 22.747595264191645 -96.852 6
    endloop
  endfacet
  facet normal 0 0 1
    outer loop
      vertex 25.752404735808355 -96.852 6
      vertex 25.752404735808355 -93.102 6
      vertex 24.25 -90.5 6
    endloop
  endfacet
  facet normal 0 0 1
    outer loop
      vertex 24.25 -90.5 6
      vertex 25.752404735808355 -93.102 6
      vertex 29 -91.227 6
    endloop
  endfacet
  facet normal 0 0 1
    outer loop
      vertex 25.752404735808355 -96.852 6
      vertex 24.25 -90.5 6
      vertex 22.747595264191645 -96.852 6
    endloop
  endfacet
  facet normal 0 0 1
    outer loop
      vertex 27.497595264191645 -84.875 6
      vertex 27.497595264191645 -88.625 6
      vertex 31.841645856167688 -92.867625 6
    endloop
  endfacet
  facet normal 0 0 1
    outer loop
      vertex 31.841645856167688 -92.867625 6
      vertex 27.497595264191645 -88.625 6
      vertex 29 -91.227 6
    endloop
  endfacet
  facet normal 0 0 1
    outer loop
      vertex 36.997595264191645 -84.875 6
      vertex 36.997595264191645 -88.625 6
      vertex 40.002404735808355 -84.875 6
    endloop
  endfacet
  facet normal 0 0 1
    outer loop
      vertex 33.75 -90.5 6
      vertex 38.5 -91.227 6
      vertex 36.997595264191645 -88.625 6
    endloop
  endfacet
  facet normal 0 0 1
    outer loop
      vertex 30.502404735808355 -88.625 6
      vertex 31.841645856167688 -92.867625 6
      vertex 32.247595264191645 -93.102 6
    endloop
  endfacet
  facet normal 0 0 1
    outer loop
      vertex 30.502404735808355 -88.625 6
      vertex 35.252404735808355 -96.852 6
      vertex 33.75 -90.5 6
    endloop
  endfacet
  facet normal 0 0 1
    outer loop
      vertex 30.502404735808355 -88.625 6
      vertex 32.247595264191645 -93.102 6
      vertex 35.252404735808355 -96.852 6
    endloop
  endfacet
  facet normal 0 0 1
    outer loop
      vertex 32.247595264191645 -93.102 6
      vertex 32.247595264191645 -96.852 6
      vertex 35.252404735808355 -96.852 6
    endloop
  endfacet
  facet normal 0 0 1
    outer loop
      vertex 29 -98.727 6
      vertex 35.252404735808355 -96.852 6
      vertex 32.247595264191645 -96.852 6
    endloop
  endfacet
  facet normal 0 0 1
    outer loop
      vertex 35.252404735808355 -96.852 6
      vertex 35.252404735808355 -93.102 6
      vertex 33.75 -90.5 6
    endloop
  endfacet
  facet normal 0 0 1
    outer loop
      vertex 33.75 -90.5 6
      vertex 35.252404735808355 -93.102 6
      vertex 38.5 -91.227 6
    endloop
  endfacet
  facet normal 0 0 1
    outer loop
      vertex 19.5 -98.727 6
      vertex 29 -98.727 6
      vertex 25.752404735808355 -96.852 6
    endloop
  endfacet
  facet normal 0 0 1
    outer loop
      vertex 64.5 -108 6
      vertex 10 -98.727 6
      vertex 0.5 -98.727 6
    endloop
  endfacet
  facet normal 0 0 1
    outer loop
      vertex 74.5 -110.5 6
      vertex 64.5 -108 6
      vertex -64.5 -108 6
    endloop
  endfacet
  facet normal 0 0 1
    outer loop
      vertex 64.5 -108 6
      vertex 19.5 -98.727 6
      vertex 10 -98.727 6
    endloop
  endfacet
  facet normal 0 0 1
    outer loop
      vertex 29 -98.727 6
      vertex 38.5 -98.727 6
      vertex 35.252404735808355 -96.852 6
    endloop
  endfacet
  facet normal 0 0 1
    outer loop
      vertex 64.5 -108 6
      vertex 29 -98.727 6
      vertex 19.5 -98.727 6
    endloop
  endfacet
  facet normal 0 0 1
    outer loop
      vertex 22.029422182240452 -64.45643230088554 6
      vertex 52.75 -83 6
      vertex 64.5 -82 6
    endloop
  endfacet
  facet normal 0 0 1
    outer loop
      vertex 22.35814035802347 -65.46812281886322 6
      vertex 43.25 -83 6
      vertex 52.75 -83 6
    endloop
  endfacet
  facet normal 0 0 1
    outer loop
      vertex 46.497595264191645 -84.875 6
      vertex 52.75 -83 6
      vertex 43.25 -83 6
    endloop
  endfacet
  facet normal 0 0 1
    outer loop
      vertex 70 -6 6
      vertex 64.5 -82 6
      vertex 69.5 -82 6
    endloop
  endfacet
  facet normal 0 0 1
    outer loop
      vertex 70 -6 6
      vertex 69.5 -82 6
      vertex 69.5 -108 6
    endloop
  endfacet
  facet normal 0 0 1
    outer loop
      vertex 55.997595264191645 -84.875 6
      vertex 64.5 -82 6
      vertex 52.75 -83 6
    endloop
  endfacet
  facet normal 0 0 1
    outer loop
      vertex 70 -6 6
      vertex 69.5 -108 6
      vertex 70 -102 6
    endloop
  endfacet
  facet normal 1 0 0
    outer loop
      vertex 76 -102 4.5
      vertex 76 -8 8
      vertex 76 -102 6
    endloop
  endfacet
  facet normal 0 -0.02127178149057585 0.999773730057065
    outer loop
      vertex 76 -8 8
      vertex 74.5 -102 6
      vertex 76 -102 6
    endloop
  endfacet
  facet normal 0 -0.02127178149057586 0.9997737300570649
    outer loop
      vertex 70 -102 6
      vertex 74.5 -102 6
      vertex 74.29312755504344 -31.779837387624884 7.4940460130292585
    endloop
  endfacet
  facet normal 0 0 1
    outer loop
      vertex 36.997595264191645 -84.875 6
      vertex 40.002404735808355 -84.875 6
      vertex 43.25 -83 6
    endloop
  endfacet
  facet normal 0 0 1
    outer loop
      vertex 38.5 -91.227 6
      vertex 40.002404735808355 -84.875 6
      vertex 36.997595264191645 -88.625 6
    endloop
  endfacet
  facet normal 0 0 1
    outer loop
      vertex 40.002404735808355 -88.625 6
      vertex 40.002404735808355 -84.875 6
      vertex 38.5 -91.227 6
    endloop
  endfacet
  facet normal 0 0 1
    outer loop
      vertex 40.002404735808355 -88.625 6
      vertex 38.5 -91.227 6
      vertex 41.747595264191645 -93.102 6
    endloop
  endfacet
  facet normal 0 0 1
    outer loop
      vertex 40.002404735808355 -88.625 6
      vertex 41.747595264191645 -93.102 6
      vertex 43.25 -90.5 6
    endloop
  endfacet
  facet normal 0 0 1
    outer loop
      vertex 46.497595264191645 -84.875 6
      vertex 46.497595264191645 -88.625 6
      vertex 49.502404735808355 -84.875 6
    endloop
  endfacet
  facet normal 0 0 1
    outer loop
      vertex 43.25 -90.5 6
      vertex 48 -91.227 6
      vertex 46.497595264191645 -88.625 6
    endloop
  endfacet
  facet normal 0 0 1
    outer loop
      vertex 41.747595264191645 -93.102 6
      vertex 41.747595264191645 -96.852 6
      vertex 43.25 -90.5 6
    endloop
  endfacet
  facet normal 0 0 1
    outer loop
      vertex 38.5 -98.727 6
      vertex 44.752404735808355 -96.852 6
      vertex 41.747595264191645 -96.852 6
    endloop
  endfacet
  facet normal 0 0 1
    outer loop
      vertex 44.752404735808355 -96.852 6
      vertex 44.752404735808355 -93.102 6
      vertex 43.25 -90.5 6
    endloop
  endfacet
  facet normal 0 0 1
    outer loop
      vertex 43.25 -90.5 6
      vertex 44.752404735808355 -93.102 6
      vertex 48 -91.227 6
    endloop
  endfacet
  facet normal 0 0 1
    outer loop
      vertex 44.752404735808355 -96.852 6
      vertex 43.25 -90.5 6
      vertex 41.747595264191645 -96.852 6
    endloop
  endfacet
  facet normal 0 0 1
    outer loop
      vertex 46.497595264191645 -84.875 6
      vertex 49.502404735808355 -84.875 6
      vertex 52.75 -83 6
    endloop
  endfacet
  facet normal 0 0 1
    outer loop
      vertex 49.502404735808355 -88.625 6
      vertex 49.502404735808355 -84.875 6
      vertex 46.497595264191645 -88.625 6
    endloop
  endfacet
  facet normal 0 0 1
    outer loop
      vertex 49.502404735808355 -88.625 6
      vertex 46.497595264191645 -88.625 6
      vertex 48 -91.227 6
    endloop
  endfacet
  facet normal 0 0 1
    outer loop
      vertex 49.502404735808355 -88.625 6
      vertex 48 -91.227 6
      vertex 51.247595264191645 -93.102 6
    endloop
  endfacet
  facet normal 0 0 1
    outer loop
      vertex 49.502404735808355 -88.625 6
      vertex 51.247595264191645 -93.102 6
      vertex 52.75 -90.5 6
    endloop
  endfacet
  facet normal 0 0 1
    outer loop
      vertex 52.75 -90.5 6
      vertex 57.5 -91.227 6
      vertex 55.997595264191645 -88.625 6
    endloop
  endfacet
  facet normal 0 0 1
    outer loop
      vertex 51.247595264191645 -93.102 6
      vertex 51.247595264191645 -96.852 6
      vertex 52.75 -90.5 6
    endloop
  endfacet
  facet normal 0 0 1
    outer loop
      vertex 48 -98.727 6
      vertex 54.252404735808355 -96.852 6
      vertex 51.247595264191645 -96.852 6
    endloop
  endfacet
  facet normal 0 0 1
    outer loop
      vertex 54.252404735808355 -96.852 6
      vertex 54.252404735808355 -93.102 6
      vertex 52.75 -90.5 6
    endloop
  endfacet
  facet normal 0 0 1
    outer loop
      vertex 52.75 -90.5 6
      vertex 54.252404735808355 -93.102 6
      vertex 57.5 -91.227 6
    endloop
  endfacet
  facet normal 0 0 1
    outer loop
      vertex 54.252404735808355 -96.852 6
      vertex 52.75 -90.5 6
      vertex 51.247595264191645 -96.852 6
    endloop
  endfacet
  facet normal 0 0 1
    outer loop
      vertex 38.5 -98.727 6
      vertex 48 -98.727 6
      vertex 44.752404735808355 -96.852 6
    endloop
  endfacet
  facet normal 0 0 1
    outer loop
      vertex 64.5 -108 6
      vertex 38.5 -98.727 6
      vertex 29 -98.727 6
    endloop
  endfacet
  facet normal 0 0 1
    outer loop
      vertex 64.5 -108 6
      vertex 48 -98.727 6
      vertex 38.5 -98.727 6
    endloop
  endfacet
  facet normal 0 0 1
    outer loop
      vertex 48 -98.727 6
      vertex 57.5 -98.727 6
      vertex 54.252404735808355 -96.852 6
    endloop
  endfacet
  facet normal 0 0 1
    outer loop
      vertex 64.5 -108 6
      vertex 57.5 -98.727 6
      vertex 48 -98.727 6
    endloop
  endfacet
  facet normal 0 0 1
    outer loop
      vertex 55.997595264191645 -84.875 6
      vertex 55.997595264191645 -88.625 6
      vertex 64.5 -82 6
    endloop
  endfacet
  facet normal 0 0 1
    outer loop
      vertex 55.997595264191645 -88.625 6
      vertex 57.5 -91.227 6
      vertex 64.5 -82 6
    endloop
  endfacet
  facet normal 0 0 1
    outer loop
      vertex 60.747595264191645 -93.102 6
      vertex 64.5 -82 6
      vertex 57.5 -91.227 6
    endloop
  endfacet
  facet normal 0 0 1
    outer loop
      vertex 60.747595264191645 -93.102 6
      vertex 60.747595264191645 -96.852 6
      vertex 64.5 -82 6
    endloop
  endfacet
  facet normal 0 0 1
    outer loop
      vertex 64.5 -108 6
      vertex 64.5 -82 6
      vertex 60.747595264191645 -96.852 6
    endloop
  endfacet
  facet normal 0 0 1
    outer loop
      vertex 64.5 -108 6
      vertex 60.747595264191645 -96.852 6
      vertex 57.5 -98.727 6
    endloop
  endfacet
  facet normal 0 0 1
    outer loop
      vertex 70 -102 6
      vertex 74.5 -110.5 6
      vertex 74.5 -102 6
    endloop
  endfacet
  facet normal 0 0 1
    outer loop
      vertex 74.5 -110.5 6
      vertex 69.5 -108 6
      vertex 64.5 -108 6
    endloop
  endfacet
  facet normal 0 0 1
    outer loop
      vertex 70 -102 6
      vertex 69.5 -108 6
      vertex 74.5 -110.5 6
    endloop
  endfacet
endsolid OpenSCAD_Model
