solid OpenSCAD_Model
  facet normal -1 0 0
    outer loop
      vertex -22.6 -6.1 0
      vertex -22.6 -6.1 0.01
      vertex -22.6 6.1 0.01
    endloop
  endfacet
  facet normal -0.9481522731546325 0 0.31781640440937475
    outer loop
      vertex -22.6 -6.1 0.01
      vertex -22 -5.5 1.8000000000000003
      vertex -22.6 6.1 0.01
    endloop
  endfacet
  facet normal 0 -1 0
    outer loop
      vertex -22.6 -6.1 0
      vertex 22.6 -6.1 0
      vertex -22.6 -6.1 0.01
    endloop
  endfacet
  facet normal 0 -0.9481522731546327 0.31781640440937386
    outer loop
      vertex -22.6 -6.1 0.01
      vertex 22.6 -6.1 0.01
      vertex -22 -5.5 1.8000000000000003
    endloop
  endfacet
  facet normal 0 0 1
    outer loop
      vertex -22 -5.5 1.8000000000000003
      vertex -10.045720502734184 -3.0632959976792336 1.8000000000000003
      vertex -10.924074500799179 -3.0632959976792336 1.8000000000000003
    endloop
  endfacet
  facet normal 0 0 1
    outer loop
      vertex -22 -5.5 1.8000000000000003
      vertex -8.358632296323776 -3.0632959976792336 1.8000000000000003
      vertex -10.045720502734184 -3.0632959976792336 1.8000000000000003
    endloop
  endfacet
  facet normal 0 0 1
    outer loop
      vertex -22 -5.5 1.8000000000000003
      vertex -7.480278298258781 -3.0632959976792336 1.8000000000000003
      vertex -8.358632296323776 -3.0632959976792336 1.8000000000000003
    endloop
  endfacet
  facet normal 0 0 1
    outer loop
      vertex -22 -5.5 1.8000000000000003
      vertex -6.1376682966947556 -3.0632959976792336 1.8000000000000003
      vertex -7.480278298258781 -3.0632959976792336 1.8000000000000003
    endloop
  endfacet
  facet normal 0 0 1
    outer loop
      vertex -22 -5.5 1.8000000000000003
      vertex -10.924074500799179 -3.0632959976792336 1.8000000000000003
      vertex -10.924074500799179 2.239936001598835 1.8000000000000003
    endloop
  endfacet
  facet normal 0 0 1
    outer loop
      vertex -22 -5.5 1.8000000000000003
      vertex -10.924074500799179 2.239936001598835 1.8000000000000003
      vertex -11.9398825019598 2.239936001598835 1.8000000000000003
    endloop
  endfacet
  facet normal 0 0 1
    outer loop
      vertex -22 -5.5 1.8000000000000003
      vertex -5.207606300711632 -3.0632959976792336 1.8000000000000003
      vertex -6.1376682966947556 -3.0632959976792336 1.8000000000000003
    endloop
  endfacet
  facet normal 0 0 1
    outer loop
      vertex -22 -5.5 1.8000000000000003
      vertex 22 -5.5 1.8000000000000003
      vertex -5.207606300711632 -3.0632959976792336 1.8000000000000003
    endloop
  endfacet
  facet normal 0 0 1
    outer loop
      vertex -6.955324299633503 -0.4464000016450882 1.8000000000000003
      vertex -7.480278298258781 -3.0632959976792336 1.8000000000000003
      vertex -6.1376682966947556 -3.0632959976792336 1.8000000000000003
    endloop
  endfacet
  facet normal 0 0 1
    outer loop
      vertex -10.045720502734184 -3.0632959976792336 1.8000000000000003
      vertex -8.358632296323776 -3.0632959976792336 1.8000000000000003
      vertex -8.358632296323776 3.065279997885227 1.8000000000000003
    endloop
  endfacet
  facet normal 0 0 1
    outer loop
      vertex -7.480278298258781 -3.0632959976792336 1.8000000000000003
      vertex -6.955324299633503 -0.4464000016450882 1.8000000000000003
      vertex -7.480278298258781 -0.4464000016450882 1.8000000000000003
    endloop
  endfacet
  facet normal 0 0 1
    outer loop
      vertex -5.207606300711632 -3.0632959976792336 1.8000000000000003
      vertex -4.718878902494907 -3.0632959976792336 1.8000000000000003
      vertex -6.154904298484325 -0.265855997800827 1.8000000000000003
    endloop
  endfacet
  facet normal 0 0 1
    outer loop
      vertex -3.8405869007110596 -3.0632959976792336 1.8000000000000003
      vertex -2.3852609023451805 -1.7479040026664734 1.8000000000000003
      vertex -3.5822328999638557 -1.7479040026664734 1.8000000000000003
    endloop
  endfacet
  facet normal 0 0 1
    outer loop
      vertex -3.8405869007110596 -3.0632959976792336 1.8000000000000003
      vertex -2.1269688978791237 -3.0632959976792336 1.8000000000000003
      vertex -2.3852609023451805 -1.7479040026664734 1.8000000000000003
    endloop
  endfacet
  facet normal 0 0 1
    outer loop
      vertex -4.718878902494907 -3.0632959976792336 1.8000000000000003
      vertex -6.021285690367222 -0.18433116376399994 1.8000000000000003
      vertex -6.154904298484325 -0.265855997800827 1.8000000000000003
    endloop
  endfacet
  facet normal 0 0 1
    outer loop
      vertex -4.718878902494907 -3.0632959976792336 1.8000000000000003
      vertex -5.901785857975483 -0.0946739986538887 1.8000000000000003
      vertex -6.021285690367222 -0.18433116376399994 1.8000000000000003
    endloop
  endfacet
  facet normal 0 0 1
    outer loop
      vertex -4.718878902494907 -3.0632959976792336 1.8000000000000003
      vertex -5.796404801309109 0.0031154975295066833 1.8000000000000003
      vertex -5.901785857975483 -0.0946739986538887 1.8000000000000003
    endloop
  endfacet
  facet normal 0 0 1
    outer loop
      vertex -4.718878902494907 -3.0632959976792336 1.8000000000000003
      vertex -5.705142520368099 0.10903733223676682 1.8000000000000003
      vertex -5.796404801309109 0.0031154975295066833 1.8000000000000003
    endloop
  endfacet
  facet normal 0 0 1
    outer loop
      vertex -4.718878902494907 -3.0632959976792336 1.8000000000000003
      vertex -5.627999022603035 0.2230914980173111 1.8000000000000003
      vertex -5.705142520368099 0.10903733223676682 1.8000000000000003
    endloop
  endfacet
  facet normal 0 0 1
    outer loop
      vertex -4.718878902494907 -3.0632959976792336 1.8000000000000003
      vertex -5.564974300563335 0.3452780023217201 1.8000000000000003
      vertex -5.627999022603035 0.2230914980173111 1.8000000000000003
    endloop
  endfacet
  facet normal 0 0 1
    outer loop
      vertex -4.718878902494907 -3.0632959976792336 1.8000000000000003
      vertex -5.51367274671793 0.47607216984033585 1.8000000000000003
      vertex -5.564974300563335 0.3452780023217201 1.8000000000000003
    endloop
  endfacet
  facet normal 0 0 1
    outer loop
      vertex -2.979468896985054 1.2995819970965385 1.8000000000000003
      vertex -3.427232898771763 -0.9225599989295006 1.8000000000000003
      vertex -2.548878900706768 -0.9225599989295006 1.8000000000000003
    endloop
  endfacet
  facet normal 0 0 1
    outer loop
      vertex -0.46823330223560333 3.065279997885227 1.8000000000000003
      vertex -1.2486148998141289 -3.0632959976792336 1.8000000000000003
      vertex -0.46823330223560333 -3.0632959976792336 1.8000000000000003
    endloop
  endfacet
  facet normal -1 0 0
    outer loop
      vertex -22.6 -6.1 0
      vertex -22.6 6.1 0.01
      vertex -22.6 6.1 0
    endloop
  endfacet
  facet normal 0 0 -1
    outer loop
      vertex -22.6 -6.1 0
      vertex -22.6 6.1 0
      vertex 22.6 6.1 0
    endloop
  endfacet
  facet normal 0 1 0
    outer loop
      vertex -22.6 6.1 0
      vertex -22.6 6.1 0.01
      vertex 22.6 6.1 0
    endloop
  endfacet
  facet normal -0.9481522731546325 0 0.31781640440937475
    outer loop
      vertex -22 -5.5 1.8000000000000003
      vertex -22 5.5 1.8000000000000003
      vertex -22.6 6.1 0.01
    endloop
  endfacet
  facet normal 0 0 1
    outer loop
      vertex -22 -5.5 1.8000000000000003
      vertex -11.9398825019598 2.239936001598835 1.8000000000000003
      vertex -22 5.5 1.8000000000000003
    endloop
  endfacet
  facet normal 0 0 1
    outer loop
      vertex -22 5.5 1.8000000000000003
      vertex -11.9398825019598 2.239936001598835 1.8000000000000003
      vertex -11.9398825019598 3.065279997885227 1.8000000000000003
    endloop
  endfacet
  facet normal 0 0 1
    outer loop
      vertex -22 5.5 1.8000000000000003
      vertex -11.9398825019598 3.065279997885227 1.8000000000000003
      vertex -9.027370497584343 3.065279997885227 1.8000000000000003
    endloop
  endfacet
  facet normal 0 0 1
    outer loop
      vertex -22 5.5 1.8000000000000003
      vertex -9.027370497584343 3.065279997885227 1.8000000000000003
      vertex -8.358632296323776 3.065279997885227 1.8000000000000003
    endloop
  endfacet
  facet normal 0 0 1
    outer loop
      vertex -22 5.5 1.8000000000000003
      vertex -8.358632296323776 3.065279997885227 1.8000000000000003
      vertex -6.946768298745155 3.065279997885227 1.8000000000000003
    endloop
  endfacet
  facet normal 0 0 1
    outer loop
      vertex -22 5.5 1.8000000000000003
      vertex -6.946768298745155 3.065279997885227 1.8000000000000003
      vertex -6.473251909017563 3.0153080001473427 1.8000000000000003
    endloop
  endfacet
  facet normal 0 0 1
    outer loop
      vertex -10.045720502734184 2.239936001598835 1.8000000000000003
      vertex -10.045720502734184 -3.0632959976792336 1.8000000000000003
      vertex -9.027370497584343 2.239936001598835 1.8000000000000003
    endloop
  endfacet
  facet normal 0 0 1
    outer loop
      vertex -8.358632296323776 3.065279997885227 1.8000000000000003
      vertex -9.027370497584343 2.239936001598835 1.8000000000000003
      vertex -10.045720502734184 -3.0632959976792336 1.8000000000000003
    endloop
  endfacet
  facet normal 0 0 1
    outer loop
      vertex -6.98111630231142 0.32735999673604965 1.8000000000000003
      vertex -6.90628919005394 0.3291545584797859 1.8000000000000003
      vertex -7.480278298258781 0.32735999673604965 1.8000000000000003
    endloop
  endfacet
  facet normal 0 0 1
    outer loop
      vertex -6.90628919005394 0.3291545584797859 1.8000000000000003
      vertex -6.836725190281868 0.33453822135925293 1.8000000000000003
      vertex -7.480278298258781 0.32735999673604965 1.8000000000000003
    endloop
  endfacet
  facet normal 0 0 1
    outer loop
      vertex -6.836725190281868 0.33453822135925293 1.8000000000000003
      vertex -6.772424302995205 0.3435110002756119 1.8000000000000003
      vertex -7.480278298258781 0.32735999673604965 1.8000000000000003
    endloop
  endfacet
  facet normal 0 0 1
    outer loop
      vertex -6.772424302995205 0.3435110002756119 1.8000000000000003
      vertex -6.71338652074337 0.35607288777828217 1.8000000000000003
      vertex -7.480278298258781 0.32735999673604965 1.8000000000000003
    endloop
  endfacet
  facet normal 0 0 1
    outer loop
      vertex -6.71338652074337 0.35607288777828217 1.8000000000000003
      vertex -6.659611858427525 0.3722238913178444 1.8000000000000003
      vertex -7.480278298258781 0.32735999673604965 1.8000000000000003
    endloop
  endfacet
  facet normal 0 0 1
    outer loop
      vertex -6.659611858427525 0.3722238913178444 1.8000000000000003
      vertex -6.611100301146507 0.39196400344371796 1.8000000000000003
      vertex -7.480278298258781 0.32735999673604965 1.8000000000000003
    endloop
  endfacet
  facet normal 0 0 1
    outer loop
      vertex -6.611100301146507 0.39196400344371796 1.8000000000000003
      vertex -6.566873632371426 0.4150555580854416 1.8000000000000003
      vertex -7.480278298258781 0.32735999673604965 1.8000000000000003
    endloop
  endfacet
  facet normal 0 0 1
    outer loop
      vertex -6.566873632371426 0.4150555580854416 1.8000000000000003
      vertex -6.525994963943958 0.441260889172554 1.8000000000000003
      vertex -7.480278298258781 0.32735999673604965 1.8000000000000003
    endloop
  endfacet
  facet normal 0 0 1
    outer loop
      vertex -6.525994963943958 0.441260889172554 1.8000000000000003
      vertex -6.488464303314686 0.47057999670505524 1.8000000000000003
      vertex -7.480278298258781 0.32735999673604965 1.8000000000000003
    endloop
  endfacet
  facet normal 0 0 1
    outer loop
      vertex -6.488464303314686 0.47057999670505524 1.8000000000000003
      vertex -6.454281635582447 0.5030128881335258 1.8000000000000003
      vertex -7.480278298258781 0.32735999673604965 1.8000000000000003
    endloop
  endfacet
  facet normal 0 0 1
    outer loop
      vertex -6.454281635582447 0.5030128881335258 1.8000000000000003
      vertex -6.423446968197823 0.5385595560073853 1.8000000000000003
      vertex -7.480278298258781 0.32735999673604965 1.8000000000000003
    endloop
  endfacet
  facet normal 0 0 1
    outer loop
      vertex -6.423446968197823 0.5385595560073853 1.8000000000000003
      vertex -6.395960301160812 0.5772200003266335 1.8000000000000003
      vertex -7.480278298258781 0.32735999673604965 1.8000000000000003
    endloop
  endfacet
  facet normal 0 0 1
    outer loop
      vertex -6.395960301160812 0.5772200003266335 1.8000000000000003
      vertex -6.374196574091911 0.6189718320965767 1.8000000000000003
      vertex -7.480278298258781 0.32735999673604965 1.8000000000000003
    endloop
  endfacet
  facet normal 0 0 1
    outer loop
      vertex -6.374196574091911 0.6189718320965767 1.8000000000000003
      vertex -6.354826740920544 0.6638339981436729 1.8000000000000003
      vertex -7.480278298258781 0.32735999673604965 1.8000000000000003
    endloop
  endfacet
  facet normal 0 0 1
    outer loop
      vertex -6.354826740920544 0.6638339981436729 1.8000000000000003
      vertex -6.337850801646709 0.7118064984679222 1.8000000000000003
      vertex -7.480278298258781 0.32735999673604965 1.8000000000000003
    endloop
  endfacet
  facet normal 0 0 1
    outer loop
      vertex -6.337850801646709 0.7118064984679222 1.8000000000000003
      vertex -6.323268741369247 0.7628893330693245 1.8000000000000003
      vertex -7.480278298258781 0.32735999673604965 1.8000000000000003
    endloop
  endfacet
  facet normal 0 0 1
    outer loop
      vertex -6.323268741369247 0.7628893330693245 1.8000000000000003
      vertex -6.311080574989319 0.8170825019478798 1.8000000000000003
      vertex -7.480278298258781 0.32735999673604965 1.8000000000000003
    endloop
  endfacet
  facet normal 0 0 1
    outer loop
      vertex -6.311080574989319 0.8170825019478798 1.8000000000000003
      vertex -6.301286302506924 0.8743859976530075 1.8000000000000003
      vertex -7.480278298258781 0.32735999673604965 1.8000000000000003
    endloop
  endfacet
  facet normal 0 0 1
    outer loop
      vertex -6.301286302506924 0.8743859976530075 1.8000000000000003
      vertex -6.2933864668011665 0.9348205029964447 1.8000000000000003
      vertex -7.480278298258781 0.32735999673604965 1.8000000000000003
    endloop
  endfacet
  facet normal 0 0 1
    outer loop
      vertex -6.2933864668011665 0.9348205029964447 1.8000000000000003
      vertex -6.286922968924046 0.9983653351664543 1.8000000000000003
      vertex -7.480278298258781 0.32735999673604965 1.8000000000000003
    endloop
  endfacet
  facet normal 0 0 1
    outer loop
      vertex -6.286922968924046 0.9983653351664543 1.8000000000000003
      vertex -6.28189580142498 1.065020501613617 1.8000000000000003
      vertex -7.480278298258781 0.32735999673604965 1.8000000000000003
    endloop
  endfacet
  facet normal 0 0 1
    outer loop
      vertex -6.28189580142498 1.065020501613617 1.8000000000000003
      vertex -6.27830496430397 1.1347860023379326 1.8000000000000003
      vertex -7.480278298258781 0.32735999673604965 1.8000000000000003
    endloop
  endfacet
  facet normal 0 0 1
    outer loop
      vertex -6.27830496430397 1.1347860023379326 1.8000000000000003
      vertex -6.276150465011597 1.2076618298888206 1.8000000000000003
      vertex -7.480278298258781 0.32735999673604965 1.8000000000000003
    endloop
  endfacet
  facet normal 0 0 1
    outer loop
      vertex -6.276150465011597 1.2076618298888206 1.8000000000000003
      vertex -6.275432303547859 1.2836479991674423 1.8000000000000003
      vertex -7.480278298258781 0.32735999673604965 1.8000000000000003
    endloop
  endfacet
  facet normal 0 0 1
    outer loop
      vertex -6.275432303547859 1.2836479991674423 1.8000000000000003
      vertex -6.276150465011597 1.359632447361946 1.8000000000000003
      vertex -7.480278298258781 0.32735999673604965 1.8000000000000003
    endloop
  endfacet
  facet normal 0 0 1
    outer loop
      vertex -6.276150465011597 1.359632447361946 1.8000000000000003
      vertex -6.27830496430397 1.4325031116604805 1.8000000000000003
      vertex -7.480278298258781 0.32735999673604965 1.8000000000000003
    endloop
  endfacet
  facet normal 0 0 1
    outer loop
      vertex -6.27830496430397 1.4325031116604805 1.8000000000000003
      vertex -6.28189580142498 1.502259999513626 1.8000000000000003
      vertex -7.480278298258781 0.32735999673604965 1.8000000000000003
    endloop
  endfacet
  facet normal 0 0 1
    outer loop
      vertex -6.28189580142498 1.502259999513626 1.8000000000000003
      vertex -6.286922968924046 1.568903110921383 1.8000000000000003
      vertex -7.480278298258781 0.32735999673604965 1.8000000000000003
    endloop
  endfacet
  facet normal 0 0 1
    outer loop
      vertex -6.324226297438145 1.80533666908741 1.8000000000000003
      vertex -6.340005300939083 1.8576285019516945 1.8000000000000003
      vertex -7.480278298258781 0.32735999673604965 1.8000000000000003
    endloop
  endfacet
  facet normal 0 0 1
    outer loop
      vertex -6.286922968924046 1.568903110921383 1.8000000000000003
      vertex -6.2933864668011665 1.632432445883751 1.8000000000000003
      vertex -7.480278298258781 0.32735999673604965 1.8000000000000003
    endloop
  endfacet
  facet normal 0 0 1
    outer loop
      vertex -6.2933864668011665 1.632432445883751 1.8000000000000003
      vertex -6.301286302506924 1.6928479969501495 1.8000000000000003
      vertex -7.480278298258781 0.32735999673604965 1.8000000000000003
    endloop
  endfacet
  facet normal 0 0 1
    outer loop
      vertex -6.301286302506924 1.6928479969501495 1.8000000000000003
      vertex -6.311319969594479 1.750409834086895 1.8000000000000003
      vertex -7.480278298258781 0.32735999673604965 1.8000000000000003
    endloop
  endfacet
  facet normal 0 0 1
    outer loop
      vertex -6.311319969594479 1.750409834086895 1.8000000000000003
      vertex -6.324226297438145 1.80533666908741 1.8000000000000003
      vertex -7.480278298258781 0.32735999673604965 1.8000000000000003
    endloop
  endfacet
  facet normal 0 0 1
    outer loop
      vertex -6.340005300939083 1.8576285019516945 1.8000000000000003
      vertex -6.358656965196133 1.9072853326797485 1.8000000000000003
      vertex -7.480278298258781 0.32735999673604965 1.8000000000000003
    endloop
  endfacet
  facet normal 0 0 1
    outer loop
      vertex -6.358656965196133 1.9072853326797485 1.8000000000000003
      vertex -6.380181297659874 1.9543071687221527 1.8000000000000003
      vertex -7.480278298258781 0.32735999673604965 1.8000000000000003
    endloop
  endfacet
  facet normal 0 0 1
    outer loop
      vertex -6.380181297659874 1.9543071687221527 1.8000000000000003
      vertex -6.404578298330307 1.9986940026283264 1.8000000000000003
      vertex -7.480278298258781 0.32735999673604965 1.8000000000000003
    endloop
  endfacet
  facet normal 0 0 1
    outer loop
      vertex -6.404578298330307 1.9986940026283264 1.8000000000000003
      vertex -6.467186242341995 2.0724068358540535 1.8000000000000003
      vertex -7.480278298258781 0.32735999673604965 1.8000000000000003
    endloop
  endfacet
  facet normal 0 0 1
    outer loop
      vertex -6.467186242341995 2.0724068358540535 1.8000000000000003
      vertex -6.546055413782597 2.1327173337340355 1.8000000000000003
      vertex -7.480278298258781 0.32735999673604965 1.8000000000000003
    endloop
  endfacet
  facet normal 0 0 1
    outer loop
      vertex -9.027370497584343 2.239936001598835 1.8000000000000003
      vertex -8.358632296323776 3.065279997885227 1.8000000000000003
      vertex -9.027370497584343 3.065279997885227 1.8000000000000003
    endloop
  endfacet
  facet normal 0 0 1
    outer loop
      vertex -7.024144299328327 2.239936001598835 1.8000000000000003
      vertex -7.480278298258781 2.239936001598835 1.8000000000000003
      vertex -7.480278298258781 0.32735999673604965 1.8000000000000003
    endloop
  endfacet
  facet normal 0 0 1
    outer loop
      vertex -6.880230247974396 2.233234830200672 1.8000000000000003
      vertex -7.024144299328327 2.239936001598835 1.8000000000000003
      vertex -7.480278298258781 0.32735999673604965 1.8000000000000003
    endloop
  endfacet
  facet normal 0 0 1
    outer loop
      vertex -6.546055413782597 2.1327173337340355 1.8000000000000003
      vertex -6.64118579775095 2.179625503718853 1.8000000000000003
      vertex -7.480278298258781 0.32735999673604965 1.8000000000000003
    endloop
  endfacet
  facet normal 0 0 1
    outer loop
      vertex -6.752577409148216 2.213131330907345 1.8000000000000003
      vertex -6.880230247974396 2.233234830200672 1.8000000000000003
      vertex -7.480278298258781 0.32735999673604965 1.8000000000000003
    endloop
  endfacet
  facet normal 0 0 1
    outer loop
      vertex -6.64118579775095 2.179625503718853 1.8000000000000003
      vertex -6.752577409148216 2.213131330907345 1.8000000000000003
      vertex -7.480278298258781 0.32735999673604965 1.8000000000000003
    endloop
  endfacet
  facet normal 0 0 1
    outer loop
      vertex -4.718878902494907 -3.0632959976792336 1.8000000000000003
      vertex -3.3497328981757164 3.065279997885227 1.8000000000000003
      vertex -5.51367274671793 0.47607216984033585 1.8000000000000003
    endloop
  endfacet
  facet normal 0 0 1
    outer loop
      vertex -3.427232898771763 -0.9225599989295006 1.8000000000000003
      vertex -2.979468896985054 1.2995819970965385 1.8000000000000003
      vertex -2.996642902493477 1.2995819970965385 1.8000000000000003
    endloop
  endfacet
  facet normal 0 0 1
    outer loop
      vertex -5.51367274671793 0.47607216984033585 1.8000000000000003
      vertex -3.3497328981757164 3.065279997885227 1.8000000000000003
      vertex -5.471698746085167 0.6159493327140808 1.8000000000000003
    endloop
  endfacet
  facet normal 0 0 1
    outer loop
      vertex -5.471698746085167 0.6159493327140808 1.8000000000000003
      vertex -3.3497328981757164 3.065279997885227 1.8000000000000003
      vertex -5.439052298665047 0.7649094983935356 1.8000000000000003
    endloop
  endfacet
  facet normal 0 0 1
    outer loop
      vertex -1.2486148998141289 -3.0632959976792336 1.8000000000000003
      vertex -0.46823330223560333 3.065279997885227 1.8000000000000003
      vertex -2.6177608966827393 3.065279997885227 1.8000000000000003
    endloop
  endfacet
  facet normal 0 0 1
    outer loop
      vertex -5.439052298665047 0.7649094983935356 1.8000000000000003
      vertex -3.3497328981757164 3.065279997885227 1.8000000000000003
      vertex -5.41573341190815 0.9229526668787003 1.8000000000000003
    endloop
  endfacet
  facet normal 0 0 1
    outer loop
      vertex -5.41573341190815 0.9229526668787003 1.8000000000000003
      vertex -3.3497328981757164 3.065279997885227 1.8000000000000003
      vertex -5.401742078363895 1.0900788307189941 1.8000000000000003
    endloop
  endfacet
  facet normal 0 0 1
    outer loop
      vertex -5.401742078363895 1.0900788307189941 1.8000000000000003
      vertex -3.3497328981757164 3.065279997885227 1.8000000000000003
      vertex -5.397078298032284 1.2662879973649979 1.8000000000000003
    endloop
  endfacet
  facet normal 0 0 1
    outer loop
      vertex -5.397078298032284 1.2662879973649979 1.8000000000000003
      vertex -3.3497328981757164 3.065279997885227 1.8000000000000003
      vertex -5.4401252418756485 1.81598000228405 1.8000000000000003
    endloop
  endfacet
  facet normal 0 0 1
    outer loop
      vertex -3.3497328981757164 3.065279997885227 1.8000000000000003
      vertex -5.569266080856323 2.265727996826172 1.8000000000000003
      vertex -5.4401252418756485 1.81598000228405 1.8000000000000003
    endloop
  endfacet
  facet normal 0 0 1
    outer loop
      vertex -5.569266080856323 2.265727996826172 1.8000000000000003
      vertex -3.3497328981757164 3.065279997885227 1.8000000000000003
      vertex -5.784500800073147 2.6155320033431053 1.8000000000000003
    endloop
  endfacet
  facet normal 0 0 1
    outer loop
      vertex -5.784500800073147 2.6155320033431053 1.8000000000000003
      vertex -3.3497328981757164 3.065279997885227 1.8000000000000003
      vertex -6.08582941442728 2.8653919994831085 1.8000000000000003
    endloop
  endfacet
  facet normal 0 0 1
    outer loop
      vertex -6.08582941442728 2.8653919994831085 1.8000000000000003
      vertex -3.3497328981757164 3.065279997885227 1.8000000000000003
      vertex -6.473251909017563 3.0153080001473427 1.8000000000000003
    endloop
  endfacet
  facet normal 1.240310982252989e-18 0.9481522731546328 0.3178164044093739
    outer loop
      vertex -22.6 6.1 0.01
      vertex -22 5.5 1.8000000000000003
      vertex 22 5.5 1.8000000000000003
    endloop
  endfacet
  facet normal 0 0 1
    outer loop
      vertex -22 5.5 1.8000000000000003
      vertex -6.473251909017563 3.0153080001473427 1.8000000000000003
      vertex -3.3497328981757164 3.065279997885227 1.8000000000000003
    endloop
  endfacet
  facet normal 0 0 1
    outer loop
      vertex -22 5.5 1.8000000000000003
      vertex -3.3497328981757164 3.065279997885227 1.8000000000000003
      vertex -2.6177608966827393 3.065279997885227 1.8000000000000003
    endloop
  endfacet
  facet normal 0 0 1
    outer loop
      vertex -22 5.5 1.8000000000000003
      vertex -2.6177608966827393 3.065279997885227 1.8000000000000003
      vertex -0.46823330223560333 3.065279997885227 1.8000000000000003
    endloop
  endfacet
  facet normal 0 0 1
    outer loop
      vertex -22 5.5 1.8000000000000003
      vertex -0.46823330223560333 3.065279997885227 1.8000000000000003
      vertex 2.1486627012491226 3.065279997885227 1.8000000000000003
    endloop
  endfacet
  facet normal 0 0 1
    outer loop
      vertex -22 5.5 1.8000000000000003
      vertex 2.1486627012491226 3.065279997885227 1.8000000000000003
      vertex 3.0364964976906776 3.065279997885227 1.8000000000000003
    endloop
  endfacet
  facet normal 0 0 1
    outer loop
      vertex -22 5.5 1.8000000000000003
      vertex 3.0364964976906776 3.065279997885227 1.8000000000000003
      vertex 5.653392501175404 3.065279997885227 1.8000000000000003
    endloop
  endfacet
  facet normal 0 0 1
    outer loop
      vertex -22 5.5 1.8000000000000003
      vertex 5.653392501175404 3.065279997885227 1.8000000000000003
      vertex 6.56900230050087 3.065279997885227 1.8000000000000003
    endloop
  endfacet
  facet normal 0 0 1
    outer loop
      vertex -22 5.5 1.8000000000000003
      vertex 6.56900230050087 3.065279997885227 1.8000000000000003
      vertex 7.447356298565865 3.065279997885227 1.8000000000000003
    endloop
  endfacet
  facet normal 0 0 1
    outer loop
      vertex -22 5.5 1.8000000000000003
      vertex 7.447356298565865 3.065279997885227 1.8000000000000003
      vertex 9.644964903593063 3.104904890060425 1.8000000000000003
    endloop
  endfacet
  facet normal 0 0 1
    outer loop
      vertex -22 5.5 1.8000000000000003
      vertex 9.644964903593063 3.104904890060425 1.8000000000000003
      vertex 9.746484734117985 3.1138742193579674 1.8000000000000003
    endloop
  endfacet
  facet normal 0 -1 0
    outer loop
      vertex -22.6 -6.1 0.01
      vertex 22.6 -6.1 0
      vertex 22.6 -6.1 0.01
    endloop
  endfacet
  facet normal 0 0 -1
    outer loop
      vertex -22.6 -6.1 0
      vertex 22.6 6.1 0
      vertex 22.6 -6.1 0
    endloop
  endfacet
  facet normal 1 0 0
    outer loop
      vertex 22.6 -6.1 0
      vertex 22.6 6.1 0
      vertex 22.6 -6.1 0.01
    endloop
  endfacet
  facet normal 0 -0.9481522731546328 0.3178164044093739
    outer loop
      vertex -22 -5.5 1.8000000000000003
      vertex 22.6 -6.1 0.01
      vertex 22 -5.5 1.8000000000000003
    endloop
  endfacet
  facet normal 0 0 1
    outer loop
      vertex 22 -5.5 1.8000000000000003
      vertex -4.718878902494907 -3.0632959976792336 1.8000000000000003
      vertex -5.207606300711632 -3.0632959976792336 1.8000000000000003
    endloop
  endfacet
  facet normal 0 0 1
    outer loop
      vertex 22 -5.5 1.8000000000000003
      vertex -3.8405869007110596 -3.0632959976792336 1.8000000000000003
      vertex -4.718878902494907 -3.0632959976792336 1.8000000000000003
    endloop
  endfacet
  facet normal 0 0 1
    outer loop
      vertex 22 -5.5 1.8000000000000003
      vertex -2.1269688978791237 -3.0632959976792336 1.8000000000000003
      vertex -3.8405869007110596 -3.0632959976792336 1.8000000000000003
    endloop
  endfacet
  facet normal 0 0 1
    outer loop
      vertex 22 -5.5 1.8000000000000003
      vertex -1.2486148998141289 -3.0632959976792336 1.8000000000000003
      vertex -2.1269688978791237 -3.0632959976792336 1.8000000000000003
    endloop
  endfacet
  facet normal 0 0 1
    outer loop
      vertex 22 -5.5 1.8000000000000003
      vertex -0.46823330223560333 -3.0632959976792336 1.8000000000000003
      vertex -1.2486148998141289 -3.0632959976792336 1.8000000000000003
    endloop
  endfacet
  facet normal 0 0 1
    outer loop
      vertex 22 -5.5 1.8000000000000003
      vertex 0.4101207032799721 -3.0632959976792336 1.8000000000000003
      vertex -0.46823330223560333 -3.0632959976792336 1.8000000000000003
    endloop
  endfacet
  facet normal 0 0 1
    outer loop
      vertex 22 -5.5 1.8000000000000003
      vertex 3.0364964976906776 -3.0632959976792336 1.8000000000000003
      vertex 0.4101207032799721 -3.0632959976792336 1.8000000000000003
    endloop
  endfacet
  facet normal 0 0 1
    outer loop
      vertex 22 -5.5 1.8000000000000003
      vertex 3.914850503206253 -3.0632959976792336 1.8000000000000003
      vertex 3.0364964976906776 -3.0632959976792336 1.8000000000000003
    endloop
  endfacet
  facet normal 0 0 1
    outer loop
      vertex 22 -5.5 1.8000000000000003
      vertex 6.56900230050087 -3.065279997885227 1.8000000000000003
      vertex 3.914850503206253 -3.0632959976792336 1.8000000000000003
    endloop
  endfacet
  facet normal 0 0 1
    outer loop
      vertex 9.36038489639759 -3.0479819998145103 1.8000000000000003
      vertex 7.447356298565865 -3.065279997885227 1.8000000000000003
      vertex 9.446242846548557 -3.069029279053211 1.8000000000000003
    endloop
  endfacet
  facet normal 0 0 1
    outer loop
      vertex 9.446242846548557 -3.069029279053211 1.8000000000000003
      vertex 7.447356298565865 -3.065279997885227 1.8000000000000003
      vertex 9.531622007489204 -3.086249776184559 1.8000000000000003
    endloop
  endfacet
  facet normal 0 0 1
    outer loop
      vertex 9.531622007489204 -3.086249776184559 1.8000000000000003
      vertex 7.447356298565865 -3.065279997885227 1.8000000000000003
      vertex 9.616522401571274 -3.099643498659134 1.8000000000000003
    endloop
  endfacet
  facet normal 0 0 1
    outer loop
      vertex 0.4101207032799721 -3.0632959976792336 1.8000000000000003
      vertex 3.0364964976906776 -3.0632959976792336 1.8000000000000003
      vertex 1.9264547005295753 -0.4464000016450882 1.8000000000000003
    endloop
  endfacet
  facet normal 0 0 1
    outer loop
      vertex 3.914850503206253 -3.0632959976792336 1.8000000000000003
      vertex 6.56900230050087 -3.065279997885227 1.8000000000000003
      vertex 5.431184500455856 -0.4464000016450882 1.8000000000000003
    endloop
  endfacet
  facet normal 0 0 1
    outer loop
      vertex 0.4101207032799721 -3.0632959976792336 1.8000000000000003
      vertex 1.9264547005295753 -0.4464000016450882 1.8000000000000003
      vertex 0.4101207032799721 -0.4464000016450882 1.8000000000000003
    endloop
  endfacet
  facet normal 0 0 1
    outer loop
      vertex 3.0364964976906776 3.065279997885227 1.8000000000000003
      vertex 1.9264547005295753 -0.4464000016450882 1.8000000000000003
      vertex 3.0364964976906776 -3.0632959976792336 1.8000000000000003
    endloop
  endfacet
  facet normal 0 0 1
    outer loop
      vertex 3.914850503206253 -3.0632959976792336 1.8000000000000003
      vertex 5.431184500455856 -0.4464000016450882 1.8000000000000003
      vertex 3.914850503206253 -0.4464000016450882 1.8000000000000003
    endloop
  endfacet
  facet normal 0 0 1
    outer loop
      vertex 8.89544689655304 -2.8068640008568764 1.8000000000000003
      vertex 7.447356298565865 -3.065279997885227 1.8000000000000003
      vertex 8.96578073501587 -2.8614050522446632 1.8000000000000003
    endloop
  endfacet
  facet normal 0 0 1
    outer loop
      vertex 8.828616067767143 -2.7467222809791565 1.8000000000000003
      vertex 7.447356298565865 -3.065279997885227 1.8000000000000003
      vertex 8.89544689655304 -2.8068640008568764 1.8000000000000003
    endloop
  endfacet
  facet normal 0 0 1
    outer loop
      vertex 8.765846230089664 -2.681079775094986 1.8000000000000003
      vertex 7.447356298565865 -3.065279997885227 1.8000000000000003
      vertex 8.828616067767143 -2.7467222809791565 1.8000000000000003
    endloop
  endfacet
  facet normal 0 0 1
    outer loop
      vertex 8.707137398421764 -2.609936498105526 1.8000000000000003
      vertex 7.447356298565865 -3.065279997885227 1.8000000000000003
      vertex 8.765846230089664 -2.681079775094986 1.8000000000000003
    endloop
  endfacet
  facet normal 0 0 1
    outer loop
      vertex 8.652489565312862 -2.533292442560196 1.8000000000000003
      vertex 7.447356298565865 -3.065279997885227 1.8000000000000003
      vertex 8.707137398421764 -2.609936498105526 1.8000000000000003
    endloop
  endfacet
  facet normal 0 0 1
    outer loop
      vertex 8.601902730762959 -2.451147608458996 1.8000000000000003
      vertex 7.447356298565865 -3.065279997885227 1.8000000000000003
      vertex 8.652489565312862 -2.533292442560196 1.8000000000000003
    endloop
  endfacet
  facet normal 0 0 1
    outer loop
      vertex 8.555376902222633 -2.3635020032525063 1.8000000000000003
      vertex 7.447356298565865 -3.065279997885227 1.8000000000000003
      vertex 8.601902730762959 -2.451147608458996 1.8000000000000003
    endloop
  endfacet
  facet normal 0 0 1
    outer loop
      vertex 8.514608457684517 -2.26891927421093 1.8000000000000003
      vertex 7.447356298565865 -3.065279997885227 1.8000000000000003
      vertex 8.555376902222633 -2.3635020032525063 1.8000000000000003
    endloop
  endfacet
  facet normal 0 0 1
    outer loop
      vertex 8.481252454221249 -2.165963113307953 1.8000000000000003
      vertex 7.447356298565865 -3.065279997885227 1.8000000000000003
      vertex 8.514608457684517 -2.26891927421093 1.8000000000000003
    endloop
  endfacet
  facet normal 0 0 1
    outer loop
      vertex 8.436777785420418 -1.934930443763733 1.8000000000000003
      vertex 7.447356298565865 -3.065279997885227 1.8000000000000003
      vertex 8.45530889928341 -2.0546334981918335 1.8000000000000003
    endloop
  endfacet
  facet normal 0 0 1
    outer loop
      vertex 8.45530889928341 -2.0546334981918335 1.8000000000000003
      vertex 7.447356298565865 -3.065279997885227 1.8000000000000003
      vertex 8.481252454221249 -2.165963113307953 1.8000000000000003
    endloop
  endfacet
  facet normal 0 0 1
    outer loop
      vertex 8.425659120082855 -1.8068539425730705 1.8000000000000003
      vertex 7.447356298565865 -3.065279997885227 1.8000000000000003
      vertex 8.436777785420418 -1.934930443763733 1.8000000000000003
    endloop
  endfacet
  facet normal 0 0 1
    outer loop
      vertex 8.421952903270721 -1.670404002070427 1.8000000000000003
      vertex 7.447356298565865 -3.065279997885227 1.8000000000000003
      vertex 8.425659120082855 -1.8068539425730705 1.8000000000000003
    endloop
  endfacet
  facet normal 0 0 1
    outer loop
      vertex 9.115035399794579 -2.9532615020871162 1.8000000000000003
      vertex 7.447356298565865 -3.065279997885227 1.8000000000000003
      vertex 9.193956233561039 -2.990576885640621 1.8000000000000003
    endloop
  endfacet
  facet normal 0 0 1
    outer loop
      vertex 9.193956233561039 -2.990576885640621 1.8000000000000003
      vertex 7.447356298565865 -3.065279997885227 1.8000000000000003
      vertex 9.275739401578903 -3.0221503898501396 1.8000000000000003
    endloop
  endfacet
  facet normal 0 0 1
    outer loop
      vertex 9.038976900279522 -2.9102042242884636 1.8000000000000003
      vertex 7.447356298565865 -3.065279997885227 1.8000000000000003
      vertex 9.115035399794579 -2.9532615020871162 1.8000000000000003
    endloop
  endfacet
  facet normal 0 0 1
    outer loop
      vertex 9.275739401578903 -3.0221503898501396 1.8000000000000003
      vertex 7.447356298565865 -3.065279997885227 1.8000000000000003
      vertex 9.36038489639759 -3.0479819998145103 1.8000000000000003
    endloop
  endfacet
  facet normal 0 0 1
    outer loop
      vertex 8.96578073501587 -2.8614050522446632 1.8000000000000003
      vertex 7.447356298565865 -3.065279997885227 1.8000000000000003
      vertex 9.038976900279522 -2.9102042242884636 1.8000000000000003
    endloop
  endfacet
  facet normal 0 0 1
    outer loop
      vertex 10.384686902165413 -1.618819996714592 1.8000000000000003
      vertex 10.384686902165413 -1.3174379989504814 1.8000000000000003
      vertex 10.383252285420895 -1.6774099990725517 1.8000000000000003
    endloop
  endfacet
  facet normal 0 0 1
    outer loop
      vertex 6.56900230050087 -3.065279997885227 1.8000000000000003
      vertex 5.431184500455856 0.3789440020918846 1.8000000000000003
      vertex 5.431184500455856 -0.4464000016450882 1.8000000000000003
    endloop
  endfacet
  facet normal 0 0 1
    outer loop
      vertex 8.421952903270721 -1.670404002070427 1.8000000000000003
      vertex 8.421952903270721 1.704814001917839 1.8000000000000003
      vertex 7.447356298565865 -3.065279997885227 1.8000000000000003
    endloop
  endfacet
  facet normal 0 0 1
    outer loop
      vertex 9.653638012707233 -2.218670003116131 1.8000000000000003
      vertex 10.384686902165413 1.3088200017809868 1.8000000000000003
      vertex 9.578934900462627 -2.1935599967837334 1.8000000000000003
    endloop
  endfacet
  facet normal 0 0 1
    outer loop
      vertex 9.578934900462627 -2.1935599967837334 1.8000000000000003
      vertex 10.384686902165413 1.3088200017809868 1.8000000000000003
      vertex 9.51451001316309 -2.1584059968590736 1.8000000000000003
    endloop
  endfacet
  facet normal 0 0 1
    outer loop
      vertex 9.51451001316309 -2.1584059968590736 1.8000000000000003
      vertex 10.384686902165413 1.3088200017809868 1.8000000000000003
      vertex 9.46036334335804 -2.1132080033421516 1.8000000000000003
    endloop
  endfacet
  facet normal 0 0 1
    outer loop
      vertex 9.46036334335804 -2.1132080033421516 1.8000000000000003
      vertex 10.384686902165413 1.3088200017809868 1.8000000000000003
      vertex 9.416494898498058 -2.057966001331806 1.8000000000000003
    endloop
  endfacet
  facet normal 0 0 1
    outer loop
      vertex 9.380993008613586 -1.9952908903360367 1.8000000000000003
      vertex 10.384686902165413 1.3088200017809868 1.8000000000000003
      vertex 9.351946011185646 -1.927834890782833 1.8000000000000003
    endloop
  endfacet
  facet normal 0 0 1
    outer loop
      vertex 9.416494898498058 -2.057966001331806 1.8000000000000003
      vertex 10.384686902165413 1.3088200017809868 1.8000000000000003
      vertex 9.380993008613586 -1.9952908903360367 1.8000000000000003
    endloop
  endfacet
  facet normal 0 0 1
    outer loop
      vertex 9.351946011185646 -1.927834890782833 1.8000000000000003
      vertex 10.384686902165413 1.3088200017809868 1.8000000000000003
      vertex 9.329353898763657 -1.8555980026721954 1.8000000000000003
    endloop
  endfacet
  facet normal 0 0 1
    outer loop
      vertex 9.329353898763657 -1.8555980026721954 1.8000000000000003
      vertex 10.384686902165413 1.3088200017809868 1.8000000000000003
      vertex 9.313216678798199 -1.778580218553543 1.8000000000000003
    endloop
  endfacet
  facet normal 0 0 1
    outer loop
      vertex 9.83387889713049 -2.238757997751236 1.8000000000000003
      vertex 10.384686902165413 1.3088200017809868 1.8000000000000003
      vertex 9.738619342446327 -2.233736000955105 1.8000000000000003
    endloop
  endfacet
  facet normal 0 0 1
    outer loop
      vertex 9.862922452390194 -2.2379209995269775 1.8000000000000003
      vertex 10.384686902165413 1.3088200017809868 1.8000000000000003
      vertex 9.83387889713049 -2.238757997751236 1.8000000000000003
    endloop
  endfacet
  facet normal 0 0 1
    outer loop
      vertex 9.892682455480099 -2.2354099974036217 1.8000000000000003
      vertex 10.384686902165413 1.3088200017809868 1.8000000000000003
      vertex 9.862922452390194 -2.2379209995269775 1.8000000000000003
    endloop
  endfacet
  facet normal 0 0 1
    outer loop
      vertex 9.923158898949623 -2.231224998831749 1.8000000000000003
      vertex 10.384686902165413 1.3088200017809868 1.8000000000000003
      vertex 9.892682455480099 -2.2354099974036217 1.8000000000000003
    endloop
  endfacet
  facet normal 0 0 1
    outer loop
      vertex 9.954351790249348 -2.225365996360779 1.8000000000000003
      vertex 10.384686902165413 1.3088200017809868 1.8000000000000003
      vertex 9.923158898949623 -2.231224998831749 1.8000000000000003
    endloop
  endfacet
  facet normal 0 0 1
    outer loop
      vertex 9.738619342446327 -2.233736000955105 1.8000000000000003
      vertex 10.384686902165413 1.3088200017809868 1.8000000000000003
      vertex 9.653638012707233 -2.218670003116131 1.8000000000000003
    endloop
  endfacet
  facet normal 0 0 1
    outer loop
      vertex 9.986261121928692 -2.217832997441292 1.8000000000000003
      vertex 10.384686902165413 1.3088200017809868 1.8000000000000003
      vertex 9.954351790249348 -2.225365996360779 1.8000000000000003
    endloop
  endfacet
  facet normal 0 0 1
    outer loop
      vertex 10.018886901438236 -2.208626002073288 1.8000000000000003
      vertex 10.384686902165413 1.3088200017809868 1.8000000000000003
      vertex 9.986261121928692 -2.217832997441292 1.8000000000000003
    endloop
  endfacet
  facet normal 0 0 1
    outer loop
      vertex 10.051531620323658 -2.197505608201027 1.8000000000000003
      vertex 10.384686902165413 1.3088200017809868 1.8000000000000003
      vertex 10.018886901438236 -2.208626002073288 1.8000000000000003
    endloop
  endfacet
  facet normal 0 0 1
    outer loop
      vertex 10.083456456661224 -2.1842324435710907 1.8000000000000003
      vertex 10.384686902165413 1.3088200017809868 1.8000000000000003
      vertex 10.051531620323658 -2.197505608201027 1.8000000000000003
    endloop
  endfacet
  facet normal 0 0 1
    outer loop
      vertex 10.114661403000355 -2.1688065007328987 1.8000000000000003
      vertex 10.384686902165413 1.3088200017809868 1.8000000000000003
      vertex 10.083456456661224 -2.1842324435710907 1.8000000000000003
    endloop
  endfacet
  facet normal 0 0 1
    outer loop
      vertex 10.145146451890469 -2.151227779686451 1.8000000000000003
      vertex 10.384686902165413 1.3088200017809868 1.8000000000000003
      vertex 10.114661403000355 -2.1688065007328987 1.8000000000000003
    endloop
  endfacet
  facet normal 0 0 1
    outer loop
      vertex 10.174911625683308 -2.1314962804317474 1.8000000000000003
      vertex 10.384686902165413 1.3088200017809868 1.8000000000000003
      vertex 10.145146451890469 -2.151227779686451 1.8000000000000003
    endloop
  endfacet
  facet normal 0 0 1
    outer loop
      vertex 10.20395690202713 -2.109612002968788 1.8000000000000003
      vertex 10.384686902165413 1.3088200017809868 1.8000000000000003
      vertex 10.174911625683308 -2.1314962804317474 1.8000000000000003
    endloop
  endfacet
  facet normal 0 0 1
    outer loop
      vertex 10.229053124785423 -2.085197776556015 1.8000000000000003
      vertex 10.384686902165413 1.3088200017809868 1.8000000000000003
      vertex 10.20395690202713 -2.109612002968788 1.8000000000000003
    endloop
  endfacet
  facet normal 0 0 1
    outer loop
      vertex 10.252716451883316 -2.057917781174183 1.8000000000000003
      vertex 10.384686902165413 1.3088200017809868 1.8000000000000003
      vertex 10.229053124785423 -2.085197776556015 1.8000000000000003
    endloop
  endfacet
  facet normal 0 0 1
    outer loop
      vertex 10.27494689822197 -2.0277720019221306 1.8000000000000003
      vertex 10.384686902165413 1.3088200017809868 1.8000000000000003
      vertex 10.252716451883316 -2.057917781174183 1.8000000000000003
    endloop
  endfacet
  facet normal 0 0 1
    outer loop
      vertex 10.295744456350803 -1.9947604462504387 1.8000000000000003
      vertex 10.384686902165413 1.3088200017809868 1.8000000000000003
      vertex 10.27494689822197 -2.0277720019221306 1.8000000000000003
    endloop
  endfacet
  facet normal 0 0 1
    outer loop
      vertex 10.315109118819237 -1.9588831141591072 1.8000000000000003
      vertex 10.384686902165413 1.3088200017809868 1.8000000000000003
      vertex 10.295744456350803 -1.9947604462504387 1.8000000000000003
    endloop
  endfacet
  facet normal 0 0 1
    outer loop
      vertex 10.333040900528431 -1.9201399981975555 1.8000000000000003
      vertex 10.384686902165413 1.3088200017809868 1.8000000000000003
      vertex 10.315109118819237 -1.9588831141591072 1.8000000000000003
    endloop
  endfacet
  facet normal 0 0 1
    outer loop
      vertex 10.348821625113487 -1.8782899975776672 1.8000000000000003
      vertex 10.384686902165413 1.3088200017809868 1.8000000000000003
      vertex 10.333040900528431 -1.9201399981975555 1.8000000000000003
    endloop
  endfacet
  facet normal 0 0 1
    outer loop
      vertex 10.361733123660088 -1.8330919966101646 1.8000000000000003
      vertex 10.384686902165413 1.3088200017809868 1.8000000000000003
      vertex 10.348821625113487 -1.8782899975776672 1.8000000000000003
    endloop
  endfacet
  facet normal 0 0 1
    outer loop
      vertex 10.371775403618813 -1.7845460027456284 1.8000000000000003
      vertex 10.384686902165413 1.3088200017809868 1.8000000000000003
      vertex 10.361733123660088 -1.8330919966101646 1.8000000000000003
    endloop
  endfacet
  facet normal 0 0 1
    outer loop
      vertex 9.313216678798199 -1.778580218553543 1.8000000000000003
      vertex 10.384686902165413 1.3088200017809868 1.8000000000000003
      vertex 9.303534343838692 -1.6967815533280373 1.8000000000000003
    endloop
  endfacet
  facet normal 0 0 1
    outer loop
      vertex 9.303534343838692 -1.6967815533280373 1.8000000000000003
      vertex 10.384686902165413 1.3088200017809868 1.8000000000000003
      vertex 9.300306901335716 -1.6102019995450974 1.8000000000000003
    endloop
  endfacet
  facet normal 0 0 1
    outer loop
      vertex 10.378948457539082 -1.7326520010828972 1.8000000000000003
      vertex 10.384686902165413 1.3088200017809868 1.8000000000000003
      vertex 10.371775403618813 -1.7845460027456284 1.8000000000000003
    endloop
  endfacet
  facet normal 0 0 1
    outer loop
      vertex 10.383252285420895 -1.6774099990725517 1.8000000000000003
      vertex 10.384686902165413 1.3088200017809868 1.8000000000000003
      vertex 10.378948457539082 -1.7326520010828972 1.8000000000000003
    endloop
  endfacet
  facet normal 0 0 1
    outer loop
      vertex 10.384686902165413 -1.3174379989504814 1.8000000000000003
      vertex 10.384686902165413 1.3088200017809868 1.8000000000000003
      vertex 10.383252285420895 -1.6774099990725517 1.8000000000000003
    endloop
  endfacet
  facet normal 0 0 1
    outer loop
      vertex 11.263040900230408 -1.3174379989504814 1.8000000000000003
      vertex 10.384686902165413 1.3088200017809868 1.8000000000000003
      vertex 10.384686902165413 -1.3174379989504814 1.8000000000000003
    endloop
  endfacet
  facet normal 0 0 1
    outer loop
      vertex 22 -5.5 1.8000000000000003
      vertex 7.447356298565865 -3.065279997885227 1.8000000000000003
      vertex 6.56900230050087 -3.065279997885227 1.8000000000000003
    endloop
  endfacet
  facet normal 0 0 1
    outer loop
      vertex 22 -5.5 1.8000000000000003
      vertex 9.616522401571274 -3.099643498659134 1.8000000000000003
      vertex 7.447356298565865 -3.065279997885227 1.8000000000000003
    endloop
  endfacet
  facet normal 0 0 1
    outer loop
      vertex 22 -5.5 1.8000000000000003
      vertex 9.784886844456196 -3.1149506121873856 1.8000000000000003
      vertex 9.700944013893604 -3.1092104464769363 1.8000000000000003
    endloop
  endfacet
  facet normal 0 0 1
    outer loop
      vertex 22 -5.5 1.8000000000000003
      vertex 9.868350900709629 -3.116864003241062 1.8000000000000003
      vertex 9.784886844456196 -3.1149506121873856 1.8000000000000003
    endloop
  endfacet
  facet normal 0 0 1
    outer loop
      vertex 22 -5.5 1.8000000000000003
      vertex 9.964841842651367 -3.113636553287506 1.8000000000000003
      vertex 9.868350900709629 -3.116864003241062 1.8000000000000003
    endloop
  endfacet
  facet normal 0 0 1
    outer loop
      vertex 22 -5.5 1.8000000000000003
      vertex 9.700944013893604 -3.1092104464769363 1.8000000000000003
      vertex 9.616522401571274 -3.099643498659134 1.8000000000000003
    endloop
  endfacet
  facet normal 0 0 1
    outer loop
      vertex 22 -5.5 1.8000000000000003
      vertex 10.05918001383543 -3.1039542257785797 1.8000000000000003
      vertex 9.964841842651367 -3.113636553287506 1.8000000000000003
    endloop
  endfacet
  facet normal 0 0 1
    outer loop
      vertex 22 -5.5 1.8000000000000003
      vertex 10.151365399360657 -3.087816998362541 1.8000000000000003
      vertex 10.05918001383543 -3.1039542257785797 1.8000000000000003
    endloop
  endfacet
  facet normal 0 0 1
    outer loop
      vertex 22 -5.5 1.8000000000000003
      vertex 10.241398014128208 -3.0652248859405518 1.8000000000000003
      vertex 10.151365399360657 -3.087816998362541 1.8000000000000003
    endloop
  endfacet
  facet normal 0 0 1
    outer loop
      vertex 22 -5.5 1.8000000000000003
      vertex 10.329277843236923 -3.0361778885126114 1.8000000000000003
      vertex 10.241398014128208 -3.0652248859405518 1.8000000000000003
    endloop
  endfacet
  facet normal 0 0 1
    outer loop
      vertex 22 -5.5 1.8000000000000003
      vertex 10.415004901587963 -3.0006759986281395 1.8000000000000003
      vertex 10.329277843236923 -3.0361778885126114 1.8000000000000003
    endloop
  endfacet
  facet normal 0 0 1
    outer loop
      vertex 22 -5.5 1.8000000000000003
      vertex 10.497864454984665 -2.9596526697278023 1.8000000000000003
      vertex 10.415004901587963 -3.0006759986281395 1.8000000000000003
    endloop
  endfacet
  facet normal 0 0 1
    outer loop
      vertex 22 -5.5 1.8000000000000003
      vertex 10.577141791582108 -2.914082668721676 1.8000000000000003
      vertex 10.497864454984665 -2.9596526697278023 1.8000000000000003
    endloop
  endfacet
  facet normal 0 0 1
    outer loop
      vertex 22 -5.5 1.8000000000000003
      vertex 10.65283689647913 -2.863966003060341 1.8000000000000003
      vertex 10.577141791582108 -2.914082668721676 1.8000000000000003
    endloop
  endfacet
  facet normal 0 0 1
    outer loop
      vertex 22 -5.5 1.8000000000000003
      vertex 10.724949792027473 -2.8093026652932167 1.8000000000000003
      vertex 10.65283689647913 -2.863966003060341 1.8000000000000003
    endloop
  endfacet
  facet normal 0 0 1
    outer loop
      vertex 22 -5.5 1.8000000000000003
      vertex 10.793480455875397 -2.7500926703214645 1.8000000000000003
      vertex 10.724949792027473 -2.8093026652932167 1.8000000000000003
    endloop
  endfacet
  facet normal 0 0 1
    outer loop
      vertex 22 -5.5 1.8000000000000003
      vertex 10.85842890292406 -2.686336003243923 1.8000000000000003
      vertex 10.793480455875397 -2.7500926703214645 1.8000000000000003
    endloop
  endfacet
  facet normal 0 0 1
    outer loop
      vertex 22 -5.5 1.8000000000000003
      vertex 10.919275008141994 -2.6187904477119446 1.8000000000000003
      vertex 10.85842890292406 -2.686336003243923 1.8000000000000003
    endloop
  endfacet
  facet normal 0 0 1
    outer loop
      vertex 22 -5.5 1.8000000000000003
      vertex 10.975581347942352 -2.5481311082839966 1.8000000000000003
      vertex 10.919275008141994 -2.6187904477119446 1.8000000000000003
    endloop
  endfacet
  facet normal 0 0 1
    outer loop
      vertex 22 -5.5 1.8000000000000003
      vertex 11.027347899973392 -2.4743579998612404 1.8000000000000003
      vertex 10.975581347942352 -2.5481311082839966 1.8000000000000003
    endloop
  endfacet
  facet normal 0 0 1
    outer loop
      vertex 22 -5.5 1.8000000000000003
      vertex 11.074574679136276 -2.397471107542515 1.8000000000000003
      vertex 11.027347899973392 -2.4743579998612404 1.8000000000000003
    endloop
  endfacet
  facet normal 0 0 1
    outer loop
      vertex 22 -5.5 1.8000000000000003
      vertex 11.117261677980423 -2.317470446228981 1.8000000000000003
      vertex 11.074574679136276 -2.397471107542515 1.8000000000000003
    endloop
  endfacet
  facet normal 0 0 1
    outer loop
      vertex 22 -5.5 1.8000000000000003
      vertex 11.155408896505833 -2.234356001019478 1.8000000000000003
      vertex 11.117261677980423 -2.317470446228981 1.8000000000000003
    endloop
  endfacet
  facet normal 0 0 1
    outer loop
      vertex 22 -5.5 1.8000000000000003
      vertex 11.18829645216465 -2.1488493904471397 1.8000000000000003
      vertex 11.155408896505833 -2.234356001019478 1.8000000000000003
    endloop
  endfacet
  facet normal 0 0 1
    outer loop
      vertex 22 -5.5 1.8000000000000003
      vertex 11.215204454958439 -2.0616722255945206 1.8000000000000003
      vertex 11.18829645216465 -2.1488493904471397 1.8000000000000003
    endloop
  endfacet
  facet normal 0 0 1
    outer loop
      vertex 22 -5.5 1.8000000000000003
      vertex 11.236132897436619 -1.9728244990110397 1.8000000000000003
      vertex 11.215204454958439 -2.0616722255945206 1.8000000000000003
    endloop
  endfacet
  facet normal 0 0 1
    outer loop
      vertex 22 -5.5 1.8000000000000003
      vertex 11.25108178704977 -1.8823062255978584 1.8000000000000003
      vertex 11.236132897436619 -1.9728244990110397 1.8000000000000003
    endloop
  endfacet
  facet normal 0 0 1
    outer loop
      vertex 22 -5.5 1.8000000000000003
      vertex 11.260051123797894 -1.7901173904538155 1.8000000000000003
      vertex 11.25108178704977 -1.8823062255978584 1.8000000000000003
    endloop
  endfacet
  facet normal 0.9481522731546325 1.5396963917623116e-18 0.31781640440937475
    outer loop
      vertex 22.6 -6.1 0.01
      vertex 22 5.5 1.8000000000000003
      vertex 22 -5.5 1.8000000000000003
    endloop
  endfacet
  facet normal 0 0 1
    outer loop
      vertex 22 -5.5 1.8000000000000003
      vertex 11.263040900230408 -1.6962580010294914 1.8000000000000003
      vertex 11.260051123797894 -1.7901173904538155 1.8000000000000003
    endloop
  endfacet
  facet normal 0 0 1
    outer loop
      vertex 22 -5.5 1.8000000000000003
      vertex 11.263040900230408 -1.3174379989504814 1.8000000000000003
      vertex 11.263040900230408 -1.6962580010294914 1.8000000000000003
    endloop
  endfacet
  facet normal 0 0 1
    outer loop
      vertex 22 -5.5 1.8000000000000003
      vertex 10.384686902165413 1.3088200017809868 1.8000000000000003
      vertex 11.263040900230408 -1.3174379989504814 1.8000000000000003
    endloop
  endfacet
  facet normal 0 0 1
    outer loop
      vertex 22 -5.5 1.8000000000000003
      vertex 11.263040900230408 1.3088200017809868 1.8000000000000003
      vertex 10.384686902165413 1.3088200017809868 1.8000000000000003
    endloop
  endfacet
  facet normal 0 0 1
    outer loop
      vertex 22 -5.5 1.8000000000000003
      vertex 11.263040900230408 1.653229996562004 1.8000000000000003
      vertex 11.263040900230408 1.3088200017809868 1.8000000000000003
    endloop
  endfacet
  facet normal 0 1 0
    outer loop
      vertex -22.6 6.1 0.01
      vertex 22.6 6.1 0.01
      vertex 22.6 6.1 0
    endloop
  endfacet
  facet normal 0 0.9481522731546327 0.31781640440937386
    outer loop
      vertex -22.6 6.1 0.01
      vertex 22 5.5 1.8000000000000003
      vertex 22.6 6.1 0.01
    endloop
  endfacet
  facet normal 1 0 0
    outer loop
      vertex 22.6 -6.1 0.01
      vertex 22.6 6.1 0
      vertex 22.6 6.1 0.01
    endloop
  endfacet
  facet normal 0.9481522731546325 0 0.31781640440937475
    outer loop
      vertex 22.6 -6.1 0.01
      vertex 22.6 6.1 0.01
      vertex 22 5.5 1.8000000000000003
    endloop
  endfacet
  facet normal 0 0 1
    outer loop
      vertex 1.9264547005295753 0.3789440020918846 1.8000000000000003
      vertex 0.4101207032799721 2.239936001598835 1.8000000000000003
      vertex 0.4101207032799721 0.3789440020918846 1.8000000000000003
    endloop
  endfacet
  facet normal 0 0 1
    outer loop
      vertex 3.0364964976906776 3.065279997885227 1.8000000000000003
      vertex 1.9264547005295753 0.3789440020918846 1.8000000000000003
      vertex 1.9264547005295753 -0.4464000016450882 1.8000000000000003
    endloop
  endfacet
  facet normal 0 0 1
    outer loop
      vertex 6.56900230050087 3.065279997885227 1.8000000000000003
      vertex 3.914850503206253 0.3789440020918846 1.8000000000000003
      vertex 5.431184500455856 0.3789440020918846 1.8000000000000003
    endloop
  endfacet
  facet normal 0 0 1
    outer loop
      vertex 1.9264547005295753 0.3789440020918846 1.8000000000000003
      vertex 2.1486627012491226 2.239936001598835 1.8000000000000003
      vertex 0.4101207032799721 2.239936001598835 1.8000000000000003
    endloop
  endfacet
  facet normal 0 0 1
    outer loop
      vertex 1.9264547005295753 0.3789440020918846 1.8000000000000003
      vertex 3.0364964976906776 3.065279997885227 1.8000000000000003
      vertex 2.1486627012491226 2.239936001598835 1.8000000000000003
    endloop
  endfacet
  facet normal 0 0 1
    outer loop
      vertex 2.1486627012491226 2.239936001598835 1.8000000000000003
      vertex 3.0364964976906776 3.065279997885227 1.8000000000000003
      vertex 2.1486627012491226 3.065279997885227 1.8000000000000003
    endloop
  endfacet
  facet normal 0 0 1
    outer loop
      vertex 3.914850503206253 0.3789440020918846 1.8000000000000003
      vertex 5.653392501175404 2.239936001598835 1.8000000000000003
      vertex 3.914850503206253 2.239936001598835 1.8000000000000003
    endloop
  endfacet
  facet normal 0 0 1
    outer loop
      vertex 6.56900230050087 3.065279997885227 1.8000000000000003
      vertex 5.653392501175404 2.239936001598835 1.8000000000000003
      vertex 3.914850503206253 0.3789440020918846 1.8000000000000003
    endloop
  endfacet
  facet normal 0 0 1
    outer loop
      vertex 6.56900230050087 3.065279997885227 1.8000000000000003
      vertex 5.431184500455856 0.3789440020918846 1.8000000000000003
      vertex 6.56900230050087 -3.065279997885227 1.8000000000000003
    endloop
  endfacet
  facet normal 0 0 1
    outer loop
      vertex 7.447356298565865 3.065279997885227 1.8000000000000003
      vertex 7.447356298565865 -3.065279997885227 1.8000000000000003
      vertex 8.421952903270721 1.704814001917839 1.8000000000000003
    endloop
  endfacet
  facet normal 0 0 1
    outer loop
      vertex 9.300306901335716 1.5240840017795563 1.8000000000000003
      vertex 9.300306901335716 -1.6102019995450974 1.8000000000000003
      vertex 10.384686902165413 1.3088200017809868 1.8000000000000003
    endloop
  endfacet
  facet normal 0 0 1
    outer loop
      vertex 9.300306901335716 1.5240840017795563 1.8000000000000003
      vertex 10.384686902165413 1.3088200017809868 1.8000000000000003
      vertex 10.384686902165413 1.6015840023756027 1.8000000000000003
    endloop
  endfacet
  facet normal 0 0 1
    outer loop
      vertex 7.447356298565865 3.065279997885227 1.8000000000000003
      vertex 8.421952903270721 1.704814001917839 1.8000000000000003
      vertex 8.424822121858597 1.804058775305748 1.8000000000000003
    endloop
  endfacet
  facet normal 0 0 1
    outer loop
      vertex 7.447356298565865 3.065279997885227 1.8000000000000003
      vertex 8.424822121858597 1.804058775305748 1.8000000000000003
      vertex 8.433429792523384 1.9009131118655205 1.8000000000000003
    endloop
  endfacet
  facet normal 0 0 1
    outer loop
      vertex 5.653392501175404 2.239936001598835 1.8000000000000003
      vertex 6.56900230050087 3.065279997885227 1.8000000000000003
      vertex 5.653392501175404 3.065279997885227 1.8000000000000003
    endloop
  endfacet
  facet normal 0 0 1
    outer loop
      vertex 7.447356298565865 3.065279997885227 1.8000000000000003
      vertex 8.433429792523384 1.9009131118655205 1.8000000000000003
      vertex 8.447775900363922 1.9953769966959953 1.8000000000000003
    endloop
  endfacet
  facet normal 0 0 1
    outer loop
      vertex 7.447356298565865 3.065279997885227 1.8000000000000003
      vertex 8.447775900363922 1.9953769966959953 1.8000000000000003
      vertex 8.467860452830791 2.0874504446983337 1.8000000000000003
    endloop
  endfacet
  facet normal 0 0 1
    outer loop
      vertex 7.447356298565865 3.065279997885227 1.8000000000000003
      vertex 8.467860452830791 2.0874504446983337 1.8000000000000003
      vertex 8.493683457374573 2.1771334409713745 1.8000000000000003
    endloop
  endfacet
  facet normal 0 0 1
    outer loop
      vertex 8.525244899094105 2.264426000416279 1.8000000000000003
      vertex 7.447356298565865 3.065279997885227 1.8000000000000003
      vertex 8.493683457374573 2.1771334409713745 1.8000000000000003
    endloop
  endfacet
  facet normal 0 0 1
    outer loop
      vertex 8.562086679041386 2.348611667752266 1.8000000000000003
      vertex 7.447356298565865 3.065279997885227 1.8000000000000003
      vertex 8.525244899094105 2.264426000416279 1.8000000000000003
    endloop
  endfacet
  facet normal 0 0 1
    outer loop
      vertex 8.6037093475461 2.428974002599716 1.8000000000000003
      vertex 7.447356298565865 3.065279997885227 1.8000000000000003
      vertex 8.562086679041386 2.348611667752266 1.8000000000000003
    endloop
  endfacet
  facet normal 0 0 1
    outer loop
      vertex 8.650112897157669 2.505512997508049 1.8000000000000003
      vertex 7.447356298565865 3.065279997885227 1.8000000000000003
      vertex 8.6037093475461 2.428974002599716 1.8000000000000003
    endloop
  endfacet
  facet normal 0 0 1
    outer loop
      vertex 8.701297342777252 2.5782286673784256 1.8000000000000003
      vertex 7.447356298565865 3.065279997885227 1.8000000000000003
      vertex 8.650112897157669 2.505512997508049 1.8000000000000003
    endloop
  endfacet
  facet normal 0 0 1
    outer loop
      vertex 8.75726267695427 2.6471209973096848 1.8000000000000003
      vertex 7.447356298565865 3.065279997885227 1.8000000000000003
      vertex 8.701297342777252 2.5782286673784256 1.8000000000000003
    endloop
  endfacet
  facet normal 0 0 1
    outer loop
      vertex 8.81800889968872 2.7121900022029877 1.8000000000000003
      vertex 7.447356298565865 3.065279997885227 1.8000000000000003
      vertex 8.75726267695427 2.6471209973096848 1.8000000000000003
    endloop
  endfacet
  facet normal 0 0 1
    outer loop
      vertex 8.883177787065506 2.7730550542473793 1.8000000000000003
      vertex 7.447356298565865 3.065279997885227 1.8000000000000003
      vertex 8.81800889968872 2.7121900022029877 1.8000000000000003
    endloop
  endfacet
  facet normal 0 0 1
    outer loop
      vertex 8.952411122620106 2.8293768912553787 1.8000000000000003
      vertex 7.447356298565865 3.065279997885227 1.8000000000000003
      vertex 8.883177787065506 2.7730550542473793 1.8000000000000003
    endloop
  endfacet
  facet normal 0 0 1
    outer loop
      vertex 9.300306901335716 1.5240840017795563 1.8000000000000003
      vertex 10.384686902165413 1.6015840023756027 1.8000000000000003
      vertex 9.303294956684113 1.6244258359074593 1.8000000000000003
    endloop
  endfacet
  facet normal 0 0 1
    outer loop
      vertex 9.303294956684113 1.6244258359074593 1.8000000000000003
      vertex 10.384686902165413 1.6015840023756027 1.8000000000000003
      vertex 9.312259122729301 1.7187846675515175 1.8000000000000003
    endloop
  endfacet
  facet normal 0 0 1
    outer loop
      vertex 9.312259122729301 1.7187846675515175 1.8000000000000003
      vertex 10.368429124355316 1.766125112771988 1.8000000000000003
      vertex 9.327199399471283 1.807160496711731 1.8000000000000003
    endloop
  endfacet
  facet normal 0 0 1
    outer loop
      vertex 9.327199399471283 1.807160496711731 1.8000000000000003
      vertex 10.319655790925026 1.9153591096401215 1.8000000000000003
      vertex 9.348115786910057 1.8895533308386803 1.8000000000000003
    endloop
  endfacet
  facet normal 0 0 1
    outer loop
      vertex 9.348115786910057 1.8895533308386803 1.8000000000000003
      vertex 9.842496901750565 2.238757997751236 1.8000000000000003
      vertex 9.375008292496204 1.9659631699323654 1.8000000000000003
    endloop
  endfacet
  facet normal 0 0 1
    outer loop
      vertex 9.407876901328564 2.036389999091625 1.8000000000000003
      vertex 9.50397689640522 2.148816667497158 1.8000000000000003
      vertex 9.44983023405075 2.0982246696949005 1.8000000000000003
    endloop
  endfacet
  facet normal 0 0 1
    outer loop
      vertex 9.375008292496204 1.9659631699323654 1.8000000000000003
      vertex 9.739576898515224 2.2331366688013077 1.8000000000000003
      vertex 9.407876901328564 2.036389999091625 1.8000000000000003
    endloop
  endfacet
  facet normal 0 0 1
    outer loop
      vertex 9.348115786910057 1.8895533308386803 1.8000000000000003
      vertex 10.129377789795399 2.1545482203364372 1.8000000000000003
      vertex 10.066270403563976 2.191390000283718 1.8000000000000003
    endloop
  endfacet
  facet normal 0 0 1
    outer loop
      vertex 9.407876901328564 2.036389999091625 1.8000000000000003
      vertex 9.570316903293133 2.1881659999489784 1.8000000000000003
      vertex 9.50397689640522 2.148816667497158 1.8000000000000003
    endloop
  endfacet
  facet normal 0 0 1
    outer loop
      vertex 9.348115786910057 1.8895533308386803 1.8000000000000003
      vertex 9.922829955816269 2.233494885265827 1.8000000000000003
      vertex 9.842496901750565 2.238757997751236 1.8000000000000003
    endloop
  endfacet
  facet normal 0 0 1
    outer loop
      vertex 9.407876901328564 2.036389999091625 1.8000000000000003
      vertex 9.648850232362747 2.2162726670503616 1.8000000000000003
      vertex 9.570316903293133 2.1881659999489784 1.8000000000000003
    endloop
  endfacet
  facet normal 0 0 1
    outer loop
      vertex 9.407876901328564 2.036389999091625 1.8000000000000003
      vertex 9.739576898515224 2.2331366688013077 1.8000000000000003
      vertex 9.648850232362747 2.2162726670503616 1.8000000000000003
    endloop
  endfacet
  facet normal 0 0 1
    outer loop
      vertex 9.375008292496204 1.9659631699323654 1.8000000000000003
      vertex 9.842496901750565 2.238757997751236 1.8000000000000003
      vertex 9.739576898515224 2.2331366688013077 1.8000000000000003
    endloop
  endfacet
  facet normal 0 0 1
    outer loop
      vertex 9.348115786910057 1.8895533308386803 1.8000000000000003
      vertex 9.997421123087406 2.2177055552601814 1.8000000000000003
      vertex 9.922829955816269 2.233494885265827 1.8000000000000003
    endloop
  endfacet
  facet normal 0 0 1
    outer loop
      vertex 9.348115786910057 1.8895533308386803 1.8000000000000003
      vertex 10.066270403563976 2.191390000283718 1.8000000000000003
      vertex 9.997421123087406 2.2177055552601814 1.8000000000000003
    endloop
  endfacet
  facet normal 0 0 1
    outer loop
      vertex 9.312259122729301 1.7187846675515175 1.8000000000000003
      vertex 10.384686902165413 1.6015840023756027 1.8000000000000003
      vertex 10.380622453987598 1.6857679411768913 1.8000000000000003
    endloop
  endfacet
  facet normal 0 0 1
    outer loop
      vertex 9.312259122729301 1.7187846675515175 1.8000000000000003
      vertex 10.380622453987598 1.6857679411768913 1.8000000000000003
      vertex 10.368429124355316 1.766125112771988 1.8000000000000003
    endloop
  endfacet
  facet normal 0 0 1
    outer loop
      vertex 9.327199399471283 1.807160496711731 1.8000000000000003
      vertex 10.368429124355316 1.766125112771988 1.8000000000000003
      vertex 10.348106898367405 1.8426555022597313 1.8000000000000003
    endloop
  endfacet
  facet normal 0 0 1
    outer loop
      vertex 9.327199399471283 1.807160496711731 1.8000000000000003
      vertex 10.348106898367405 1.8426555022597313 1.8000000000000003
      vertex 10.319655790925026 1.9153591096401215 1.8000000000000003
    endloop
  endfacet
  facet normal 0 0 1
    outer loop
      vertex 9.348115786910057 1.8895533308386803 1.8000000000000003
      vertex 10.319655790925026 1.9153591096401215 1.8000000000000003
      vertex 10.283075787127018 1.984235942363739 1.8000000000000003
    endloop
  endfacet
  facet normal 0 0 1
    outer loop
      vertex 9.348115786910057 1.8895533308386803 1.8000000000000003
      vertex 10.283075787127018 1.984235942363739 1.8000000000000003
      vertex 10.238366901874542 2.049286000430584 1.8000000000000003
    endloop
  endfacet
  facet normal 0 0 1
    outer loop
      vertex 9.348115786910057 1.8895533308386803 1.8000000000000003
      vertex 10.238366901874542 2.049286000430584 1.8000000000000003
      vertex 10.186743289232254 2.1071802228689194 1.8000000000000003
    endloop
  endfacet
  facet normal 0 0 1
    outer loop
      vertex 9.348115786910057 1.8895533308386803 1.8000000000000003
      vertex 10.186743289232254 2.1071802228689194 1.8000000000000003
      vertex 10.129377789795399 2.1545482203364372 1.8000000000000003
    endloop
  endfacet
  facet normal 0 0 1
    outer loop
      vertex 9.02570889890194 2.8811554983258247 1.8000000000000003
      vertex 7.447356298565865 3.065279997885227 1.8000000000000003
      vertex 8.952411122620106 2.8293768912553787 1.8000000000000003
    endloop
  endfacet
  facet normal 0 0 1
    outer loop
      vertex 9.103071123361588 2.9283908903598785 1.8000000000000003
      vertex 7.447356298565865 3.065279997885227 1.8000000000000003
      vertex 9.02570889890194 2.8811554983258247 1.8000000000000003
    endloop
  endfacet
  facet normal 0 0 1
    outer loop
      vertex 9.18449778854847 2.971083052456379 1.8000000000000003
      vertex 7.447356298565865 3.065279997885227 1.8000000000000003
      vertex 9.103071123361588 2.9283908903598785 1.8000000000000003
    endloop
  endfacet
  facet normal 0 0 1
    outer loop
      vertex 9.269988901913166 3.009231999516487 1.8000000000000003
      vertex 7.447356298565865 3.065279997885227 1.8000000000000003
      vertex 9.18449778854847 2.971083052456379 1.8000000000000003
    endloop
  endfacet
  facet normal 0 0 1
    outer loop
      vertex 9.359067402780056 3.0421195551753044 1.8000000000000003
      vertex 7.447356298565865 3.065279997885227 1.8000000000000003
      vertex 9.269988901913166 3.009231999516487 1.8000000000000003
    endloop
  endfacet
  facet normal 0 0 1
    outer loop
      vertex -22 5.5 1.8000000000000003
      vertex 9.746484734117985 3.1138742193579674 1.8000000000000003
      vertex 22 5.5 1.8000000000000003
    endloop
  endfacet
  facet normal 0 0 1
    outer loop
      vertex 9.451256230473518 3.0690275579690933 1.8000000000000003
      vertex 7.447356298565865 3.065279997885227 1.8000000000000003
      vertex 9.359067402780056 3.0421195551753044 1.8000000000000003
    endloop
  endfacet
  facet normal 0 0 1
    outer loop
      vertex 9.546555399894714 3.0899560004472733 1.8000000000000003
      vertex 7.447356298565865 3.065279997885227 1.8000000000000003
      vertex 9.451256230473518 3.0690275579690933 1.8000000000000003
    endloop
  endfacet
  facet normal 0 0 1
    outer loop
      vertex 9.644964903593063 3.104904890060425 1.8000000000000003
      vertex 7.447356298565865 3.065279997885227 1.8000000000000003
      vertex 9.546555399894714 3.0899560004472733 1.8000000000000003
    endloop
  endfacet
  facet normal 0 0 1
    outer loop
      vertex 22 5.5 1.8000000000000003
      vertex 11.260051123797894 1.7580995559692383 1.8000000000000003
      vertex 11.263040900230408 1.653229996562004 1.8000000000000003
    endloop
  endfacet
  facet normal 0 0 1
    outer loop
      vertex 22 5.5 1.8000000000000003
      vertex 11.25108178704977 1.8603375554084778 1.8000000000000003
      vertex 11.260051123797894 1.7580995559692383 1.8000000000000003
    endloop
  endfacet
  facet normal 0 0 1
    outer loop
      vertex 22 -5.5 1.8000000000000003
      vertex 22 5.5 1.8000000000000003
      vertex 11.263040900230408 1.653229996562004 1.8000000000000003
    endloop
  endfacet
  facet normal 0 0 1
    outer loop
      vertex 22 5.5 1.8000000000000003
      vertex 9.85111489892006 3.116864003241062 1.8000000000000003
      vertex 10.051283620297909 3.105623058974743 1.8000000000000003
    endloop
  endfacet
  facet normal 0 0 1
    outer loop
      vertex 22 5.5 1.8000000000000003
      vertex 10.051283620297909 3.105623058974743 1.8000000000000003
      vertex 10.23853912204504 3.0719002187252045 1.8000000000000003
    endloop
  endfacet
  facet normal 0 0 1
    outer loop
      vertex 22 5.5 1.8000000000000003
      vertex 9.746484734117985 3.1138742193579674 1.8000000000000003
      vertex 9.85111489892006 3.116864003241062 1.8000000000000003
    endloop
  endfacet
  facet normal 0 0 1
    outer loop
      vertex 22 5.5 1.8000000000000003
      vertex 11.236132897436619 1.9599440023303032 1.8000000000000003
      vertex 11.25108178704977 1.8603375554084778 1.8000000000000003
    endloop
  endfacet
  facet normal 0 0 1
    outer loop
      vertex 22 5.5 1.8000000000000003
      vertex 11.215204454958439 2.056918889284134 1.8000000000000003
      vertex 11.236132897436619 1.9599440023303032 1.8000000000000003
    endloop
  endfacet
  facet normal 0 0 1
    outer loop
      vertex 22 5.5 1.8000000000000003
      vertex 11.18829645216465 2.1512622237205505 1.8000000000000003
      vertex 11.215204454958439 2.056918889284134 1.8000000000000003
    endloop
  endfacet
  facet normal 0 0 1
    outer loop
      vertex 22 5.5 1.8000000000000003
      vertex 11.155408896505833 2.2429739981889725 1.8000000000000003
      vertex 11.18829645216465 2.1512622237205505 1.8000000000000003
    endloop
  endfacet
  facet normal 0 0 1
    outer loop
      vertex 22 5.5 1.8000000000000003
      vertex 11.117261677980423 2.3313377797603607 1.8000000000000003
      vertex 11.155408896505833 2.2429739981889725 1.8000000000000003
    endloop
  endfacet
  facet normal 0 0 1
    outer loop
      vertex 22 5.5 1.8000000000000003
      vertex 11.074574679136276 2.4156371131539345 1.8000000000000003
      vertex 11.117261677980423 2.3313377797603607 1.8000000000000003
    endloop
  endfacet
  facet normal 0 0 1
    outer loop
      vertex 22 5.5 1.8000000000000003
      vertex 11.027347899973392 2.4958719983696938 1.8000000000000003
      vertex 11.074574679136276 2.4156371131539345 1.8000000000000003
    endloop
  endfacet
  facet normal 0 0 1
    outer loop
      vertex 22 5.5 1.8000000000000003
      vertex 10.975581347942352 2.572042442858219 1.8000000000000003
      vertex 11.027347899973392 2.4958719983696938 1.8000000000000003
    endloop
  endfacet
  facet normal 0 0 1
    outer loop
      vertex 22 5.5 1.8000000000000003
      vertex 10.919275008141994 2.6441484466195107 1.8000000000000003
      vertex 10.975581347942352 2.572042442858219 1.8000000000000003
    endloop
  endfacet
  facet normal 0 0 1
    outer loop
      vertex 22 5.5 1.8000000000000003
      vertex 10.85842890292406 2.7121900022029877 1.8000000000000003
      vertex 10.919275008141994 2.6441484466195107 1.8000000000000003
    endloop
  endfacet
  facet normal 0 0 1
    outer loop
      vertex 22 5.5 1.8000000000000003
      vertex 10.574310459196568 2.937008887529373 1.8000000000000003
      vertex 10.722826287150383 2.8358403891324997 1.8000000000000003
    endloop
  endfacet
  facet normal 0 0 1
    outer loop
      vertex 22 5.5 1.8000000000000003
      vertex 10.722826287150383 2.8358403891324997 1.8000000000000003
      vertex 10.85842890292406 2.7121900022029877 1.8000000000000003
    endloop
  endfacet
  facet normal 0 0 1
    outer loop
      vertex 22 5.5 1.8000000000000003
      vertex 10.23853912204504 3.0719002187252045 1.8000000000000003
      vertex 10.412881396710873 3.015695497393608 1.8000000000000003
    endloop
  endfacet
  facet normal 0 0 1
    outer loop
      vertex 22 5.5 1.8000000000000003
      vertex 10.412881396710873 3.015695497393608 1.8000000000000003
      vertex 10.574310459196568 2.937008887529373 1.8000000000000003
    endloop
  endfacet
  facet normal 0 1 0
    outer loop
      vertex -10.924074500799179 -3.0632959976792336 1.3
      vertex -10.924074500799179 -3.0632959976792336 1.8000000000000003
      vertex -10.045720502734184 -3.0632959976792336 1.3
    endloop
  endfacet
  facet normal 0 1 0
    outer loop
      vertex -8.358632296323776 -3.0632959976792336 1.3
      vertex -8.358632296323776 -3.0632959976792336 1.8000000000000003
      vertex -7.480278298258781 -3.0632959976792336 1.3
    endloop
  endfacet
  facet normal 0 1 0
    outer loop
      vertex -6.1376682966947556 -3.0632959976792336 1.3
      vertex -6.1376682966947556 -3.0632959976792336 1.8000000000000003
      vertex -5.207606300711632 -3.0632959976792336 1.3
    endloop
  endfacet
  facet normal 0 1 0
    outer loop
      vertex -10.045720502734184 -3.0632959976792336 1.3
      vertex -10.924074500799179 -3.0632959976792336 1.8000000000000003
      vertex -10.045720502734184 -3.0632959976792336 1.8000000000000003
    endloop
  endfacet
  facet normal 0 1 0
    outer loop
      vertex -7.480278298258781 -3.0632959976792336 1.3
      vertex -8.358632296323776 -3.0632959976792336 1.8000000000000003
      vertex -7.480278298258781 -3.0632959976792336 1.8000000000000003
    endloop
  endfacet
  facet normal 0 1 0
    outer loop
      vertex -4.718878902494907 -3.0632959976792336 1.3
      vertex -4.718878902494907 -3.0632959976792336 1.8000000000000003
      vertex -3.8405869007110596 -3.0632959976792336 1.3
    endloop
  endfacet
  facet normal 0 1 0
    outer loop
      vertex -2.1269688978791237 -3.0632959976792336 1.3
      vertex -2.1269688978791237 -3.0632959976792336 1.8000000000000003
      vertex -1.2486148998141289 -3.0632959976792336 1.3
    endloop
  endfacet
  facet normal 0 1 0
    outer loop
      vertex -0.46823330223560333 -3.0632959976792336 1.3
      vertex -0.46823330223560333 -3.0632959976792336 1.8000000000000003
      vertex 0.4101207032799721 -3.0632959976792336 1.3
    endloop
  endfacet
  facet normal 0 1 0
    outer loop
      vertex -5.207606300711632 -3.0632959976792336 1.3
      vertex -6.1376682966947556 -3.0632959976792336 1.8000000000000003
      vertex -5.207606300711632 -3.0632959976792336 1.8000000000000003
    endloop
  endfacet
  facet normal 0 1 0
    outer loop
      vertex -3.8405869007110596 -3.0632959976792336 1.3
      vertex -4.718878902494907 -3.0632959976792336 1.8000000000000003
      vertex -3.8405869007110596 -3.0632959976792336 1.8000000000000003
    endloop
  endfacet
  facet normal 0 1 0
    outer loop
      vertex -1.2486148998141289 -3.0632959976792336 1.3
      vertex -2.1269688978791237 -3.0632959976792336 1.8000000000000003
      vertex -1.2486148998141289 -3.0632959976792336 1.8000000000000003
    endloop
  endfacet
  facet normal 0 0 1
    outer loop
      vertex -8.358632296323776 -3.0632959976792336 1.3
      vertex -7.480278298258781 -3.0632959976792336 1.3
      vertex -7.480278298258781 -0.4464000016450882 1.3
    endloop
  endfacet
  facet normal 0 0 1
    outer loop
      vertex -6.154904298484325 -0.265855997800827 1.3
      vertex -6.1376682966947556 -3.0632959976792336 1.3
      vertex -5.207606300711632 -3.0632959976792336 1.3
    endloop
  endfacet
  facet normal 0 0 1
    outer loop
      vertex -10.924074500799179 -3.0632959976792336 1.3
      vertex -10.045720502734184 -3.0632959976792336 1.3
      vertex -10.924074500799179 2.239936001598835 1.3
    endloop
  endfacet
  facet normal 0 0 1
    outer loop
      vertex -6.955324299633503 -0.4464000016450882 1.3
      vertex -6.1376682966947556 -3.0632959976792336 1.3
      vertex -6.154904298484325 -0.265855997800827 1.3
    endloop
  endfacet
  facet normal 0 0 1
    outer loop
      vertex -8.358632296323776 -3.0632959976792336 1.3
      vertex -7.480278298258781 -0.4464000016450882 1.3
      vertex -8.358632296323776 3.065279997885227 1.3
    endloop
  endfacet
  facet normal 0 0 1
    outer loop
      vertex -7.480278298258781 -0.4464000016450882 1.3
      vertex -6.955324299633503 -0.4464000016450882 1.3
      vertex -6.98111630231142 0.32735999673604965 1.3
    endloop
  endfacet
  facet normal 0 0 1
    outer loop
      vertex -6.955324299633503 -0.4464000016450882 1.3
      vertex -6.154904298484325 -0.265855997800827 1.3
      vertex -6.659611858427525 0.3722238913178444 1.3
    endloop
  endfacet
  facet normal 0 0 1
    outer loop
      vertex -6.154904298484325 -0.265855997800827 1.3
      vertex -6.021285690367222 -0.18433116376399994 1.3
      vertex -6.525994963943958 0.441260889172554 1.3
    endloop
  endfacet
  facet normal 0 0 1
    outer loop
      vertex -4.718878902494907 -3.0632959976792336 1.3
      vertex -3.8405869007110596 -3.0632959976792336 1.3
      vertex -3.5822328999638557 -1.7479040026664734 1.3
    endloop
  endfacet
  facet normal 0 0 1
    outer loop
      vertex -4.718878902494907 -3.0632959976792336 1.3
      vertex -3.5822328999638557 -1.7479040026664734 1.3
      vertex -3.427232898771763 -0.9225599989295006 1.3
    endloop
  endfacet
  facet normal 0 0 1
    outer loop
      vertex -2.1269688978791237 -3.0632959976792336 1.3
      vertex -1.2486148998141289 -3.0632959976792336 1.3
      vertex -2.3852609023451805 -1.7479040026664734 1.3
    endloop
  endfacet
  facet normal 0 0 1
    outer loop
      vertex -1.2486148998141289 -3.0632959976792336 1.3
      vertex -2.548878900706768 -0.9225599989295006 1.3
      vertex -2.3852609023451805 -1.7479040026664734 1.3
    endloop
  endfacet
  facet normal 0 0 1
    outer loop
      vertex -3.5822328999638557 -1.7479040026664734 1.3
      vertex -2.3852609023451805 -1.7479040026664734 1.3
      vertex -3.427232898771763 -0.9225599989295006 1.3
    endloop
  endfacet
  facet normal 0 0 1
    outer loop
      vertex -4.718878902494907 -3.0632959976792336 1.3
      vertex -3.427232898771763 -0.9225599989295006 1.3
      vertex -3.3497328981757164 3.065279997885227 1.3
    endloop
  endfacet
  facet normal 0 0 1
    outer loop
      vertex -2.3852609023451805 -1.7479040026664734 1.3
      vertex -2.548878900706768 -0.9225599989295006 1.3
      vertex -3.427232898771763 -0.9225599989295006 1.3
    endloop
  endfacet
  facet normal 0 0 1
    outer loop
      vertex -1.2486148998141289 -3.0632959976792336 1.3
      vertex -2.979468896985054 1.2995819970965385 1.3
      vertex -2.548878900706768 -0.9225599989295006 1.3
    endloop
  endfacet
  facet normal 0 0 1
    outer loop
      vertex -0.46823330223560333 -3.0632959976792336 1.3
      vertex 0.4101207032799721 -0.4464000016450882 1.3
      vertex -0.46823330223560333 3.065279997885227 1.3
    endloop
  endfacet
  facet normal -1 0 0
    outer loop
      vertex -7.480278298258781 -3.0632959976792336 1.3
      vertex -7.480278298258781 -3.0632959976792336 1.8000000000000003
      vertex -7.480278298258781 -0.4464000016450882 1.3
    endloop
  endfacet
  facet normal 0.9544928530261998 0.29823379004047373 0
    outer loop
      vertex -6.1376682966947556 -3.0632959976792336 1.3
      vertex -6.955324299633503 -0.4464000016450882 1.8000000000000003
      vertex -6.1376682966947556 -3.0632959976792336 1.8000000000000003
    endloop
  endfacet
  facet normal -1 0 0
    outer loop
      vertex -10.045720502734184 -3.0632959976792336 1.3
      vertex -10.045720502734184 -3.0632959976792336 1.8000000000000003
      vertex -10.045720502734184 2.239936001598835 1.3
    endloop
  endfacet
  facet normal 0.9544928530261998 0.29823379004047373 0
    outer loop
      vertex -6.955324299633503 -0.4464000016450882 1.3
      vertex -6.955324299633503 -0.4464000016450882 1.8000000000000003
      vertex -6.1376682966947556 -3.0632959976792336 1.3
    endloop
  endfacet
  facet normal 0 1 0
    outer loop
      vertex -7.480278298258781 -0.4464000016450882 1.3
      vertex -7.480278298258781 -0.4464000016450882 1.8000000000000003
      vertex -6.955324299633503 -0.4464000016450882 1.3
    endloop
  endfacet
  facet normal -0.5208406039319818 0.8536539493821654 0
    outer loop
      vertex -6.154904298484325 -0.265855997800827 1.3
      vertex -6.154904298484325 -0.265855997800827 1.8000000000000003
      vertex -6.021285690367222 -0.18433116376399994 1.3
    endloop
  endfacet
  facet normal -0.6001383238901341 0.7998962383949187 0
    outer loop
      vertex -6.021285690367222 -0.18433116376399994 1.3
      vertex -6.021285690367222 -0.18433116376399994 1.8000000000000003
      vertex -5.901785857975483 -0.0946739986538887 1.3
    endloop
  endfacet
  facet normal -0.6802107316333253 0.7330166168449774 0
    outer loop
      vertex -5.901785857975483 -0.0946739986538887 1.3
      vertex -5.901785857975483 -0.0946739986538887 1.8000000000000003
      vertex -5.796404801309109 0.0031154975295066833 1.3
    endloop
  endfacet
  facet normal 1 0 0
    outer loop
      vertex -10.924074500799179 -3.0632959976792336 1.3
      vertex -10.924074500799179 2.239936001598835 1.8000000000000003
      vertex -10.924074500799179 -3.0632959976792336 1.8000000000000003
    endloop
  endfacet
  facet normal -1 0 0
    outer loop
      vertex -7.480278298258781 -0.4464000016450882 1.3
      vertex -7.480278298258781 -3.0632959976792336 1.8000000000000003
      vertex -7.480278298258781 -0.4464000016450882 1.8000000000000003
    endloop
  endfacet
  facet normal 1 0 0
    outer loop
      vertex -8.358632296323776 -3.0632959976792336 1.3
      vertex -8.358632296323776 3.065279997885227 1.8000000000000003
      vertex -8.358632296323776 -3.0632959976792336 1.8000000000000003
    endloop
  endfacet
  facet normal -0.9471674125583932 -0.32073960246193256 0
    outer loop
      vertex -6.154904298484325 -0.265855997800827 1.3
      vertex -5.207606300711632 -3.0632959976792336 1.8000000000000003
      vertex -6.154904298484325 -0.265855997800827 1.8000000000000003
    endloop
  endfacet
  facet normal 0 1 0
    outer loop
      vertex -6.955324299633503 -0.4464000016450882 1.3
      vertex -7.480278298258781 -0.4464000016450882 1.8000000000000003
      vertex -6.955324299633503 -0.4464000016450882 1.8000000000000003
    endloop
  endfacet
  facet normal -0.5208406039319818 0.8536539493821654 0
    outer loop
      vertex -6.021285690367222 -0.18433116376399994 1.3
      vertex -6.154904298484325 -0.265855997800827 1.8000000000000003
      vertex -6.021285690367222 -0.18433116376399994 1.8000000000000003
    endloop
  endfacet
  facet normal -0.6001383238901341 0.7998962383949187 0
    outer loop
      vertex -5.901785857975483 -0.0946739986538887 1.3
      vertex -6.021285690367222 -0.18433116376399994 1.8000000000000003
      vertex -5.901785857975483 -0.0946739986538887 1.8000000000000003
    endloop
  endfacet
  facet normal -0.6802107316333253 0.7330166168449774 0
    outer loop
      vertex -5.796404801309109 0.0031154975295066833 1.3
      vertex -5.901785857975483 -0.0946739986538887 1.8000000000000003
      vertex -5.796404801309109 0.0031154975295066833 1.8000000000000003
    endloop
  endfacet
  facet normal -0.9812525689885394 0.1927262199426731 0
    outer loop
      vertex -3.8405869007110596 -3.0632959976792336 1.3
      vertex -3.8405869007110596 -3.0632959976792336 1.8000000000000003
      vertex -3.5822328999638557 -1.7479040026664734 1.3
    endloop
  endfacet
  facet normal -0.9471674125583932 -0.32073960246193256 -3.759033507931072e-17
    outer loop
      vertex -6.154904298484325 -0.265855997800827 1.3
      vertex -5.207606300711632 -3.0632959976792336 1.3
      vertex -5.207606300711632 -3.0632959976792336 1.8000000000000003
    endloop
  endfacet
  facet normal 0 1 0
    outer loop
      vertex -3.5822328999638557 -1.7479040026664734 1.3
      vertex -3.5822328999638557 -1.7479040026664734 1.8000000000000003
      vertex -2.3852609023451805 -1.7479040026664734 1.3
    endloop
  endfacet
  facet normal 0.9812613141243026 0.19268168932995863 0
    outer loop
      vertex -2.1269688978791237 -3.0632959976792336 1.3
      vertex -2.3852609023451805 -1.7479040026664734 1.3
      vertex -2.3852609023451805 -1.7479040026664734 1.8000000000000003
    endloop
  endfacet
  facet normal -0.9812525689885394 0.1927262199426731 0
    outer loop
      vertex -3.5822328999638557 -1.7479040026664734 1.3
      vertex -3.8405869007110596 -3.0632959976792336 1.8000000000000003
      vertex -3.5822328999638557 -1.7479040026664734 1.8000000000000003
    endloop
  endfacet
  facet normal 0.9812613141243026 0.19268168932995863 0
    outer loop
      vertex -2.1269688978791237 -3.0632959976792336 1.3
      vertex -2.3852609023451805 -1.7479040026664734 1.8000000000000003
      vertex -2.1269688978791237 -3.0632959976792336 1.8000000000000003
    endloop
  endfacet
  facet normal 0 1 0
    outer loop
      vertex -2.3852609023451805 -1.7479040026664734 1.3
      vertex -3.5822328999638557 -1.7479040026664734 1.8000000000000003
      vertex -2.3852609023451805 -1.7479040026664734 1.8000000000000003
    endloop
  endfacet
  facet normal 0 -1 0
    outer loop
      vertex -3.427232898771763 -0.9225599989295006 1.3
      vertex -2.548878900706768 -0.9225599989295006 1.3
      vertex -2.548878900706768 -0.9225599989295006 1.8000000000000003
    endloop
  endfacet
  facet normal -0.9817387818890257 0.1902339720845144 0
    outer loop
      vertex -3.427232898771763 -0.9225599989295006 1.3
      vertex -3.427232898771763 -0.9225599989295006 1.8000000000000003
      vertex -2.996642902493477 1.2995819970965385 1.3
    endloop
  endfacet
  facet normal -0.9759422844720215 -0.2180290287542736 0
    outer loop
      vertex -1.2486148998141289 -3.0632959976792336 1.3
      vertex -1.2486148998141289 -3.0632959976792336 1.8000000000000003
      vertex -2.6177608966827393 3.065279997885227 1.3
    endloop
  endfacet
  facet normal 0.9759422842195611 -0.21802902988433737 0
    outer loop
      vertex -4.718878902494907 -3.0632959976792336 1.3
      vertex -3.3497328981757164 3.065279997885227 1.8000000000000003
      vertex -4.718878902494907 -3.0632959976792336 1.8000000000000003
    endloop
  endfacet
  facet normal 0 -1 0
    outer loop
      vertex -3.427232898771763 -0.9225599989295006 1.3
      vertex -2.548878900706768 -0.9225599989295006 1.8000000000000003
      vertex -3.427232898771763 -0.9225599989295006 1.8000000000000003
    endloop
  endfacet
  facet normal 1 0 0
    outer loop
      vertex -0.46823330223560333 -3.0632959976792336 1.3
      vertex -0.46823330223560333 3.065279997885227 1.8000000000000003
      vertex -0.46823330223560333 -3.0632959976792336 1.8000000000000003
    endloop
  endfacet
  facet normal 0.9817387818890257 0.1902339720845144 0
    outer loop
      vertex -2.548878900706768 -0.9225599989295006 1.3
      vertex -2.979468896985054 1.2995819970965385 1.8000000000000003
      vertex -2.548878900706768 -0.9225599989295006 1.8000000000000003
    endloop
  endfacet
  facet normal 0 0 1
    outer loop
      vertex -11.9398825019598 2.239936001598835 1.3
      vertex -10.924074500799179 2.239936001598835 1.3
      vertex -11.9398825019598 3.065279997885227 1.3
    endloop
  endfacet
  facet normal 0 1 0
    outer loop
      vertex -11.9398825019598 2.239936001598835 1.3
      vertex -11.9398825019598 2.239936001598835 1.8000000000000003
      vertex -10.924074500799179 2.239936001598835 1.3
    endloop
  endfacet
  facet normal 1 0 0
    outer loop
      vertex -11.9398825019598 2.239936001598835 1.3
      vertex -11.9398825019598 3.065279997885227 1.3
      vertex -11.9398825019598 3.065279997885227 1.8000000000000003
    endloop
  endfacet
  facet normal 1 0 0
    outer loop
      vertex -11.9398825019598 2.239936001598835 1.3
      vertex -11.9398825019598 3.065279997885227 1.8000000000000003
      vertex -11.9398825019598 2.239936001598835 1.8000000000000003
    endloop
  endfacet
  facet normal 0 0 1
    outer loop
      vertex -10.045720502734184 -3.0632959976792336 1.3
      vertex -10.045720502734184 2.239936001598835 1.3
      vertex -10.924074500799179 2.239936001598835 1.3
    endloop
  endfacet
  facet normal 0 0 1
    outer loop
      vertex -7.480278298258781 -0.4464000016450882 1.3
      vertex -6.98111630231142 0.32735999673604965 1.3
      vertex -7.480278298258781 0.32735999673604965 1.3
    endloop
  endfacet
  facet normal 0 0 1
    outer loop
      vertex -6.955324299633503 -0.4464000016450882 1.3
      vertex -6.90628919005394 0.3291545584797859 1.3
      vertex -6.98111630231142 0.32735999673604965 1.3
    endloop
  endfacet
  facet normal 0 0 1
    outer loop
      vertex -6.955324299633503 -0.4464000016450882 1.3
      vertex -6.836725190281868 0.33453822135925293 1.3
      vertex -6.90628919005394 0.3291545584797859 1.3
    endloop
  endfacet
  facet normal 0 0 1
    outer loop
      vertex -6.955324299633503 -0.4464000016450882 1.3
      vertex -6.772424302995205 0.3435110002756119 1.3
      vertex -6.836725190281868 0.33453822135925293 1.3
    endloop
  endfacet
  facet normal 0 0 1
    outer loop
      vertex -6.955324299633503 -0.4464000016450882 1.3
      vertex -6.71338652074337 0.35607288777828217 1.3
      vertex -6.772424302995205 0.3435110002756119 1.3
    endloop
  endfacet
  facet normal 0 0 1
    outer loop
      vertex -6.955324299633503 -0.4464000016450882 1.3
      vertex -6.659611858427525 0.3722238913178444 1.3
      vertex -6.71338652074337 0.35607288777828217 1.3
    endloop
  endfacet
  facet normal 0 0 1
    outer loop
      vertex -6.154904298484325 -0.265855997800827 1.3
      vertex -6.611100301146507 0.39196400344371796 1.3
      vertex -6.659611858427525 0.3722238913178444 1.3
    endloop
  endfacet
  facet normal 0 0 1
    outer loop
      vertex -6.154904298484325 -0.265855997800827 1.3
      vertex -6.566873632371426 0.4150555580854416 1.3
      vertex -6.611100301146507 0.39196400344371796 1.3
    endloop
  endfacet
  facet normal 0 0 1
    outer loop
      vertex -6.154904298484325 -0.265855997800827 1.3
      vertex -6.525994963943958 0.441260889172554 1.3
      vertex -6.566873632371426 0.4150555580854416 1.3
    endloop
  endfacet
  facet normal 0 0 1
    outer loop
      vertex -6.021285690367222 -0.18433116376399994 1.3
      vertex -5.901785857975483 -0.0946739986538887 1.3
      vertex -6.488464303314686 0.47057999670505524 1.3
    endloop
  endfacet
  facet normal 0 0 1
    outer loop
      vertex -5.901785857975483 -0.0946739986538887 1.3
      vertex -5.796404801309109 0.0031154975295066833 1.3
      vertex -6.454281635582447 0.5030128881335258 1.3
    endloop
  endfacet
  facet normal 0 0 1
    outer loop
      vertex -6.021285690367222 -0.18433116376399994 1.3
      vertex -6.488464303314686 0.47057999670505524 1.3
      vertex -6.525994963943958 0.441260889172554 1.3
    endloop
  endfacet
  facet normal 0 0 1
    outer loop
      vertex -5.901785857975483 -0.0946739986538887 1.3
      vertex -6.454281635582447 0.5030128881335258 1.3
      vertex -6.488464303314686 0.47057999670505524 1.3
    endloop
  endfacet
  facet normal 0 0 1
    outer loop
      vertex -6.454281635582447 0.5030128881335258 1.3
      vertex -5.796404801309109 0.0031154975295066833 1.3
      vertex -6.423446968197823 0.5385595560073853 1.3
    endloop
  endfacet
  facet normal 0 0 1
    outer loop
      vertex -6.423446968197823 0.5385595560073853 1.3
      vertex -5.796404801309109 0.0031154975295066833 1.3
      vertex -6.395960301160812 0.5772200003266335 1.3
    endloop
  endfacet
  facet normal 0 0 1
    outer loop
      vertex -6.395960301160812 0.5772200003266335 1.3
      vertex -5.796404801309109 0.0031154975295066833 1.3
      vertex -5.705142520368099 0.10903733223676682 1.3
    endloop
  endfacet
  facet normal 0 0 1
    outer loop
      vertex -6.395960301160812 0.5772200003266335 1.3
      vertex -5.705142520368099 0.10903733223676682 1.3
      vertex -5.627999022603035 0.2230914980173111 1.3
    endloop
  endfacet
  facet normal 0 0 1
    outer loop
      vertex -6.395960301160812 0.5772200003266335 1.3
      vertex -5.627999022603035 0.2230914980173111 1.3
      vertex -6.374196574091911 0.6189718320965767 1.3
    endloop
  endfacet
  facet normal 0 0 1
    outer loop
      vertex -6.374196574091911 0.6189718320965767 1.3
      vertex -5.627999022603035 0.2230914980173111 1.3
      vertex -6.354826740920544 0.6638339981436729 1.3
    endloop
  endfacet
  facet normal 0 0 1
    outer loop
      vertex -6.354826740920544 0.6638339981436729 1.3
      vertex -5.627999022603035 0.2230914980173111 1.3
      vertex -5.564974300563335 0.3452780023217201 1.3
    endloop
  endfacet
  facet normal 0 0 1
    outer loop
      vertex -6.337850801646709 0.7118064984679222 1.3
      vertex -5.564974300563335 0.3452780023217201 1.3
      vertex -5.51367274671793 0.47607216984033585 1.3
    endloop
  endfacet
  facet normal 0 0 1
    outer loop
      vertex -6.354826740920544 0.6638339981436729 1.3
      vertex -5.564974300563335 0.3452780023217201 1.3
      vertex -6.337850801646709 0.7118064984679222 1.3
    endloop
  endfacet
  facet normal 0 0 1
    outer loop
      vertex -6.337850801646709 0.7118064984679222 1.3
      vertex -5.51367274671793 0.47607216984033585 1.3
      vertex -6.323268741369247 0.7628893330693245 1.3
    endloop
  endfacet
  facet normal 0 0 1
    outer loop
      vertex -6.323268741369247 0.7628893330693245 1.3
      vertex -5.471698746085167 0.6159493327140808 1.3
      vertex -6.311080574989319 0.8170825019478798 1.3
    endloop
  endfacet
  facet normal 0 0 1
    outer loop
      vertex -6.323268741369247 0.7628893330693245 1.3
      vertex -5.51367274671793 0.47607216984033585 1.3
      vertex -5.471698746085167 0.6159493327140808 1.3
    endloop
  endfacet
  facet normal 0 0 1
    outer loop
      vertex -6.301286302506924 0.8743859976530075 1.3
      vertex -5.471698746085167 0.6159493327140808 1.3
      vertex -5.439052298665047 0.7649094983935356 1.3
    endloop
  endfacet
  facet normal 0 0 1
    outer loop
      vertex -7.480278298258781 -0.4464000016450882 1.3
      vertex -7.480278298258781 0.32735999673604965 1.3
      vertex -8.358632296323776 3.065279997885227 1.3
    endloop
  endfacet
  facet normal 0 0 1
    outer loop
      vertex -6.311080574989319 0.8170825019478798 1.3
      vertex -5.471698746085167 0.6159493327140808 1.3
      vertex -6.301286302506924 0.8743859976530075 1.3
    endloop
  endfacet
  facet normal 0 0 1
    outer loop
      vertex -6.301286302506924 0.8743859976530075 1.3
      vertex -5.439052298665047 0.7649094983935356 1.3
      vertex -6.2933864668011665 0.9348205029964447 1.3
    endloop
  endfacet
  facet normal 0 0 1
    outer loop
      vertex -6.2933864668011665 0.9348205029964447 1.3
      vertex -5.41573341190815 0.9229526668787003 1.3
      vertex -6.286922968924046 0.9983653351664543 1.3
    endloop
  endfacet
  facet normal 0 0 1
    outer loop
      vertex -6.2933864668011665 0.9348205029964447 1.3
      vertex -5.439052298665047 0.7649094983935356 1.3
      vertex -5.41573341190815 0.9229526668787003 1.3
    endloop
  endfacet
  facet normal 0 0 1
    outer loop
      vertex -6.286922968924046 0.9983653351664543 1.3
      vertex -5.41573341190815 0.9229526668787003 1.3
      vertex -6.28189580142498 1.065020501613617 1.3
    endloop
  endfacet
  facet normal 0 0 1
    outer loop
      vertex -6.28189580142498 1.065020501613617 1.3
      vertex -5.41573341190815 0.9229526668787003 1.3
      vertex -5.401742078363895 1.0900788307189941 1.3
    endloop
  endfacet
  facet normal 0 0 1
    outer loop
      vertex -6.28189580142498 1.065020501613617 1.3
      vertex -5.401742078363895 1.0900788307189941 1.3
      vertex -6.27830496430397 1.1347860023379326 1.3
    endloop
  endfacet
  facet normal 0 0 1
    outer loop
      vertex -6.27830496430397 1.1347860023379326 1.3
      vertex -5.401742078363895 1.0900788307189941 1.3
      vertex -6.276150465011597 1.2076618298888206 1.3
    endloop
  endfacet
  facet normal 0 0 1
    outer loop
      vertex -6.276150465011597 1.2076618298888206 1.3
      vertex -5.401742078363895 1.0900788307189941 1.3
      vertex -5.397078298032284 1.2662879973649979 1.3
    endloop
  endfacet
  facet normal 0 0 1
    outer loop
      vertex -6.276150465011597 1.2076618298888206 1.3
      vertex -5.397078298032284 1.2662879973649979 1.3
      vertex -6.275432303547859 1.2836479991674423 1.3
    endloop
  endfacet
  facet normal 0 0 1
    outer loop
      vertex -6.275432303547859 1.2836479991674423 1.3
      vertex -5.397078298032284 1.2662879973649979 1.3
      vertex -6.276150465011597 1.359632447361946 1.3
    endloop
  endfacet
  facet normal 0 0 1
    outer loop
      vertex -6.276150465011597 1.359632447361946 1.3
      vertex -5.397078298032284 1.2662879973649979 1.3
      vertex -6.27830496430397 1.4325031116604805 1.3
    endloop
  endfacet
  facet normal 0 0 1
    outer loop
      vertex -6.27830496430397 1.4325031116604805 1.3
      vertex -5.397078298032284 1.2662879973649979 1.3
      vertex -5.4401252418756485 1.81598000228405 1.3
    endloop
  endfacet
  facet normal 0 0 1
    outer loop
      vertex -10.924074500799179 2.239936001598835 1.3
      vertex -10.045720502734184 2.239936001598835 1.3
      vertex -11.9398825019598 3.065279997885227 1.3
    endloop
  endfacet
  facet normal 0 0 1
    outer loop
      vertex -10.045720502734184 2.239936001598835 1.3
      vertex -9.027370497584343 3.065279997885227 1.3
      vertex -11.9398825019598 3.065279997885227 1.3
    endloop
  endfacet
  facet normal 0 0 1
    outer loop
      vertex -10.045720502734184 2.239936001598835 1.3
      vertex -9.027370497584343 2.239936001598835 1.3
      vertex -9.027370497584343 3.065279997885227 1.3
    endloop
  endfacet
  facet normal 0 0 1
    outer loop
      vertex -7.480278298258781 0.32735999673604965 1.3
      vertex -7.480278298258781 2.239936001598835 1.3
      vertex -8.358632296323776 3.065279997885227 1.3
    endloop
  endfacet
  facet normal 0 0 1
    outer loop
      vertex -6.286922968924046 1.568903110921383 1.3
      vertex -5.4401252418756485 1.81598000228405 1.3
      vertex -6.2933864668011665 1.632432445883751 1.3
    endloop
  endfacet
  facet normal 0 0 1
    outer loop
      vertex -6.2933864668011665 1.632432445883751 1.3
      vertex -5.4401252418756485 1.81598000228405 1.3
      vertex -6.301286302506924 1.6928479969501495 1.3
    endloop
  endfacet
  facet normal 0 0 1
    outer loop
      vertex -6.27830496430397 1.4325031116604805 1.3
      vertex -5.4401252418756485 1.81598000228405 1.3
      vertex -6.28189580142498 1.502259999513626 1.3
    endloop
  endfacet
  facet normal 0 0 1
    outer loop
      vertex -6.28189580142498 1.502259999513626 1.3
      vertex -5.4401252418756485 1.81598000228405 1.3
      vertex -6.286922968924046 1.568903110921383 1.3
    endloop
  endfacet
  facet normal 0 0 1
    outer loop
      vertex -6.301286302506924 1.6928479969501495 1.3
      vertex -5.4401252418756485 1.81598000228405 1.3
      vertex -6.311319969594479 1.750409834086895 1.3
    endloop
  endfacet
  facet normal 0 0 1
    outer loop
      vertex -6.311319969594479 1.750409834086895 1.3
      vertex -5.569266080856323 2.265727996826172 1.3
      vertex -6.324226297438145 1.80533666908741 1.3
    endloop
  endfacet
  facet normal 0 0 1
    outer loop
      vertex -6.324226297438145 1.80533666908741 1.3
      vertex -5.569266080856323 2.265727996826172 1.3
      vertex -6.340005300939083 1.8576285019516945 1.3
    endloop
  endfacet
  facet normal 0 0 1
    outer loop
      vertex -6.358656965196133 1.9072853326797485 1.3
      vertex -5.569266080856323 2.265727996826172 1.3
      vertex -6.380181297659874 1.9543071687221527 1.3
    endloop
  endfacet
  facet normal 0 0 1
    outer loop
      vertex -6.340005300939083 1.8576285019516945 1.3
      vertex -5.569266080856323 2.265727996826172 1.3
      vertex -6.358656965196133 1.9072853326797485 1.3
    endloop
  endfacet
  facet normal 0 0 1
    outer loop
      vertex -6.311319969594479 1.750409834086895 1.3
      vertex -5.4401252418756485 1.81598000228405 1.3
      vertex -5.569266080856323 2.265727996826172 1.3
    endloop
  endfacet
  facet normal 0 0 1
    outer loop
      vertex -6.380181297659874 1.9543071687221527 1.3
      vertex -5.784500800073147 2.6155320033431053 1.3
      vertex -6.404578298330307 1.9986940026283264 1.3
    endloop
  endfacet
  facet normal 0 0 1
    outer loop
      vertex -6.404578298330307 1.9986940026283264 1.3
      vertex -5.784500800073147 2.6155320033431053 1.3
      vertex -6.467186242341995 2.0724068358540535 1.3
    endloop
  endfacet
  facet normal 0 0 1
    outer loop
      vertex -6.380181297659874 1.9543071687221527 1.3
      vertex -5.569266080856323 2.265727996826172 1.3
      vertex -5.784500800073147 2.6155320033431053 1.3
    endloop
  endfacet
  facet normal 0 0 1
    outer loop
      vertex -7.480278298258781 2.239936001598835 1.3
      vertex -7.024144299328327 2.239936001598835 1.3
      vertex -6.946768298745155 3.065279997885227 1.3
    endloop
  endfacet
  facet normal 0 0 1
    outer loop
      vertex -7.480278298258781 2.239936001598835 1.3
      vertex -6.946768298745155 3.065279997885227 1.3
      vertex -8.358632296323776 3.065279997885227 1.3
    endloop
  endfacet
  facet normal 0 0 1
    outer loop
      vertex -6.546055413782597 2.1327173337340355 1.3
      vertex -6.467186242341995 2.0724068358540535 1.3
      vertex -6.08582941442728 2.8653919994831085 1.3
    endloop
  endfacet
  facet normal 0 0 1
    outer loop
      vertex -6.752577409148216 2.213131330907345 1.3
      vertex -6.64118579775095 2.179625503718853 1.3
      vertex -6.473251909017563 3.0153080001473427 1.3
    endloop
  endfacet
  facet normal 0 0 1
    outer loop
      vertex -6.546055413782597 2.1327173337340355 1.3
      vertex -6.08582941442728 2.8653919994831085 1.3
      vertex -6.64118579775095 2.179625503718853 1.3
    endloop
  endfacet
  facet normal 0 0 1
    outer loop
      vertex -7.024144299328327 2.239936001598835 1.3
      vertex -6.880230247974396 2.233234830200672 1.3
      vertex -6.946768298745155 3.065279997885227 1.3
    endloop
  endfacet
  facet normal 0 0 1
    outer loop
      vertex -6.880230247974396 2.233234830200672 1.3
      vertex -6.752577409148216 2.213131330907345 1.3
      vertex -6.946768298745155 3.065279997885227 1.3
    endloop
  endfacet
  facet normal 0 0 1
    outer loop
      vertex -6.467186242341995 2.0724068358540535 1.3
      vertex -5.784500800073147 2.6155320033431053 1.3
      vertex -6.08582941442728 2.8653919994831085 1.3
    endloop
  endfacet
  facet normal 0 0 1
    outer loop
      vertex -6.752577409148216 2.213131330907345 1.3
      vertex -6.473251909017563 3.0153080001473427 1.3
      vertex -6.946768298745155 3.065279997885227 1.3
    endloop
  endfacet
  facet normal 0 0 1
    outer loop
      vertex -6.64118579775095 2.179625503718853 1.3
      vertex -6.08582941442728 2.8653919994831085 1.3
      vertex -6.473251909017563 3.0153080001473427 1.3
    endloop
  endfacet
  facet normal 0 0 1
    outer loop
      vertex -3.427232898771763 -0.9225599989295006 1.3
      vertex -2.996642902493477 1.2995819970965385 1.3
      vertex -3.3497328981757164 3.065279997885227 1.3
    endloop
  endfacet
  facet normal 0 0 1
    outer loop
      vertex -1.2486148998141289 -3.0632959976792336 1.3
      vertex -3.3497328981757164 3.065279997885227 1.3
      vertex -2.979468896985054 1.2995819970965385 1.3
    endloop
  endfacet
  facet normal 0 0 1
    outer loop
      vertex -1.2486148998141289 -3.0632959976792336 1.3
      vertex -2.6177608966827393 3.065279997885227 1.3
      vertex -3.3497328981757164 3.065279997885227 1.3
    endloop
  endfacet
  facet normal 0 0 1
    outer loop
      vertex -2.996642902493477 1.2995819970965385 1.3
      vertex -2.979468896985054 1.2995819970965385 1.3
      vertex -3.3497328981757164 3.065279997885227 1.3
    endloop
  endfacet
  facet normal 1 0 0
    outer loop
      vertex -10.924074500799179 -3.0632959976792336 1.3
      vertex -10.924074500799179 2.239936001598835 1.3
      vertex -10.924074500799179 2.239936001598835 1.8000000000000003
    endloop
  endfacet
  facet normal 0 -1 0
    outer loop
      vertex -7.480278298258781 0.32735999673604965 1.3
      vertex -6.98111630231142 0.32735999673604965 1.3
      vertex -6.98111630231142 0.32735999673604965 1.8000000000000003
    endloop
  endfacet
  facet normal 0.02397588013208776 -0.9997125372685349 0
    outer loop
      vertex -6.98111630231142 0.32735999673604965 1.3
      vertex -6.90628919005394 0.3291545584797859 1.3
      vertex -6.90628919005394 0.3291545584797859 1.8000000000000003
    endloop
  endfacet
  facet normal 0.07716077832634723 -0.9970186629587594 0
    outer loop
      vertex -6.90628919005394 0.3291545584797859 1.3
      vertex -6.836725190281868 0.33453822135925293 1.3
      vertex -6.836725190281868 0.33453822135925293 1.8000000000000003
    endloop
  endfacet
  facet normal 0.13820452416783893 -0.9904037103623661 0
    outer loop
      vertex -6.836725190281868 0.33453822135925293 1.3
      vertex -6.772424302995205 0.3435110002756119 1.3
      vertex -6.772424302995205 0.3435110002756119 1.8000000000000003
    endloop
  endfacet
  facet normal 0.20811806158613413 -0.9781037125180693 0
    outer loop
      vertex -6.772424302995205 0.3435110002756119 1.3
      vertex -6.71338652074337 0.35607288777828217 1.3
      vertex -6.71338652074337 0.35607288777828217 1.8000000000000003
    endloop
  endfacet
  facet normal 0.28765186665226444 -0.9577350383125114 0
    outer loop
      vertex -6.71338652074337 0.35607288777828217 1.3
      vertex -6.659611858427525 0.3722238913178444 1.3
      vertex -6.659611858427525 0.3722238913178444 1.8000000000000003
    endloop
  endfacet
  facet normal -0.7575855365796611 0.6527358997062344 0
    outer loop
      vertex -5.796404801309109 0.0031154975295066833 1.3
      vertex -5.796404801309109 0.0031154975295066833 1.8000000000000003
      vertex -5.705142520368099 0.10903733223676682 1.3
    endloop
  endfacet
  facet normal -0.8283197818964293 0.5602556014169353 0
    outer loop
      vertex -5.705142520368099 0.10903733223676682 1.3
      vertex -5.705142520368099 0.10903733223676682 1.8000000000000003
      vertex -5.627999022603035 0.2230914980173111 1.3
    endloop
  endfacet
  facet normal 0.3769062075249169 -0.9262514295423162 0
    outer loop
      vertex -6.659611858427525 0.3722238913178444 1.3
      vertex -6.611100301146507 0.39196400344371796 1.3
      vertex -6.611100301146507 0.39196400344371796 1.8000000000000003
    endloop
  endfacet
  facet normal 0.4628302065583476 -0.8864469526695646 0
    outer loop
      vertex -6.611100301146507 0.39196400344371796 1.3
      vertex -6.566873632371426 0.4150555580854416 1.3
      vertex -6.566873632371426 0.4150555580854416 1.8000000000000003
    endloop
  endfacet
  facet normal 0.5396815351153512 -0.8418692538960774 0
    outer loop
      vertex -6.566873632371426 0.4150555580854416 1.3
      vertex -6.525994963943958 0.441260889172554 1.3
      vertex -6.525994963943958 0.441260889172554 1.8000000000000003
    endloop
  endfacet
  facet normal 0.6156216006040585 -0.7880419055289491 0
    outer loop
      vertex -6.525994963943958 0.441260889172554 1.3
      vertex -6.488464303314686 0.47057999670505524 1.3
      vertex -6.488464303314686 0.47057999670505524 1.8000000000000003
    endloop
  endfacet
  facet normal 0.6882959604020689 -0.7254299903465485 0
    outer loop
      vertex -6.488464303314686 0.47057999670505524 1.3
      vertex -6.454281635582447 0.5030128881335258 1.3
      vertex -6.454281635582447 0.5030128881335258 1.8000000000000003
    endloop
  endfacet
  facet normal 0.7553991943698956 -0.6552648755620226 0
    outer loop
      vertex -6.454281635582447 0.5030128881335258 1.3
      vertex -6.423446968197823 0.5385595560073853 1.3
      vertex -6.423446968197823 0.5385595560073853 1.8000000000000003
    endloop
  endfacet
  facet normal 0.8150071388630022 -0.5794509156109282 0
    outer loop
      vertex -6.423446968197823 0.5385595560073853 1.3
      vertex -6.395960301160812 0.5772200003266335 1.3
      vertex -6.395960301160812 0.5772200003266335 1.8000000000000003
    endloop
  endfacet
  facet normal 0.8867575695639228 -0.4622348026934843 0
    outer loop
      vertex -6.395960301160812 0.5772200003266335 1.3
      vertex -6.374196574091911 0.6189718320965767 1.3
      vertex -6.374196574091911 0.6189718320965767 1.8000000000000003
    endloop
  endfacet
  facet normal 0.9180807181195778 -0.396393485084001 0
    outer loop
      vertex -6.374196574091911 0.6189718320965767 1.3
      vertex -6.354826740920544 0.6638339981436729 1.3
      vertex -6.354826740920544 0.6638339981436729 1.8000000000000003
    endloop
  endfacet
  facet normal 0.9427157559901467 -0.33359706744503315 0
    outer loop
      vertex -6.354826740920544 0.6638339981436729 1.3
      vertex -6.337850801646709 0.7118064984679222 1.3
      vertex -6.337850801646709 0.7118064984679222 1.8000000000000003
    endloop
  endfacet
  facet normal 0.9615887377911976 -0.2744942610568234 0
    outer loop
      vertex -6.337850801646709 0.7118064984679222 1.3
      vertex -6.323268741369247 0.7628893330693245 1.3
      vertex -6.323268741369247 0.7628893330693245 1.8000000000000003
    endloop
  endfacet
  facet normal 1 0 0
    outer loop
      vertex -8.358632296323776 -3.0632959976792336 1.3
      vertex -8.358632296323776 3.065279997885227 1.3
      vertex -8.358632296323776 3.065279997885227 1.8000000000000003
    endloop
  endfacet
  facet normal -1 0 0
    outer loop
      vertex -7.480278298258781 0.32735999673604965 1.3
      vertex -7.480278298258781 0.32735999673604965 1.8000000000000003
      vertex -7.480278298258781 2.239936001598835 1.3
    endloop
  endfacet
  facet normal 0.9756301727391182 -0.21942143478028409 0
    outer loop
      vertex -6.323268741369247 0.7628893330693245 1.3
      vertex -6.311080574989319 0.8170825019478798 1.3
      vertex -6.311080574989319 0.8170825019478798 1.8000000000000003
    endloop
  endfacet
  facet normal 0.9857057356638981 -0.16847611901778112 0
    outer loop
      vertex -6.311080574989319 0.8170825019478798 1.3
      vertex -6.301286302506924 0.8743859976530075 1.3
      vertex -6.301286302506924 0.8743859976530075 1.8000000000000003
    endloop
  endfacet
  facet normal 0.9915644442190089 -0.12961463250979016 0
    outer loop
      vertex -6.301286302506924 0.8743859976530075 1.3
      vertex -6.2933864668011665 0.9348205029964447 1.3
      vertex -6.2933864668011665 0.9348205029964447 1.8000000000000003
    endloop
  endfacet
  facet normal 0.9948667702661257 -0.10119342577582777 0
    outer loop
      vertex -6.2933864668011665 0.9348205029964447 1.3
      vertex -6.286922968924046 0.9983653351664543 1.3
      vertex -6.286922968924046 0.9983653351664543 1.8000000000000003
    endloop
  endfacet
  facet normal 0.9971679487341558 -0.07520692798749212 0
    outer loop
      vertex -6.286922968924046 0.9983653351664543 1.3
      vertex -6.28189580142498 1.065020501613617 1.3
      vertex -6.28189580142498 1.065020501613617 1.8000000000000003
    endloop
  endfacet
  facet normal 0.9986780405275528 -0.051402056068291346 0
    outer loop
      vertex -6.28189580142498 1.065020501613617 1.3
      vertex -6.27830496430397 1.1347860023379326 1.3
      vertex -6.27830496430397 1.1347860023379326 1.8000000000000003
    endloop
  endfacet
  facet normal 0.9995632718946781 -0.029551065618788137 0
    outer loop
      vertex -6.27830496430397 1.1347860023379326 1.3
      vertex -6.276150465011597 1.2076618298888206 1.3
      vertex -6.276150465011597 1.2076618298888206 1.8000000000000003
    endloop
  endfacet
  facet normal 0.9999553402792201 -0.009450790817126829 0
    outer loop
      vertex -6.276150465011597 1.2076618298888206 1.3
      vertex -6.275432303547859 1.2836479991674423 1.3
      vertex -6.275432303547859 1.2836479991674423 1.8000000000000003
    endloop
  endfacet
  facet normal 0.9999553382562045 0.009451004862941618 0
    outer loop
      vertex -6.275432303547859 1.2836479991674423 1.3
      vertex -6.276150465011597 1.359632447361946 1.3
      vertex -6.276150465011597 1.359632447361946 1.8000000000000003
    endloop
  endfacet
  facet normal 0.9995632100442725 0.029553157631450874 0
    outer loop
      vertex -6.276150465011597 1.359632447361946 1.3
      vertex -6.27830496430397 1.4325031116604805 1.3
      vertex -6.27830496430397 1.4325031116604805 1.8000000000000003
    endloop
  endfacet
  facet normal 0.9986777147104071 0.05140838589956793 0
    outer loop
      vertex -6.27830496430397 1.4325031116604805 1.3
      vertex -6.28189580142498 1.502259999513626 1.3
      vertex -6.28189580142498 1.502259999513626 1.8000000000000003
    endloop
  endfacet
  facet normal -1 0 0
    outer loop
      vertex -10.045720502734184 2.239936001598835 1.3
      vertex -10.045720502734184 -3.0632959976792336 1.8000000000000003
      vertex -10.045720502734184 2.239936001598835 1.8000000000000003
    endloop
  endfacet
  facet normal 0 -1 0
    outer loop
      vertex -7.480278298258781 0.32735999673604965 1.3
      vertex -6.98111630231142 0.32735999673604965 1.8000000000000003
      vertex -7.480278298258781 0.32735999673604965 1.8000000000000003
    endloop
  endfacet
  facet normal 0.02397588013208776 -0.9997125372685349 0
    outer loop
      vertex -6.98111630231142 0.32735999673604965 1.3
      vertex -6.90628919005394 0.3291545584797859 1.8000000000000003
      vertex -6.98111630231142 0.32735999673604965 1.8000000000000003
    endloop
  endfacet
  facet normal 0.07716077832634723 -0.9970186629587594 0
    outer loop
      vertex -6.90628919005394 0.3291545584797859 1.3
      vertex -6.836725190281868 0.33453822135925293 1.8000000000000003
      vertex -6.90628919005394 0.3291545584797859 1.8000000000000003
    endloop
  endfacet
  facet normal 0.13820452416783893 -0.9904037103623661 0
    outer loop
      vertex -6.836725190281868 0.33453822135925293 1.3
      vertex -6.772424302995205 0.3435110002756119 1.8000000000000003
      vertex -6.836725190281868 0.33453822135925293 1.8000000000000003
    endloop
  endfacet
  facet normal 0.20811806158613413 -0.9781037125180693 0
    outer loop
      vertex -6.772424302995205 0.3435110002756119 1.3
      vertex -6.71338652074337 0.35607288777828217 1.8000000000000003
      vertex -6.772424302995205 0.3435110002756119 1.8000000000000003
    endloop
  endfacet
  facet normal 0.28765186665226444 -0.9577350383125114 0
    outer loop
      vertex -6.71338652074337 0.35607288777828217 1.3
      vertex -6.659611858427525 0.3722238913178444 1.8000000000000003
      vertex -6.71338652074337 0.35607288777828217 1.8000000000000003
    endloop
  endfacet
  facet normal 0.3769062075249169 -0.9262514295423162 0
    outer loop
      vertex -6.659611858427525 0.3722238913178444 1.3
      vertex -6.611100301146507 0.39196400344371796 1.8000000000000003
      vertex -6.659611858427525 0.3722238913178444 1.8000000000000003
    endloop
  endfacet
  facet normal -0.7575855365796611 0.6527358997062344 0
    outer loop
      vertex -5.705142520368099 0.10903733223676682 1.3
      vertex -5.796404801309109 0.0031154975295066833 1.8000000000000003
      vertex -5.705142520368099 0.10903733223676682 1.8000000000000003
    endloop
  endfacet
  facet normal -0.8283197818964293 0.5602556014169353 0
    outer loop
      vertex -5.627999022603035 0.2230914980173111 1.3
      vertex -5.705142520368099 0.10903733223676682 1.8000000000000003
      vertex -5.627999022603035 0.2230914980173111 1.8000000000000003
    endloop
  endfacet
  facet normal 0.4628302065583476 -0.8864469526695646 0
    outer loop
      vertex -6.611100301146507 0.39196400344371796 1.3
      vertex -6.566873632371426 0.4150555580854416 1.8000000000000003
      vertex -6.611100301146507 0.39196400344371796 1.8000000000000003
    endloop
  endfacet
  facet normal 0.5396815351153512 -0.8418692538960774 0
    outer loop
      vertex -6.566873632371426 0.4150555580854416 1.3
      vertex -6.525994963943958 0.441260889172554 1.8000000000000003
      vertex -6.566873632371426 0.4150555580854416 1.8000000000000003
    endloop
  endfacet
  facet normal 0.6156216006040585 -0.7880419055289491 0
    outer loop
      vertex -6.525994963943958 0.441260889172554 1.3
      vertex -6.488464303314686 0.47057999670505524 1.8000000000000003
      vertex -6.525994963943958 0.441260889172554 1.8000000000000003
    endloop
  endfacet
  facet normal 0.6882959604020689 -0.7254299903465485 0
    outer loop
      vertex -6.488464303314686 0.47057999670505524 1.3
      vertex -6.454281635582447 0.5030128881335258 1.8000000000000003
      vertex -6.488464303314686 0.47057999670505524 1.8000000000000003
    endloop
  endfacet
  facet normal 0.7553991943698956 -0.6552648755620226 0
    outer loop
      vertex -6.454281635582447 0.5030128881335258 1.3
      vertex -6.423446968197823 0.5385595560073853 1.8000000000000003
      vertex -6.454281635582447 0.5030128881335258 1.8000000000000003
    endloop
  endfacet
  facet normal 0.8150071388630022 -0.5794509156109282 0
    outer loop
      vertex -6.423446968197823 0.5385595560073853 1.3
      vertex -6.395960301160812 0.5772200003266335 1.8000000000000003
      vertex -6.423446968197823 0.5385595560073853 1.8000000000000003
    endloop
  endfacet
  facet normal 0.8867575695639228 -0.4622348026934843 0
    outer loop
      vertex -6.395960301160812 0.5772200003266335 1.3
      vertex -6.374196574091911 0.6189718320965767 1.8000000000000003
      vertex -6.395960301160812 0.5772200003266335 1.8000000000000003
    endloop
  endfacet
  facet normal 0.9180807181195778 -0.396393485084001 0
    outer loop
      vertex -6.374196574091911 0.6189718320965767 1.3
      vertex -6.354826740920544 0.6638339981436729 1.8000000000000003
      vertex -6.374196574091911 0.6189718320965767 1.8000000000000003
    endloop
  endfacet
  facet normal 0.9427157559901467 -0.33359706744503315 0
    outer loop
      vertex -6.354826740920544 0.6638339981436729 1.3
      vertex -6.337850801646709 0.7118064984679222 1.8000000000000003
      vertex -6.354826740920544 0.6638339981436729 1.8000000000000003
    endloop
  endfacet
  facet normal 0.9615887377911976 -0.2744942610568234 0
    outer loop
      vertex -6.337850801646709 0.7118064984679222 1.3
      vertex -6.323268741369247 0.7628893330693245 1.8000000000000003
      vertex -6.337850801646709 0.7118064984679222 1.8000000000000003
    endloop
  endfacet
  facet normal 0.9756301727391182 -0.21942143478028409 0
    outer loop
      vertex -6.323268741369247 0.7628893330693245 1.3
      vertex -6.311080574989319 0.8170825019478798 1.8000000000000003
      vertex -6.323268741369247 0.7628893330693245 1.8000000000000003
    endloop
  endfacet
  facet normal 0.9857057356638981 -0.16847611901778112 0
    outer loop
      vertex -6.311080574989319 0.8170825019478798 1.3
      vertex -6.301286302506924 0.8743859976530075 1.8000000000000003
      vertex -6.311080574989319 0.8170825019478798 1.8000000000000003
    endloop
  endfacet
  facet normal 0.9915644442190089 -0.12961463250979016 0
    outer loop
      vertex -6.301286302506924 0.8743859976530075 1.3
      vertex -6.2933864668011665 0.9348205029964447 1.8000000000000003
      vertex -6.301286302506924 0.8743859976530075 1.8000000000000003
    endloop
  endfacet
  facet normal 0.9948667702661257 -0.10119342577582777 0
    outer loop
      vertex -6.2933864668011665 0.9348205029964447 1.3
      vertex -6.286922968924046 0.9983653351664543 1.8000000000000003
      vertex -6.2933864668011665 0.9348205029964447 1.8000000000000003
    endloop
  endfacet
  facet normal 0.9971679487341558 -0.07520692798749212 0
    outer loop
      vertex -6.286922968924046 0.9983653351664543 1.3
      vertex -6.28189580142498 1.065020501613617 1.8000000000000003
      vertex -6.286922968924046 0.9983653351664543 1.8000000000000003
    endloop
  endfacet
  facet normal 0.9986780405275528 -0.051402056068291346 0
    outer loop
      vertex -6.28189580142498 1.065020501613617 1.3
      vertex -6.27830496430397 1.1347860023379326 1.8000000000000003
      vertex -6.28189580142498 1.065020501613617 1.8000000000000003
    endloop
  endfacet
  facet normal 0.9995632718946781 -0.029551065618788137 0
    outer loop
      vertex -6.27830496430397 1.1347860023379326 1.3
      vertex -6.276150465011597 1.2076618298888206 1.8000000000000003
      vertex -6.27830496430397 1.1347860023379326 1.8000000000000003
    endloop
  endfacet
  facet normal 0.9999553402792201 -0.009450790817126829 0
    outer loop
      vertex -6.276150465011597 1.2076618298888206 1.3
      vertex -6.275432303547859 1.2836479991674423 1.8000000000000003
      vertex -6.276150465011597 1.2076618298888206 1.8000000000000003
    endloop
  endfacet
  facet normal 0.9999553382562045 0.009451004862941618 0
    outer loop
      vertex -6.275432303547859 1.2836479991674423 1.3
      vertex -6.276150465011597 1.359632447361946 1.8000000000000003
      vertex -6.275432303547859 1.2836479991674423 1.8000000000000003
    endloop
  endfacet
  facet normal 0.9995632100442725 0.029553157631450874 0
    outer loop
      vertex -6.276150465011597 1.359632447361946 1.3
      vertex -6.27830496430397 1.4325031116604805 1.8000000000000003
      vertex -6.276150465011597 1.359632447361946 1.8000000000000003
    endloop
  endfacet
  facet normal 0.9986777147104071 0.05140838589956793 0
    outer loop
      vertex -6.27830496430397 1.4325031116604805 1.3
      vertex -6.28189580142498 1.502259999513626 1.8000000000000003
      vertex -6.27830496430397 1.4325031116604805 1.8000000000000003
    endloop
  endfacet
  facet normal 0.9971669284151187 0.07522045516452114 0
    outer loop
      vertex -6.28189580142498 1.502259999513626 1.3
      vertex -6.286922968924046 1.568903110921383 1.8000000000000003
      vertex -6.28189580142498 1.502259999513626 1.8000000000000003
    endloop
  endfacet
  facet normal 0 1 0
    outer loop
      vertex -10.045720502734184 2.239936001598835 1.3
      vertex -10.045720502734184 2.239936001598835 1.8000000000000003
      vertex -9.027370497584343 2.239936001598835 1.3
    endloop
  endfacet
  facet normal -1 0 0
    outer loop
      vertex -9.027370497584343 2.239936001598835 1.3
      vertex -9.027370497584343 2.239936001598835 1.8000000000000003
      vertex -9.027370497584343 3.065279997885227 1.3
    endloop
  endfacet
  facet normal 0 1 0
    outer loop
      vertex -7.480278298258781 2.239936001598835 1.3
      vertex -7.480278298258781 2.239936001598835 1.8000000000000003
      vertex -7.024144299328327 2.239936001598835 1.3
    endloop
  endfacet
  facet normal 0.9971669284151187 0.07522045516452114 0
    outer loop
      vertex -6.28189580142498 1.502259999513626 1.3
      vertex -6.286922968924046 1.568903110921383 1.3
      vertex -6.286922968924046 1.568903110921383 1.8000000000000003
    endloop
  endfacet
  facet normal 0.9948642848448872 0.10121785781210257 0
    outer loop
      vertex -6.286922968924046 1.568903110921383 1.3
      vertex -6.2933864668011665 1.632432445883751 1.3
      vertex -6.2933864668011665 1.632432445883751 1.8000000000000003
    endloop
  endfacet
  facet normal 0.9915592172228552 0.129654613263079 0
    outer loop
      vertex -6.2933864668011665 1.632432445883751 1.3
      vertex -6.301286302506924 1.6928479969501495 1.3
      vertex -6.301286302506924 1.6928479969501495 1.8000000000000003
    endloop
  endfacet
  facet normal 0.985145484755891 0.17172179205063173 0
    outer loop
      vertex -6.301286302506924 1.6928479969501495 1.3
      vertex -6.311319969594479 1.750409834086895 1.3
      vertex -6.311319969594479 1.750409834086895 1.8000000000000003
    endloop
  endfacet
  facet normal 0.9734868002151453 0.22874319619800276 0
    outer loop
      vertex -6.311319969594479 1.750409834086895 1.3
      vertex -6.324226297438145 1.80533666908741 1.3
      vertex -6.324226297438145 1.80533666908741 1.8000000000000003
    endloop
  endfacet
  facet normal 0.9573642252348544 0.28888361019702524 0
    outer loop
      vertex -6.324226297438145 1.80533666908741 1.3
      vertex -6.340005300939083 1.8576285019516945 1.3
      vertex -6.340005300939083 1.8576285019516945 1.8000000000000003
    endloop
  endfacet
  facet normal 0.9361409173467277 0.3516250600699944 0
    outer loop
      vertex -6.340005300939083 1.8576285019516945 1.3
      vertex -6.358656965196133 1.9072853326797485 1.3
      vertex -6.358656965196133 1.9072853326797485 1.8000000000000003
    endloop
  endfacet
  facet normal 0.9092649798616144 0.41621772715401967 0
    outer loop
      vertex -6.358656965196133 1.9072853326797485 1.3
      vertex -6.380181297659874 1.9543071687221527 1.3
      vertex -6.380181297659874 1.9543071687221527 1.8000000000000003
    endloop
  endfacet
  facet normal 0.8763472495394157 0.4816798711018568 0
    outer loop
      vertex -6.380181297659874 1.9543071687221527 1.3
      vertex -6.404578298330307 1.9986940026283264 1.3
      vertex -6.404578298330307 1.9986940026283264 1.8000000000000003
    endloop
  endfacet
  facet normal 0.762183997126712 0.6473604517762483 0
    outer loop
      vertex -6.404578298330307 1.9986940026283264 1.3
      vertex -6.467186242341995 2.0724068358540535 1.3
      vertex -6.467186242341995 2.0724068358540535 1.8000000000000003
    endloop
  endfacet
  facet normal 0.04651330748452181 0.9989176703947378 0
    outer loop
      vertex -7.024144299328327 2.239936001598835 1.3
      vertex -7.024144299328327 2.239936001598835 1.8000000000000003
      vertex -6.880230247974396 2.233234830200672 1.3
    endloop
  endfacet
  facet normal 0.15556835232571858 0.9878251301493909 0
    outer loop
      vertex -6.880230247974396 2.233234830200672 1.3
      vertex -6.880230247974396 2.233234830200672 1.8000000000000003
      vertex -6.752577409148216 2.213131330907345 1.3
    endloop
  endfacet
  facet normal 0.2880445784857947 0.957617001104795 0
    outer loop
      vertex -6.752577409148216 2.213131330907345 1.3
      vertex -6.752577409148216 2.213131330907345 1.8000000000000003
      vertex -6.64118579775095 2.179625503718853 1.3
    endloop
  endfacet
  facet normal 0.4422511978585582 0.8968912297445384 0
    outer loop
      vertex -6.546055413782597 2.1327173337340355 1.3
      vertex -6.64118579775095 2.179625503718853 1.3
      vertex -6.64118579775095 2.179625503718853 1.8000000000000003
    endloop
  endfacet
  facet normal 0.607442344665261 0.7943637692566108 0
    outer loop
      vertex -6.546055413782597 2.1327173337340355 1.3
      vertex -6.546055413782597 2.1327173337340355 1.8000000000000003
      vertex -6.467186242341995 2.0724068358540535 1.3
    endloop
  endfacet
  facet normal -0.1049510072592278 -0.9944773934460619 0
    outer loop
      vertex -6.946768298745155 3.065279997885227 1.3
      vertex -6.473251909017563 3.0153080001473427 1.3
      vertex -6.473251909017563 3.0153080001473427 1.8000000000000003
    endloop
  endfacet
  facet normal -0.6383021599018809 -0.7697859135269972 0
    outer loop
      vertex -5.784500800073147 2.6155320033431053 1.3
      vertex -5.784500800073147 2.6155320033431053 1.8000000000000003
      vertex -6.08582941442728 2.8653919994831085 1.3
    endloop
  endfacet
  facet normal -0.36088105557618017 -0.9326118505177928 0
    outer loop
      vertex -6.473251909017563 3.0153080001473427 1.3
      vertex -6.08582941442728 2.8653919994831085 1.3
      vertex -6.08582941442728 2.8653919994831085 1.8000000000000003
    endloop
  endfacet
  facet normal 0 1 0
    outer loop
      vertex -10.924074500799179 2.239936001598835 1.3
      vertex -11.9398825019598 2.239936001598835 1.8000000000000003
      vertex -10.924074500799179 2.239936001598835 1.8000000000000003
    endloop
  endfacet
  facet normal 0 1 0
    outer loop
      vertex -9.027370497584343 2.239936001598835 1.3
      vertex -10.045720502734184 2.239936001598835 1.8000000000000003
      vertex -9.027370497584343 2.239936001598835 1.8000000000000003
    endloop
  endfacet
  facet normal -1 0 0
    outer loop
      vertex -9.027370497584343 3.065279997885227 1.3
      vertex -9.027370497584343 2.239936001598835 1.8000000000000003
      vertex -9.027370497584343 3.065279997885227 1.8000000000000003
    endloop
  endfacet
  facet normal -1 0 0
    outer loop
      vertex -7.480278298258781 2.239936001598835 1.3
      vertex -7.480278298258781 0.32735999673604965 1.8000000000000003
      vertex -7.480278298258781 2.239936001598835 1.8000000000000003
    endloop
  endfacet
  facet normal 0 1 0
    outer loop
      vertex -7.024144299328327 2.239936001598835 1.3
      vertex -7.480278298258781 2.239936001598835 1.8000000000000003
      vertex -7.024144299328327 2.239936001598835 1.8000000000000003
    endloop
  endfacet
  facet normal 0.9948642848448872 0.10121785781210257 0
    outer loop
      vertex -6.286922968924046 1.568903110921383 1.3
      vertex -6.2933864668011665 1.632432445883751 1.8000000000000003
      vertex -6.286922968924046 1.568903110921383 1.8000000000000003
    endloop
  endfacet
  facet normal 0.9915592172228552 0.129654613263079 0
    outer loop
      vertex -6.2933864668011665 1.632432445883751 1.3
      vertex -6.301286302506924 1.6928479969501495 1.8000000000000003
      vertex -6.2933864668011665 1.632432445883751 1.8000000000000003
    endloop
  endfacet
  facet normal 0.985145484755891 0.17172179205063173 0
    outer loop
      vertex -6.301286302506924 1.6928479969501495 1.3
      vertex -6.311319969594479 1.750409834086895 1.8000000000000003
      vertex -6.301286302506924 1.6928479969501495 1.8000000000000003
    endloop
  endfacet
  facet normal 0.9734868002151453 0.22874319619800276 0
    outer loop
      vertex -6.311319969594479 1.750409834086895 1.3
      vertex -6.324226297438145 1.80533666908741 1.8000000000000003
      vertex -6.311319969594479 1.750409834086895 1.8000000000000003
    endloop
  endfacet
  facet normal 0.9573642252348544 0.28888361019702524 0
    outer loop
      vertex -6.324226297438145 1.80533666908741 1.3
      vertex -6.340005300939083 1.8576285019516945 1.8000000000000003
      vertex -6.324226297438145 1.80533666908741 1.8000000000000003
    endloop
  endfacet
  facet normal 0.9361409173467277 0.3516250600699944 0
    outer loop
      vertex -6.340005300939083 1.8576285019516945 1.3
      vertex -6.358656965196133 1.9072853326797485 1.8000000000000003
      vertex -6.340005300939083 1.8576285019516945 1.8000000000000003
    endloop
  endfacet
  facet normal 0.9092649798616144 0.41621772715401967 0
    outer loop
      vertex -6.358656965196133 1.9072853326797485 1.3
      vertex -6.380181297659874 1.9543071687221527 1.8000000000000003
      vertex -6.358656965196133 1.9072853326797485 1.8000000000000003
    endloop
  endfacet
  facet normal 0.8763472495394157 0.4816798711018568 0
    outer loop
      vertex -6.380181297659874 1.9543071687221527 1.3
      vertex -6.404578298330307 1.9986940026283264 1.8000000000000003
      vertex -6.380181297659874 1.9543071687221527 1.8000000000000003
    endloop
  endfacet
  facet normal 0.762183997126712 0.6473604517762483 0
    outer loop
      vertex -6.404578298330307 1.9986940026283264 1.3
      vertex -6.467186242341995 2.0724068358540535 1.8000000000000003
      vertex -6.404578298330307 1.9986940026283264 1.8000000000000003
    endloop
  endfacet
  facet normal 0.607442344665261 0.7943637692566108 0
    outer loop
      vertex -6.467186242341995 2.0724068358540535 1.3
      vertex -6.546055413782597 2.1327173337340355 1.8000000000000003
      vertex -6.467186242341995 2.0724068358540535 1.8000000000000003
    endloop
  endfacet
  facet normal 0.04651330748452181 0.9989176703947378 0
    outer loop
      vertex -6.880230247974396 2.233234830200672 1.3
      vertex -7.024144299328327 2.239936001598835 1.8000000000000003
      vertex -6.880230247974396 2.233234830200672 1.8000000000000003
    endloop
  endfacet
  facet normal 0.15556835232571858 0.9878251301493909 0
    outer loop
      vertex -6.752577409148216 2.213131330907345 1.3
      vertex -6.880230247974396 2.233234830200672 1.8000000000000003
      vertex -6.752577409148216 2.213131330907345 1.8000000000000003
    endloop
  endfacet
  facet normal 0.2880445784857947 0.957617001104795 0
    outer loop
      vertex -6.64118579775095 2.179625503718853 1.3
      vertex -6.752577409148216 2.213131330907345 1.8000000000000003
      vertex -6.64118579775095 2.179625503718853 1.8000000000000003
    endloop
  endfacet
  facet normal 0.4422511978585582 0.8968912297445384 0
    outer loop
      vertex -6.546055413782597 2.1327173337340355 1.3
      vertex -6.64118579775095 2.179625503718853 1.8000000000000003
      vertex -6.546055413782597 2.1327173337340355 1.8000000000000003
    endloop
  endfacet
  facet normal -0.8516901407215635 -0.5240457081187512 0
    outer loop
      vertex -5.784500800073147 2.6155320033431053 1.3
      vertex -5.569266080856323 2.265727996826172 1.8000000000000003
      vertex -5.784500800073147 2.6155320033431053 1.8000000000000003
    endloop
  endfacet
  facet normal -0.1049510072592278 -0.9944773934460619 0
    outer loop
      vertex -6.946768298745155 3.065279997885227 1.3
      vertex -6.473251909017563 3.0153080001473427 1.8000000000000003
      vertex -6.946768298745155 3.065279997885227 1.8000000000000003
    endloop
  endfacet
  facet normal -0.6383021599018809 -0.7697859135269972 0
    outer loop
      vertex -6.08582941442728 2.8653919994831085 1.3
      vertex -5.784500800073147 2.6155320033431053 1.8000000000000003
      vertex -6.08582941442728 2.8653919994831085 1.8000000000000003
    endloop
  endfacet
  facet normal -0.36088105557618017 -0.9326118505177928 0
    outer loop
      vertex -6.473251909017563 3.0153080001473427 1.3
      vertex -6.08582941442728 2.8653919994831085 1.8000000000000003
      vertex -6.473251909017563 3.0153080001473427 1.8000000000000003
    endloop
  endfacet
  facet normal -0.8887370717528971 0.45841729602196074 0
    outer loop
      vertex -5.627999022603035 0.2230914980173111 1.3
      vertex -5.627999022603035 0.2230914980173111 1.8000000000000003
      vertex -5.564974300563335 0.3452780023217201 1.3
    endloop
  endfacet
  facet normal -0.9309496735818455 0.36514751164132997 0
    outer loop
      vertex -5.564974300563335 0.3452780023217201 1.3
      vertex -5.564974300563335 0.3452780023217201 1.8000000000000003
      vertex -5.51367274671793 0.47607216984033585 1.3
    endloop
  endfacet
  facet normal -0.9578058312547303 0.287416056639909 0
    outer loop
      vertex -5.51367274671793 0.47607216984033585 1.3
      vertex -5.51367274671793 0.47607216984033585 1.8000000000000003
      vertex -5.471698746085167 0.6159493327140808 1.3
    endloop
  endfacet
  facet normal -0.9768158723349517 0.2140811798232326 0
    outer loop
      vertex -5.471698746085167 0.6159493327140808 1.3
      vertex -5.471698746085167 0.6159493327140808 1.8000000000000003
      vertex -5.439052298665047 0.7649094983935356 1.3
    endloop
  endfacet
  facet normal 0.9817387818890257 0.1902339720845144 0
    outer loop
      vertex -2.548878900706768 -0.9225599989295006 1.3
      vertex -2.979468896985054 1.2995819970965385 1.3
      vertex -2.979468896985054 1.2995819970965385 1.8000000000000003
    endloop
  endfacet
  facet normal -0.9892894215126805 0.14596725825713744 0
    outer loop
      vertex -5.439052298665047 0.7649094983935356 1.3
      vertex -5.439052298665047 0.7649094983935356 1.8000000000000003
      vertex -5.41573341190815 0.9229526668787003 1.3
    endloop
  endfacet
  facet normal -0.996514028769416 0.0834253586492003 0
    outer loop
      vertex -5.41573341190815 0.9229526668787003 1.3
      vertex -5.41573341190815 0.9229526668787003 1.8000000000000003
      vertex -5.401742078363895 1.0900788307189941 1.3
    endloop
  endfacet
  facet normal -0.9996499250117686 0.026458031369803677 0
    outer loop
      vertex -5.401742078363895 1.0900788307189941 1.3
      vertex -5.401742078363895 1.0900788307189941 1.8000000000000003
      vertex -5.397078298032284 1.2662879973649979 1.3
    endloop
  endfacet
  facet normal -0.9969477234309859 -0.07807199719345329 0
    outer loop
      vertex -5.397078298032284 1.2662879973649979 1.3
      vertex -5.397078298032284 1.2662879973649979 1.8000000000000003
      vertex -5.4401252418756485 1.81598000228405 1.3
    endloop
  endfacet
  facet normal 0.9759422842195611 -0.21802902988433737 -2.12156349944264e-16
    outer loop
      vertex -4.718878902494907 -3.0632959976792336 1.3
      vertex -3.3497328981757164 3.065279997885227 1.3
      vertex -3.3497328981757164 3.065279997885227 1.8000000000000003
    endloop
  endfacet
  facet normal 0 1 0
    outer loop
      vertex -2.996642902493477 1.2995819970965385 1.3
      vertex -2.996642902493477 1.2995819970965385 1.8000000000000003
      vertex -2.979468896985054 1.2995819970965385 1.3
    endloop
  endfacet
  facet normal 1 0 0
    outer loop
      vertex -0.46823330223560333 -3.0632959976792336 1.3
      vertex -0.46823330223560333 3.065279997885227 1.3
      vertex -0.46823330223560333 3.065279997885227 1.8000000000000003
    endloop
  endfacet
  facet normal -0.8887370717528971 0.45841729602196074 0
    outer loop
      vertex -5.564974300563335 0.3452780023217201 1.3
      vertex -5.627999022603035 0.2230914980173111 1.8000000000000003
      vertex -5.564974300563335 0.3452780023217201 1.8000000000000003
    endloop
  endfacet
  facet normal -0.9309496735818455 0.36514751164132997 0
    outer loop
      vertex -5.51367274671793 0.47607216984033585 1.3
      vertex -5.564974300563335 0.3452780023217201 1.8000000000000003
      vertex -5.51367274671793 0.47607216984033585 1.8000000000000003
    endloop
  endfacet
  facet normal -0.9578058312547303 0.287416056639909 0
    outer loop
      vertex -5.471698746085167 0.6159493327140808 1.3
      vertex -5.51367274671793 0.47607216984033585 1.8000000000000003
      vertex -5.471698746085167 0.6159493327140808 1.8000000000000003
    endloop
  endfacet
  facet normal -0.9768158723349517 0.2140811798232326 0
    outer loop
      vertex -5.439052298665047 0.7649094983935356 1.3
      vertex -5.471698746085167 0.6159493327140808 1.8000000000000003
      vertex -5.439052298665047 0.7649094983935356 1.8000000000000003
    endloop
  endfacet
  facet normal -0.9817387818890257 0.1902339720845144 0
    outer loop
      vertex -2.996642902493477 1.2995819970965385 1.3
      vertex -3.427232898771763 -0.9225599989295006 1.8000000000000003
      vertex -2.996642902493477 1.2995819970965385 1.8000000000000003
    endloop
  endfacet
  facet normal -0.9892894215126805 0.14596725825713744 0
    outer loop
      vertex -5.41573341190815 0.9229526668787003 1.3
      vertex -5.439052298665047 0.7649094983935356 1.8000000000000003
      vertex -5.41573341190815 0.9229526668787003 1.8000000000000003
    endloop
  endfacet
  facet normal -0.996514028769416 0.0834253586492003 0
    outer loop
      vertex -5.401742078363895 1.0900788307189941 1.3
      vertex -5.41573341190815 0.9229526668787003 1.8000000000000003
      vertex -5.401742078363895 1.0900788307189941 1.8000000000000003
    endloop
  endfacet
  facet normal -0.9996499250117686 0.026458031369803677 0
    outer loop
      vertex -5.397078298032284 1.2662879973649979 1.3
      vertex -5.401742078363895 1.0900788307189941 1.8000000000000003
      vertex -5.397078298032284 1.2662879973649979 1.8000000000000003
    endloop
  endfacet
  facet normal 0 1 0
    outer loop
      vertex -2.979468896985054 1.2995819970965385 1.3
      vertex -2.996642902493477 1.2995819970965385 1.8000000000000003
      vertex -2.979468896985054 1.2995819970965385 1.8000000000000003
    endloop
  endfacet
  facet normal -0.9759422844720215 -0.2180290287542736 0
    outer loop
      vertex -2.6177608966827393 3.065279997885227 1.3
      vertex -1.2486148998141289 -3.0632959976792336 1.8000000000000003
      vertex -2.6177608966827393 3.065279997885227 1.8000000000000003
    endloop
  endfacet
  facet normal -0.961161022788995 -0.2759882031377665 0
    outer loop
      vertex -5.4401252418756485 1.81598000228405 1.3
      vertex -5.4401252418756485 1.81598000228405 1.8000000000000003
      vertex -5.569266080856323 2.265727996826172 1.3
    endloop
  endfacet
  facet normal -0.8516901407215635 -0.5240457081187512 0
    outer loop
      vertex -5.569266080856323 2.265727996826172 1.3
      vertex -5.569266080856323 2.265727996826172 1.8000000000000003
      vertex -5.784500800073147 2.6155320033431053 1.3
    endloop
  endfacet
  facet normal -0.9969477234309859 -0.07807199719345329 0
    outer loop
      vertex -5.4401252418756485 1.81598000228405 1.3
      vertex -5.397078298032284 1.2662879973649979 1.8000000000000003
      vertex -5.4401252418756485 1.81598000228405 1.8000000000000003
    endloop
  endfacet
  facet normal -0.961161022788995 -0.2759882031377665 0
    outer loop
      vertex -5.569266080856323 2.265727996826172 1.3
      vertex -5.4401252418756485 1.81598000228405 1.8000000000000003
      vertex -5.569266080856323 2.265727996826172 1.8000000000000003
    endloop
  endfacet
  facet normal 0 -1 0
    outer loop
      vertex -11.9398825019598 3.065279997885227 1.3
      vertex -9.027370497584343 3.065279997885227 1.3
      vertex -9.027370497584343 3.065279997885227 1.8000000000000003
    endloop
  endfacet
  facet normal 0 -1 0
    outer loop
      vertex -8.358632296323776 3.065279997885227 1.3
      vertex -6.946768298745155 3.065279997885227 1.3
      vertex -6.946768298745155 3.065279997885227 1.8000000000000003
    endloop
  endfacet
  facet normal 0 -1 0
    outer loop
      vertex -11.9398825019598 3.065279997885227 1.3
      vertex -9.027370497584343 3.065279997885227 1.8000000000000003
      vertex -11.9398825019598 3.065279997885227 1.8000000000000003
    endloop
  endfacet
  facet normal 0 -1 0
    outer loop
      vertex -8.358632296323776 3.065279997885227 1.3
      vertex -6.946768298745155 3.065279997885227 1.8000000000000003
      vertex -8.358632296323776 3.065279997885227 1.8000000000000003
    endloop
  endfacet
  facet normal 0 -1 0
    outer loop
      vertex -3.3497328981757164 3.065279997885227 1.3
      vertex -2.6177608966827393 3.065279997885227 1.3
      vertex -2.6177608966827393 3.065279997885227 1.8000000000000003
    endloop
  endfacet
  facet normal 0 -1 0
    outer loop
      vertex -3.3497328981757164 3.065279997885227 1.3
      vertex -2.6177608966827393 3.065279997885227 1.8000000000000003
      vertex -3.3497328981757164 3.065279997885227 1.8000000000000003
    endloop
  endfacet
  facet normal 0 1 0
    outer loop
      vertex 3.0364964976906776 -3.0632959976792336 1.3
      vertex 3.0364964976906776 -3.0632959976792336 1.8000000000000003
      vertex 3.914850503206253 -3.0632959976792336 1.3
    endloop
  endfacet
  facet normal 0 1 0
    outer loop
      vertex 0.4101207032799721 -3.0632959976792336 1.3
      vertex -0.46823330223560333 -3.0632959976792336 1.8000000000000003
      vertex 0.4101207032799721 -3.0632959976792336 1.8000000000000003
    endloop
  endfacet
  facet normal 0 1 0
    outer loop
      vertex 3.914850503206253 -3.0632959976792336 1.3
      vertex 3.0364964976906776 -3.0632959976792336 1.8000000000000003
      vertex 3.914850503206253 -3.0632959976792336 1.8000000000000003
    endloop
  endfacet
  facet normal 0 1 0
    outer loop
      vertex 6.56900230050087 -3.065279997885227 1.3
      vertex 6.56900230050087 -3.065279997885227 1.8000000000000003
      vertex 7.447356298565865 -3.065279997885227 1.3
    endloop
  endfacet
  facet normal 0.23809115695095934 0.9712428125766253 0
    outer loop
      vertex 9.446242846548557 -3.069029279053211 1.3
      vertex 9.36038489639759 -3.0479819998145103 1.3
      vertex 9.36038489639759 -3.0479819998145103 1.8000000000000003
    endloop
  endfacet
  facet normal 0.1977129280874269 0.9802599645334374 0
    outer loop
      vertex 9.446242846548557 -3.069029279053211 1.3
      vertex 9.446242846548557 -3.069029279053211 1.8000000000000003
      vertex 9.531622007489204 -3.086249776184559 1.3
    endloop
  endfacet
  facet normal 0.11260271662690238 0.9936400898757264 0
    outer loop
      vertex 9.616522401571274 -3.099643498659134 1.3
      vertex 9.616522401571274 -3.099643498659134 1.8000000000000003
      vertex 9.700944013893604 -3.1092104464769363 1.3
    endloop
  endfacet
  facet normal 0.15583086035639063 0.9877837531365795 0
    outer loop
      vertex 9.531622007489204 -3.086249776184559 1.3
      vertex 9.531622007489204 -3.086249776184559 1.8000000000000003
      vertex 9.616522401571274 -3.099643498659134 1.3
    endloop
  endfacet
  facet normal 0.06822252512394276 0.9976701293843137 0
    outer loop
      vertex 9.700944013893604 -3.1092104464769363 1.3
      vertex 9.700944013893604 -3.1092104464769363 1.8000000000000003
      vertex 9.784886844456196 -3.1149506121873856 1.3
    endloop
  endfacet
  facet normal 0.022918709594385255 0.999737331877993 0
    outer loop
      vertex 9.784886844456196 -3.1149506121873856 1.3
      vertex 9.784886844456196 -3.1149506121873856 1.8000000000000003
      vertex 9.868350900709629 -3.116864003241062 1.3
    endloop
  endfacet
  facet normal -0.03342952191900129 0.9994410773348608 0
    outer loop
      vertex 9.868350900709629 -3.116864003241062 1.3
      vertex 9.868350900709629 -3.116864003241062 1.8000000000000003
      vertex 9.964841842651367 -3.113636553287506 1.3
    endloop
  endfacet
  facet normal -0.10209792037003002 0.9947743536381077 0
    outer loop
      vertex 9.964841842651367 -3.113636553287506 1.3
      vertex 9.964841842651367 -3.113636553287506 1.8000000000000003
      vertex 10.05918001383543 -3.1039542257785797 1.3
    endloop
  endfacet
  facet normal -0.17242994052652053 0.9850217843327226 0
    outer loop
      vertex 10.05918001383543 -3.1039542257785797 1.3
      vertex 10.05918001383543 -3.1039542257785797 1.8000000000000003
      vertex 10.151365399360657 -3.087816998362541 1.3
    endloop
  endfacet
  facet normal -0.24338682089353209 0.9699293043388987 0
    outer loop
      vertex 10.151365399360657 -3.087816998362541 1.3
      vertex 10.151365399360657 -3.087816998362541 1.8000000000000003
      vertex 10.241398014128208 -3.0652248859405518 1.3
    endloop
  endfacet
  facet normal -0.3138319778591091 0.9494785356568308 0
    outer loop
      vertex 10.241398014128208 -3.0652248859405518 1.3
      vertex 10.241398014128208 -3.0652248859405518 1.8000000000000003
      vertex 10.329277843236923 -3.0361778885126114 1.3
    endloop
  endfacet
  facet normal 0 1 0
    outer loop
      vertex 7.447356298565865 -3.065279997885227 1.3
      vertex 6.56900230050087 -3.065279997885227 1.8000000000000003
      vertex 7.447356298565865 -3.065279997885227 1.8000000000000003
    endloop
  endfacet
  facet normal 0.23809115695095934 0.9712428125766253 0
    outer loop
      vertex 9.446242846548557 -3.069029279053211 1.3
      vertex 9.36038489639759 -3.0479819998145103 1.8000000000000003
      vertex 9.446242846548557 -3.069029279053211 1.8000000000000003
    endloop
  endfacet
  facet normal 0.1977129280874269 0.9802599645334374 0
    outer loop
      vertex 9.531622007489204 -3.086249776184559 1.3
      vertex 9.446242846548557 -3.069029279053211 1.8000000000000003
      vertex 9.531622007489204 -3.086249776184559 1.8000000000000003
    endloop
  endfacet
  facet normal 0.11260271662690238 0.9936400898757264 0
    outer loop
      vertex 9.700944013893604 -3.1092104464769363 1.3
      vertex 9.616522401571274 -3.099643498659134 1.8000000000000003
      vertex 9.700944013893604 -3.1092104464769363 1.8000000000000003
    endloop
  endfacet
  facet normal 0.15583086035639063 0.9877837531365795 0
    outer loop
      vertex 9.616522401571274 -3.099643498659134 1.3
      vertex 9.531622007489204 -3.086249776184559 1.8000000000000003
      vertex 9.616522401571274 -3.099643498659134 1.8000000000000003
    endloop
  endfacet
  facet normal 0.06822252512394276 0.9976701293843137 0
    outer loop
      vertex 9.784886844456196 -3.1149506121873856 1.3
      vertex 9.700944013893604 -3.1092104464769363 1.8000000000000003
      vertex 9.784886844456196 -3.1149506121873856 1.8000000000000003
    endloop
  endfacet
  facet normal 0.022918709594385255 0.999737331877993 0
    outer loop
      vertex 9.868350900709629 -3.116864003241062 1.3
      vertex 9.784886844456196 -3.1149506121873856 1.8000000000000003
      vertex 9.868350900709629 -3.116864003241062 1.8000000000000003
    endloop
  endfacet
  facet normal -0.03342952191900129 0.9994410773348608 0
    outer loop
      vertex 9.964841842651367 -3.113636553287506 1.3
      vertex 9.868350900709629 -3.116864003241062 1.8000000000000003
      vertex 9.964841842651367 -3.113636553287506 1.8000000000000003
    endloop
  endfacet
  facet normal -0.10209792037003002 0.9947743536381077 0
    outer loop
      vertex 10.05918001383543 -3.1039542257785797 1.3
      vertex 9.964841842651367 -3.113636553287506 1.8000000000000003
      vertex 10.05918001383543 -3.1039542257785797 1.8000000000000003
    endloop
  endfacet
  facet normal -0.17242994052652053 0.9850217843327226 0
    outer loop
      vertex 10.151365399360657 -3.087816998362541 1.3
      vertex 10.05918001383543 -3.1039542257785797 1.8000000000000003
      vertex 10.151365399360657 -3.087816998362541 1.8000000000000003
    endloop
  endfacet
  facet normal -0.24338682089353209 0.9699293043388987 0
    outer loop
      vertex 10.241398014128208 -3.0652248859405518 1.3
      vertex 10.151365399360657 -3.087816998362541 1.8000000000000003
      vertex 10.241398014128208 -3.0652248859405518 1.8000000000000003
    endloop
  endfacet
  facet normal 0 0 1
    outer loop
      vertex -0.46823330223560333 -3.0632959976792336 1.3
      vertex 0.4101207032799721 -3.0632959976792336 1.3
      vertex 0.4101207032799721 -0.4464000016450882 1.3
    endloop
  endfacet
  facet normal 0 0 1
    outer loop
      vertex 3.0364964976906776 -3.0632959976792336 1.3
      vertex 3.914850503206253 -3.0632959976792336 1.3
      vertex 3.914850503206253 -0.4464000016450882 1.3
    endloop
  endfacet
  facet normal 0 0 1
    outer loop
      vertex 0.4101207032799721 -0.4464000016450882 1.3
      vertex 1.9264547005295753 -0.4464000016450882 1.3
      vertex 1.9264547005295753 0.3789440020918846 1.3
    endloop
  endfacet
  facet normal 0 0 1
    outer loop
      vertex 3.0364964976906776 -3.0632959976792336 1.3
      vertex 3.914850503206253 -0.4464000016450882 1.3
      vertex 3.0364964976906776 3.065279997885227 1.3
    endloop
  endfacet
  facet normal 0 0 1
    outer loop
      vertex 3.914850503206253 -0.4464000016450882 1.3
      vertex 5.431184500455856 -0.4464000016450882 1.3
      vertex 5.431184500455856 0.3789440020918846 1.3
    endloop
  endfacet
  facet normal 0 0 1
    outer loop
      vertex 9.446242846548557 -3.069029279053211 1.3
      vertex 9.653638012707233 -2.218670003116131 1.3
      vertex 9.36038489639759 -3.0479819998145103 1.3
    endloop
  endfacet
  facet normal 0 0 1
    outer loop
      vertex 9.275739401578903 -3.0221503898501396 1.3
      vertex 9.578934900462627 -2.1935599967837334 1.3
      vertex 9.193956233561039 -2.990576885640621 1.3
    endloop
  endfacet
  facet normal 0 0 1
    outer loop
      vertex 9.038976900279522 -2.9102042242884636 1.3
      vertex 9.115035399794579 -2.9532615020871162 1.3
      vertex 9.51451001316309 -2.1584059968590736 1.3
    endloop
  endfacet
  facet normal 0 0 1
    outer loop
      vertex 9.193956233561039 -2.990576885640621 1.3
      vertex 9.578934900462627 -2.1935599967837334 1.3
      vertex 9.115035399794579 -2.9532615020871162 1.3
    endloop
  endfacet
  facet normal 0 0 1
    outer loop
      vertex 9.275739401578903 -3.0221503898501396 1.3
      vertex 9.36038489639759 -3.0479819998145103 1.3
      vertex 9.578934900462627 -2.1935599967837334 1.3
    endloop
  endfacet
  facet normal 0 0 1
    outer loop
      vertex 9.616522401571274 -3.099643498659134 1.3
      vertex 9.700944013893604 -3.1092104464769363 1.3
      vertex 9.738619342446327 -2.233736000955105 1.3
    endloop
  endfacet
  facet normal 0 0 1
    outer loop
      vertex 9.446242846548557 -3.069029279053211 1.3
      vertex 9.531622007489204 -3.086249776184559 1.3
      vertex 9.653638012707233 -2.218670003116131 1.3
    endloop
  endfacet
  facet normal 0 0 1
    outer loop
      vertex 9.531622007489204 -3.086249776184559 1.3
      vertex 9.616522401571274 -3.099643498659134 1.3
      vertex 9.738619342446327 -2.233736000955105 1.3
    endloop
  endfacet
  facet normal 0 0 1
    outer loop
      vertex 9.700944013893604 -3.1092104464769363 1.3
      vertex 9.784886844456196 -3.1149506121873856 1.3
      vertex 9.83387889713049 -2.238757997751236 1.3
    endloop
  endfacet
  facet normal 0 0 1
    outer loop
      vertex 9.784886844456196 -3.1149506121873856 1.3
      vertex 9.868350900709629 -3.116864003241062 1.3
      vertex 9.83387889713049 -2.238757997751236 1.3
    endloop
  endfacet
  facet normal 0 0 1
    outer loop
      vertex 9.038976900279522 -2.9102042242884636 1.3
      vertex 9.51451001316309 -2.1584059968590736 1.3
      vertex 8.96578073501587 -2.8614050522446632 1.3
    endloop
  endfacet
  facet normal 0 0 1
    outer loop
      vertex 8.96578073501587 -2.8614050522446632 1.3
      vertex 9.51451001316309 -2.1584059968590736 1.3
      vertex 8.89544689655304 -2.8068640008568764 1.3
    endloop
  endfacet
  facet normal 0 0 1
    outer loop
      vertex 8.89544689655304 -2.8068640008568764 1.3
      vertex 9.46036334335804 -2.1132080033421516 1.3
      vertex 8.828616067767143 -2.7467222809791565 1.3
    endloop
  endfacet
  facet normal 0 0 1
    outer loop
      vertex 8.828616067767143 -2.7467222809791565 1.3
      vertex 9.46036334335804 -2.1132080033421516 1.3
      vertex 8.765846230089664 -2.681079775094986 1.3
    endloop
  endfacet
  facet normal 0 0 1
    outer loop
      vertex 8.707137398421764 -2.609936498105526 1.3
      vertex 8.765846230089664 -2.681079775094986 1.3
      vertex 9.46036334335804 -2.1132080033421516 1.3
    endloop
  endfacet
  facet normal 0 0 1
    outer loop
      vertex 8.707137398421764 -2.609936498105526 1.3
      vertex 9.416494898498058 -2.057966001331806 1.3
      vertex 8.652489565312862 -2.533292442560196 1.3
    endloop
  endfacet
  facet normal 0 0 1
    outer loop
      vertex 8.652489565312862 -2.533292442560196 1.3
      vertex 9.416494898498058 -2.057966001331806 1.3
      vertex 8.601902730762959 -2.451147608458996 1.3
    endloop
  endfacet
  facet normal 0 0 1
    outer loop
      vertex 9.36038489639759 -3.0479819998145103 1.3
      vertex 9.653638012707233 -2.218670003116131 1.3
      vertex 9.578934900462627 -2.1935599967837334 1.3
    endloop
  endfacet
  facet normal 0 0 1
    outer loop
      vertex 9.531622007489204 -3.086249776184559 1.3
      vertex 9.738619342446327 -2.233736000955105 1.3
      vertex 9.653638012707233 -2.218670003116131 1.3
    endloop
  endfacet
  facet normal 0 0 1
    outer loop
      vertex 9.700944013893604 -3.1092104464769363 1.3
      vertex 9.83387889713049 -2.238757997751236 1.3
      vertex 9.738619342446327 -2.233736000955105 1.3
    endloop
  endfacet
  facet normal 0 0 1
    outer loop
      vertex 9.868350900709629 -3.116864003241062 1.3
      vertex 9.862922452390194 -2.2379209995269775 1.3
      vertex 9.83387889713049 -2.238757997751236 1.3
    endloop
  endfacet
  facet normal 0 0 1
    outer loop
      vertex 9.115035399794579 -2.9532615020871162 1.3
      vertex 9.578934900462627 -2.1935599967837334 1.3
      vertex 9.51451001316309 -2.1584059968590736 1.3
    endloop
  endfacet
  facet normal 0 0 1
    outer loop
      vertex 8.89544689655304 -2.8068640008568764 1.3
      vertex 9.51451001316309 -2.1584059968590736 1.3
      vertex 9.46036334335804 -2.1132080033421516 1.3
    endloop
  endfacet
  facet normal 0 0 1
    outer loop
      vertex 9.868350900709629 -3.116864003241062 1.3
      vertex 9.964841842651367 -3.113636553287506 1.3
      vertex 9.862922452390194 -2.2379209995269775 1.3
    endloop
  endfacet
  facet normal 0 0 1
    outer loop
      vertex 9.964841842651367 -3.113636553287506 1.3
      vertex 10.05918001383543 -3.1039542257785797 1.3
      vertex 9.923158898949623 -2.231224998831749 1.3
    endloop
  endfacet
  facet normal 0 0 1
    outer loop
      vertex 10.05918001383543 -3.1039542257785797 1.3
      vertex 10.151365399360657 -3.087816998362541 1.3
      vertex 9.954351790249348 -2.225365996360779 1.3
    endloop
  endfacet
  facet normal 0 0 1
    outer loop
      vertex 10.151365399360657 -3.087816998362541 1.3
      vertex 10.241398014128208 -3.0652248859405518 1.3
      vertex 9.986261121928692 -2.217832997441292 1.3
    endloop
  endfacet
  facet normal 0 0 1
    outer loop
      vertex 10.241398014128208 -3.0652248859405518 1.3
      vertex 10.329277843236923 -3.0361778885126114 1.3
      vertex 10.018886901438236 -2.208626002073288 1.3
    endloop
  endfacet
  facet normal 0 0 1
    outer loop
      vertex 10.329277843236923 -3.0361778885126114 1.3
      vertex 10.415004901587963 -3.0006759986281395 1.3
      vertex 10.051531620323658 -2.197505608201027 1.3
    endloop
  endfacet
  facet normal 0 0 1
    outer loop
      vertex 10.415004901587963 -3.0006759986281395 1.3
      vertex 10.497864454984665 -2.9596526697278023 1.3
      vertex 10.083456456661224 -2.1842324435710907 1.3
    endloop
  endfacet
  facet normal 0 0 1
    outer loop
      vertex 10.497864454984665 -2.9596526697278023 1.3
      vertex 10.577141791582108 -2.914082668721676 1.3
      vertex 10.114661403000355 -2.1688065007328987 1.3
    endloop
  endfacet
  facet normal 0 0 1
    outer loop
      vertex 9.964841842651367 -3.113636553287506 1.3
      vertex 9.892682455480099 -2.2354099974036217 1.3
      vertex 9.862922452390194 -2.2379209995269775 1.3
    endloop
  endfacet
  facet normal 0 0 1
    outer loop
      vertex 9.964841842651367 -3.113636553287506 1.3
      vertex 9.923158898949623 -2.231224998831749 1.3
      vertex 9.892682455480099 -2.2354099974036217 1.3
    endloop
  endfacet
  facet normal 0 0 1
    outer loop
      vertex 10.05918001383543 -3.1039542257785797 1.3
      vertex 9.954351790249348 -2.225365996360779 1.3
      vertex 9.923158898949623 -2.231224998831749 1.3
    endloop
  endfacet
  facet normal 0 0 1
    outer loop
      vertex 10.151365399360657 -3.087816998362541 1.3
      vertex 9.986261121928692 -2.217832997441292 1.3
      vertex 9.954351790249348 -2.225365996360779 1.3
    endloop
  endfacet
  facet normal 0 0 1
    outer loop
      vertex 10.241398014128208 -3.0652248859405518 1.3
      vertex 10.018886901438236 -2.208626002073288 1.3
      vertex 9.986261121928692 -2.217832997441292 1.3
    endloop
  endfacet
  facet normal 0 0 1
    outer loop
      vertex 10.329277843236923 -3.0361778885126114 1.3
      vertex 10.051531620323658 -2.197505608201027 1.3
      vertex 10.018886901438236 -2.208626002073288 1.3
    endloop
  endfacet
  facet normal 0 0 1
    outer loop
      vertex 10.577141791582108 -2.914082668721676 1.3
      vertex 10.65283689647913 -2.863966003060341 1.3
      vertex 10.145146451890469 -2.151227779686451 1.3
    endloop
  endfacet
  facet normal 0 0 1
    outer loop
      vertex 10.65283689647913 -2.863966003060341 1.3
      vertex 10.724949792027473 -2.8093026652932167 1.3
      vertex 10.174911625683308 -2.1314962804317474 1.3
    endloop
  endfacet
  facet normal 0 0 1
    outer loop
      vertex 10.724949792027473 -2.8093026652932167 1.3
      vertex 10.793480455875397 -2.7500926703214645 1.3
      vertex 10.20395690202713 -2.109612002968788 1.3
    endloop
  endfacet
  facet normal 0 0 1
    outer loop
      vertex 10.415004901587963 -3.0006759986281395 1.3
      vertex 10.083456456661224 -2.1842324435710907 1.3
      vertex 10.051531620323658 -2.197505608201027 1.3
    endloop
  endfacet
  facet normal 0 0 1
    outer loop
      vertex 10.497864454984665 -2.9596526697278023 1.3
      vertex 10.114661403000355 -2.1688065007328987 1.3
      vertex 10.083456456661224 -2.1842324435710907 1.3
    endloop
  endfacet
  facet normal 0 0 1
    outer loop
      vertex 10.577141791582108 -2.914082668721676 1.3
      vertex 10.145146451890469 -2.151227779686451 1.3
      vertex 10.114661403000355 -2.1688065007328987 1.3
    endloop
  endfacet
  facet normal 0 0 1
    outer loop
      vertex 10.65283689647913 -2.863966003060341 1.3
      vertex 10.174911625683308 -2.1314962804317474 1.3
      vertex 10.145146451890469 -2.151227779686451 1.3
    endloop
  endfacet
  facet normal 0 0 1
    outer loop
      vertex 10.724949792027473 -2.8093026652932167 1.3
      vertex 10.20395690202713 -2.109612002968788 1.3
      vertex 10.174911625683308 -2.1314962804317474 1.3
    endloop
  endfacet
  facet normal 0 0 1
    outer loop
      vertex 10.793480455875397 -2.7500926703214645 1.3
      vertex 10.229053124785423 -2.085197776556015 1.3
      vertex 10.20395690202713 -2.109612002968788 1.3
    endloop
  endfacet
  facet normal 0 0 1
    outer loop
      vertex 10.793480455875397 -2.7500926703214645 1.3
      vertex 10.85842890292406 -2.686336003243923 1.3
      vertex 10.229053124785423 -2.085197776556015 1.3
    endloop
  endfacet
  facet normal 0 0 1
    outer loop
      vertex 10.85842890292406 -2.686336003243923 1.3
      vertex 10.919275008141994 -2.6187904477119446 1.3
      vertex 10.252716451883316 -2.057917781174183 1.3
    endloop
  endfacet
  facet normal 0 0 1
    outer loop
      vertex 10.919275008141994 -2.6187904477119446 1.3
      vertex 10.975581347942352 -2.5481311082839966 1.3
      vertex 10.252716451883316 -2.057917781174183 1.3
    endloop
  endfacet
  facet normal 0 0 1
    outer loop
      vertex 10.975581347942352 -2.5481311082839966 1.3
      vertex 11.027347899973392 -2.4743579998612404 1.3
      vertex 10.27494689822197 -2.0277720019221306 1.3
    endloop
  endfacet
  facet normal 0 0 1
    outer loop
      vertex 11.027347899973392 -2.4743579998612404 1.3
      vertex 11.074574679136276 -2.397471107542515 1.3
      vertex 10.295744456350803 -1.9947604462504387 1.3
    endloop
  endfacet
  facet normal 0 0 1
    outer loop
      vertex 8.555376902222633 -2.3635020032525063 1.3
      vertex 9.380993008613586 -1.9952908903360367 1.3
      vertex 8.514608457684517 -2.26891927421093 1.3
    endloop
  endfacet
  facet normal 0 0 1
    outer loop
      vertex 8.514608457684517 -2.26891927421093 1.3
      vertex 9.351946011185646 -1.927834890782833 1.3
      vertex 8.481252454221249 -2.165963113307953 1.3
    endloop
  endfacet
  facet normal 0 0 1
    outer loop
      vertex 8.601902730762959 -2.451147608458996 1.3
      vertex 9.380993008613586 -1.9952908903360367 1.3
      vertex 8.555376902222633 -2.3635020032525063 1.3
    endloop
  endfacet
  facet normal 0 0 1
    outer loop
      vertex 8.601902730762959 -2.451147608458996 1.3
      vertex 9.416494898498058 -2.057966001331806 1.3
      vertex 9.380993008613586 -1.9952908903360367 1.3
    endloop
  endfacet
  facet normal 0 0 1
    outer loop
      vertex 8.481252454221249 -2.165963113307953 1.3
      vertex 9.329353898763657 -1.8555980026721954 1.3
      vertex 8.45530889928341 -2.0546334981918335 1.3
    endloop
  endfacet
  facet normal 0 0 1
    outer loop
      vertex 8.45530889928341 -2.0546334981918335 1.3
      vertex 9.329353898763657 -1.8555980026721954 1.3
      vertex 8.436777785420418 -1.934930443763733 1.3
    endloop
  endfacet
  facet normal 0 0 1
    outer loop
      vertex 8.514608457684517 -2.26891927421093 1.3
      vertex 9.380993008613586 -1.9952908903360367 1.3
      vertex 9.351946011185646 -1.927834890782833 1.3
    endloop
  endfacet
  facet normal 0 0 1
    outer loop
      vertex 8.481252454221249 -2.165963113307953 1.3
      vertex 9.351946011185646 -1.927834890782833 1.3
      vertex 9.329353898763657 -1.8555980026721954 1.3
    endloop
  endfacet
  facet normal 0 0 1
    outer loop
      vertex 8.707137398421764 -2.609936498105526 1.3
      vertex 9.46036334335804 -2.1132080033421516 1.3
      vertex 9.416494898498058 -2.057966001331806 1.3
    endloop
  endfacet
  facet normal 0 0 1
    outer loop
      vertex 8.436777785420418 -1.934930443763733 1.3
      vertex 9.313216678798199 -1.778580218553543 1.3
      vertex 8.425659120082855 -1.8068539425730705 1.3
    endloop
  endfacet
  facet normal 0 0 1
    outer loop
      vertex 8.425659120082855 -1.8068539425730705 1.3
      vertex 9.303534343838692 -1.6967815533280373 1.3
      vertex 8.421952903270721 -1.670404002070427 1.3
    endloop
  endfacet
  facet normal 0 0 1
    outer loop
      vertex 8.436777785420418 -1.934930443763733 1.3
      vertex 9.329353898763657 -1.8555980026721954 1.3
      vertex 9.313216678798199 -1.778580218553543 1.3
    endloop
  endfacet
  facet normal 0 0 1
    outer loop
      vertex 8.425659120082855 -1.8068539425730705 1.3
      vertex 9.313216678798199 -1.778580218553543 1.3
      vertex 9.303534343838692 -1.6967815533280373 1.3
    endloop
  endfacet
  facet normal 0 0 1
    outer loop
      vertex 8.421952903270721 -1.670404002070427 1.3
      vertex 9.303534343838692 -1.6967815533280373 1.3
      vertex 9.300306901335716 -1.6102019995450974 1.3
    endloop
  endfacet
  facet normal 0 0 1
    outer loop
      vertex 10.85842890292406 -2.686336003243923 1.3
      vertex 10.252716451883316 -2.057917781174183 1.3
      vertex 10.229053124785423 -2.085197776556015 1.3
    endloop
  endfacet
  facet normal 0 0 1
    outer loop
      vertex 10.975581347942352 -2.5481311082839966 1.3
      vertex 10.27494689822197 -2.0277720019221306 1.3
      vertex 10.252716451883316 -2.057917781174183 1.3
    endloop
  endfacet
  facet normal 0 0 1
    outer loop
      vertex 11.027347899973392 -2.4743579998612404 1.3
      vertex 10.295744456350803 -1.9947604462504387 1.3
      vertex 10.27494689822197 -2.0277720019221306 1.3
    endloop
  endfacet
  facet normal 0 0 1
    outer loop
      vertex 11.074574679136276 -2.397471107542515 1.3
      vertex 10.315109118819237 -1.9588831141591072 1.3
      vertex 10.295744456350803 -1.9947604462504387 1.3
    endloop
  endfacet
  facet normal 0 0 1
    outer loop
      vertex 10.315109118819237 -1.9588831141591072 1.3
      vertex 11.117261677980423 -2.317470446228981 1.3
      vertex 10.333040900528431 -1.9201399981975555 1.3
    endloop
  endfacet
  facet normal 0 0 1
    outer loop
      vertex 11.074574679136276 -2.397471107542515 1.3
      vertex 11.117261677980423 -2.317470446228981 1.3
      vertex 10.315109118819237 -1.9588831141591072 1.3
    endloop
  endfacet
  facet normal 0 0 1
    outer loop
      vertex 11.117261677980423 -2.317470446228981 1.3
      vertex 11.155408896505833 -2.234356001019478 1.3
      vertex 10.333040900528431 -1.9201399981975555 1.3
    endloop
  endfacet
  facet normal 0 0 1
    outer loop
      vertex 11.155408896505833 -2.234356001019478 1.3
      vertex 10.348821625113487 -1.8782899975776672 1.3
      vertex 10.333040900528431 -1.9201399981975555 1.3
    endloop
  endfacet
  facet normal 0 0 1
    outer loop
      vertex 11.155408896505833 -2.234356001019478 1.3
      vertex 11.18829645216465 -2.1488493904471397 1.3
      vertex 10.348821625113487 -1.8782899975776672 1.3
    endloop
  endfacet
  facet normal 0 0 1
    outer loop
      vertex 11.18829645216465 -2.1488493904471397 1.3
      vertex 11.215204454958439 -2.0616722255945206 1.3
      vertex 10.361733123660088 -1.8330919966101646 1.3
    endloop
  endfacet
  facet normal 0 0 1
    outer loop
      vertex 11.18829645216465 -2.1488493904471397 1.3
      vertex 10.361733123660088 -1.8330919966101646 1.3
      vertex 10.348821625113487 -1.8782899975776672 1.3
    endloop
  endfacet
  facet normal 0 0 1
    outer loop
      vertex 11.215204454958439 -2.0616722255945206 1.3
      vertex 11.236132897436619 -1.9728244990110397 1.3
      vertex 10.361733123660088 -1.8330919966101646 1.3
    endloop
  endfacet
  facet normal 0 0 1
    outer loop
      vertex 11.236132897436619 -1.9728244990110397 1.3
      vertex 10.371775403618813 -1.7845460027456284 1.3
      vertex 10.361733123660088 -1.8330919966101646 1.3
    endloop
  endfacet
  facet normal 0 0 1
    outer loop
      vertex 10.371775403618813 -1.7845460027456284 1.3
      vertex 11.25108178704977 -1.8823062255978584 1.3
      vertex 10.378948457539082 -1.7326520010828972 1.3
    endloop
  endfacet
  facet normal 0 0 1
    outer loop
      vertex 10.378948457539082 -1.7326520010828972 1.3
      vertex 11.260051123797894 -1.7901173904538155 1.3
      vertex 10.383252285420895 -1.6774099990725517 1.3
    endloop
  endfacet
  facet normal 0 0 1
    outer loop
      vertex 11.236132897436619 -1.9728244990110397 1.3
      vertex 11.25108178704977 -1.8823062255978584 1.3
      vertex 10.371775403618813 -1.7845460027456284 1.3
    endloop
  endfacet
  facet normal 0 0 1
    outer loop
      vertex 10.378948457539082 -1.7326520010828972 1.3
      vertex 11.25108178704977 -1.8823062255978584 1.3
      vertex 11.260051123797894 -1.7901173904538155 1.3
    endloop
  endfacet
  facet normal 0 0 1
    outer loop
      vertex 10.383252285420895 -1.6774099990725517 1.3
      vertex 11.260051123797894 -1.7901173904538155 1.3
      vertex 11.263040900230408 -1.6962580010294914 1.3
    endloop
  endfacet
  facet normal 0 0 1
    outer loop
      vertex 10.383252285420895 -1.6774099990725517 1.3
      vertex 11.263040900230408 -1.6962580010294914 1.3
      vertex 10.384686902165413 -1.618819996714592 1.3
    endloop
  endfacet
  facet normal 0 0 1
    outer loop
      vertex 10.384686902165413 -1.618819996714592 1.3
      vertex 11.263040900230408 -1.6962580010294914 1.3
      vertex 11.263040900230408 -1.3174379989504814 1.3
    endloop
  endfacet
  facet normal 0 0 1
    outer loop
      vertex 6.56900230050087 -3.065279997885227 1.3
      vertex 7.447356298565865 -3.065279997885227 1.3
      vertex 7.447356298565865 3.065279997885227 1.3
    endloop
  endfacet
  facet normal 0 0 1
    outer loop
      vertex 10.384686902165413 -1.618819996714592 1.3
      vertex 11.263040900230408 -1.3174379989504814 1.3
      vertex 10.384686902165413 -1.3174379989504814 1.3
    endloop
  endfacet
  facet normal 0 0 1
    outer loop
      vertex 8.421952903270721 -1.670404002070427 1.3
      vertex 9.300306901335716 -1.6102019995450974 1.3
      vertex 9.300306901335716 1.5240840017795563 1.3
    endloop
  endfacet
  facet normal -1 0 0
    outer loop
      vertex 0.4101207032799721 -3.0632959976792336 1.3
      vertex 0.4101207032799721 -3.0632959976792336 1.8000000000000003
      vertex 0.4101207032799721 -0.4464000016450882 1.3
    endloop
  endfacet
  facet normal -1 0 0
    outer loop
      vertex 3.914850503206253 -3.0632959976792336 1.3
      vertex 3.914850503206253 -3.0632959976792336 1.8000000000000003
      vertex 3.914850503206253 -0.4464000016450882 1.3
    endloop
  endfacet
  facet normal 0 1 0
    outer loop
      vertex 0.4101207032799721 -0.4464000016450882 1.3
      vertex 0.4101207032799721 -0.4464000016450882 1.8000000000000003
      vertex 1.9264547005295753 -0.4464000016450882 1.3
    endloop
  endfacet
  facet normal -1 0 0
    outer loop
      vertex 1.9264547005295753 -0.4464000016450882 1.3
      vertex 1.9264547005295753 -0.4464000016450882 1.8000000000000003
      vertex 1.9264547005295753 0.3789440020918846 1.3
    endloop
  endfacet
  facet normal 0 1 0
    outer loop
      vertex 3.914850503206253 -0.4464000016450882 1.3
      vertex 3.914850503206253 -0.4464000016450882 1.8000000000000003
      vertex 5.431184500455856 -0.4464000016450882 1.3
    endloop
  endfacet
  facet normal -1 0 0
    outer loop
      vertex 5.431184500455856 -0.4464000016450882 1.3
      vertex 5.431184500455856 -0.4464000016450882 1.8000000000000003
      vertex 5.431184500455856 0.3789440020918846 1.3
    endloop
  endfacet
  facet normal -1 0 0
    outer loop
      vertex 0.4101207032799721 -0.4464000016450882 1.3
      vertex 0.4101207032799721 -3.0632959976792336 1.8000000000000003
      vertex 0.4101207032799721 -0.4464000016450882 1.8000000000000003
    endloop
  endfacet
  facet normal 0 1 0
    outer loop
      vertex 1.9264547005295753 -0.4464000016450882 1.3
      vertex 0.4101207032799721 -0.4464000016450882 1.8000000000000003
      vertex 1.9264547005295753 -0.4464000016450882 1.8000000000000003
    endloop
  endfacet
  facet normal -1 0 0
    outer loop
      vertex 3.914850503206253 -0.4464000016450882 1.3
      vertex 3.914850503206253 -3.0632959976792336 1.8000000000000003
      vertex 3.914850503206253 -0.4464000016450882 1.8000000000000003
    endloop
  endfacet
  facet normal 1 0 0
    outer loop
      vertex 3.0364964976906776 -3.0632959976792336 1.3
      vertex 3.0364964976906776 3.065279997885227 1.8000000000000003
      vertex 3.0364964976906776 -3.0632959976792336 1.8000000000000003
    endloop
  endfacet
  facet normal 0 1 0
    outer loop
      vertex 5.431184500455856 -0.4464000016450882 1.3
      vertex 3.914850503206253 -0.4464000016450882 1.8000000000000003
      vertex 5.431184500455856 -0.4464000016450882 1.8000000000000003
    endloop
  endfacet
  facet normal 0.9739057393533723 0.22695288245484174 0
    outer loop
      vertex 8.481252454221249 -2.165963113307953 1.3
      vertex 8.45530889928341 -2.0546334981918335 1.3
      vertex 8.45530889928341 -2.0546334981918335 1.8000000000000003
    endloop
  endfacet
  facet normal 0.9882282541714681 0.15298665842880613 0
    outer loop
      vertex 8.45530889928341 -2.0546334981918335 1.3
      vertex 8.436777785420418 -1.934930443763733 1.3
      vertex 8.436777785420418 -1.934930443763733 1.8000000000000003
    endloop
  endfacet
  facet normal 0.9962529449492559 0.0864873960755847 0
    outer loop
      vertex 8.436777785420418 -1.934930443763733 1.3
      vertex 8.425659120082855 -1.8068539425730705 1.3
      vertex 8.425659120082855 -1.8068539425730705 1.8000000000000003
    endloop
  endfacet
  facet normal 0.9996313241212379 0.027151718833632727 0
    outer loop
      vertex 8.425659120082855 -1.8068539425730705 1.3
      vertex 8.421952903270721 -1.670404002070427 1.3
      vertex 8.421952903270721 -1.670404002070427 1.8000000000000003
    endloop
  endfacet
  facet normal 0.427448460179227 0.9040397191995537 0
    outer loop
      vertex 9.193956233561039 -2.990576885640621 1.3
      vertex 9.115035399794579 -2.9532615020871162 1.3
      vertex 9.115035399794579 -2.9532615020871162 1.8000000000000003
    endloop
  endfacet
  facet normal 0.5547137991221898 0.8320412255792538 0
    outer loop
      vertex 9.038976900279522 -2.9102042242884636 1.3
      vertex 8.96578073501587 -2.8614050522446632 1.3
      vertex 8.96578073501587 -2.8614050522446632 1.8000000000000003
    endloop
  endfacet
  facet normal 0.49264411854255935 0.8702308730822096 0
    outer loop
      vertex 9.038976900279522 -2.9102042242884636 1.3
      vertex 9.038976900279522 -2.9102042242884636 1.8000000000000003
      vertex 9.115035399794579 -2.9532615020871162 1.3
    endloop
  endfacet
  facet normal 0.7227443981560713 0.6911154280827613 0
    outer loop
      vertex 8.828616067767143 -2.7467222809791565 1.3
      vertex 8.765846230089664 -2.681079775094986 1.3
      vertex 8.765846230089664 -2.681079775094986 1.8000000000000003
    endloop
  endfacet
  facet normal 0.612798555806399 0.7902391600025852 0
    outer loop
      vertex 8.96578073501587 -2.8614050522446632 1.3
      vertex 8.89544689655304 -2.8068640008568764 1.3
      vertex 8.89544689655304 -2.8068640008568764 1.8000000000000003
    endloop
  endfacet
  facet normal 0.6689277005953329 0.7433274725020197 0
    outer loop
      vertex 8.89544689655304 -2.8068640008568764 1.3
      vertex 8.828616067767143 -2.7467222809791565 1.3
      vertex 8.828616067767143 -2.7467222809791565 1.8000000000000003
    endloop
  endfacet
  facet normal 0.2918847997197926 0.9564534822418373 0
    outer loop
      vertex 9.275739401578903 -3.0221503898501396 1.3
      vertex 9.275739401578903 -3.0221503898501396 1.8000000000000003
      vertex 9.36038489639759 -3.0479819998145103 1.3
    endloop
  endfacet
  facet normal 0.3601557205464189 0.932892200073347 0
    outer loop
      vertex 9.275739401578903 -3.0221503898501396 1.3
      vertex 9.193956233561039 -2.990576885640621 1.3
      vertex 9.193956233561039 -2.990576885640621 1.8000000000000003
    endloop
  endfacet
  facet normal 0.7712901004327032 0.6364837633235516 0
    outer loop
      vertex 8.707137398421764 -2.609936498105526 1.3
      vertex 8.707137398421764 -2.609936498105526 1.8000000000000003
      vertex 8.765846230089664 -2.681079775094986 1.3
    endloop
  endfacet
  facet normal 0.8514909352802904 0.5243693232212353 0
    outer loop
      vertex 8.652489565312862 -2.533292442560196 1.3
      vertex 8.601902730762959 -2.451147608458996 1.3
      vertex 8.601902730762959 -2.451147608458996 1.8000000000000003
    endloop
  endfacet
  facet normal 0.8142251937874272 0.5805491657059088 0
    outer loop
      vertex 8.707137398421764 -2.609936498105526 1.3
      vertex 8.652489565312862 -2.533292442560196 1.3
      vertex 8.652489565312862 -2.533292442560196 1.8000000000000003
    endloop
  endfacet
  facet normal 0.8832655670595855 0.468873051099025 0
    outer loop
      vertex 8.601902730762959 -2.451147608458996 1.3
      vertex 8.555376902222633 -2.3635020032525063 1.3
      vertex 8.555376902222633 -2.3635020032525063 1.8000000000000003
    endloop
  endfacet
  facet normal 0.9183239916127302 0.3958295674004939 0
    outer loop
      vertex 8.555376902222633 -2.3635020032525063 1.3
      vertex 8.514608457684517 -2.26891927421093 1.3
      vertex 8.514608457684517 -2.26891927421093 1.8000000000000003
    endloop
  endfacet
  facet normal -0.3826151714259529 0.9239078041637535 0
    outer loop
      vertex 10.329277843236923 -3.0361778885126114 1.3
      vertex 10.329277843236923 -3.0361778885126114 1.8000000000000003
      vertex 10.415004901587963 -3.0006759986281395 1.3
    endloop
  endfacet
  facet normal -0.44369334579687003 0.8961786735331181 0
    outer loop
      vertex 10.415004901587963 -3.0006759986281395 1.3
      vertex 10.415004901587963 -3.0006759986281395 1.8000000000000003
      vertex 10.497864454984665 -2.9596526697278023 1.3
    endloop
  endfacet
  facet normal -0.49835221561709253 0.8669746646756956 0
    outer loop
      vertex 10.497864454984665 -2.9596526697278023 1.3
      vertex 10.497864454984665 -2.9596526697278023 1.8000000000000003
      vertex 10.577141791582108 -2.914082668721676 1.3
    endloop
  endfacet
  facet normal -0.5520531675100969 0.8338089111073765 0
    outer loop
      vertex 10.577141791582108 -2.914082668721676 1.3
      vertex 10.577141791582108 -2.914082668721676 1.8000000000000003
      vertex 10.65283689647913 -2.863966003060341 1.3
    endloop
  endfacet
  facet normal -0.604084847390207 0.7969200067469446 0
    outer loop
      vertex 10.65283689647913 -2.863966003060341 1.3
      vertex 10.65283689647913 -2.863966003060341 1.8000000000000003
      vertex 10.724949792027473 -2.8093026652932167 1.3
    endloop
  endfacet
  facet normal -0.6537743097732582 0.7566896007482193 0
    outer loop
      vertex 10.724949792027473 -2.8093026652932167 1.3
      vertex 10.724949792027473 -2.8093026652932167 1.8000000000000003
      vertex 10.793480455875397 -2.7500926703214645 1.3
    endloop
  endfacet
  facet normal -0.7005291016181329 0.7136238349341281 0
    outer loop
      vertex 10.793480455875397 -2.7500926703214645 1.3
      vertex 10.793480455875397 -2.7500926703214645 1.8000000000000003
      vertex 10.85842890292406 -2.686336003243923 1.3
    endloop
  endfacet
  facet normal -0.7429926698825206 0.669299553638611 0
    outer loop
      vertex 10.85842890292406 -2.686336003243923 1.3
      vertex 10.85842890292406 -2.686336003243923 1.8000000000000003
      vertex 10.919275008141994 -2.6187904477119446 1.3
    endloop
  endfacet
  facet normal -0.7820612846867288 0.6232015299998417 0
    outer loop
      vertex 10.919275008141994 -2.6187904477119446 1.3
      vertex 10.919275008141994 -2.6187904477119446 1.8000000000000003
      vertex 10.975581347942352 -2.5481311082839966 1.3
    endloop
  endfacet
  facet normal -0.8185778238475258 0.5743956356946394 0
    outer loop
      vertex 10.975581347942352 -2.5481311082839966 1.3
      vertex 10.975581347942352 -2.5481311082839966 1.8000000000000003
      vertex 11.027347899973392 -2.4743579998612404 1.3
    endloop
  endfacet
  facet normal -0.8520944733985991 0.5233880094189817 0
    outer loop
      vertex 11.027347899973392 -2.4743579998612404 1.3
      vertex 11.027347899973392 -2.4743579998612404 1.8000000000000003
      vertex 11.074574679136276 -2.397471107542515 1.3
    endloop
  endfacet
  facet normal -0.882261435004977 0.4707597692060769 0
    outer loop
      vertex 11.074574679136276 -2.397471107542515 1.3
      vertex 11.074574679136276 -2.397471107542515 1.8000000000000003
      vertex 11.117261677980423 -2.317470446228981 1.3
    endloop
  endfacet
  facet normal -0.9088447781937339 0.4171344737012065 0
    outer loop
      vertex 11.117261677980423 -2.317470446228981 1.3
      vertex 11.117261677980423 -2.317470446228981 1.8000000000000003
      vertex 11.155408896505833 -2.234356001019478 1.3
    endloop
  endfacet
  facet normal 0.9513181762255843 0.30821052477621197 0
    outer loop
      vertex 8.514608457684517 -2.26891927421093 1.3
      vertex 8.481252454221249 -2.165963113307953 1.3
      vertex 8.481252454221249 -2.165963113307953 1.8000000000000003
    endloop
  endfacet
  facet normal -0.6408181652905076 -0.7676926983068862 0
    outer loop
      vertex 9.51451001316309 -2.1584059968590736 1.3
      vertex 9.51451001316309 -2.1584059968590736 1.8000000000000003
      vertex 9.46036334335804 -2.1132080033421516 1.3
    endloop
  endfacet
  facet normal -0.17456389843419534 -0.984645847685073 0
    outer loop
      vertex 9.653638012707233 -2.218670003116131 1.3
      vertex 9.738619342446327 -2.233736000955105 1.3
      vertex 9.738619342446327 -2.233736000955105 1.8000000000000003
    endloop
  endfacet
  facet normal -0.31861315367009846 -0.947884833884578 0
    outer loop
      vertex 9.578934900462627 -2.1935599967837334 1.3
      vertex 9.653638012707233 -2.218670003116131 1.3
      vertex 9.653638012707233 -2.218670003116131 1.8000000000000003
    endloop
  endfacet
  facet normal -0.052645978694841854 -0.9986132389104715 0
    outer loop
      vertex 9.738619342446327 -2.233736000955105 1.3
      vertex 9.83387889713049 -2.238757997751236 1.3
      vertex 9.83387889713049 -2.238757997751236 1.8000000000000003
    endloop
  endfacet
  facet normal 0.028806764933069908 -0.9995849990341446 0
    outer loop
      vertex 9.83387889713049 -2.238757997751236 1.3
      vertex 9.862922452390194 -2.2379209995269775 1.3
      vertex 9.862922452390194 -2.2379209995269775 1.8000000000000003
    endloop
  endfacet
  facet normal 0.08407631734185972 -0.9964593182173725 0
    outer loop
      vertex 9.862922452390194 -2.2379209995269775 1.3
      vertex 9.892682455480099 -2.2354099974036217 1.3
      vertex 9.892682455480099 -2.2354099974036217 1.8000000000000003
    endloop
  endfacet
  facet normal -0.4789902393458718 -0.87782022681833 0
    outer loop
      vertex 9.578934900462627 -2.1935599967837334 1.3
      vertex 9.578934900462627 -2.1935599967837334 1.8000000000000003
      vertex 9.51451001316309 -2.1584059968590736 1.3
    endloop
  endfacet
  facet normal -0.7831122544508967 -0.6218803718793782 0
    outer loop
      vertex 9.416494898498058 -2.057966001331806 1.3
      vertex 9.46036334335804 -2.1132080033421516 1.3
      vertex 9.46036334335804 -2.1132080033421516 1.8000000000000003
    endloop
  endfacet
  facet normal -0.8701055780032889 -0.4928653803297229 0
    outer loop
      vertex 9.416494898498058 -2.057966001331806 1.3
      vertex 9.416494898498058 -2.057966001331806 1.8000000000000003
      vertex 9.380993008613586 -1.9952908903360367 1.3
    endloop
  endfacet
  facet normal -0.9184668863940234 -0.3954978869699158 0
    outer loop
      vertex 9.380993008613586 -1.9952908903360367 1.3
      vertex 9.380993008613586 -1.9952908903360367 1.8000000000000003
      vertex 9.351946011185646 -1.927834890782833 1.3
    endloop
  endfacet
  facet normal -0.9544119269971969 -0.29849266926592577 0
    outer loop
      vertex 9.351946011185646 -1.927834890782833 1.3
      vertex 9.351946011185646 -1.927834890782833 1.8000000000000003
      vertex 9.329353898763657 -1.8555980026721954 1.3
    endloop
  endfacet
  facet normal -0.9787467263256241 -0.2050727814871442 0
    outer loop
      vertex 9.329353898763657 -1.8555980026721954 1.3
      vertex 9.329353898763657 -1.8555980026721954 1.8000000000000003
      vertex 9.313216678798199 -1.778580218553543 1.3
    endloop
  endfacet
  facet normal -0.993067287932104 -0.11754727406101562 0
    outer loop
      vertex 9.313216678798199 -1.778580218553543 1.3
      vertex 9.313216678798199 -1.778580218553543 1.8000000000000003
      vertex 9.303534343838692 -1.6967815533280373 1.3
    endloop
  endfacet
  facet normal -0.9993059288129611 -0.03725131728227773 0
    outer loop
      vertex 9.303534343838692 -1.6967815533280373 1.3
      vertex 9.303534343838692 -1.6967815533280373 1.8000000000000003
      vertex 9.300306901335716 -1.6102019995450974 1.3
    endloop
  endfacet
  facet normal 0.1360424706246888 -0.9907030060448644 0
    outer loop
      vertex 9.892682455480099 -2.2354099974036217 1.3
      vertex 9.923158898949623 -2.231224998831749 1.3
      vertex 9.923158898949623 -2.231224998831749 1.8000000000000003
    endloop
  endfacet
  facet normal 0.18460310821482587 -0.9828131523526866 0
    outer loop
      vertex 9.923158898949623 -2.231224998831749 1.3
      vertex 9.954351790249348 -2.225365996360779 1.3
      vertex 9.954351790249348 -2.225365996360779 1.8000000000000003
    endloop
  endfacet
  facet normal 0.22975949387478373 -0.9732474376921849 0
    outer loop
      vertex 9.954351790249348 -2.225365996360779 1.3
      vertex 9.986261121928692 -2.217832997441292 1.3
      vertex 9.986261121928692 -2.217832997441292 1.8000000000000003
    endloop
  endfacet
  facet normal 0.2715927539025045 -0.9624122692628423 0
    outer loop
      vertex 9.986261121928692 -2.217832997441292 1.3
      vertex 10.018886901438236 -2.208626002073288 1.3
      vertex 10.018886901438236 -2.208626002073288 1.8000000000000003
    endloop
  endfacet
  facet normal 0.32245343325426307 -0.9465853281044128 0
    outer loop
      vertex 10.018886901438236 -2.208626002073288 1.3
      vertex 10.051531620323658 -2.197505608201027 1.3
      vertex 10.051531620323658 -2.197505608201027 1.8000000000000003
    endloop
  endfacet
  facet normal 0.38390425719250854 -0.9233729047949524 0
    outer loop
      vertex 10.051531620323658 -2.197505608201027 1.3
      vertex 10.083456456661224 -2.1842324435710907 1.3
      vertex 10.083456456661224 -2.1842324435710907 1.8000000000000003
    endloop
  endfacet
  facet normal 0.4431519457418508 -0.8964465142914058 0
    outer loop
      vertex 10.083456456661224 -2.1842324435710907 1.3
      vertex 10.114661403000355 -2.1688065007328987 1.3
      vertex 10.114661403000355 -2.1688065007328987 1.8000000000000003
    endloop
  endfacet
  facet normal 0.49953466746108105 -0.8662938970144872 0
    outer loop
      vertex 10.114661403000355 -2.1688065007328987 1.3
      vertex 10.145146451890469 -2.151227779686451 1.3
      vertex 10.145146451890469 -2.151227779686451 1.8000000000000003
    endloop
  endfacet
  facet normal 0.5525280218661524 -0.8334943221478337 0
    outer loop
      vertex 10.145146451890469 -2.151227779686451 1.3
      vertex 10.174911625683308 -2.1314962804317474 1.3
      vertex 10.174911625683308 -2.1314962804317474 1.8000000000000003
    endloop
  endfacet
  facet normal 0.601764017262775 -0.7986739431881866 0
    outer loop
      vertex 10.174911625683308 -2.1314962804317474 1.3
      vertex 10.20395690202713 -2.109612002968788 1.3
      vertex 10.20395690202713 -2.109612002968788 1.8000000000000003
    endloop
  endfacet
  facet normal 0.6973003779110818 -0.7167790335696647 0
    outer loop
      vertex 10.20395690202713 -2.109612002968788 1.3
      vertex 10.229053124785423 -2.085197776556015 1.3
      vertex 10.229053124785423 -2.085197776556015 1.8000000000000003
    endloop
  endfacet
  facet normal 0.7554058090901534 -0.6552572499353598 0
    outer loop
      vertex 10.229053124785423 -2.085197776556015 1.3
      vertex 10.252716451883316 -2.057917781174183 1.3
      vertex 10.252716451883316 -2.057917781174183 1.8000000000000003
    endloop
  endfacet
  facet normal 0.8048292542029781 -0.5935064208406494 0
    outer loop
      vertex 10.252716451883316 -2.057917781174183 1.3
      vertex 10.27494689822197 -2.0277720019221306 1.3
      vertex 10.27494689822197 -2.0277720019221306 1.8000000000000003
    endloop
  endfacet
  facet normal 0.8460883039435276 -0.5330427580691486 0
    outer loop
      vertex 10.27494689822197 -2.0277720019221306 1.3
      vertex 10.295744456350803 -1.9947604462504387 1.3
      vertex 10.295744456350803 -1.9947604462504387 1.8000000000000003
    endloop
  endfacet
  facet normal 0.8799986672742847 -0.4749761526597758 0
    outer loop
      vertex 10.295744456350803 -1.9947604462504387 1.3
      vertex 10.315109118819237 -1.9588831141591072 1.3
      vertex 10.315109118819237 -1.9588831141591072 1.8000000000000003
    endloop
  endfacet
  facet normal 0.9075101788682388 -0.42003008850621315 0
    outer loop
      vertex 10.315109118819237 -1.9588831141591072 1.3
      vertex 10.333040900528431 -1.9201399981975555 1.3
      vertex 10.333040900528431 -1.9201399981975555 1.8000000000000003
    endloop
  endfacet
  facet normal -0.9333441515404747 0.35898286140871905 0
    outer loop
      vertex 11.155408896505833 -2.234356001019478 1.3
      vertex 11.155408896505833 -2.234356001019478 1.8000000000000003
      vertex 11.18829645216465 -2.1488493904471397 1.3
    endloop
  endfacet
  facet normal -0.9555190460729801 0.29492940272509666 0
    outer loop
      vertex 11.18829645216465 -2.1488493904471397 1.3
      vertex 11.18829645216465 -2.1488493904471397 1.8000000000000003
      vertex 11.215204454958439 -2.0616722255945206 1.3
    endloop
  endfacet
  facet normal -0.9733607288989042 0.22927906890380137 0
    outer loop
      vertex 11.215204454958439 -2.0616722255945206 1.3
      vertex 11.215204454958439 -2.0616722255945206 1.8000000000000003
      vertex 11.236132897436619 -1.9728244990110397 1.3
    endloop
  endfacet
  facet normal -0.9866358644542681 0.16294069771723504 0
    outer loop
      vertex 11.236132897436619 -1.9728244990110397 1.3
      vertex 11.236132897436619 -1.9728244990110397 1.8000000000000003
      vertex 11.25108178704977 -1.8823062255978584 1.3
    endloop
  endfacet
  facet normal 0.9356883098755577 -0.35282770123988605 0
    outer loop
      vertex 10.333040900528431 -1.9201399981975555 1.3
      vertex 10.348821625113487 -1.8782899975776672 1.3
      vertex 10.348821625113487 -1.8782899975776672 1.8000000000000003
    endloop
  endfacet
  facet normal 0.9615363995807906 -0.2746775423677921 0
    outer loop
      vertex 10.348821625113487 -1.8782899975776672 1.3
      vertex 10.361733123660088 -1.8330919966101646 1.3
      vertex 10.361733123660088 -1.8330919966101646 1.8000000000000003
    endloop
  endfacet
  facet normal 0.9792672977912252 -0.20257235615125704 0
    outer loop
      vertex 10.361733123660088 -1.8330919966101646 1.3
      vertex 10.371775403618813 -1.7845460027456284 1.3
      vertex 10.371775403618813 -1.7845460027456284 1.8000000000000003
    endloop
  endfacet
  facet normal 0.9905816584728904 -0.1369232555013871 0
    outer loop
      vertex 10.371775403618813 -1.7845460027456284 1.3
      vertex 10.378948457539082 -1.7326520010828972 1.3
      vertex 10.378948457539082 -1.7326520010828972 1.8000000000000003
    endloop
  endfacet
  facet normal 0.9969788700302669 -0.0776732432255291 0
    outer loop
      vertex 10.378948457539082 -1.7326520010828972 1.3
      vertex 10.383252285420895 -1.6774099990725517 1.3
      vertex 10.383252285420895 -1.6774099990725517 1.8000000000000003
    endloop
  endfacet
  facet normal 0.9997003601766355 -0.024478354983638526 0
    outer loop
      vertex 10.383252285420895 -1.6774099990725517 1.3
      vertex 10.384686902165413 -1.618819996714592 1.3
      vertex 10.384686902165413 -1.618819996714592 1.8000000000000003
    endloop
  endfacet
  facet normal -0.9953003658648598 0.09683584929805869 0
    outer loop
      vertex 11.25108178704977 -1.8823062255978584 1.3
      vertex 11.25108178704977 -1.8823062255978584 1.8000000000000003
      vertex 11.260051123797894 -1.7901173904538155 1.3
    endloop
  endfacet
  facet normal -0.9994930540710126 0.031837632823432 0
    outer loop
      vertex 11.260051123797894 -1.7901173904538155 1.3
      vertex 11.260051123797894 -1.7901173904538155 1.8000000000000003
      vertex 11.263040900230408 -1.6962580010294914 1.3
    endloop
  endfacet
  facet normal -1 0 0
    outer loop
      vertex 11.263040900230408 -1.6962580010294914 1.3
      vertex 11.263040900230408 -1.6962580010294914 1.8000000000000003
      vertex 11.263040900230408 -1.3174379989504814 1.3
    endloop
  endfacet
  facet normal 0.9739057393533723 0.22695288245484174 0
    outer loop
      vertex 8.481252454221249 -2.165963113307953 1.3
      vertex 8.45530889928341 -2.0546334981918335 1.8000000000000003
      vertex 8.481252454221249 -2.165963113307953 1.8000000000000003
    endloop
  endfacet
  facet normal 0.9882282541714681 0.15298665842880613 0
    outer loop
      vertex 8.45530889928341 -2.0546334981918335 1.3
      vertex 8.436777785420418 -1.934930443763733 1.8000000000000003
      vertex 8.45530889928341 -2.0546334981918335 1.8000000000000003
    endloop
  endfacet
  facet normal 0.9962529449492559 0.0864873960755847 0
    outer loop
      vertex 8.436777785420418 -1.934930443763733 1.3
      vertex 8.425659120082855 -1.8068539425730705 1.8000000000000003
      vertex 8.436777785420418 -1.934930443763733 1.8000000000000003
    endloop
  endfacet
  facet normal 0.9996313241212379 0.027151718833632727 0
    outer loop
      vertex 8.425659120082855 -1.8068539425730705 1.3
      vertex 8.421952903270721 -1.670404002070427 1.8000000000000003
      vertex 8.425659120082855 -1.8068539425730705 1.8000000000000003
    endloop
  endfacet
  facet normal 0.427448460179227 0.9040397191995537 0
    outer loop
      vertex 9.193956233561039 -2.990576885640621 1.3
      vertex 9.115035399794579 -2.9532615020871162 1.8000000000000003
      vertex 9.193956233561039 -2.990576885640621 1.8000000000000003
    endloop
  endfacet
  facet normal 0.49264411854255935 0.8702308730822096 0
    outer loop
      vertex 9.115035399794579 -2.9532615020871162 1.3
      vertex 9.038976900279522 -2.9102042242884636 1.8000000000000003
      vertex 9.115035399794579 -2.9532615020871162 1.8000000000000003
    endloop
  endfacet
  facet normal 0.5547137991221898 0.8320412255792538 0
    outer loop
      vertex 9.038976900279522 -2.9102042242884636 1.3
      vertex 8.96578073501587 -2.8614050522446632 1.8000000000000003
      vertex 9.038976900279522 -2.9102042242884636 1.8000000000000003
    endloop
  endfacet
  facet normal 0.7227443981560713 0.6911154280827613 0
    outer loop
      vertex 8.828616067767143 -2.7467222809791565 1.3
      vertex 8.765846230089664 -2.681079775094986 1.8000000000000003
      vertex 8.828616067767143 -2.7467222809791565 1.8000000000000003
    endloop
  endfacet
  facet normal 0.612798555806399 0.7902391600025852 0
    outer loop
      vertex 8.96578073501587 -2.8614050522446632 1.3
      vertex 8.89544689655304 -2.8068640008568764 1.8000000000000003
      vertex 8.96578073501587 -2.8614050522446632 1.8000000000000003
    endloop
  endfacet
  facet normal 0.6689277005953329 0.7433274725020197 0
    outer loop
      vertex 8.89544689655304 -2.8068640008568764 1.3
      vertex 8.828616067767143 -2.7467222809791565 1.8000000000000003
      vertex 8.89544689655304 -2.8068640008568764 1.8000000000000003
    endloop
  endfacet
  facet normal 0.3601557205464189 0.932892200073347 0
    outer loop
      vertex 9.275739401578903 -3.0221503898501396 1.3
      vertex 9.193956233561039 -2.990576885640621 1.8000000000000003
      vertex 9.275739401578903 -3.0221503898501396 1.8000000000000003
    endloop
  endfacet
  facet normal 0.2918847997197926 0.9564534822418373 0
    outer loop
      vertex 9.36038489639759 -3.0479819998145103 1.3
      vertex 9.275739401578903 -3.0221503898501396 1.8000000000000003
      vertex 9.36038489639759 -3.0479819998145103 1.8000000000000003
    endloop
  endfacet
  facet normal 0.7712901004327032 0.6364837633235516 0
    outer loop
      vertex 8.765846230089664 -2.681079775094986 1.3
      vertex 8.707137398421764 -2.609936498105526 1.8000000000000003
      vertex 8.765846230089664 -2.681079775094986 1.8000000000000003
    endloop
  endfacet
  facet normal 0.8142251937874272 0.5805491657059088 0
    outer loop
      vertex 8.707137398421764 -2.609936498105526 1.3
      vertex 8.652489565312862 -2.533292442560196 1.8000000000000003
      vertex 8.707137398421764 -2.609936498105526 1.8000000000000003
    endloop
  endfacet
  facet normal 0.8514909352802904 0.5243693232212353 0
    outer loop
      vertex 8.652489565312862 -2.533292442560196 1.3
      vertex 8.601902730762959 -2.451147608458996 1.8000000000000003
      vertex 8.652489565312862 -2.533292442560196 1.8000000000000003
    endloop
  endfacet
  facet normal 0.8832655670595855 0.468873051099025 0
    outer loop
      vertex 8.601902730762959 -2.451147608458996 1.3
      vertex 8.555376902222633 -2.3635020032525063 1.8000000000000003
      vertex 8.601902730762959 -2.451147608458996 1.8000000000000003
    endloop
  endfacet
  facet normal 0.9183239916127302 0.3958295674004939 0
    outer loop
      vertex 8.555376902222633 -2.3635020032525063 1.3
      vertex 8.514608457684517 -2.26891927421093 1.8000000000000003
      vertex 8.555376902222633 -2.3635020032525063 1.8000000000000003
    endloop
  endfacet
  facet normal -0.3138319778591091 0.9494785356568308 0
    outer loop
      vertex 10.329277843236923 -3.0361778885126114 1.3
      vertex 10.241398014128208 -3.0652248859405518 1.8000000000000003
      vertex 10.329277843236923 -3.0361778885126114 1.8000000000000003
    endloop
  endfacet
  facet normal -0.3826151714259529 0.9239078041637535 0
    outer loop
      vertex 10.415004901587963 -3.0006759986281395 1.3
      vertex 10.329277843236923 -3.0361778885126114 1.8000000000000003
      vertex 10.415004901587963 -3.0006759986281395 1.8000000000000003
    endloop
  endfacet
  facet normal -0.44369334579687003 0.8961786735331181 0
    outer loop
      vertex 10.497864454984665 -2.9596526697278023 1.3
      vertex 10.415004901587963 -3.0006759986281395 1.8000000000000003
      vertex 10.497864454984665 -2.9596526697278023 1.8000000000000003
    endloop
  endfacet
  facet normal -0.49835221561709253 0.8669746646756956 0
    outer loop
      vertex 10.577141791582108 -2.914082668721676 1.3
      vertex 10.497864454984665 -2.9596526697278023 1.8000000000000003
      vertex 10.577141791582108 -2.914082668721676 1.8000000000000003
    endloop
  endfacet
  facet normal -0.5520531675100969 0.8338089111073765 0
    outer loop
      vertex 10.65283689647913 -2.863966003060341 1.3
      vertex 10.577141791582108 -2.914082668721676 1.8000000000000003
      vertex 10.65283689647913 -2.863966003060341 1.8000000000000003
    endloop
  endfacet
  facet normal -0.604084847390207 0.7969200067469446 0
    outer loop
      vertex 10.724949792027473 -2.8093026652932167 1.3
      vertex 10.65283689647913 -2.863966003060341 1.8000000000000003
      vertex 10.724949792027473 -2.8093026652932167 1.8000000000000003
    endloop
  endfacet
  facet normal -0.6537743097732582 0.7566896007482193 0
    outer loop
      vertex 10.793480455875397 -2.7500926703214645 1.3
      vertex 10.724949792027473 -2.8093026652932167 1.8000000000000003
      vertex 10.793480455875397 -2.7500926703214645 1.8000000000000003
    endloop
  endfacet
  facet normal -0.7005291016181329 0.7136238349341281 0
    outer loop
      vertex 10.85842890292406 -2.686336003243923 1.3
      vertex 10.793480455875397 -2.7500926703214645 1.8000000000000003
      vertex 10.85842890292406 -2.686336003243923 1.8000000000000003
    endloop
  endfacet
  facet normal -0.7429926698825206 0.669299553638611 0
    outer loop
      vertex 10.919275008141994 -2.6187904477119446 1.3
      vertex 10.85842890292406 -2.686336003243923 1.8000000000000003
      vertex 10.919275008141994 -2.6187904477119446 1.8000000000000003
    endloop
  endfacet
  facet normal -0.7820612846867288 0.6232015299998417 0
    outer loop
      vertex 10.975581347942352 -2.5481311082839966 1.3
      vertex 10.919275008141994 -2.6187904477119446 1.8000000000000003
      vertex 10.975581347942352 -2.5481311082839966 1.8000000000000003
    endloop
  endfacet
  facet normal -0.8185778238475258 0.5743956356946394 0
    outer loop
      vertex 11.027347899973392 -2.4743579998612404 1.3
      vertex 10.975581347942352 -2.5481311082839966 1.8000000000000003
      vertex 11.027347899973392 -2.4743579998612404 1.8000000000000003
    endloop
  endfacet
  facet normal -0.8520944733985991 0.5233880094189817 0
    outer loop
      vertex 11.074574679136276 -2.397471107542515 1.3
      vertex 11.027347899973392 -2.4743579998612404 1.8000000000000003
      vertex 11.074574679136276 -2.397471107542515 1.8000000000000003
    endloop
  endfacet
  facet normal -0.882261435004977 0.4707597692060769 0
    outer loop
      vertex 11.117261677980423 -2.317470446228981 1.3
      vertex 11.074574679136276 -2.397471107542515 1.8000000000000003
      vertex 11.117261677980423 -2.317470446228981 1.8000000000000003
    endloop
  endfacet
  facet normal 0.9513181762255843 0.30821052477621197 0
    outer loop
      vertex 8.514608457684517 -2.26891927421093 1.3
      vertex 8.481252454221249 -2.165963113307953 1.8000000000000003
      vertex 8.514608457684517 -2.26891927421093 1.8000000000000003
    endloop
  endfacet
  facet normal -0.6408181652905076 -0.7676926983068862 0
    outer loop
      vertex 9.46036334335804 -2.1132080033421516 1.3
      vertex 9.51451001316309 -2.1584059968590736 1.8000000000000003
      vertex 9.46036334335804 -2.1132080033421516 1.8000000000000003
    endloop
  endfacet
  facet normal -0.31861315367009846 -0.947884833884578 0
    outer loop
      vertex 9.578934900462627 -2.1935599967837334 1.3
      vertex 9.653638012707233 -2.218670003116131 1.8000000000000003
      vertex 9.578934900462627 -2.1935599967837334 1.8000000000000003
    endloop
  endfacet
  facet normal -0.17456389843419534 -0.984645847685073 0
    outer loop
      vertex 9.653638012707233 -2.218670003116131 1.3
      vertex 9.738619342446327 -2.233736000955105 1.8000000000000003
      vertex 9.653638012707233 -2.218670003116131 1.8000000000000003
    endloop
  endfacet
  facet normal -0.052645978694841854 -0.9986132389104715 0
    outer loop
      vertex 9.738619342446327 -2.233736000955105 1.3
      vertex 9.83387889713049 -2.238757997751236 1.8000000000000003
      vertex 9.738619342446327 -2.233736000955105 1.8000000000000003
    endloop
  endfacet
  facet normal 0.028806764933069908 -0.9995849990341446 0
    outer loop
      vertex 9.83387889713049 -2.238757997751236 1.3
      vertex 9.862922452390194 -2.2379209995269775 1.8000000000000003
      vertex 9.83387889713049 -2.238757997751236 1.8000000000000003
    endloop
  endfacet
  facet normal 0.08407631734185972 -0.9964593182173725 0
    outer loop
      vertex 9.862922452390194 -2.2379209995269775 1.3
      vertex 9.892682455480099 -2.2354099974036217 1.8000000000000003
      vertex 9.862922452390194 -2.2379209995269775 1.8000000000000003
    endloop
  endfacet
  facet normal -0.4789902393458718 -0.87782022681833 0
    outer loop
      vertex 9.51451001316309 -2.1584059968590736 1.3
      vertex 9.578934900462627 -2.1935599967837334 1.8000000000000003
      vertex 9.51451001316309 -2.1584059968590736 1.8000000000000003
    endloop
  endfacet
  facet normal -0.7831122544508967 -0.6218803718793782 0
    outer loop
      vertex 9.416494898498058 -2.057966001331806 1.3
      vertex 9.46036334335804 -2.1132080033421516 1.8000000000000003
      vertex 9.416494898498058 -2.057966001331806 1.8000000000000003
    endloop
  endfacet
  facet normal -0.8701055780032889 -0.4928653803297229 0
    outer loop
      vertex 9.380993008613586 -1.9952908903360367 1.3
      vertex 9.416494898498058 -2.057966001331806 1.8000000000000003
      vertex 9.380993008613586 -1.9952908903360367 1.8000000000000003
    endloop
  endfacet
  facet normal -0.9184668863940234 -0.3954978869699158 0
    outer loop
      vertex 9.351946011185646 -1.927834890782833 1.3
      vertex 9.380993008613586 -1.9952908903360367 1.8000000000000003
      vertex 9.351946011185646 -1.927834890782833 1.8000000000000003
    endloop
  endfacet
  facet normal -0.9544119269971969 -0.29849266926592577 0
    outer loop
      vertex 9.329353898763657 -1.8555980026721954 1.3
      vertex 9.351946011185646 -1.927834890782833 1.8000000000000003
      vertex 9.329353898763657 -1.8555980026721954 1.8000000000000003
    endloop
  endfacet
  facet normal -0.9787467263256241 -0.2050727814871442 0
    outer loop
      vertex 9.313216678798199 -1.778580218553543 1.3
      vertex 9.329353898763657 -1.8555980026721954 1.8000000000000003
      vertex 9.313216678798199 -1.778580218553543 1.8000000000000003
    endloop
  endfacet
  facet normal -0.993067287932104 -0.11754727406101562 0
    outer loop
      vertex 9.303534343838692 -1.6967815533280373 1.3
      vertex 9.313216678798199 -1.778580218553543 1.8000000000000003
      vertex 9.303534343838692 -1.6967815533280373 1.8000000000000003
    endloop
  endfacet
  facet normal -0.9993059288129611 -0.03725131728227773 0
    outer loop
      vertex 9.300306901335716 -1.6102019995450974 1.3
      vertex 9.303534343838692 -1.6967815533280373 1.8000000000000003
      vertex 9.300306901335716 -1.6102019995450974 1.8000000000000003
    endloop
  endfacet
  facet normal 0.1360424706246888 -0.9907030060448644 0
    outer loop
      vertex 9.892682455480099 -2.2354099974036217 1.3
      vertex 9.923158898949623 -2.231224998831749 1.8000000000000003
      vertex 9.892682455480099 -2.2354099974036217 1.8000000000000003
    endloop
  endfacet
  facet normal 0.18460310821482587 -0.9828131523526866 0
    outer loop
      vertex 9.923158898949623 -2.231224998831749 1.3
      vertex 9.954351790249348 -2.225365996360779 1.8000000000000003
      vertex 9.923158898949623 -2.231224998831749 1.8000000000000003
    endloop
  endfacet
  facet normal 0.22975949387478373 -0.9732474376921849 0
    outer loop
      vertex 9.954351790249348 -2.225365996360779 1.3
      vertex 9.986261121928692 -2.217832997441292 1.8000000000000003
      vertex 9.954351790249348 -2.225365996360779 1.8000000000000003
    endloop
  endfacet
  facet normal 0.2715927539025045 -0.9624122692628423 0
    outer loop
      vertex 9.986261121928692 -2.217832997441292 1.3
      vertex 10.018886901438236 -2.208626002073288 1.8000000000000003
      vertex 9.986261121928692 -2.217832997441292 1.8000000000000003
    endloop
  endfacet
  facet normal 0.32245343325426307 -0.9465853281044128 0
    outer loop
      vertex 10.018886901438236 -2.208626002073288 1.3
      vertex 10.051531620323658 -2.197505608201027 1.8000000000000003
      vertex 10.018886901438236 -2.208626002073288 1.8000000000000003
    endloop
  endfacet
  facet normal 0.38390425719250854 -0.9233729047949524 0
    outer loop
      vertex 10.051531620323658 -2.197505608201027 1.3
      vertex 10.083456456661224 -2.1842324435710907 1.8000000000000003
      vertex 10.051531620323658 -2.197505608201027 1.8000000000000003
    endloop
  endfacet
  facet normal 0.4431519457418508 -0.8964465142914058 0
    outer loop
      vertex 10.083456456661224 -2.1842324435710907 1.3
      vertex 10.114661403000355 -2.1688065007328987 1.8000000000000003
      vertex 10.083456456661224 -2.1842324435710907 1.8000000000000003
    endloop
  endfacet
  facet normal 0.49953466746108105 -0.8662938970144872 0
    outer loop
      vertex 10.114661403000355 -2.1688065007328987 1.3
      vertex 10.145146451890469 -2.151227779686451 1.8000000000000003
      vertex 10.114661403000355 -2.1688065007328987 1.8000000000000003
    endloop
  endfacet
  facet normal 0.5525280218661524 -0.8334943221478337 0
    outer loop
      vertex 10.145146451890469 -2.151227779686451 1.3
      vertex 10.174911625683308 -2.1314962804317474 1.8000000000000003
      vertex 10.145146451890469 -2.151227779686451 1.8000000000000003
    endloop
  endfacet
  facet normal 0.601764017262775 -0.7986739431881866 0
    outer loop
      vertex 10.174911625683308 -2.1314962804317474 1.3
      vertex 10.20395690202713 -2.109612002968788 1.8000000000000003
      vertex 10.174911625683308 -2.1314962804317474 1.8000000000000003
    endloop
  endfacet
  facet normal 0.6973003779110818 -0.7167790335696647 0
    outer loop
      vertex 10.20395690202713 -2.109612002968788 1.3
      vertex 10.229053124785423 -2.085197776556015 1.8000000000000003
      vertex 10.20395690202713 -2.109612002968788 1.8000000000000003
    endloop
  endfacet
  facet normal 0.7554058090901534 -0.6552572499353598 0
    outer loop
      vertex 10.229053124785423 -2.085197776556015 1.3
      vertex 10.252716451883316 -2.057917781174183 1.8000000000000003
      vertex 10.229053124785423 -2.085197776556015 1.8000000000000003
    endloop
  endfacet
  facet normal 0.8048292542029781 -0.5935064208406494 0
    outer loop
      vertex 10.252716451883316 -2.057917781174183 1.3
      vertex 10.27494689822197 -2.0277720019221306 1.8000000000000003
      vertex 10.252716451883316 -2.057917781174183 1.8000000000000003
    endloop
  endfacet
  facet normal 0.8460883039435276 -0.5330427580691486 0
    outer loop
      vertex 10.27494689822197 -2.0277720019221306 1.3
      vertex 10.295744456350803 -1.9947604462504387 1.8000000000000003
      vertex 10.27494689822197 -2.0277720019221306 1.8000000000000003
    endloop
  endfacet
  facet normal 0.8799986672742847 -0.4749761526597758 0
    outer loop
      vertex 10.295744456350803 -1.9947604462504387 1.3
      vertex 10.315109118819237 -1.9588831141591072 1.8000000000000003
      vertex 10.295744456350803 -1.9947604462504387 1.8000000000000003
    endloop
  endfacet
  facet normal 0.9075101788682388 -0.42003008850621315 0
    outer loop
      vertex 10.315109118819237 -1.9588831141591072 1.3
      vertex 10.333040900528431 -1.9201399981975555 1.8000000000000003
      vertex 10.315109118819237 -1.9588831141591072 1.8000000000000003
    endloop
  endfacet
  facet normal -0.9088447781937339 0.4171344737012065 0
    outer loop
      vertex 11.155408896505833 -2.234356001019478 1.3
      vertex 11.117261677980423 -2.317470446228981 1.8000000000000003
      vertex 11.155408896505833 -2.234356001019478 1.8000000000000003
    endloop
  endfacet
  facet normal -0.9333441515404747 0.35898286140871905 0
    outer loop
      vertex 11.18829645216465 -2.1488493904471397 1.3
      vertex 11.155408896505833 -2.234356001019478 1.8000000000000003
      vertex 11.18829645216465 -2.1488493904471397 1.8000000000000003
    endloop
  endfacet
  facet normal -0.9555190460729801 0.29492940272509666 0
    outer loop
      vertex 11.215204454958439 -2.0616722255945206 1.3
      vertex 11.18829645216465 -2.1488493904471397 1.8000000000000003
      vertex 11.215204454958439 -2.0616722255945206 1.8000000000000003
    endloop
  endfacet
  facet normal -0.9733607288989042 0.22927906890380137 0
    outer loop
      vertex 11.236132897436619 -1.9728244990110397 1.3
      vertex 11.215204454958439 -2.0616722255945206 1.8000000000000003
      vertex 11.236132897436619 -1.9728244990110397 1.8000000000000003
    endloop
  endfacet
  facet normal -0.9866358644542681 0.16294069771723504 0
    outer loop
      vertex 11.25108178704977 -1.8823062255978584 1.3
      vertex 11.236132897436619 -1.9728244990110397 1.8000000000000003
      vertex 11.25108178704977 -1.8823062255978584 1.8000000000000003
    endloop
  endfacet
  facet normal 0.9356883098755577 -0.35282770123988605 0
    outer loop
      vertex 10.333040900528431 -1.9201399981975555 1.3
      vertex 10.348821625113487 -1.8782899975776672 1.8000000000000003
      vertex 10.333040900528431 -1.9201399981975555 1.8000000000000003
    endloop
  endfacet
  facet normal 0.9615363995807906 -0.2746775423677921 0
    outer loop
      vertex 10.348821625113487 -1.8782899975776672 1.3
      vertex 10.361733123660088 -1.8330919966101646 1.8000000000000003
      vertex 10.348821625113487 -1.8782899975776672 1.8000000000000003
    endloop
  endfacet
  facet normal 0.9792672977912252 -0.20257235615125704 0
    outer loop
      vertex 10.361733123660088 -1.8330919966101646 1.3
      vertex 10.371775403618813 -1.7845460027456284 1.8000000000000003
      vertex 10.361733123660088 -1.8330919966101646 1.8000000000000003
    endloop
  endfacet
  facet normal 0.9905816584728904 -0.1369232555013871 0
    outer loop
      vertex 10.371775403618813 -1.7845460027456284 1.3
      vertex 10.378948457539082 -1.7326520010828972 1.8000000000000003
      vertex 10.371775403618813 -1.7845460027456284 1.8000000000000003
    endloop
  endfacet
  facet normal 0.9969788700302669 -0.0776732432255291 0
    outer loop
      vertex 10.378948457539082 -1.7326520010828972 1.3
      vertex 10.383252285420895 -1.6774099990725517 1.8000000000000003
      vertex 10.378948457539082 -1.7326520010828972 1.8000000000000003
    endloop
  endfacet
  facet normal 0.9997003601766355 -0.024478354983638526 0
    outer loop
      vertex 10.383252285420895 -1.6774099990725517 1.3
      vertex 10.384686902165413 -1.618819996714592 1.8000000000000003
      vertex 10.383252285420895 -1.6774099990725517 1.8000000000000003
    endloop
  endfacet
  facet normal -0.9953003658648598 0.09683584929805869 0
    outer loop
      vertex 11.260051123797894 -1.7901173904538155 1.3
      vertex 11.25108178704977 -1.8823062255978584 1.8000000000000003
      vertex 11.260051123797894 -1.7901173904538155 1.8000000000000003
    endloop
  endfacet
  facet normal -0.9994930540710126 0.031837632823432 0
    outer loop
      vertex 11.263040900230408 -1.6962580010294914 1.3
      vertex 11.260051123797894 -1.7901173904538155 1.8000000000000003
      vertex 11.263040900230408 -1.6962580010294914 1.8000000000000003
    endloop
  endfacet
  facet normal -1 0 0
    outer loop
      vertex 7.447356298565865 -3.065279997885227 1.3
      vertex 7.447356298565865 -3.065279997885227 1.8000000000000003
      vertex 7.447356298565865 3.065279997885227 1.3
    endloop
  endfacet
  facet normal 1 0 0
    outer loop
      vertex 10.384686902165413 -1.618819996714592 1.3
      vertex 10.384686902165413 -1.3174379989504814 1.3
      vertex 10.384686902165413 -1.3174379989504814 1.8000000000000003
    endloop
  endfacet
  facet normal 0 -1 0
    outer loop
      vertex 10.384686902165413 -1.3174379989504814 1.3
      vertex 11.263040900230408 -1.3174379989504814 1.3
      vertex 11.263040900230408 -1.3174379989504814 1.8000000000000003
    endloop
  endfacet
  facet normal -1 0 0
    outer loop
      vertex 9.300306901335716 -1.6102019995450974 1.3
      vertex 9.300306901335716 -1.6102019995450974 1.8000000000000003
      vertex 9.300306901335716 1.5240840017795563 1.3
    endloop
  endfacet
  facet normal 1 0 0
    outer loop
      vertex 6.56900230050087 -3.065279997885227 1.3
      vertex 6.56900230050087 3.065279997885227 1.8000000000000003
      vertex 6.56900230050087 -3.065279997885227 1.8000000000000003
    endloop
  endfacet
  facet normal 1 0 0
    outer loop
      vertex 8.421952903270721 -1.670404002070427 1.3
      vertex 8.421952903270721 1.704814001917839 1.8000000000000003
      vertex 8.421952903270721 -1.670404002070427 1.8000000000000003
    endloop
  endfacet
  facet normal 1 0 0
    outer loop
      vertex 10.384686902165413 -1.618819996714592 1.3
      vertex 10.384686902165413 -1.3174379989504814 1.8000000000000003
      vertex 10.384686902165413 -1.618819996714592 1.8000000000000003
    endloop
  endfacet
  facet normal -1 0 0
    outer loop
      vertex 11.263040900230408 -1.3174379989504814 1.3
      vertex 11.263040900230408 -1.6962580010294914 1.8000000000000003
      vertex 11.263040900230408 -1.3174379989504814 1.8000000000000003
    endloop
  endfacet
  facet normal 0 -1 0
    outer loop
      vertex 10.384686902165413 -1.3174379989504814 1.3
      vertex 11.263040900230408 -1.3174379989504814 1.8000000000000003
      vertex 10.384686902165413 -1.3174379989504814 1.8000000000000003
    endloop
  endfacet
  facet normal 0 0 1
    outer loop
      vertex 0.4101207032799721 -0.4464000016450882 1.3
      vertex 1.9264547005295753 0.3789440020918846 1.3
      vertex 0.4101207032799721 0.3789440020918846 1.3
    endloop
  endfacet
  facet normal 0 0 1
    outer loop
      vertex -0.46823330223560333 3.065279997885227 1.3
      vertex 0.4101207032799721 -0.4464000016450882 1.3
      vertex 0.4101207032799721 0.3789440020918846 1.3
    endloop
  endfacet
  facet normal 0 0 1
    outer loop
      vertex 3.914850503206253 -0.4464000016450882 1.3
      vertex 5.431184500455856 0.3789440020918846 1.3
      vertex 3.914850503206253 0.3789440020918846 1.3
    endloop
  endfacet
  facet normal 0 0 1
    outer loop
      vertex 3.914850503206253 -0.4464000016450882 1.3
      vertex 3.914850503206253 0.3789440020918846 1.3
      vertex 3.0364964976906776 3.065279997885227 1.3
    endloop
  endfacet
  facet normal 0 0 1
    outer loop
      vertex -0.46823330223560333 3.065279997885227 1.3
      vertex 0.4101207032799721 0.3789440020918846 1.3
      vertex 0.4101207032799721 2.239936001598835 1.3
    endloop
  endfacet
  facet normal 0 0 1
    outer loop
      vertex -0.46823330223560333 3.065279997885227 1.3
      vertex 0.4101207032799721 2.239936001598835 1.3
      vertex 2.1486627012491226 3.065279997885227 1.3
    endloop
  endfacet
  facet normal 0 0 1
    outer loop
      vertex 0.4101207032799721 2.239936001598835 1.3
      vertex 2.1486627012491226 2.239936001598835 1.3
      vertex 2.1486627012491226 3.065279997885227 1.3
    endloop
  endfacet
  facet normal 0 0 1
    outer loop
      vertex 3.914850503206253 0.3789440020918846 1.3
      vertex 3.914850503206253 2.239936001598835 1.3
      vertex 3.0364964976906776 3.065279997885227 1.3
    endloop
  endfacet
  facet normal 0 0 1
    outer loop
      vertex 3.914850503206253 2.239936001598835 1.3
      vertex 5.653392501175404 3.065279997885227 1.3
      vertex 3.0364964976906776 3.065279997885227 1.3
    endloop
  endfacet
  facet normal 0 0 1
    outer loop
      vertex 3.914850503206253 2.239936001598835 1.3
      vertex 5.653392501175404 2.239936001598835 1.3
      vertex 5.653392501175404 3.065279997885227 1.3
    endloop
  endfacet
  facet normal 0 0 1
    outer loop
      vertex 6.56900230050087 -3.065279997885227 1.3
      vertex 7.447356298565865 3.065279997885227 1.3
      vertex 6.56900230050087 3.065279997885227 1.3
    endloop
  endfacet
  facet normal 0 0 1
    outer loop
      vertex 8.421952903270721 -1.670404002070427 1.3
      vertex 9.300306901335716 1.5240840017795563 1.3
      vertex 8.421952903270721 1.704814001917839 1.3
    endloop
  endfacet
  facet normal 0 0 1
    outer loop
      vertex 10.384686902165413 1.3088200017809868 1.3
      vertex 11.263040900230408 1.3088200017809868 1.3
      vertex 10.384686902165413 1.6015840023756027 1.3
    endloop
  endfacet
  facet normal 0 0 1
    outer loop
      vertex 11.263040900230408 1.3088200017809868 1.3
      vertex 11.263040900230408 1.653229996562004 1.3
      vertex 10.384686902165413 1.6015840023756027 1.3
    endloop
  endfacet
  facet normal 0 0 1
    outer loop
      vertex 9.300306901335716 1.5240840017795563 1.3
      vertex 9.303294956684113 1.6244258359074593 1.3
      vertex 8.421952903270721 1.704814001917839 1.3
    endloop
  endfacet
  facet normal 0 0 1
    outer loop
      vertex 8.421952903270721 1.704814001917839 1.3
      vertex 9.303294956684113 1.6244258359074593 1.3
      vertex 9.312259122729301 1.7187846675515175 1.3
    endloop
  endfacet
  facet normal 0 0 1
    outer loop
      vertex 8.421952903270721 1.704814001917839 1.3
      vertex 9.312259122729301 1.7187846675515175 1.3
      vertex 8.424822121858597 1.804058775305748 1.3
    endloop
  endfacet
  facet normal 0 0 1
    outer loop
      vertex 8.424822121858597 1.804058775305748 1.3
      vertex 9.312259122729301 1.7187846675515175 1.3
      vertex 8.433429792523384 1.9009131118655205 1.3
    endloop
  endfacet
  facet normal 0 0 1
    outer loop
      vertex 8.433429792523384 1.9009131118655205 1.3
      vertex 9.327199399471283 1.807160496711731 1.3
      vertex 8.447775900363922 1.9953769966959953 1.3
    endloop
  endfacet
  facet normal 0 0 1
    outer loop
      vertex 8.433429792523384 1.9009131118655205 1.3
      vertex 9.312259122729301 1.7187846675515175 1.3
      vertex 9.327199399471283 1.807160496711731 1.3
    endloop
  endfacet
  facet normal 0 0 1
    outer loop
      vertex 9.327199399471283 1.807160496711731 1.3
      vertex 8.467860452830791 2.0874504446983337 1.3
      vertex 8.447775900363922 1.9953769966959953 1.3
    endloop
  endfacet
  facet normal 0 0 1
    outer loop
      vertex 9.348115786910057 1.8895533308386803 1.3
      vertex 8.493683457374573 2.1771334409713745 1.3
      vertex 8.467860452830791 2.0874504446983337 1.3
    endloop
  endfacet
  facet normal 0 0 1
    outer loop
      vertex 9.327199399471283 1.807160496711731 1.3
      vertex 9.348115786910057 1.8895533308386803 1.3
      vertex 8.467860452830791 2.0874504446983337 1.3
    endloop
  endfacet
  facet normal 0 0 1
    outer loop
      vertex 9.348115786910057 1.8895533308386803 1.3
      vertex 9.375008292496204 1.9659631699323654 1.3
      vertex 8.525244899094105 2.264426000416279 1.3
    endloop
  endfacet
  facet normal 0 0 1
    outer loop
      vertex 9.348115786910057 1.8895533308386803 1.3
      vertex 8.525244899094105 2.264426000416279 1.3
      vertex 8.493683457374573 2.1771334409713745 1.3
    endloop
  endfacet
  facet normal 0 0 1
    outer loop
      vertex 8.525244899094105 2.264426000416279 1.3
      vertex 9.375008292496204 1.9659631699323654 1.3
      vertex 8.562086679041386 2.348611667752266 1.3
    endloop
  endfacet
  facet normal 0 0 1
    outer loop
      vertex 9.375008292496204 1.9659631699323654 1.3
      vertex 9.407876901328564 2.036389999091625 1.3
      vertex 8.6037093475461 2.428974002599716 1.3
    endloop
  endfacet
  facet normal 0 0 1
    outer loop
      vertex 9.375008292496204 1.9659631699323654 1.3
      vertex 8.6037093475461 2.428974002599716 1.3
      vertex 8.562086679041386 2.348611667752266 1.3
    endloop
  endfacet
  facet normal 0 0 1
    outer loop
      vertex 9.407876901328564 2.036389999091625 1.3
      vertex 9.44983023405075 2.0982246696949005 1.3
      vertex 8.701297342777252 2.5782286673784256 1.3
    endloop
  endfacet
  facet normal 0 0 1
    outer loop
      vertex 10.384686902165413 1.6015840023756027 1.3
      vertex 11.263040900230408 1.653229996562004 1.3
      vertex 10.380622453987598 1.6857679411768913 1.3
    endloop
  endfacet
  facet normal 0 0 1
    outer loop
      vertex 10.380622453987598 1.6857679411768913 1.3
      vertex 11.263040900230408 1.653229996562004 1.3
      vertex 11.260051123797894 1.7580995559692383 1.3
    endloop
  endfacet
  facet normal 0 0 1
    outer loop
      vertex 10.380622453987598 1.6857679411768913 1.3
      vertex 11.25108178704977 1.8603375554084778 1.3
      vertex 10.368429124355316 1.766125112771988 1.3
    endloop
  endfacet
  facet normal 0 0 1
    outer loop
      vertex 10.348106898367405 1.8426555022597313 1.3
      vertex 10.368429124355316 1.766125112771988 1.3
      vertex 11.215204454958439 2.056918889284134 1.3
    endloop
  endfacet
  facet normal 0 0 1
    outer loop
      vertex 10.380622453987598 1.6857679411768913 1.3
      vertex 11.260051123797894 1.7580995559692383 1.3
      vertex 11.25108178704977 1.8603375554084778 1.3
    endloop
  endfacet
  facet normal 0 0 1
    outer loop
      vertex 10.368429124355316 1.766125112771988 1.3
      vertex 11.25108178704977 1.8603375554084778 1.3
      vertex 11.236132897436619 1.9599440023303032 1.3
    endloop
  endfacet
  facet normal 0 0 1
    outer loop
      vertex 10.319655790925026 1.9153591096401215 1.3
      vertex 11.117261677980423 2.3313377797603607 1.3
      vertex 10.283075787127018 1.984235942363739 1.3
    endloop
  endfacet
  facet normal 0 0 1
    outer loop
      vertex 10.283075787127018 1.984235942363739 1.3
      vertex 11.027347899973392 2.4958719983696938 1.3
      vertex 10.238366901874542 2.049286000430584 1.3
    endloop
  endfacet
  facet normal 0 0 1
    outer loop
      vertex 10.348106898367405 1.8426555022597313 1.3
      vertex 11.155408896505833 2.2429739981889725 1.3
      vertex 10.319655790925026 1.9153591096401215 1.3
    endloop
  endfacet
  facet normal 0 0 1
    outer loop
      vertex 10.368429124355316 1.766125112771988 1.3
      vertex 11.236132897436619 1.9599440023303032 1.3
      vertex 11.215204454958439 2.056918889284134 1.3
    endloop
  endfacet
  facet normal 0 0 1
    outer loop
      vertex 10.348106898367405 1.8426555022597313 1.3
      vertex 11.215204454958439 2.056918889284134 1.3
      vertex 11.18829645216465 2.1512622237205505 1.3
    endloop
  endfacet
  facet normal 0 0 1
    outer loop
      vertex 10.348106898367405 1.8426555022597313 1.3
      vertex 11.18829645216465 2.1512622237205505 1.3
      vertex 11.155408896505833 2.2429739981889725 1.3
    endloop
  endfacet
  facet normal 0 0 1
    outer loop
      vertex 10.319655790925026 1.9153591096401215 1.3
      vertex 11.155408896505833 2.2429739981889725 1.3
      vertex 11.117261677980423 2.3313377797603607 1.3
    endloop
  endfacet
  facet normal 0 0 1
    outer loop
      vertex 10.283075787127018 1.984235942363739 1.3
      vertex 11.117261677980423 2.3313377797603607 1.3
      vertex 11.074574679136276 2.4156371131539345 1.3
    endloop
  endfacet
  facet normal 0 0 1
    outer loop
      vertex 9.407876901328564 2.036389999091625 1.3
      vertex 8.650112897157669 2.505512997508049 1.3
      vertex 8.6037093475461 2.428974002599716 1.3
    endloop
  endfacet
  facet normal 0 0 1
    outer loop
      vertex 9.407876901328564 2.036389999091625 1.3
      vertex 8.701297342777252 2.5782286673784256 1.3
      vertex 8.650112897157669 2.505512997508049 1.3
    endloop
  endfacet
  facet normal 0 0 1
    outer loop
      vertex 9.44983023405075 2.0982246696949005 1.3
      vertex 8.75726267695427 2.6471209973096848 1.3
      vertex 8.701297342777252 2.5782286673784256 1.3
    endloop
  endfacet
  facet normal 0 0 1
    outer loop
      vertex 9.44983023405075 2.0982246696949005 1.3
      vertex 8.81800889968872 2.7121900022029877 1.3
      vertex 8.75726267695427 2.6471209973096848 1.3
    endloop
  endfacet
  facet normal 0 0 1
    outer loop
      vertex 9.44983023405075 2.0982246696949005 1.3
      vertex 8.883177787065506 2.7730550542473793 1.3
      vertex 8.81800889968872 2.7121900022029877 1.3
    endloop
  endfacet
  facet normal 0 0 1
    outer loop
      vertex 9.50397689640522 2.148816667497158 1.3
      vertex 8.952411122620106 2.8293768912553787 1.3
      vertex 8.883177787065506 2.7730550542473793 1.3
    endloop
  endfacet
  facet normal 0 0 1
    outer loop
      vertex 9.50397689640522 2.148816667497158 1.3
      vertex 9.02570889890194 2.8811554983258247 1.3
      vertex 8.952411122620106 2.8293768912553787 1.3
    endloop
  endfacet
  facet normal 0 0 1
    outer loop
      vertex 9.44983023405075 2.0982246696949005 1.3
      vertex 9.50397689640522 2.148816667497158 1.3
      vertex 8.883177787065506 2.7730550542473793 1.3
    endloop
  endfacet
  facet normal 0 0 1
    outer loop
      vertex 9.50397689640522 2.148816667497158 1.3
      vertex 9.570316903293133 2.1881659999489784 1.3
      vertex 9.103071123361588 2.9283908903598785 1.3
    endloop
  endfacet
  facet normal 0 0 1
    outer loop
      vertex 9.570316903293133 2.1881659999489784 1.3
      vertex 9.648850232362747 2.2162726670503616 1.3
      vertex 9.269988901913166 3.009231999516487 1.3
    endloop
  endfacet
  facet normal 0 0 1
    outer loop
      vertex 9.50397689640522 2.148816667497158 1.3
      vertex 9.103071123361588 2.9283908903598785 1.3
      vertex 9.02570889890194 2.8811554983258247 1.3
    endloop
  endfacet
  facet normal 0 0 1
    outer loop
      vertex 9.648850232362747 2.2162726670503616 1.3
      vertex 9.739576898515224 2.2331366688013077 1.3
      vertex 9.546555399894714 3.0899560004472733 1.3
    endloop
  endfacet
  facet normal 0 0 1
    outer loop
      vertex 9.739576898515224 2.2331366688013077 1.3
      vertex 9.842496901750565 2.238757997751236 1.3
      vertex 9.746484734117985 3.1138742193579674 1.3
    endloop
  endfacet
  facet normal 0 0 1
    outer loop
      vertex 9.842496901750565 2.238757997751236 1.3
      vertex 9.922829955816269 2.233494885265827 1.3
      vertex 9.85111489892006 3.116864003241062 1.3
    endloop
  endfacet
  facet normal 0 0 1
    outer loop
      vertex 9.570316903293133 2.1881659999489784 1.3
      vertex 9.18449778854847 2.971083052456379 1.3
      vertex 9.103071123361588 2.9283908903598785 1.3
    endloop
  endfacet
  facet normal 0 0 1
    outer loop
      vertex 9.570316903293133 2.1881659999489784 1.3
      vertex 9.269988901913166 3.009231999516487 1.3
      vertex 9.18449778854847 2.971083052456379 1.3
    endloop
  endfacet
  facet normal 0 0 1
    outer loop
      vertex 9.648850232362747 2.2162726670503616 1.3
      vertex 9.359067402780056 3.0421195551753044 1.3
      vertex 9.269988901913166 3.009231999516487 1.3
    endloop
  endfacet
  facet normal 0 0 1
    outer loop
      vertex 9.648850232362747 2.2162726670503616 1.3
      vertex 9.451256230473518 3.0690275579690933 1.3
      vertex 9.359067402780056 3.0421195551753044 1.3
    endloop
  endfacet
  facet normal 0 0 1
    outer loop
      vertex 9.648850232362747 2.2162726670503616 1.3
      vertex 9.546555399894714 3.0899560004472733 1.3
      vertex 9.451256230473518 3.0690275579690933 1.3
    endloop
  endfacet
  facet normal 0 0 1
    outer loop
      vertex 9.739576898515224 2.2331366688013077 1.3
      vertex 9.644964903593063 3.104904890060425 1.3
      vertex 9.546555399894714 3.0899560004472733 1.3
    endloop
  endfacet
  facet normal 0 0 1
    outer loop
      vertex 9.739576898515224 2.2331366688013077 1.3
      vertex 9.746484734117985 3.1138742193579674 1.3
      vertex 9.644964903593063 3.104904890060425 1.3
    endloop
  endfacet
  facet normal 0 0 1
    outer loop
      vertex 9.842496901750565 2.238757997751236 1.3
      vertex 9.85111489892006 3.116864003241062 1.3
      vertex 9.746484734117985 3.1138742193579674 1.3
    endloop
  endfacet
  facet normal 0 0 1
    outer loop
      vertex 10.186743289232254 2.1071802228689194 1.3
      vertex 10.722826287150383 2.8358403891324997 1.3
      vertex 10.129377789795399 2.1545482203364372 1.3
    endloop
  endfacet
  facet normal 0 0 1
    outer loop
      vertex 10.238366901874542 2.049286000430584 1.3
      vertex 10.85842890292406 2.7121900022029877 1.3
      vertex 10.186743289232254 2.1071802228689194 1.3
    endloop
  endfacet
  facet normal 0 0 1
    outer loop
      vertex 10.066270403563976 2.191390000283718 1.3
      vertex 10.129377789795399 2.1545482203364372 1.3
      vertex 10.574310459196568 2.937008887529373 1.3
    endloop
  endfacet
  facet normal 0 0 1
    outer loop
      vertex 9.922829955816269 2.233494885265827 1.3
      vertex 9.997421123087406 2.2177055552601814 1.3
      vertex 10.051283620297909 3.105623058974743 1.3
    endloop
  endfacet
  facet normal 0 0 1
    outer loop
      vertex 10.066270403563976 2.191390000283718 1.3
      vertex 10.23853912204504 3.0719002187252045 1.3
      vertex 9.997421123087406 2.2177055552601814 1.3
    endloop
  endfacet
  facet normal 0 0 1
    outer loop
      vertex 10.186743289232254 2.1071802228689194 1.3
      vertex 10.85842890292406 2.7121900022029877 1.3
      vertex 10.722826287150383 2.8358403891324997 1.3
    endloop
  endfacet
  facet normal 0 0 1
    outer loop
      vertex 10.129377789795399 2.1545482203364372 1.3
      vertex 10.722826287150383 2.8358403891324997 1.3
      vertex 10.574310459196568 2.937008887529373 1.3
    endloop
  endfacet
  facet normal 0 0 1
    outer loop
      vertex 10.238366901874542 2.049286000430584 1.3
      vertex 11.027347899973392 2.4958719983696938 1.3
      vertex 10.975581347942352 2.572042442858219 1.3
    endloop
  endfacet
  facet normal 0 0 1
    outer loop
      vertex 10.283075787127018 1.984235942363739 1.3
      vertex 11.074574679136276 2.4156371131539345 1.3
      vertex 11.027347899973392 2.4958719983696938 1.3
    endloop
  endfacet
  facet normal 0 0 1
    outer loop
      vertex 10.238366901874542 2.049286000430584 1.3
      vertex 10.975581347942352 2.572042442858219 1.3
      vertex 10.919275008141994 2.6441484466195107 1.3
    endloop
  endfacet
  facet normal 0 0 1
    outer loop
      vertex 10.238366901874542 2.049286000430584 1.3
      vertex 10.919275008141994 2.6441484466195107 1.3
      vertex 10.85842890292406 2.7121900022029877 1.3
    endloop
  endfacet
  facet normal 0 0 1
    outer loop
      vertex 10.066270403563976 2.191390000283718 1.3
      vertex 10.412881396710873 3.015695497393608 1.3
      vertex 10.23853912204504 3.0719002187252045 1.3
    endloop
  endfacet
  facet normal 0 0 1
    outer loop
      vertex 9.922829955816269 2.233494885265827 1.3
      vertex 10.051283620297909 3.105623058974743 1.3
      vertex 9.85111489892006 3.116864003241062 1.3
    endloop
  endfacet
  facet normal 0 0 1
    outer loop
      vertex 9.997421123087406 2.2177055552601814 1.3
      vertex 10.23853912204504 3.0719002187252045 1.3
      vertex 10.051283620297909 3.105623058974743 1.3
    endloop
  endfacet
  facet normal 0 0 1
    outer loop
      vertex 10.066270403563976 2.191390000283718 1.3
      vertex 10.574310459196568 2.937008887529373 1.3
      vertex 10.412881396710873 3.015695497393608 1.3
    endloop
  endfacet
  facet normal 0 -1 0
    outer loop
      vertex 0.4101207032799721 0.3789440020918846 1.3
      vertex 1.9264547005295753 0.3789440020918846 1.3
      vertex 1.9264547005295753 0.3789440020918846 1.8000000000000003
    endloop
  endfacet
  facet normal -1 0 0
    outer loop
      vertex 0.4101207032799721 0.3789440020918846 1.3
      vertex 0.4101207032799721 0.3789440020918846 1.8000000000000003
      vertex 0.4101207032799721 2.239936001598835 1.3
    endloop
  endfacet
  facet normal 0 -1 0
    outer loop
      vertex 3.914850503206253 0.3789440020918846 1.3
      vertex 5.431184500455856 0.3789440020918846 1.3
      vertex 5.431184500455856 0.3789440020918846 1.8000000000000003
    endloop
  endfacet
  facet normal 1 0 0
    outer loop
      vertex 3.0364964976906776 -3.0632959976792336 1.3
      vertex 3.0364964976906776 3.065279997885227 1.3
      vertex 3.0364964976906776 3.065279997885227 1.8000000000000003
    endloop
  endfacet
  facet normal -1 0 0
    outer loop
      vertex 3.914850503206253 0.3789440020918846 1.3
      vertex 3.914850503206253 0.3789440020918846 1.8000000000000003
      vertex 3.914850503206253 2.239936001598835 1.3
    endloop
  endfacet
  facet normal 0 -1 0
    outer loop
      vertex 0.4101207032799721 0.3789440020918846 1.3
      vertex 1.9264547005295753 0.3789440020918846 1.8000000000000003
      vertex 0.4101207032799721 0.3789440020918846 1.8000000000000003
    endloop
  endfacet
  facet normal -1 0 0
    outer loop
      vertex 1.9264547005295753 0.3789440020918846 1.3
      vertex 1.9264547005295753 -0.4464000016450882 1.8000000000000003
      vertex 1.9264547005295753 0.3789440020918846 1.8000000000000003
    endloop
  endfacet
  facet normal 0 -1 0
    outer loop
      vertex 3.914850503206253 0.3789440020918846 1.3
      vertex 5.431184500455856 0.3789440020918846 1.8000000000000003
      vertex 3.914850503206253 0.3789440020918846 1.8000000000000003
    endloop
  endfacet
  facet normal -1 0 0
    outer loop
      vertex 5.431184500455856 0.3789440020918846 1.3
      vertex 5.431184500455856 -0.4464000016450882 1.8000000000000003
      vertex 5.431184500455856 0.3789440020918846 1.8000000000000003
    endloop
  endfacet
  facet normal 0 1 0
    outer loop
      vertex 0.4101207032799721 2.239936001598835 1.3
      vertex 0.4101207032799721 2.239936001598835 1.8000000000000003
      vertex 2.1486627012491226 2.239936001598835 1.3
    endloop
  endfacet
  facet normal -1 0 0
    outer loop
      vertex 2.1486627012491226 2.239936001598835 1.3
      vertex 2.1486627012491226 2.239936001598835 1.8000000000000003
      vertex 2.1486627012491226 3.065279997885227 1.3
    endloop
  endfacet
  facet normal 0 1 0
    outer loop
      vertex 3.914850503206253 2.239936001598835 1.3
      vertex 3.914850503206253 2.239936001598835 1.8000000000000003
      vertex 5.653392501175404 2.239936001598835 1.3
    endloop
  endfacet
  facet normal -1 0 0
    outer loop
      vertex 0.4101207032799721 2.239936001598835 1.3
      vertex 0.4101207032799721 0.3789440020918846 1.8000000000000003
      vertex 0.4101207032799721 2.239936001598835 1.8000000000000003
    endloop
  endfacet
  facet normal 0 1 0
    outer loop
      vertex 2.1486627012491226 2.239936001598835 1.3
      vertex 0.4101207032799721 2.239936001598835 1.8000000000000003
      vertex 2.1486627012491226 2.239936001598835 1.8000000000000003
    endloop
  endfacet
  facet normal -1 0 0
    outer loop
      vertex 2.1486627012491226 3.065279997885227 1.3
      vertex 2.1486627012491226 2.239936001598835 1.8000000000000003
      vertex 2.1486627012491226 3.065279997885227 1.8000000000000003
    endloop
  endfacet
  facet normal -1 0 0
    outer loop
      vertex 3.914850503206253 2.239936001598835 1.3
      vertex 3.914850503206253 0.3789440020918846 1.8000000000000003
      vertex 3.914850503206253 2.239936001598835 1.8000000000000003
    endloop
  endfacet
  facet normal 0 1 0
    outer loop
      vertex 5.653392501175404 2.239936001598835 1.3
      vertex 3.914850503206253 2.239936001598835 1.8000000000000003
      vertex 5.653392501175404 2.239936001598835 1.8000000000000003
    endloop
  endfacet
  facet normal 1 0 0
    outer loop
      vertex 8.421952903270721 -1.670404002070427 1.3
      vertex 8.421952903270721 1.704814001917839 1.3
      vertex 8.421952903270721 1.704814001917839 1.8000000000000003
    endloop
  endfacet
  facet normal 1 0 0
    outer loop
      vertex 6.56900230050087 -3.065279997885227 1.3
      vertex 6.56900230050087 3.065279997885227 1.3
      vertex 6.56900230050087 3.065279997885227 1.8000000000000003
    endloop
  endfacet
  facet normal 1 0 0
    outer loop
      vertex 10.384686902165413 1.3088200017809868 1.3
      vertex 10.384686902165413 1.6015840023756027 1.3
      vertex 10.384686902165413 1.6015840023756027 1.8000000000000003
    endloop
  endfacet
  facet normal 0 1 0
    outer loop
      vertex 10.384686902165413 1.3088200017809868 1.3
      vertex 10.384686902165413 1.3088200017809868 1.8000000000000003
      vertex 11.263040900230408 1.3088200017809868 1.3
    endloop
  endfacet
  facet normal -1 0 0
    outer loop
      vertex 11.263040900230408 1.3088200017809868 1.3
      vertex 11.263040900230408 1.3088200017809868 1.8000000000000003
      vertex 11.263040900230408 1.653229996562004 1.3
    endloop
  endfacet
  facet normal -1 0 0
    outer loop
      vertex 7.447356298565865 3.065279997885227 1.3
      vertex 7.447356298565865 -3.065279997885227 1.8000000000000003
      vertex 7.447356298565865 3.065279997885227 1.8000000000000003
    endloop
  endfacet
  facet normal -1 0 0
    outer loop
      vertex 9.300306901335716 1.5240840017795563 1.3
      vertex 9.300306901335716 -1.6102019995450974 1.8000000000000003
      vertex 9.300306901335716 1.5240840017795563 1.8000000000000003
    endloop
  endfacet
  facet normal 1 0 0
    outer loop
      vertex 10.384686902165413 1.3088200017809868 1.3
      vertex 10.384686902165413 1.6015840023756027 1.8000000000000003
      vertex 10.384686902165413 1.3088200017809868 1.8000000000000003
    endloop
  endfacet
  facet normal 0 1 0
    outer loop
      vertex 11.263040900230408 1.3088200017809868 1.3
      vertex 10.384686902165413 1.3088200017809868 1.8000000000000003
      vertex 11.263040900230408 1.3088200017809868 1.8000000000000003
    endloop
  endfacet
  facet normal 0.9995823525370211 -0.02889845145599195 0
    outer loop
      vertex 8.421952903270721 1.704814001917839 1.3
      vertex 8.424822121858597 1.804058775305748 1.3
      vertex 8.424822121858597 1.804058775305748 1.8000000000000003
    endloop
  endfacet
  facet normal 0.9960740950931668 -0.08852342675432745 0
    outer loop
      vertex 8.424822121858597 1.804058775305748 1.3
      vertex 8.433429792523384 1.9009131118655205 1.3
      vertex 8.433429792523384 1.9009131118655205 1.8000000000000003
    endloop
  endfacet
  facet normal 0.9886636723112558 -0.1501470714067427 0
    outer loop
      vertex 8.433429792523384 1.9009131118655205 1.3
      vertex 8.447775900363922 1.9953769966959953 1.3
      vertex 8.447775900363922 1.9953769966959953 1.8000000000000003
    endloop
  endfacet
  facet normal 0.9770250421112932 -0.21312453422219113 0
    outer loop
      vertex 8.447775900363922 1.9953769966959953 1.3
      vertex 8.467860452830791 2.0874504446983337 1.3
      vertex 8.467860452830791 2.0874504446983337 1.8000000000000003
    endloop
  endfacet
  facet normal -1 0 0
    outer loop
      vertex 5.653392501175404 2.239936001598835 1.3
      vertex 5.653392501175404 2.239936001598835 1.8000000000000003
      vertex 5.653392501175404 3.065279997885227 1.3
    endloop
  endfacet
  facet normal -0.9995569074113388 0.02976556477341059 0
    outer loop
      vertex 9.300306901335716 1.5240840017795563 1.3
      vertex 9.300306901335716 1.5240840017795563 1.8000000000000003
      vertex 9.303294956684113 1.6244258359074593 1.3
    endloop
  endfacet
  facet normal -0.9955177395430624 0.09457499804425645 0
    outer loop
      vertex 9.303294956684113 1.6244258359074593 1.3
      vertex 9.303294956684113 1.6244258359074593 1.8000000000000003
      vertex 9.312259122729301 1.7187846675515175 1.3
    endloop
  endfacet
  facet normal -0.9860095655294752 0.16668874192450886 0
    outer loop
      vertex 9.312259122729301 1.7187846675515175 1.3
      vertex 9.312259122729301 1.7187846675515175 1.8000000000000003
      vertex 9.327199399471283 1.807160496711731 1.3
    endloop
  endfacet
  facet normal -0.9692553974176907 0.24605685232619434 0
    outer loop
      vertex 9.327199399471283 1.807160496711731 1.3
      vertex 9.327199399471283 1.807160496711731 1.8000000000000003
      vertex 9.348115786910057 1.8895533308386803 1.3
    endloop
  endfacet
  facet normal 0.960957848501865 -0.2766948019075654 0
    outer loop
      vertex 8.467860452830791 2.0874504446983337 1.3
      vertex 8.493683457374573 2.1771334409713745 1.3
      vertex 8.493683457374573 2.1771334409713745 1.8000000000000003
    endloop
  endfacet
  facet normal 0.9404191632780707 -0.34001734858588234 0
    outer loop
      vertex 8.493683457374573 2.1771334409713745 1.3
      vertex 8.525244899094105 2.264426000416279 1.3
      vertex 8.525244899094105 2.264426000416279 1.8000000000000003
    endloop
  endfacet
  facet normal -0.9432831583146716 0.33198928181478715 0
    outer loop
      vertex 9.348115786910057 1.8895533308386803 1.3
      vertex 9.348115786910057 1.8895533308386803 1.8000000000000003
      vertex 9.375008292496204 1.9659631699323654 1.3
    endloop
  endfacet
  facet normal -0.9061695542946715 0.4229145763264686 0
    outer loop
      vertex 9.375008292496204 1.9659631699323654 1.3
      vertex 9.375008292496204 1.9659631699323654 1.8000000000000003
      vertex 9.407876901328564 2.036389999091625 1.3
    endloop
  endfacet
  facet normal -0.8275125086664402 0.5614472798051252 0
    outer loop
      vertex 9.407876901328564 2.036389999091625 1.3
      vertex 9.407876901328564 2.036389999091625 1.8000000000000003
      vertex 9.44983023405075 2.0982246696949005 1.3
    endloop
  endfacet
  facet normal -0.6827156265062096 0.7306841816573244 0
    outer loop
      vertex 9.44983023405075 2.0982246696949005 1.3
      vertex 9.44983023405075 2.0982246696949005 1.8000000000000003
      vertex 9.50397689640522 2.148816667497158 1.3
    endloop
  endfacet
  facet normal -0.5101548361875833 0.8600825792413309 0
    outer loop
      vertex 9.50397689640522 2.148816667497158 1.3
      vertex 9.50397689640522 2.148816667497158 1.8000000000000003
      vertex 9.570316903293133 2.1881659999489784 1.3
    endloop
  endfacet
  facet normal -0.3369641708954243 0.9415174706465936 0
    outer loop
      vertex 9.570316903293133 2.1881659999489784 1.3
      vertex 9.570316903293133 2.1881659999489784 1.8000000000000003
      vertex 9.648850232362747 2.2162726670503616 1.3
    endloop
  endfacet
  facet normal -0.1827468450849513 0.9831600025486681 0
    outer loop
      vertex 9.648850232362747 2.2162726670503616 1.3
      vertex 9.648850232362747 2.2162726670503616 1.8000000000000003
      vertex 9.739576898515224 2.2331366688013077 1.3
    endloop
  endfacet
  facet normal -0.05453714330320196 0.9985117425450368 0
    outer loop
      vertex 9.739576898515224 2.2331366688013077 1.3
      vertex 9.739576898515224 2.2331366688013077 1.8000000000000003
      vertex 9.842496901750565 2.238757997751236 1.3
    endloop
  endfacet
  facet normal 0.06537599221093877 0.997860701522229 0
    outer loop
      vertex 9.842496901750565 2.238757997751236 1.3
      vertex 9.842496901750565 2.238757997751236 1.8000000000000003
      vertex 9.922829955816269 2.233494885265827 1.3
    endloop
  endfacet
  facet normal 0.9988365271518932 0.04822439244972602 0
    outer loop
      vertex 10.384686902165413 1.6015840023756027 1.3
      vertex 10.380622453987598 1.6857679411768913 1.3
      vertex 10.380622453987598 1.6857679411768913 1.8000000000000003
    endloop
  endfacet
  facet normal 0.9886826771793592 0.15002187788937624 0
    outer loop
      vertex 10.380622453987598 1.6857679411768913 1.3
      vertex 10.368429124355316 1.766125112771988 1.3
      vertex 10.368429124355316 1.766125112771988 1.8000000000000003
    endloop
  endfacet
  facet normal 0.9665044225228819 0.25664995858895123 0
    outer loop
      vertex 10.348106898367405 1.8426555022597313 1.3
      vertex 10.348106898367405 1.8426555022597313 1.8000000000000003
      vertex 10.368429124355316 1.766125112771988 1.3
    endloop
  endfacet
  facet normal 0.9312346524363064 0.3644201175866005 0
    outer loop
      vertex 10.348106898367405 1.8426555022597313 1.3
      vertex 10.319655790925026 1.9153591096401215 1.3
      vertex 10.319655790925026 1.9153591096401215 1.8000000000000003
    endloop
  endfacet
  facet normal -0.9995938523902543 -0.028497899284168175 0
    outer loop
      vertex 11.263040900230408 1.653229996562004 1.3
      vertex 11.263040900230408 1.653229996562004 1.8000000000000003
      vertex 11.260051123797894 1.7580995559692383 1.3
    endloop
  endfacet
  facet normal -0.9961737983715344 -0.08739429865860554 0
    outer loop
      vertex 11.260051123797894 1.7580995559692383 1.3
      vertex 11.260051123797894 1.7580995559692383 1.8000000000000003
      vertex 11.25108178704977 1.8603375554084778 1.3
    endloop
  endfacet
  facet normal -0.9889248108246128 -0.14841737949277908 0
    outer loop
      vertex 11.25108178704977 1.8603375554084778 1.3
      vertex 11.25108178704977 1.8603375554084778 1.8000000000000003
      vertex 11.236132897436619 1.9599440023303032 1.3
    endloop
  endfacet
  facet normal 0.7463708367109676 0.6655302954091348 0
    outer loop
      vertex 10.238366901874542 2.049286000430584 1.3
      vertex 10.186743289232254 2.1071802228689194 1.3
      vertex 10.186743289232254 2.1071802228689194 1.8000000000000003
    endloop
  endfacet
  facet normal 0.8831731610628122 0.46904708460699335 0
    outer loop
      vertex 10.319655790925026 1.9153591096401215 1.3
      vertex 10.283075787127018 1.984235942363739 1.3
      vertex 10.283075787127018 1.984235942363739 1.8000000000000003
    endloop
  endfacet
  facet normal 0.8241189797529492 0.5664167257514189 0
    outer loop
      vertex 10.283075787127018 1.984235942363739 1.3
      vertex 10.238366901874542 2.049286000430584 1.3
      vertex 10.238366901874542 2.049286000430584 1.8000000000000003
    endloop
  endfacet
  facet normal 0.6367145022525911 0.7710996320977174 0
    outer loop
      vertex 10.186743289232254 2.1071802228689194 1.3
      vertex 10.129377789795399 2.1545482203364372 1.3
      vertex 10.129377789795399 2.1545482203364372 1.8000000000000003
    endloop
  endfacet
  facet normal 0.5041685043681392 0.8636053029035855 0
    outer loop
      vertex 10.066270403563976 2.191390000283718 1.3
      vertex 10.066270403563976 2.191390000283718 1.8000000000000003
      vertex 10.129377789795399 2.1545482203364372 1.3
    endloop
  endfacet
  facet normal 0.20708951798795905 0.97832199788184 0
    outer loop
      vertex 9.922829955816269 2.233494885265827 1.3
      vertex 9.922829955816269 2.233494885265827 1.8000000000000003
      vertex 9.997421123087406 2.2177055552601814 1.3
    endloop
  endfacet
  facet normal 0.35702892181728263 0.9340933299119466 0
    outer loop
      vertex 10.066270403563976 2.191390000283718 1.3
      vertex 9.997421123087406 2.2177055552601814 1.3
      vertex 9.997421123087406 2.2177055552601814 1.8000000000000003
    endloop
  endfacet
  facet normal -0.9774955042642901 -0.21095624935777837 0
    outer loop
      vertex 11.236132897436619 1.9599440023303032 1.3
      vertex 11.236132897436619 1.9599440023303032 1.8000000000000003
      vertex 11.215204454958439 2.056918889284134 1.3
    endloop
  endfacet
  facet normal -0.9616510272995942 -0.2742759590150679 0
    outer loop
      vertex 11.215204454958439 2.056918889284134 1.3
      vertex 11.215204454958439 2.056918889284134 1.8000000000000003
      vertex 11.18829645216465 2.1512622237205505 1.3
    endloop
  endfacet
  facet normal -0.9413076115770129 -0.337549967245117 0
    outer loop
      vertex 11.18829645216465 2.1512622237205505 1.3
      vertex 11.18829645216465 2.1512622237205505 1.8000000000000003
      vertex 11.155408896505833 2.2429739981889725 1.3
    endloop
  endfacet
  facet normal -0.9180996687011381 -0.39634959105675954 0
    outer loop
      vertex 11.155408896505833 2.2429739981889725 1.3
      vertex 11.155408896505833 2.2429739981889725 1.8000000000000003
      vertex 11.117261677980423 2.3313377797603607 1.3
    endloop
  endfacet
  facet normal 0.9161151696364087 -0.40091519796841585 0
    outer loop
      vertex 8.525244899094105 2.264426000416279 1.3
      vertex 8.562086679041386 2.348611667752266 1.3
      vertex 8.562086679041386 2.348611667752266 1.8000000000000003
    endloop
  endfacet
  facet normal 0.8879652624180575 -0.4599105268841215 0
    outer loop
      vertex 8.562086679041386 2.348611667752266 1.3
      vertex 8.6037093475461 2.428974002599716 1.3
      vertex 8.6037093475461 2.428974002599716 1.8000000000000003
    endloop
  endfacet
  facet normal 0.8551172006632576 -0.5184347337224177 0
    outer loop
      vertex 8.6037093475461 2.428974002599716 1.3
      vertex 8.650112897157669 2.505512997508049 1.3
      vertex 8.650112897157669 2.505512997508049 1.8000000000000003
    endloop
  endfacet
  facet normal 0.8177314714735227 -0.5755998962489026 0
    outer loop
      vertex 8.650112897157669 2.505512997508049 1.3
      vertex 8.701297342777252 2.5782286673784256 1.3
      vertex 8.701297342777252 2.5782286673784256 1.8000000000000003
    endloop
  endfacet
  facet normal 0.7761673933517272 -0.6305269046579893 0
    outer loop
      vertex 8.701297342777252 2.5782286673784256 1.3
      vertex 8.75726267695427 2.6471209973096848 1.3
      vertex 8.75726267695427 2.6471209973096848 1.8000000000000003
    endloop
  endfacet
  facet normal 0.7309703604795514 -0.6824092116174829 0
    outer loop
      vertex 8.75726267695427 2.6471209973096848 1.3
      vertex 8.81800889968872 2.7121900022029877 1.3
      vertex 8.81800889968872 2.7121900022029877 1.8000000000000003
    endloop
  endfacet
  facet normal 0.6825624871160142 -0.7308272375753391 0
    outer loop
      vertex 8.81800889968872 2.7121900022029877 1.3
      vertex 8.883177787065506 2.7730550542473793 1.3
      vertex 8.883177787065506 2.7730550542473793 1.8000000000000003
    endloop
  endfacet
  facet normal 0.6310632728078486 -0.7757313618212472 0
    outer loop
      vertex 8.883177787065506 2.7730550542473793 1.3
      vertex 8.952411122620106 2.8293768912553787 1.3
      vertex 8.952411122620106 2.8293768912553787 1.8000000000000003
    endloop
  endfacet
  facet normal 0.576973218017322 -0.8167630658218672 0
    outer loop
      vertex 8.952411122620106 2.8293768912553787 1.3
      vertex 9.02570889890194 2.8811554983258247 1.3
      vertex 9.02570889890194 2.8811554983258247 1.8000000000000003
    endloop
  endfacet
  facet normal 0.5211164356541566 -0.8534855947765652 0
    outer loop
      vertex 9.02570889890194 2.8811554983258247 1.3
      vertex 9.103071123361588 2.9283908903598785 1.3
      vertex 9.103071123361588 2.9283908903598785 1.8000000000000003
    endloop
  endfacet
  facet normal 0.46434920454392414 -0.8856521982355291 0
    outer loop
      vertex 9.103071123361588 2.9283908903598785 1.3
      vertex 9.18449778854847 2.971083052456379 1.3
      vertex 9.18449778854847 2.971083052456379 1.8000000000000003
    endloop
  endfacet
  facet normal 0.40750183777944127 -0.9132043868742517 0
    outer loop
      vertex 9.18449778854847 2.971083052456379 1.3
      vertex 9.269988901913166 3.009231999516487 1.3
      vertex 9.269988901913166 3.009231999516487 1.8000000000000003
    endloop
  endfacet
  facet normal 0.34634657835452276 -0.9381066291536984 0
    outer loop
      vertex 9.269988901913166 3.009231999516487 1.3
      vertex 9.359067402780056 3.0421195551753044 1.3
      vertex 9.359067402780056 3.0421195551753044 1.8000000000000003
    endloop
  endfacet
  facet normal -0.8921409842150957 -0.451757085482586 0
    outer loop
      vertex 11.117261677980423 2.3313377797603607 1.3
      vertex 11.117261677980423 2.3313377797603607 1.8000000000000003
      vertex 11.074574679136276 2.4156371131539345 1.3
    endloop
  endfacet
  facet normal -0.8617943592493558 -0.5072578066092156 0
    outer loop
      vertex 11.074574679136276 2.4156371131539345 1.3
      vertex 11.074574679136276 2.4156371131539345 1.8000000000000003
      vertex 11.027347899973392 2.4958719983696938 1.3
    endloop
  endfacet
  facet normal -0.7454219250593439 -0.66659294448773 0
    outer loop
      vertex 10.85842890292406 2.7121900022029877 1.3
      vertex 10.919275008141994 2.6441484466195107 1.3
      vertex 10.919275008141994 2.6441484466195107 1.8000000000000003
    endloop
  endfacet
  facet normal -0.8270746611160962 -0.5620920787021417 0
    outer loop
      vertex 11.027347899973392 2.4958719983696938 1.3
      vertex 11.027347899973392 2.4958719983696938 1.8000000000000003
      vertex 10.975581347942352 2.572042442858219 1.3
    endloop
  endfacet
  facet normal -0.7881647513715804 -0.6154643163461022 0
    outer loop
      vertex 10.975581347942352 2.572042442858219 1.3
      vertex 10.975581347942352 2.572042442858219 1.8000000000000003
      vertex 10.919275008141994 2.6441484466195107 1.3
    endloop
  endfacet
  facet normal -0.30683108664353803 -0.9517639855915676 0
    outer loop
      vertex 10.412881396710873 3.015695497393608 1.3
      vertex 10.412881396710873 3.015695497393608 1.8000000000000003
      vertex 10.23853912204504 3.0719002187252045 1.3
    endloop
  endfacet
  facet normal -0.4381569939126743 -0.8988984640577647 0
    outer loop
      vertex 10.412881396710873 3.015695497393608 1.3
      vertex 10.574310459196568 2.937008887529373 1.3
      vertex 10.574310459196568 2.937008887529373 1.8000000000000003
    endloop
  endfacet
  facet normal -0.673791669611768 -0.7389213665619543 0
    outer loop
      vertex 10.85842890292406 2.7121900022029877 1.3
      vertex 10.85842890292406 2.7121900022029877 1.8000000000000003
      vertex 10.722826287150383 2.8358403891324997 1.3
    endloop
  endfacet
  facet normal -0.5629861656615199 -0.8264663195035473 0
    outer loop
      vertex 10.722826287150383 2.8358403891324997 1.3
      vertex 10.722826287150383 2.8358403891324997 1.8000000000000003
      vertex 10.574310459196568 2.937008887529373 1.3
    endloop
  endfacet
  facet normal 0.9995823525370211 -0.02889845145599195 0
    outer loop
      vertex 8.421952903270721 1.704814001917839 1.3
      vertex 8.424822121858597 1.804058775305748 1.8000000000000003
      vertex 8.421952903270721 1.704814001917839 1.8000000000000003
    endloop
  endfacet
  facet normal 0.9960740950931668 -0.08852342675432745 0
    outer loop
      vertex 8.424822121858597 1.804058775305748 1.3
      vertex 8.433429792523384 1.9009131118655205 1.8000000000000003
      vertex 8.424822121858597 1.804058775305748 1.8000000000000003
    endloop
  endfacet
  facet normal 0.9886636723112558 -0.1501470714067427 0
    outer loop
      vertex 8.433429792523384 1.9009131118655205 1.3
      vertex 8.447775900363922 1.9953769966959953 1.8000000000000003
      vertex 8.433429792523384 1.9009131118655205 1.8000000000000003
    endloop
  endfacet
  facet normal 0.9770250421112932 -0.21312453422219113 0
    outer loop
      vertex 8.447775900363922 1.9953769966959953 1.3
      vertex 8.467860452830791 2.0874504446983337 1.8000000000000003
      vertex 8.447775900363922 1.9953769966959953 1.8000000000000003
    endloop
  endfacet
  facet normal -1 0 0
    outer loop
      vertex 5.653392501175404 3.065279997885227 1.3
      vertex 5.653392501175404 2.239936001598835 1.8000000000000003
      vertex 5.653392501175404 3.065279997885227 1.8000000000000003
    endloop
  endfacet
  facet normal -0.9995569074113388 0.02976556477341059 0
    outer loop
      vertex 9.303294956684113 1.6244258359074593 1.3
      vertex 9.300306901335716 1.5240840017795563 1.8000000000000003
      vertex 9.303294956684113 1.6244258359074593 1.8000000000000003
    endloop
  endfacet
  facet normal -0.9955177395430624 0.09457499804425645 0
    outer loop
      vertex 9.312259122729301 1.7187846675515175 1.3
      vertex 9.303294956684113 1.6244258359074593 1.8000000000000003
      vertex 9.312259122729301 1.7187846675515175 1.8000000000000003
    endloop
  endfacet
  facet normal -0.9860095655294752 0.16668874192450886 0
    outer loop
      vertex 9.327199399471283 1.807160496711731 1.3
      vertex 9.312259122729301 1.7187846675515175 1.8000000000000003
      vertex 9.327199399471283 1.807160496711731 1.8000000000000003
    endloop
  endfacet
  facet normal -0.9692553974176907 0.24605685232619434 0
    outer loop
      vertex 9.348115786910057 1.8895533308386803 1.3
      vertex 9.327199399471283 1.807160496711731 1.8000000000000003
      vertex 9.348115786910057 1.8895533308386803 1.8000000000000003
    endloop
  endfacet
  facet normal 0.960957848501865 -0.2766948019075654 0
    outer loop
      vertex 8.467860452830791 2.0874504446983337 1.3
      vertex 8.493683457374573 2.1771334409713745 1.8000000000000003
      vertex 8.467860452830791 2.0874504446983337 1.8000000000000003
    endloop
  endfacet
  facet normal 0.9404191632780707 -0.34001734858588234 0
    outer loop
      vertex 8.493683457374573 2.1771334409713745 1.3
      vertex 8.525244899094105 2.264426000416279 1.8000000000000003
      vertex 8.493683457374573 2.1771334409713745 1.8000000000000003
    endloop
  endfacet
  facet normal -0.9432831583146716 0.33198928181478715 0
    outer loop
      vertex 9.375008292496204 1.9659631699323654 1.3
      vertex 9.348115786910057 1.8895533308386803 1.8000000000000003
      vertex 9.375008292496204 1.9659631699323654 1.8000000000000003
    endloop
  endfacet
  facet normal -0.9061695542946715 0.4229145763264686 0
    outer loop
      vertex 9.407876901328564 2.036389999091625 1.3
      vertex 9.375008292496204 1.9659631699323654 1.8000000000000003
      vertex 9.407876901328564 2.036389999091625 1.8000000000000003
    endloop
  endfacet
  facet normal -0.8275125086664402 0.5614472798051252 0
    outer loop
      vertex 9.44983023405075 2.0982246696949005 1.3
      vertex 9.407876901328564 2.036389999091625 1.8000000000000003
      vertex 9.44983023405075 2.0982246696949005 1.8000000000000003
    endloop
  endfacet
  facet normal -0.6827156265062096 0.7306841816573244 0
    outer loop
      vertex 9.50397689640522 2.148816667497158 1.3
      vertex 9.44983023405075 2.0982246696949005 1.8000000000000003
      vertex 9.50397689640522 2.148816667497158 1.8000000000000003
    endloop
  endfacet
  facet normal -0.5101548361875833 0.8600825792413309 0
    outer loop
      vertex 9.570316903293133 2.1881659999489784 1.3
      vertex 9.50397689640522 2.148816667497158 1.8000000000000003
      vertex 9.570316903293133 2.1881659999489784 1.8000000000000003
    endloop
  endfacet
  facet normal -0.3369641708954243 0.9415174706465936 0
    outer loop
      vertex 9.648850232362747 2.2162726670503616 1.3
      vertex 9.570316903293133 2.1881659999489784 1.8000000000000003
      vertex 9.648850232362747 2.2162726670503616 1.8000000000000003
    endloop
  endfacet
  facet normal -0.1827468450849513 0.9831600025486681 0
    outer loop
      vertex 9.739576898515224 2.2331366688013077 1.3
      vertex 9.648850232362747 2.2162726670503616 1.8000000000000003
      vertex 9.739576898515224 2.2331366688013077 1.8000000000000003
    endloop
  endfacet
  facet normal -0.05453714330320196 0.9985117425450368 0
    outer loop
      vertex 9.842496901750565 2.238757997751236 1.3
      vertex 9.739576898515224 2.2331366688013077 1.8000000000000003
      vertex 9.842496901750565 2.238757997751236 1.8000000000000003
    endloop
  endfacet
  facet normal 0.9988365271518932 0.04822439244972602 0
    outer loop
      vertex 10.384686902165413 1.6015840023756027 1.3
      vertex 10.380622453987598 1.6857679411768913 1.8000000000000003
      vertex 10.384686902165413 1.6015840023756027 1.8000000000000003
    endloop
  endfacet
  facet normal 0.9886826771793592 0.15002187788937624 0
    outer loop
      vertex 10.380622453987598 1.6857679411768913 1.3
      vertex 10.368429124355316 1.766125112771988 1.8000000000000003
      vertex 10.380622453987598 1.6857679411768913 1.8000000000000003
    endloop
  endfacet
  facet normal 0.9665044225228819 0.25664995858895123 0
    outer loop
      vertex 10.368429124355316 1.766125112771988 1.3
      vertex 10.348106898367405 1.8426555022597313 1.8000000000000003
      vertex 10.368429124355316 1.766125112771988 1.8000000000000003
    endloop
  endfacet
  facet normal 0.9312346524363064 0.3644201175866005 0
    outer loop
      vertex 10.348106898367405 1.8426555022597313 1.3
      vertex 10.319655790925026 1.9153591096401215 1.8000000000000003
      vertex 10.348106898367405 1.8426555022597313 1.8000000000000003
    endloop
  endfacet
  facet normal -1 0 0
    outer loop
      vertex 11.263040900230408 1.653229996562004 1.3
      vertex 11.263040900230408 1.3088200017809868 1.8000000000000003
      vertex 11.263040900230408 1.653229996562004 1.8000000000000003
    endloop
  endfacet
  facet normal -0.9995938523902543 -0.028497899284168175 0
    outer loop
      vertex 11.260051123797894 1.7580995559692383 1.3
      vertex 11.263040900230408 1.653229996562004 1.8000000000000003
      vertex 11.260051123797894 1.7580995559692383 1.8000000000000003
    endloop
  endfacet
  facet normal -0.9961737983715344 -0.08739429865860554 0
    outer loop
      vertex 11.25108178704977 1.8603375554084778 1.3
      vertex 11.260051123797894 1.7580995559692383 1.8000000000000003
      vertex 11.25108178704977 1.8603375554084778 1.8000000000000003
    endloop
  endfacet
  facet normal 0.7463708367109676 0.6655302954091348 0
    outer loop
      vertex 10.238366901874542 2.049286000430584 1.3
      vertex 10.186743289232254 2.1071802228689194 1.8000000000000003
      vertex 10.238366901874542 2.049286000430584 1.8000000000000003
    endloop
  endfacet
  facet normal 0.8831731610628122 0.46904708460699335 0
    outer loop
      vertex 10.319655790925026 1.9153591096401215 1.3
      vertex 10.283075787127018 1.984235942363739 1.8000000000000003
      vertex 10.319655790925026 1.9153591096401215 1.8000000000000003
    endloop
  endfacet
  facet normal 0.8241189797529492 0.5664167257514189 0
    outer loop
      vertex 10.283075787127018 1.984235942363739 1.3
      vertex 10.238366901874542 2.049286000430584 1.8000000000000003
      vertex 10.283075787127018 1.984235942363739 1.8000000000000003
    endloop
  endfacet
  facet normal 0.6367145022525911 0.7710996320977174 0
    outer loop
      vertex 10.186743289232254 2.1071802228689194 1.3
      vertex 10.129377789795399 2.1545482203364372 1.8000000000000003
      vertex 10.186743289232254 2.1071802228689194 1.8000000000000003
    endloop
  endfacet
  facet normal 0.5041685043681392 0.8636053029035855 0
    outer loop
      vertex 10.129377789795399 2.1545482203364372 1.3
      vertex 10.066270403563976 2.191390000283718 1.8000000000000003
      vertex 10.129377789795399 2.1545482203364372 1.8000000000000003
    endloop
  endfacet
  facet normal 0.06537599221093877 0.997860701522229 0
    outer loop
      vertex 9.922829955816269 2.233494885265827 1.3
      vertex 9.842496901750565 2.238757997751236 1.8000000000000003
      vertex 9.922829955816269 2.233494885265827 1.8000000000000003
    endloop
  endfacet
  facet normal 0.20708951798795905 0.97832199788184 0
    outer loop
      vertex 9.997421123087406 2.2177055552601814 1.3
      vertex 9.922829955816269 2.233494885265827 1.8000000000000003
      vertex 9.997421123087406 2.2177055552601814 1.8000000000000003
    endloop
  endfacet
  facet normal 0.35702892181728263 0.9340933299119466 0
    outer loop
      vertex 10.066270403563976 2.191390000283718 1.3
      vertex 9.997421123087406 2.2177055552601814 1.8000000000000003
      vertex 10.066270403563976 2.191390000283718 1.8000000000000003
    endloop
  endfacet
  facet normal -0.9889248108246128 -0.14841737949277908 0
    outer loop
      vertex 11.236132897436619 1.9599440023303032 1.3
      vertex 11.25108178704977 1.8603375554084778 1.8000000000000003
      vertex 11.236132897436619 1.9599440023303032 1.8000000000000003
    endloop
  endfacet
  facet normal -0.9774955042642901 -0.21095624935777837 0
    outer loop
      vertex 11.215204454958439 2.056918889284134 1.3
      vertex 11.236132897436619 1.9599440023303032 1.8000000000000003
      vertex 11.215204454958439 2.056918889284134 1.8000000000000003
    endloop
  endfacet
  facet normal -0.9616510272995942 -0.2742759590150679 0
    outer loop
      vertex 11.18829645216465 2.1512622237205505 1.3
      vertex 11.215204454958439 2.056918889284134 1.8000000000000003
      vertex 11.18829645216465 2.1512622237205505 1.8000000000000003
    endloop
  endfacet
  facet normal -0.9413076115770129 -0.337549967245117 0
    outer loop
      vertex 11.155408896505833 2.2429739981889725 1.3
      vertex 11.18829645216465 2.1512622237205505 1.8000000000000003
      vertex 11.155408896505833 2.2429739981889725 1.8000000000000003
    endloop
  endfacet
  facet normal 0.9161151696364087 -0.40091519796841585 0
    outer loop
      vertex 8.525244899094105 2.264426000416279 1.3
      vertex 8.562086679041386 2.348611667752266 1.8000000000000003
      vertex 8.525244899094105 2.264426000416279 1.8000000000000003
    endloop
  endfacet
  facet normal 0.8879652624180575 -0.4599105268841215 0
    outer loop
      vertex 8.562086679041386 2.348611667752266 1.3
      vertex 8.6037093475461 2.428974002599716 1.8000000000000003
      vertex 8.562086679041386 2.348611667752266 1.8000000000000003
    endloop
  endfacet
  facet normal 0.8551172006632576 -0.5184347337224177 0
    outer loop
      vertex 8.6037093475461 2.428974002599716 1.3
      vertex 8.650112897157669 2.505512997508049 1.8000000000000003
      vertex 8.6037093475461 2.428974002599716 1.8000000000000003
    endloop
  endfacet
  facet normal 0.8177314714735227 -0.5755998962489026 0
    outer loop
      vertex 8.650112897157669 2.505512997508049 1.3
      vertex 8.701297342777252 2.5782286673784256 1.8000000000000003
      vertex 8.650112897157669 2.505512997508049 1.8000000000000003
    endloop
  endfacet
  facet normal 0.7761673933517272 -0.6305269046579893 0
    outer loop
      vertex 8.701297342777252 2.5782286673784256 1.3
      vertex 8.75726267695427 2.6471209973096848 1.8000000000000003
      vertex 8.701297342777252 2.5782286673784256 1.8000000000000003
    endloop
  endfacet
  facet normal 0.7309703604795514 -0.6824092116174829 0
    outer loop
      vertex 8.75726267695427 2.6471209973096848 1.3
      vertex 8.81800889968872 2.7121900022029877 1.8000000000000003
      vertex 8.75726267695427 2.6471209973096848 1.8000000000000003
    endloop
  endfacet
  facet normal 0.6825624871160142 -0.7308272375753391 0
    outer loop
      vertex 8.81800889968872 2.7121900022029877 1.3
      vertex 8.883177787065506 2.7730550542473793 1.8000000000000003
      vertex 8.81800889968872 2.7121900022029877 1.8000000000000003
    endloop
  endfacet
  facet normal 0.6310632728078486 -0.7757313618212472 0
    outer loop
      vertex 8.883177787065506 2.7730550542473793 1.3
      vertex 8.952411122620106 2.8293768912553787 1.8000000000000003
      vertex 8.883177787065506 2.7730550542473793 1.8000000000000003
    endloop
  endfacet
  facet normal 0.576973218017322 -0.8167630658218672 0
    outer loop
      vertex 8.952411122620106 2.8293768912553787 1.3
      vertex 9.02570889890194 2.8811554983258247 1.8000000000000003
      vertex 8.952411122620106 2.8293768912553787 1.8000000000000003
    endloop
  endfacet
  facet normal 0.5211164356541566 -0.8534855947765652 0
    outer loop
      vertex 9.02570889890194 2.8811554983258247 1.3
      vertex 9.103071123361588 2.9283908903598785 1.8000000000000003
      vertex 9.02570889890194 2.8811554983258247 1.8000000000000003
    endloop
  endfacet
  facet normal 0.46434920454392414 -0.8856521982355291 0
    outer loop
      vertex 9.103071123361588 2.9283908903598785 1.3
      vertex 9.18449778854847 2.971083052456379 1.8000000000000003
      vertex 9.103071123361588 2.9283908903598785 1.8000000000000003
    endloop
  endfacet
  facet normal 0.40750183777944127 -0.9132043868742517 0
    outer loop
      vertex 9.18449778854847 2.971083052456379 1.3
      vertex 9.269988901913166 3.009231999516487 1.8000000000000003
      vertex 9.18449778854847 2.971083052456379 1.8000000000000003
    endloop
  endfacet
  facet normal 0.34634657835452276 -0.9381066291536984 0
    outer loop
      vertex 9.269988901913166 3.009231999516487 1.3
      vertex 9.359067402780056 3.0421195551753044 1.8000000000000003
      vertex 9.269988901913166 3.009231999516487 1.8000000000000003
    endloop
  endfacet
  facet normal -0.9180996687011381 -0.39634959105675954 0
    outer loop
      vertex 11.117261677980423 2.3313377797603607 1.3
      vertex 11.155408896505833 2.2429739981889725 1.8000000000000003
      vertex 11.117261677980423 2.3313377797603607 1.8000000000000003
    endloop
  endfacet
  facet normal -0.8921409842150957 -0.451757085482586 0
    outer loop
      vertex 11.074574679136276 2.4156371131539345 1.3
      vertex 11.117261677980423 2.3313377797603607 1.8000000000000003
      vertex 11.074574679136276 2.4156371131539345 1.8000000000000003
    endloop
  endfacet
  facet normal -0.8617943592493558 -0.5072578066092156 0
    outer loop
      vertex 11.027347899973392 2.4958719983696938 1.3
      vertex 11.074574679136276 2.4156371131539345 1.8000000000000003
      vertex 11.027347899973392 2.4958719983696938 1.8000000000000003
    endloop
  endfacet
  facet normal -0.7881647513715804 -0.6154643163461022 0
    outer loop
      vertex 10.919275008141994 2.6441484466195107 1.3
      vertex 10.975581347942352 2.572042442858219 1.8000000000000003
      vertex 10.919275008141994 2.6441484466195107 1.8000000000000003
    endloop
  endfacet
  facet normal -0.8270746611160962 -0.5620920787021417 0
    outer loop
      vertex 10.975581347942352 2.572042442858219 1.3
      vertex 11.027347899973392 2.4958719983696938 1.8000000000000003
      vertex 10.975581347942352 2.572042442858219 1.8000000000000003
    endloop
  endfacet
  facet normal -0.4381569939126743 -0.8988984640577647 0
    outer loop
      vertex 10.412881396710873 3.015695497393608 1.3
      vertex 10.574310459196568 2.937008887529373 1.8000000000000003
      vertex 10.412881396710873 3.015695497393608 1.8000000000000003
    endloop
  endfacet
  facet normal -0.7454219250593439 -0.66659294448773 0
    outer loop
      vertex 10.85842890292406 2.7121900022029877 1.3
      vertex 10.919275008141994 2.6441484466195107 1.8000000000000003
      vertex 10.85842890292406 2.7121900022029877 1.8000000000000003
    endloop
  endfacet
  facet normal -0.673791669611768 -0.7389213665619543 0
    outer loop
      vertex 10.722826287150383 2.8358403891324997 1.3
      vertex 10.85842890292406 2.7121900022029877 1.8000000000000003
      vertex 10.722826287150383 2.8358403891324997 1.8000000000000003
    endloop
  endfacet
  facet normal -0.5629861656615199 -0.8264663195035473 0
    outer loop
      vertex 10.574310459196568 2.937008887529373 1.3
      vertex 10.722826287150383 2.8358403891324997 1.8000000000000003
      vertex 10.574310459196568 2.937008887529373 1.8000000000000003
    endloop
  endfacet
  facet normal 0 -1 0
    outer loop
      vertex -0.46823330223560333 3.065279997885227 1.3
      vertex 2.1486627012491226 3.065279997885227 1.3
      vertex 2.1486627012491226 3.065279997885227 1.8000000000000003
    endloop
  endfacet
  facet normal 0 -1 0
    outer loop
      vertex 3.0364964976906776 3.065279997885227 1.3
      vertex 5.653392501175404 3.065279997885227 1.3
      vertex 5.653392501175404 3.065279997885227 1.8000000000000003
    endloop
  endfacet
  facet normal 0 -1 0
    outer loop
      vertex -0.46823330223560333 3.065279997885227 1.3
      vertex 2.1486627012491226 3.065279997885227 1.8000000000000003
      vertex -0.46823330223560333 3.065279997885227 1.8000000000000003
    endloop
  endfacet
  facet normal 0 -1 0
    outer loop
      vertex 3.0364964976906776 3.065279997885227 1.3
      vertex 5.653392501175404 3.065279997885227 1.8000000000000003
      vertex 3.0364964976906776 3.065279997885227 1.8000000000000003
    endloop
  endfacet
  facet normal 0 -1 0
    outer loop
      vertex 6.56900230050087 3.065279997885227 1.3
      vertex 7.447356298565865 3.065279997885227 1.3
      vertex 7.447356298565865 3.065279997885227 1.8000000000000003
    endloop
  endfacet
  facet normal 0.28018803433808515 -0.9599451366686328 0
    outer loop
      vertex 9.359067402780056 3.0421195551753044 1.3
      vertex 9.451256230473518 3.0690275579690933 1.3
      vertex 9.451256230473518 3.0690275579690933 1.8000000000000003
    endloop
  endfacet
  facet normal 0.21449639595136627 -0.976724780131985 0
    outer loop
      vertex 9.451256230473518 3.0690275579690933 1.3
      vertex 9.546555399894714 3.0899560004472733 1.3
      vertex 9.546555399894714 3.0899560004472733 1.8000000000000003
    endloop
  endfacet
  facet normal 0.15018208651907117 -0.9886583539771351 0
    outer loop
      vertex 9.546555399894714 3.0899560004472733 1.3
      vertex 9.644964903593063 3.104904890060425 1.3
      vertex 9.644964903593063 3.104904890060425 1.8000000000000003
    endloop
  endfacet
  facet normal 0.08800769674173226 -0.9961197946603688 0
    outer loop
      vertex 9.644964903593063 3.104904890060425 1.3
      vertex 9.746484734117985 3.1138742193579674 1.3
      vertex 9.746484734117985 3.1138742193579674 1.8000000000000003
    endloop
  endfacet
  facet normal 0.02856312067859149 -0.9995919908328098 0
    outer loop
      vertex 9.746484734117985 3.1138742193579674 1.3
      vertex 9.85111489892006 3.116864003241062 1.3
      vertex 9.85111489892006 3.116864003241062 1.8000000000000003
    endloop
  endfacet
  facet normal -0.05606900526034061 -0.998426895996455 0
    outer loop
      vertex 9.85111489892006 3.116864003241062 1.3
      vertex 10.051283620297909 3.105623058974743 1.3
      vertex 10.051283620297909 3.105623058974743 1.8000000000000003
    endloop
  endfacet
  facet normal -0.17723877740416497 -0.9841678798783655 0
    outer loop
      vertex 10.051283620297909 3.105623058974743 1.3
      vertex 10.23853912204504 3.0719002187252045 1.3
      vertex 10.23853912204504 3.0719002187252045 1.8000000000000003
    endloop
  endfacet
  facet normal 0 -1 0
    outer loop
      vertex 6.56900230050087 3.065279997885227 1.3
      vertex 7.447356298565865 3.065279997885227 1.8000000000000003
      vertex 6.56900230050087 3.065279997885227 1.8000000000000003
    endloop
  endfacet
  facet normal 0.28018803433808515 -0.9599451366686328 0
    outer loop
      vertex 9.359067402780056 3.0421195551753044 1.3
      vertex 9.451256230473518 3.0690275579690933 1.8000000000000003
      vertex 9.359067402780056 3.0421195551753044 1.8000000000000003
    endloop
  endfacet
  facet normal 0.21449639595136627 -0.976724780131985 0
    outer loop
      vertex 9.451256230473518 3.0690275579690933 1.3
      vertex 9.546555399894714 3.0899560004472733 1.8000000000000003
      vertex 9.451256230473518 3.0690275579690933 1.8000000000000003
    endloop
  endfacet
  facet normal 0.15018208651907117 -0.9886583539771351 0
    outer loop
      vertex 9.546555399894714 3.0899560004472733 1.3
      vertex 9.644964903593063 3.104904890060425 1.8000000000000003
      vertex 9.546555399894714 3.0899560004472733 1.8000000000000003
    endloop
  endfacet
  facet normal 0.08800769674173226 -0.9961197946603688 0
    outer loop
      vertex 9.644964903593063 3.104904890060425 1.3
      vertex 9.746484734117985 3.1138742193579674 1.8000000000000003
      vertex 9.644964903593063 3.104904890060425 1.8000000000000003
    endloop
  endfacet
  facet normal 0.02856312067859149 -0.9995919908328098 0
    outer loop
      vertex 9.746484734117985 3.1138742193579674 1.3
      vertex 9.85111489892006 3.116864003241062 1.8000000000000003
      vertex 9.746484734117985 3.1138742193579674 1.8000000000000003
    endloop
  endfacet
  facet normal -0.05606900526034061 -0.998426895996455 0
    outer loop
      vertex 9.85111489892006 3.116864003241062 1.3
      vertex 10.051283620297909 3.105623058974743 1.8000000000000003
      vertex 9.85111489892006 3.116864003241062 1.8000000000000003
    endloop
  endfacet
  facet normal -0.17723877740416497 -0.9841678798783655 0
    outer loop
      vertex 10.051283620297909 3.105623058974743 1.3
      vertex 10.23853912204504 3.0719002187252045 1.8000000000000003
      vertex 10.051283620297909 3.105623058974743 1.8000000000000003
    endloop
  endfacet
  facet normal -0.30683108664353803 -0.9517639855915676 0
    outer loop
      vertex 10.23853912204504 3.0719002187252045 1.3
      vertex 10.412881396710873 3.015695497393608 1.8000000000000003
      vertex 10.23853912204504 3.0719002187252045 1.8000000000000003
    endloop
  endfacet
endsolid OpenSCAD_Model
