solid OpenSCAD_Model
  facet normal 0 -0.7071067811865475 -0.7071067811865475
    outer loop
      vertex -23 8.905 3
      vertex -23 11.905 0
      vertex -11.055000000000001 8.905 3
    endloop
  endfacet
  facet normal 2.118817682112319e-16 -0.7071067811865471 -0.7071067811865479
    outer loop
      vertex -23 11.905 0
      vertex -9.865000000000002 10.094999999999999 1.8100000000000023
      vertex -11.055000000000001 8.905 3
    endloop
  endfacet
  facet normal 0 -0.7071067811865479 -0.7071067811865472
    outer loop
      vertex -23 11.905 0
      vertex -9.865000000000002 11.905 0
      vertex -9.865000000000002 10.094999999999999 1.8100000000000023
    endloop
  endfacet
  facet normal 0 -1 0
    outer loop
      vertex -23 8.905 3
      vertex -11.055000000000001 8.905 3
      vertex -13.265000000000002 8.905 5.099999999999994
    endloop
  endfacet
  facet normal 0 -1 0
    outer loop
      vertex -23 8.905 3
      vertex -13.265000000000002 8.905 5.099999999999994
      vertex -13.265000000000002 8.905 6.8999999999999915
    endloop
  endfacet
  facet normal 0 -1 0
    outer loop
      vertex -11.055000000000001 8.905 3
      vertex -11.265000000000002 8.905 5.099999999999994
      vertex -13.265000000000002 8.905 5.099999999999994
    endloop
  endfacet
  facet normal 0 0 -1
    outer loop
      vertex -23 11.905 0
      vertex -9.865000000000002 19.13 0
      vertex -9.865000000000002 11.905 0
    endloop
  endfacet
  facet normal -1 0 0
    outer loop
      vertex -23 8.905 3
      vertex -23 8.905 20.820000000000007
      vertex -23 11.905 0
    endloop
  endfacet
  facet normal 0 -1 0
    outer loop
      vertex -23 8.905 3
      vertex -13.265000000000002 8.905 6.8999999999999915
      vertex -23 8.905 20.820000000000007
    endloop
  endfacet
  facet normal 0 0 -1
    outer loop
      vertex -23 11.905 0
      vertex -18.957952682562336 22.281724799485026 0
      vertex -18.484946841624716 22.168166144155073 0
    endloop
  endfacet
  facet normal 0 0 -1
    outer loop
      vertex -23 11.905 0
      vertex -19.822134282106667 22.722047317437664 0
      vertex -19.407370549192596 22.46787977501606 0
    endloop
  endfacet
  facet normal 0 0 -1
    outer loop
      vertex -23 11.905 0
      vertex -19.407370549192596 22.46787977501606 0
      vertex -18.957952682562336 22.281724799485026 0
    endloop
  endfacet
  facet normal 0 0 -1
    outer loop
      vertex -23 11.905 0
      vertex -20.507952682562337 23.407865717893333 0
      vertex -20.192031021678297 23.037968978321704 0
    endloop
  endfacet
  facet normal 0 0 -1
    outer loop
      vertex -23 11.905 0
      vertex -20.192031021678297 23.037968978321704 0
      vertex -19.822134282106667 22.722047317437664 0
    endloop
  endfacet
  facet normal 0 0 -1
    outer loop
      vertex -23 11.905 0
      vertex -20.762120224983942 23.822629450807405 0
      vertex -20.507952682562337 23.407865717893333 0
    endloop
  endfacet
  facet normal 0 0 -1
    outer loop
      vertex -23 11.905 0
      vertex -18.484946841624716 22.168166144155073 0
      vertex -18 22.13 0
    endloop
  endfacet
  facet normal 0 0 -1
    outer loop
      vertex -23 11.905 0
      vertex -18 22.13 0
      vertex -9.865000000000002 19.13 0
    endloop
  endfacet
  facet normal -1 0 0
    outer loop
      vertex -23 11.905 0
      vertex -23 8.905 20.820000000000007
      vertex -23 30.730000000000004 0
    endloop
  endfacet
  facet normal -3.1833188883040656e-16 -0.7071067811865479 -0.7071067811865472
    outer loop
      vertex -3.865000000000002 11.905 0
      vertex 2.675000000000002 8.905 3
      vertex -3.865000000000002 10.094999999999999 1.8100000000000023
    endloop
  endfacet
  facet normal 0 -0.707106781186547 -0.7071067811865481
    outer loop
      vertex 2.675000000000002 8.905 3
      vertex -2.675000000000002 8.905 3
      vertex -3.865000000000002 10.094999999999999 1.8100000000000023
    endloop
  endfacet
  facet normal 0 -1 0
    outer loop
      vertex -2.675000000000002 8.905 3
      vertex -0.46500000000000163 8.905 5.099999999999994
      vertex -2.4650000000000016 8.905 5.099999999999994
    endloop
  endfacet
  facet normal 0 -1 0
    outer loop
      vertex -2.675000000000002 8.905 3
      vertex -2.4650000000000016 8.905 5.099999999999994
      vertex -2.4650000000000016 8.905 6.8999999999999915
    endloop
  endfacet
  facet normal 0 -1 0
    outer loop
      vertex -2.675000000000002 8.905 3
      vertex 0.46500000000000163 8.905 5.099999999999994
      vertex -0.46500000000000163 8.905 5.099999999999994
    endloop
  endfacet
  facet normal 0 0 -1
    outer loop
      vertex -3.865000000000002 11.905 0
      vertex -3.865000000000002 19.13 0
      vertex 3.865000000000002 11.905 0
    endloop
  endfacet
  facet normal 0 -1 0
    outer loop
      vertex -11.055000000000001 8.905 3
      vertex -11.055000000000001 8.905 9.582666666666682
      vertex -11.265000000000002 8.905 5.099999999999994
    endloop
  endfacet
  facet normal 0 -1 0
    outer loop
      vertex -11.055000000000001 8.905 9.582666666666682
      vertex -11.265000000000002 8.905 6.8999999999999915
      vertex -11.265000000000002 8.905 5.099999999999994
    endloop
  endfacet
  facet normal 0 -1 0
    outer loop
      vertex -0.46500000000000163 8.905 6.8999999999999915
      vertex -0.46500000000000163 8.905 5.099999999999994
      vertex 0.46500000000000163 8.905 6.8999999999999915
    endloop
  endfacet
  facet normal 0 -1 0
    outer loop
      vertex -2.675000000000002 8.905 3
      vertex -2.4650000000000016 8.905 6.8999999999999915
      vertex -2.6750000000000016 8.905 12
    endloop
  endfacet
  facet normal 0 -1 0
    outer loop
      vertex -2.6750000000000016 8.905 12
      vertex -2.4650000000000016 8.905 6.8999999999999915
      vertex -0.46500000000000163 8.905 6.8999999999999915
    endloop
  endfacet
  facet normal 0 -1 0
    outer loop
      vertex -2.6750000000000016 8.905 12
      vertex -0.46500000000000163 8.905 6.8999999999999915
      vertex 0.46500000000000163 8.905 6.8999999999999915
    endloop
  endfacet
  facet normal 0 -1 0
    outer loop
      vertex -2.6750000000000016 8.905 12
      vertex 0.46500000000000163 8.905 6.8999999999999915
      vertex -1.7900000000000027 8.905 12
    endloop
  endfacet
  facet normal 0 -1 0
    outer loop
      vertex -23 8.905 20.820000000000007
      vertex -13.265000000000002 8.905 6.8999999999999915
      vertex -11.265000000000002 8.905 6.8999999999999915
    endloop
  endfacet
  facet normal 0 -1 0
    outer loop
      vertex -23 8.905 20.820000000000007
      vertex -11.265000000000002 8.905 6.8999999999999915
      vertex -11.055000000000001 8.905 9.582666666666682
    endloop
  endfacet
  facet normal 0 -1 0
    outer loop
      vertex -23 8.905 20.820000000000007
      vertex -11.055000000000001 8.905 9.582666666666682
      vertex -11.940000000000003 8.905 12
    endloop
  endfacet
  facet normal 0 -1 0
    outer loop
      vertex -23 8.905 20.820000000000007
      vertex -11.940000000000003 8.905 12
      vertex -11.940000000000003 8.905 20.820000000000007
    endloop
  endfacet
  facet normal 0 0 1
    outer loop
      vertex -23 8.905 20.820000000000007
      vertex -11.940000000000003 8.905 20.820000000000007
      vertex -11.940000000000003 20.155 20.820000000000007
    endloop
  endfacet
  facet normal 0 0 1
    outer loop
      vertex -23 8.905 20.820000000000007
      vertex -19.202081528017132 24.02791847198287 20.820000000000007
      vertex -19.37532889043741 24.230765071102795 20.820000000000007
    endloop
  endfacet
  facet normal 0 0 1
    outer loop
      vertex -23 8.905 20.820000000000007
      vertex -18.999234928897206 23.854671109562588 20.820000000000007
      vertex -19.202081528017132 24.02791847198287 20.820000000000007
    endloop
  endfacet
  facet normal 0 0 1
    outer loop
      vertex -23 8.905 20.820000000000007
      vertex -18.77178384955723 23.715288908879774 20.820000000000007
      vertex -18.999234928897206 23.854671109562588 20.820000000000007
    endloop
  endfacet
  facet normal 0 0 1
    outer loop
      vertex -23 8.905 20.820000000000007
      vertex -19.37532889043741 24.230765071102795 20.820000000000007
      vertex -19.514711091120226 24.45821615044277 20.820000000000007
    endloop
  endfacet
  facet normal 0 0 1
    outer loop
      vertex -23 8.905 20.820000000000007
      vertex -19.514711091120226 24.45821615044277 20.820000000000007
      vertex -19.61679607770176 24.70467110956259 20.820000000000007
    endloop
  endfacet
  facet normal 0 0 1
    outer loop
      vertex -23 8.905 20.820000000000007
      vertex -19.61679607770176 24.70467110956259 20.820000000000007
      vertex -19.679070179011735 24.964061409431608 20.820000000000007
    endloop
  endfacet
  facet normal 0 0 1
    outer loop
      vertex -23 8.905 20.820000000000007
      vertex -19.679070179011735 24.964061409431608 20.820000000000007
      vertex -19.7 25.23 20.820000000000007
    endloop
  endfacet
  facet normal 0 0 1
    outer loop
      vertex -23 8.905 20.820000000000007
      vertex -11.940000000000003 20.155 20.820000000000007
      vertex -18.265938590568393 23.550929820988266 20.820000000000007
    endloop
  endfacet
  facet normal 0 0 1
    outer loop
      vertex -23 8.905 20.820000000000007
      vertex -18.52532889043741 23.61320392229824 20.820000000000007
      vertex -18.77178384955723 23.715288908879774 20.820000000000007
    endloop
  endfacet
  facet normal 0 0 1
    outer loop
      vertex -23 8.905 20.820000000000007
      vertex -18.265938590568393 23.550929820988266 20.820000000000007
      vertex -18.52532889043741 23.61320392229824 20.820000000000007
    endloop
  endfacet
  facet normal 0 -1 0
    outer loop
      vertex -11.055000000000001 8.905 9.582666666666682
      vertex -11.055000000000001 8.905 12
      vertex -11.940000000000003 8.905 12
    endloop
  endfacet
  facet normal 0 -1 0
    outer loop
      vertex -1.7900000000000027 8.905 12
      vertex 1.7900000000000016 8.905 20.820000000000007
      vertex -1.7900000000000027 8.905 20.820000000000007
    endloop
  endfacet
  facet normal 0 0 1
    outer loop
      vertex -1.7900000000000027 8.905 20.820000000000007
      vertex 1.7900000000000016 20.155 20.820000000000007
      vertex -1.7900000000000027 20.155 20.820000000000007
    endloop
  endfacet
  facet normal 0 0 -1
    outer loop
      vertex -23 11.905 0
      vertex -20.948275200514978 24.272047317437664 0
      vertex -20.762120224983942 23.822629450807405 0
    endloop
  endfacet
  facet normal 0 0 -1
    outer loop
      vertex -23 11.905 0
      vertex -21.061833855844927 24.745053158375285 0
      vertex -20.948275200514978 24.272047317437664 0
    endloop
  endfacet
  facet normal 0 0 -1
    outer loop
      vertex -23 11.905 0
      vertex -21.1 25.23 0
      vertex -21.061833855844927 24.745053158375285 0
    endloop
  endfacet
  facet normal 0 0 -1
    outer loop
      vertex -23 11.905 0
      vertex -23 30.730000000000004 0
      vertex -21.1 25.23 0
    endloop
  endfacet
  facet normal 0 0 -1
    outer loop
      vertex -18 22.13 0
      vertex -17.515053158375284 22.168166144155073 0
      vertex -9.865000000000002 19.13 0
    endloop
  endfacet
  facet normal 0 0 -1
    outer loop
      vertex -17.515053158375284 22.168166144155073 0
      vertex -17.042047317437664 22.281724799485026 0
      vertex -9.865000000000002 19.13 0
    endloop
  endfacet
  facet normal 0 0 -1
    outer loop
      vertex -17.042047317437664 22.281724799485026 0
      vertex -16.592629450807404 22.46787977501606 0
      vertex -9.865000000000002 19.13 0
    endloop
  endfacet
  facet normal 0 0 -1
    outer loop
      vertex -16.592629450807404 22.46787977501606 0
      vertex -16.177865717893333 22.722047317437664 0
      vertex -9.865000000000002 19.13 0
    endloop
  endfacet
  facet normal 0 0 -1
    outer loop
      vertex -16.177865717893333 22.722047317437664 0
      vertex -15.807968978321703 23.037968978321704 0
      vertex -9.865000000000002 19.13 0
    endloop
  endfacet
  facet normal 0 0 -1
    outer loop
      vertex -15.807968978321703 23.037968978321704 0
      vertex -15.492047317437663 23.407865717893333 0
      vertex -9.865000000000002 19.13 0
    endloop
  endfacet
  facet normal 0 0 -1
    outer loop
      vertex -15.23787977501606 23.822629450807405 0
      vertex -9.865000000000002 19.13 0
      vertex -15.492047317437663 23.407865717893333 0
    endloop
  endfacet
  facet normal 0 0 -1
    outer loop
      vertex -15.051724799485024 24.272047317437664 0
      vertex -9.865000000000002 19.13 0
      vertex -15.23787977501606 23.822629450807405 0
    endloop
  endfacet
  facet normal 0 0 -1
    outer loop
      vertex -14.938166144155073 24.745053158375285 0
      vertex -9.865000000000002 19.13 0
      vertex -15.051724799485024 24.272047317437664 0
    endloop
  endfacet
  facet normal 0 0 -1
    outer loop
      vertex -14.9 25.23 0
      vertex -9.865000000000002 19.13 0
      vertex -14.938166144155073 24.745053158375285 0
    endloop
  endfacet
  facet normal 0 0 -1
    outer loop
      vertex -14.938166144155073 25.714946841624716 0
      vertex -9.865000000000002 19.13 0
      vertex -14.9 25.23 0
    endloop
  endfacet
  facet normal 0 0 -1
    outer loop
      vertex -15.051724799485024 26.187952682562337 0
      vertex -9.865000000000002 19.13 0
      vertex -14.938166144155073 25.714946841624716 0
    endloop
  endfacet
  facet normal 0 0 -1
    outer loop
      vertex -15.23787977501606 26.637370549192596 0
      vertex -9.865000000000002 19.13 0
      vertex -15.051724799485024 26.187952682562337 0
    endloop
  endfacet
  facet normal 0 0 -1
    outer loop
      vertex -23 30.730000000000004 0
      vertex -21.061833855844927 25.714946841624716 0
      vertex -21.1 25.23 0
    endloop
  endfacet
  facet normal 0 0 -1
    outer loop
      vertex -23 30.730000000000004 0
      vertex -20.948275200514978 26.187952682562337 0
      vertex -21.061833855844927 25.714946841624716 0
    endloop
  endfacet
  facet normal 0 0 -1
    outer loop
      vertex -23 30.730000000000004 0
      vertex -20.762120224983942 26.637370549192596 0
      vertex -20.948275200514978 26.187952682562337 0
    endloop
  endfacet
  facet normal 0 0 -1
    outer loop
      vertex -23 30.730000000000004 0
      vertex -20.507952682562337 27.052134282106667 0
      vertex -20.762120224983942 26.637370549192596 0
    endloop
  endfacet
  facet normal 0 0 -1
    outer loop
      vertex -23 30.730000000000004 0
      vertex -20.192031021678297 27.422031021678297 0
      vertex -20.507952682562337 27.052134282106667 0
    endloop
  endfacet
  facet normal 0 0 -1
    outer loop
      vertex -23 30.730000000000004 0
      vertex -19.822134282106667 27.737952682562337 0
      vertex -20.192031021678297 27.422031021678297 0
    endloop
  endfacet
  facet normal 0 0 -1
    outer loop
      vertex -23 30.730000000000004 0
      vertex -19.407370549192596 27.992120224983942 0
      vertex -19.822134282106667 27.737952682562337 0
    endloop
  endfacet
  facet normal 0 0 -1
    outer loop
      vertex -23 30.730000000000004 0
      vertex -18.957952682562336 28.178275200514975 0
      vertex -19.407370549192596 27.992120224983942 0
    endloop
  endfacet
  facet normal 0 0 -1
    outer loop
      vertex -23 30.730000000000004 0
      vertex -18.484946841624716 28.291833855844928 0
      vertex -18.957952682562336 28.178275200514975 0
    endloop
  endfacet
  facet normal 0 0 -1
    outer loop
      vertex -23 30.730000000000004 0
      vertex -18 28.330000000000002 0
      vertex -18.484946841624716 28.291833855844928 0
    endloop
  endfacet
  facet normal 0 0 -1
    outer loop
      vertex -23 30.730000000000004 0
      vertex -17.515053158375284 28.291833855844928 0
      vertex -18 28.330000000000002 0
    endloop
  endfacet
  facet normal 0 0 -1
    outer loop
      vertex -23 30.730000000000004 0
      vertex -17.042047317437664 28.178275200514975 0
      vertex -17.515053158375284 28.291833855844928 0
    endloop
  endfacet
  facet normal 0 0 -1
    outer loop
      vertex -3.865000000000002 19.13 0
      vertex -9.865000000000002 19.13 0
      vertex -15.23787977501606 26.637370549192596 0
    endloop
  endfacet
  facet normal 0 0 -1
    outer loop
      vertex -15.807968978321703 27.422031021678297 0
      vertex 3.865000000000002 19.13 0
      vertex -15.492047317437663 27.052134282106667 0
    endloop
  endfacet
  facet normal 0 0 -1
    outer loop
      vertex -15.492047317437663 27.052134282106667 0
      vertex 3.865000000000002 19.13 0
      vertex -15.23787977501606 26.637370549192596 0
    endloop
  endfacet
  facet normal 0 0 -1
    outer loop
      vertex 9.865000000000002 19.13 0
      vertex -16.592629450807404 27.992120224983942 0
      vertex -17.042047317437664 28.178275200514975 0
    endloop
  endfacet
  facet normal 0 0 -1
    outer loop
      vertex 9.865000000000002 19.13 0
      vertex -15.807968978321703 27.422031021678297 0
      vertex -16.177865717893333 27.737952682562337 0
    endloop
  endfacet
  facet normal 0 0 -1
    outer loop
      vertex 9.865000000000002 19.13 0
      vertex -16.177865717893333 27.737952682562337 0
      vertex -16.592629450807404 27.992120224983942 0
    endloop
  endfacet
  facet normal 0 0 -1
    outer loop
      vertex -3.865000000000002 19.13 0
      vertex -15.23787977501606 26.637370549192596 0
      vertex 3.865000000000002 19.13 0
    endloop
  endfacet
  facet normal 0 0 -1
    outer loop
      vertex 9.865000000000002 19.13 0
      vertex 3.865000000000002 19.13 0
      vertex -15.807968978321703 27.422031021678297 0
    endloop
  endfacet
  facet normal 0 0 -1
    outer loop
      vertex -23 30.730000000000004 0
      vertex 9.865000000000002 19.13 0
      vertex -17.042047317437664 28.178275200514975 0
    endloop
  endfacet
  facet normal -1 0 0
    outer loop
      vertex -23 8.905 20.820000000000007
      vertex -23 30.730000000000004 20.820000000000007
      vertex -23 30.730000000000004 0
    endloop
  endfacet
  facet normal 0 0 1
    outer loop
      vertex -23 8.905 20.820000000000007
      vertex -19.7 25.23 20.820000000000007
      vertex -19.679070179011735 25.495938590568393 20.820000000000007
    endloop
  endfacet
  facet normal 0 0 1
    outer loop
      vertex -23 8.905 20.820000000000007
      vertex -19.679070179011735 25.495938590568393 20.820000000000007
      vertex -23 30.730000000000004 20.820000000000007
    endloop
  endfacet
  facet normal 0 0 1
    outer loop
      vertex -18.265938590568393 23.550929820988266 20.820000000000007
      vertex -11.940000000000003 20.155 20.820000000000007
      vertex -18 23.53 20.820000000000007
    endloop
  endfacet
  facet normal 0 0 1
    outer loop
      vertex -18 23.53 20.820000000000007
      vertex -11.940000000000003 20.155 20.820000000000007
      vertex -17.734061409431607 23.550929820988266 20.820000000000007
    endloop
  endfacet
  facet normal 0 0 1
    outer loop
      vertex -23 30.730000000000004 20.820000000000007
      vertex -19.679070179011735 25.495938590568393 20.820000000000007
      vertex -19.61679607770176 25.75532889043741 20.820000000000007
    endloop
  endfacet
  facet normal 0 0 1
    outer loop
      vertex -23 30.730000000000004 20.820000000000007
      vertex -19.61679607770176 25.75532889043741 20.820000000000007
      vertex -19.514711091120226 26.00178384955723 20.820000000000007
    endloop
  endfacet
  facet normal 0 0 1
    outer loop
      vertex -23 30.730000000000004 20.820000000000007
      vertex -19.514711091120226 26.00178384955723 20.820000000000007
      vertex -19.37532889043741 26.229234928897206 20.820000000000007
    endloop
  endfacet
  facet normal 0 0 1
    outer loop
      vertex -23 30.730000000000004 20.820000000000007
      vertex -19.37532889043741 26.229234928897206 20.820000000000007
      vertex -19.202081528017132 26.432081528017132 20.820000000000007
    endloop
  endfacet
  facet normal 0 0 1
    outer loop
      vertex -23 30.730000000000004 20.820000000000007
      vertex -19.202081528017132 26.432081528017132 20.820000000000007
      vertex -18.999234928897206 26.605328890437413 20.820000000000007
    endloop
  endfacet
  facet normal 0 0 1
    outer loop
      vertex -23 30.730000000000004 20.820000000000007
      vertex -18.999234928897206 26.605328890437413 20.820000000000007
      vertex -18.77178384955723 26.744711091120227 20.820000000000007
    endloop
  endfacet
  facet normal 0 0 1
    outer loop
      vertex -23 30.730000000000004 20.820000000000007
      vertex -18.77178384955723 26.744711091120227 20.820000000000007
      vertex -18.52532889043741 26.84679607770176 20.820000000000007
    endloop
  endfacet
  facet normal 0 0 1
    outer loop
      vertex -23 30.730000000000004 20.820000000000007
      vertex -18.52532889043741 26.84679607770176 20.820000000000007
      vertex -18.265938590568393 26.909070179011735 20.820000000000007
    endloop
  endfacet
  facet normal 0 0 1
    outer loop
      vertex -23 30.730000000000004 20.820000000000007
      vertex -18.265938590568393 26.909070179011735 20.820000000000007
      vertex -18 26.93 20.820000000000007
    endloop
  endfacet
  facet normal 0 0 1
    outer loop
      vertex -23 30.730000000000004 20.820000000000007
      vertex -18 26.93 20.820000000000007
      vertex -17.734061409431607 26.909070179011735 20.820000000000007
    endloop
  endfacet
  facet normal 0 0 1
    outer loop
      vertex -23 30.730000000000004 20.820000000000007
      vertex -17.734061409431607 26.909070179011735 20.820000000000007
      vertex -17.47467110956259 26.84679607770176 20.820000000000007
    endloop
  endfacet
  facet normal 0 0 1
    outer loop
      vertex -23 30.730000000000004 20.820000000000007
      vertex -17.47467110956259 26.84679607770176 20.820000000000007
      vertex -17.22821615044277 26.744711091120227 20.820000000000007
    endloop
  endfacet
  facet normal 0 0 1
    outer loop
      vertex -23 30.730000000000004 20.820000000000007
      vertex -17.22821615044277 26.744711091120227 20.820000000000007
      vertex -17.000765071102794 26.605328890437413 20.820000000000007
    endloop
  endfacet
  facet normal 0 0 1
    outer loop
      vertex -17.734061409431607 23.550929820988266 20.820000000000007
      vertex -11.940000000000003 20.155 20.820000000000007
      vertex -1.7900000000000027 20.155 20.820000000000007
    endloop
  endfacet
  facet normal 0 0 1
    outer loop
      vertex -17.734061409431607 23.550929820988266 20.820000000000007
      vertex 1.7900000000000016 20.155 20.820000000000007
      vertex -17.47467110956259 23.61320392229824 20.820000000000007
    endloop
  endfacet
  facet normal 0 0 1
    outer loop
      vertex -17.47467110956259 23.61320392229824 20.820000000000007
      vertex 11.940000000000001 20.155 20.820000000000007
      vertex -17.22821615044277 23.715288908879774 20.820000000000007
    endloop
  endfacet
  facet normal 0 0 1
    outer loop
      vertex -1.7900000000000027 20.155 20.820000000000007
      vertex 1.7900000000000016 20.155 20.820000000000007
      vertex -17.734061409431607 23.550929820988266 20.820000000000007
    endloop
  endfacet
  facet normal 0 0 1
    outer loop
      vertex -17.22821615044277 23.715288908879774 20.820000000000007
      vertex 11.940000000000001 20.155 20.820000000000007
      vertex -17.000765071102794 23.854671109562588 20.820000000000007
    endloop
  endfacet
  facet normal 0 0 1
    outer loop
      vertex -17.000765071102794 23.854671109562588 20.820000000000007
      vertex 11.940000000000001 20.155 20.820000000000007
      vertex -16.797918471982868 24.02791847198287 20.820000000000007
    endloop
  endfacet
  facet normal 0 0 1
    outer loop
      vertex -16.797918471982868 24.02791847198287 20.820000000000007
      vertex 11.940000000000001 20.155 20.820000000000007
      vertex -16.62467110956259 24.230765071102795 20.820000000000007
    endloop
  endfacet
  facet normal 0 0 1
    outer loop
      vertex -16.62467110956259 24.230765071102795 20.820000000000007
      vertex 11.940000000000001 20.155 20.820000000000007
      vertex -16.485288908879774 24.45821615044277 20.820000000000007
    endloop
  endfacet
  facet normal 0 0 1
    outer loop
      vertex -16.485288908879774 24.45821615044277 20.820000000000007
      vertex 11.940000000000001 20.155 20.820000000000007
      vertex -16.38320392229824 24.70467110956259 20.820000000000007
    endloop
  endfacet
  facet normal 0 0 1
    outer loop
      vertex -16.38320392229824 24.70467110956259 20.820000000000007
      vertex 11.940000000000001 20.155 20.820000000000007
      vertex -16.320929820988265 24.964061409431608 20.820000000000007
    endloop
  endfacet
  facet normal 0 0 1
    outer loop
      vertex -16.320929820988265 24.964061409431608 20.820000000000007
      vertex 11.940000000000001 20.155 20.820000000000007
      vertex -16.3 25.23 20.820000000000007
    endloop
  endfacet
  facet normal 0 0 1
    outer loop
      vertex 11.940000000000001 20.155 20.820000000000007
      vertex -16.320929820988265 25.495938590568393 20.820000000000007
      vertex -16.3 25.23 20.820000000000007
    endloop
  endfacet
  facet normal 0 0 1
    outer loop
      vertex 11.940000000000001 20.155 20.820000000000007
      vertex -16.38320392229824 25.75532889043741 20.820000000000007
      vertex -16.320929820988265 25.495938590568393 20.820000000000007
    endloop
  endfacet
  facet normal 0 0 1
    outer loop
      vertex 11.940000000000001 20.155 20.820000000000007
      vertex -17.000765071102794 26.605328890437413 20.820000000000007
      vertex -16.797918471982868 26.432081528017132 20.820000000000007
    endloop
  endfacet
  facet normal 0 0 1
    outer loop
      vertex 11.940000000000001 20.155 20.820000000000007
      vertex -16.485288908879774 26.00178384955723 20.820000000000007
      vertex -16.38320392229824 25.75532889043741 20.820000000000007
    endloop
  endfacet
  facet normal 0 0 1
    outer loop
      vertex 11.940000000000001 20.155 20.820000000000007
      vertex -16.62467110956259 26.229234928897206 20.820000000000007
      vertex -16.485288908879774 26.00178384955723 20.820000000000007
    endloop
  endfacet
  facet normal 0 0 1
    outer loop
      vertex 11.940000000000001 20.155 20.820000000000007
      vertex -16.797918471982868 26.432081528017132 20.820000000000007
      vertex -16.62467110956259 26.229234928897206 20.820000000000007
    endloop
  endfacet
  facet normal 0 0 1
    outer loop
      vertex -17.47467110956259 23.61320392229824 20.820000000000007
      vertex 1.7900000000000016 20.155 20.820000000000007
      vertex 11.940000000000001 20.155 20.820000000000007
    endloop
  endfacet
  facet normal 0 1 0
    outer loop
      vertex -23 30.730000000000004 0
      vertex -23 30.730000000000004 20.820000000000007
      vertex 23 30.730000000000004 20.820000000000007
    endloop
  endfacet
  facet normal 0 0 1
    outer loop
      vertex -23 30.730000000000004 20.820000000000007
      vertex -17.000765071102794 26.605328890437413 20.820000000000007
      vertex 11.940000000000001 20.155 20.820000000000007
    endloop
  endfacet
  facet normal 0 -0.7071067811865479 -0.7071067811865472
    outer loop
      vertex -3.865000000000002 11.905 0
      vertex 3.865000000000002 11.905 0
      vertex 3.865000000000002 10.094999999999999 1.8100000000000023
    endloop
  endfacet
  facet normal 3.319258937019768e-16 -0.7071067811865471 -0.7071067811865479
    outer loop
      vertex -3.865000000000002 11.905 0
      vertex 3.865000000000002 10.094999999999999 1.8100000000000023
      vertex 2.675000000000002 8.905 3
    endloop
  endfacet
  facet normal 0 -1 0
    outer loop
      vertex -2.675000000000002 8.905 3
      vertex 2.675000000000002 8.905 3
      vertex 0.46500000000000163 8.905 5.099999999999994
    endloop
  endfacet
  facet normal 0 -1 0
    outer loop
      vertex 2.675000000000002 8.905 3
      vertex 2.4650000000000016 8.905 5.099999999999994
      vertex 0.46500000000000163 8.905 5.099999999999994
    endloop
  endfacet
  facet normal 0 -1 0
    outer loop
      vertex 11.055000000000001 8.905 3
      vertex 11.265000000000002 8.905 5.099999999999994
      vertex 11.265000000000002 8.905 6.8999999999999915
    endloop
  endfacet
  facet normal 0 -1 0
    outer loop
      vertex -0.46500000000000163 8.905 5.099999999999994
      vertex 0.46500000000000163 8.905 5.099999999999994
      vertex 0.46500000000000163 8.905 6.8999999999999915
    endloop
  endfacet
  facet normal 0 -1 0
    outer loop
      vertex 2.675000000000002 8.905 3
      vertex 2.6750000000000016 8.905 12
      vertex 2.4650000000000016 8.905 5.099999999999994
    endloop
  endfacet
  facet normal 0 -1 0
    outer loop
      vertex 2.6750000000000016 8.905 12
      vertex 2.4650000000000016 8.905 6.8999999999999915
      vertex 2.4650000000000016 8.905 5.099999999999994
    endloop
  endfacet
  facet normal 0 -1 0
    outer loop
      vertex 2.6750000000000016 8.905 12
      vertex 0.46500000000000163 8.905 6.8999999999999915
      vertex 2.4650000000000016 8.905 6.8999999999999915
    endloop
  endfacet
  facet normal 0 -1 0
    outer loop
      vertex 0.46500000000000163 8.905 6.8999999999999915
      vertex 1.7900000000000016 8.905 12
      vertex -1.7900000000000027 8.905 12
    endloop
  endfacet
  facet normal 0 -1 0
    outer loop
      vertex 0.46500000000000163 8.905 6.8999999999999915
      vertex 2.6750000000000016 8.905 12
      vertex 1.7900000000000016 8.905 12
    endloop
  endfacet
  facet normal 0 -1 0
    outer loop
      vertex 11.055000000000001 8.905 7.6273891304347785
      vertex 11.055000000000001 8.905 3
      vertex 11.265000000000002 8.905 6.8999999999999915
    endloop
  endfacet
  facet normal 0 0 -1
    outer loop
      vertex -3.865000000000002 19.13 0
      vertex 3.865000000000002 19.13 0
      vertex 3.865000000000002 11.905 0
    endloop
  endfacet
  facet normal 0 -0.7071067811865479 -0.7071067811865472
    outer loop
      vertex 23 11.905 0
      vertex 9.865000000000002 10.094999999999999 1.8100000000000023
      vertex 9.865000000000002 11.905 0
    endloop
  endfacet
  facet normal 0 -1 0
    outer loop
      vertex 11.055000000000001 8.905 3
      vertex 13.265000000000002 8.905 5.099999999999994
      vertex 11.265000000000002 8.905 5.099999999999994
    endloop
  endfacet
  facet normal 0 -0.707106781186547 -0.707106781186548
    outer loop
      vertex 23 8.905 3
      vertex 11.055000000000001 8.905 3
      vertex 9.865000000000002 10.094999999999999 1.8100000000000023
    endloop
  endfacet
  facet normal 0 -1 0
    outer loop
      vertex 23 8.905 3
      vertex 13.265000000000002 8.905 5.099999999999994
      vertex 11.055000000000001 8.905 3
    endloop
  endfacet
  facet normal 0 -1 0
    outer loop
      vertex 23 8.905 3
      vertex 13.265000000000002 8.905 6.8999999999999915
      vertex 13.265000000000002 8.905 5.099999999999994
    endloop
  endfacet
  facet normal 0 0 -1
    outer loop
      vertex 23 11.905 0
      vertex 9.865000000000002 11.905 0
      vertex 9.865000000000002 19.13 0
    endloop
  endfacet
  facet normal -9.562801423273851e-17 -0.7071067811865476 -0.7071067811865476
    outer loop
      vertex 23 8.905 3
      vertex 9.865000000000002 10.094999999999999 1.8100000000000023
      vertex 23 11.905 0
    endloop
  endfacet
  facet normal 0 -1 0
    outer loop
      vertex 11.055000000000001 8.905 7.6273891304347785
      vertex 11.265000000000002 8.905 6.8999999999999915
      vertex 13.265000000000002 8.905 6.8999999999999915
    endloop
  endfacet
  facet normal 0 -1 0
    outer loop
      vertex 23 8.905 3
      vertex 23 8.905 20.820000000000007
      vertex 13.265000000000002 8.905 6.8999999999999915
    endloop
  endfacet
  facet normal 1 0 0
    outer loop
      vertex 23 8.905 3
      vertex 23 11.905 0
      vertex 23 8.905 20.820000000000007
    endloop
  endfacet
  facet normal 0 0 -1
    outer loop
      vertex 23 11.905 0
      vertex 9.865000000000002 19.13 0
      vertex 18 22.13 0
    endloop
  endfacet
  facet normal 0 0 -1
    outer loop
      vertex 23 11.905 0
      vertex 18 22.13 0
      vertex 18.484946841624716 22.168166144155073 0
    endloop
  endfacet
  facet normal 0 0 -1
    outer loop
      vertex 23 11.905 0
      vertex 18.484946841624716 22.168166144155073 0
      vertex 18.957952682562336 22.281724799485026 0
    endloop
  endfacet
  facet normal 0 0 -1
    outer loop
      vertex 23 11.905 0
      vertex 18.957952682562336 22.281724799485026 0
      vertex 19.407370549192596 22.46787977501606 0
    endloop
  endfacet
  facet normal 0 0 -1
    outer loop
      vertex 23 11.905 0
      vertex 19.407370549192596 22.46787977501606 0
      vertex 19.822134282106667 22.722047317437664 0
    endloop
  endfacet
  facet normal 0 0 -1
    outer loop
      vertex 23 11.905 0
      vertex 19.822134282106667 22.722047317437664 0
      vertex 20.192031021678297 23.037968978321704 0
    endloop
  endfacet
  facet normal 0 0 -1
    outer loop
      vertex 23 11.905 0
      vertex 20.192031021678297 23.037968978321704 0
      vertex 20.507952682562337 23.407865717893333 0
    endloop
  endfacet
  facet normal 0 0 -1
    outer loop
      vertex 23 11.905 0
      vertex 20.507952682562337 23.407865717893333 0
      vertex 20.762120224983942 23.822629450807405 0
    endloop
  endfacet
  facet normal 0 -1 0
    outer loop
      vertex -1.7900000000000027 8.905 12
      vertex 1.7900000000000016 8.905 12
      vertex 1.7900000000000016 8.905 20.820000000000007
    endloop
  endfacet
  facet normal 0 -1 0
    outer loop
      vertex 11.055000000000001 8.905 7.6273891304347785
      vertex 11.940000000000001 8.905 12
      vertex 11.055000000000001 8.905 12
    endloop
  endfacet
  facet normal 0 0 1
    outer loop
      vertex 1.7900000000000016 20.155 20.820000000000007
      vertex -1.7900000000000027 8.905 20.820000000000007
      vertex 1.7900000000000016 8.905 20.820000000000007
    endloop
  endfacet
  facet normal 0 -1 0
    outer loop
      vertex 23 8.905 20.820000000000007
      vertex 11.055000000000001 8.905 7.6273891304347785
      vertex 13.265000000000002 8.905 6.8999999999999915
    endloop
  endfacet
  facet normal 0 -1 0
    outer loop
      vertex 23 8.905 20.820000000000007
      vertex 11.940000000000001 8.905 12
      vertex 11.055000000000001 8.905 7.6273891304347785
    endloop
  endfacet
  facet normal 1 0 0
    outer loop
      vertex 23 11.905 0
      vertex 23 11.905 20.820000000000007
      vertex 23 8.905 20.820000000000007
    endloop
  endfacet
  facet normal 0 -1 0
    outer loop
      vertex 23 8.905 20.820000000000007
      vertex 11.940000000000001 8.905 20.820000000000007
      vertex 11.940000000000001 8.905 12
    endloop
  endfacet
  facet normal 0 0 1
    outer loop
      vertex 23 11.905 20.820000000000007
      vertex 11.940000000000001 20.155 20.820000000000007
      vertex 11.940000000000001 8.905 20.820000000000007
    endloop
  endfacet
  facet normal 0 0 1
    outer loop
      vertex 23 8.905 20.820000000000007
      vertex 23 11.905 20.820000000000007
      vertex 11.940000000000001 8.905 20.820000000000007
    endloop
  endfacet
  facet normal 1 0 0
    outer loop
      vertex 23 11.905 0
      vertex 23 30.730000000000004 20.820000000000007
      vertex 23 11.905 20.820000000000007
    endloop
  endfacet
  facet normal 0 0 1
    outer loop
      vertex 23 11.905 20.820000000000007
      vertex 18 23.53 20.820000000000007
      vertex 11.940000000000001 20.155 20.820000000000007
    endloop
  endfacet
  facet normal 0 0 1
    outer loop
      vertex 23 11.905 20.820000000000007
      vertex 18.265938590568393 23.550929820988266 20.820000000000007
      vertex 18 23.53 20.820000000000007
    endloop
  endfacet
  facet normal 0 0 1
    outer loop
      vertex 23 11.905 20.820000000000007
      vertex 18.52532889043741 23.61320392229824 20.820000000000007
      vertex 18.265938590568393 23.550929820988266 20.820000000000007
    endloop
  endfacet
  facet normal 0 0 1
    outer loop
      vertex 23 11.905 20.820000000000007
      vertex 18.77178384955723 23.715288908879774 20.820000000000007
      vertex 18.52532889043741 23.61320392229824 20.820000000000007
    endloop
  endfacet
  facet normal 0 0 -1
    outer loop
      vertex -23 30.730000000000004 0
      vertex 15.807968978321703 23.037968978321704 0
      vertex 9.865000000000002 19.13 0
    endloop
  endfacet
  facet normal 0 0 -1
    outer loop
      vertex -23 30.730000000000004 0
      vertex 15.492047317437663 23.407865717893333 0
      vertex 15.807968978321703 23.037968978321704 0
    endloop
  endfacet
  facet normal 0 0 -1
    outer loop
      vertex -23 30.730000000000004 0
      vertex 15.051724799485024 24.272047317437664 0
      vertex 15.23787977501606 23.822629450807405 0
    endloop
  endfacet
  facet normal 0 0 -1
    outer loop
      vertex -23 30.730000000000004 0
      vertex 15.23787977501606 23.822629450807405 0
      vertex 15.492047317437663 23.407865717893333 0
    endloop
  endfacet
  facet normal 0 0 -1
    outer loop
      vertex -23 30.730000000000004 0
      vertex 14.938166144155073 24.745053158375285 0
      vertex 15.051724799485024 24.272047317437664 0
    endloop
  endfacet
  facet normal 0 0 -1
    outer loop
      vertex -23 30.730000000000004 0
      vertex 14.9 25.23 0
      vertex 14.938166144155073 24.745053158375285 0
    endloop
  endfacet
  facet normal 0 0 -1
    outer loop
      vertex -23 30.730000000000004 0
      vertex 14.938166144155073 25.714946841624716 0
      vertex 14.9 25.23 0
    endloop
  endfacet
  facet normal 0 0 -1
    outer loop
      vertex -23 30.730000000000004 0
      vertex 15.051724799485024 26.187952682562337 0
      vertex 14.938166144155073 25.714946841624716 0
    endloop
  endfacet
  facet normal 0 0 -1
    outer loop
      vertex -23 30.730000000000004 0
      vertex 15.23787977501606 26.637370549192596 0
      vertex 15.051724799485024 26.187952682562337 0
    endloop
  endfacet
  facet normal 0 0 -1
    outer loop
      vertex -23 30.730000000000004 0
      vertex 15.492047317437663 27.052134282106667 0
      vertex 15.23787977501606 26.637370549192596 0
    endloop
  endfacet
  facet normal 0 0 -1
    outer loop
      vertex -23 30.730000000000004 0
      vertex 15.807968978321703 27.422031021678297 0
      vertex 15.492047317437663 27.052134282106667 0
    endloop
  endfacet
  facet normal 0 0 -1
    outer loop
      vertex -23 30.730000000000004 0
      vertex 16.177865717893333 27.737952682562337 0
      vertex 15.807968978321703 27.422031021678297 0
    endloop
  endfacet
  facet normal 0 0 -1
    outer loop
      vertex -23 30.730000000000004 0
      vertex 16.592629450807404 27.992120224983942 0
      vertex 16.177865717893333 27.737952682562337 0
    endloop
  endfacet
  facet normal 0 0 -1
    outer loop
      vertex -23 30.730000000000004 0
      vertex 23 30.730000000000004 0
      vertex 16.592629450807404 27.992120224983942 0
    endloop
  endfacet
  facet normal 0 1 0
    outer loop
      vertex -23 30.730000000000004 0
      vertex 23 30.730000000000004 20.820000000000007
      vertex 23 30.730000000000004 0
    endloop
  endfacet
  facet normal 0 0 -1
    outer loop
      vertex 9.865000000000002 19.13 0
      vertex 16.177865717893333 22.722047317437664 0
      vertex 16.592629450807404 22.46787977501606 0
    endloop
  endfacet
  facet normal 0 0 -1
    outer loop
      vertex 9.865000000000002 19.13 0
      vertex 15.807968978321703 23.037968978321704 0
      vertex 16.177865717893333 22.722047317437664 0
    endloop
  endfacet
  facet normal 0 0 -1
    outer loop
      vertex 9.865000000000002 19.13 0
      vertex 17.515053158375284 22.168166144155073 0
      vertex 18 22.13 0
    endloop
  endfacet
  facet normal 0 0 -1
    outer loop
      vertex 9.865000000000002 19.13 0
      vertex 16.592629450807404 22.46787977501606 0
      vertex 17.042047317437664 22.281724799485026 0
    endloop
  endfacet
  facet normal 0 0 -1
    outer loop
      vertex 9.865000000000002 19.13 0
      vertex 17.042047317437664 22.281724799485026 0
      vertex 17.515053158375284 22.168166144155073 0
    endloop
  endfacet
  facet normal 0 0 -1
    outer loop
      vertex 23 11.905 0
      vertex 20.762120224983942 23.822629450807405 0
      vertex 20.948275200514978 24.272047317437664 0
    endloop
  endfacet
  facet normal 0 0 -1
    outer loop
      vertex 23 11.905 0
      vertex 20.948275200514978 24.272047317437664 0
      vertex 21.061833855844927 24.745053158375285 0
    endloop
  endfacet
  facet normal 0 0 -1
    outer loop
      vertex 23 11.905 0
      vertex 21.061833855844927 24.745053158375285 0
      vertex 21.1 25.23 0
    endloop
  endfacet
  facet normal 0 0 -1
    outer loop
      vertex 23 11.905 0
      vertex 21.1 25.23 0
      vertex 21.061833855844927 25.714946841624716 0
    endloop
  endfacet
  facet normal 0 0 -1
    outer loop
      vertex 23 11.905 0
      vertex 21.061833855844927 25.714946841624716 0
      vertex 23 30.730000000000004 0
    endloop
  endfacet
  facet normal 1 0 0
    outer loop
      vertex 23 11.905 0
      vertex 23 30.730000000000004 0
      vertex 23 30.730000000000004 20.820000000000007
    endloop
  endfacet
  facet normal 0 0 -1
    outer loop
      vertex 23 30.730000000000004 0
      vertex 21.061833855844927 25.714946841624716 0
      vertex 20.948275200514978 26.187952682562337 0
    endloop
  endfacet
  facet normal 0 0 -1
    outer loop
      vertex 23 30.730000000000004 0
      vertex 20.948275200514978 26.187952682562337 0
      vertex 20.762120224983942 26.637370549192596 0
    endloop
  endfacet
  facet normal 0 0 -1
    outer loop
      vertex 23 30.730000000000004 0
      vertex 17.042047317437664 28.178275200514975 0
      vertex 16.592629450807404 27.992120224983942 0
    endloop
  endfacet
  facet normal 0 0 -1
    outer loop
      vertex 23 30.730000000000004 0
      vertex 17.515053158375284 28.291833855844928 0
      vertex 17.042047317437664 28.178275200514975 0
    endloop
  endfacet
  facet normal 0 0 -1
    outer loop
      vertex 23 30.730000000000004 0
      vertex 18 28.330000000000002 0
      vertex 17.515053158375284 28.291833855844928 0
    endloop
  endfacet
  facet normal 0 0 -1
    outer loop
      vertex 23 30.730000000000004 0
      vertex 18.484946841624716 28.291833855844928 0
      vertex 18 28.330000000000002 0
    endloop
  endfacet
  facet normal 0 0 -1
    outer loop
      vertex 23 30.730000000000004 0
      vertex 20.762120224983942 26.637370549192596 0
      vertex 20.507952682562337 27.052134282106667 0
    endloop
  endfacet
  facet normal 0 0 -1
    outer loop
      vertex 23 30.730000000000004 0
      vertex 20.192031021678297 27.422031021678297 0
      vertex 19.822134282106667 27.737952682562337 0
    endloop
  endfacet
  facet normal 0 0 -1
    outer loop
      vertex 23 30.730000000000004 0
      vertex 20.507952682562337 27.052134282106667 0
      vertex 20.192031021678297 27.422031021678297 0
    endloop
  endfacet
  facet normal 0 0 -1
    outer loop
      vertex 23 30.730000000000004 0
      vertex 19.407370549192596 27.992120224983942 0
      vertex 18.957952682562336 28.178275200514975 0
    endloop
  endfacet
  facet normal 0 0 -1
    outer loop
      vertex 23 30.730000000000004 0
      vertex 19.822134282106667 27.737952682562337 0
      vertex 19.407370549192596 27.992120224983942 0
    endloop
  endfacet
  facet normal 0 0 -1
    outer loop
      vertex 23 30.730000000000004 0
      vertex 18.957952682562336 28.178275200514975 0
      vertex 18.484946841624716 28.291833855844928 0
    endloop
  endfacet
  facet normal 0 0 1
    outer loop
      vertex -23 30.730000000000004 20.820000000000007
      vertex 11.940000000000001 20.155 20.820000000000007
      vertex 16.485288908879774 26.00178384955723 20.820000000000007
    endloop
  endfacet
  facet normal 0 0 1
    outer loop
      vertex -23 30.730000000000004 20.820000000000007
      vertex 16.485288908879774 26.00178384955723 20.820000000000007
      vertex 16.62467110956259 26.229234928897206 20.820000000000007
    endloop
  endfacet
  facet normal 0 0 1
    outer loop
      vertex -23 30.730000000000004 20.820000000000007
      vertex 16.62467110956259 26.229234928897206 20.820000000000007
      vertex 16.797918471982868 26.432081528017132 20.820000000000007
    endloop
  endfacet
  facet normal 0 0 1
    outer loop
      vertex -23 30.730000000000004 20.820000000000007
      vertex 16.797918471982868 26.432081528017132 20.820000000000007
      vertex 17.000765071102794 26.605328890437413 20.820000000000007
    endloop
  endfacet
  facet normal 0 0 1
    outer loop
      vertex -23 30.730000000000004 20.820000000000007
      vertex 17.000765071102794 26.605328890437413 20.820000000000007
      vertex 23 30.730000000000004 20.820000000000007
    endloop
  endfacet
  facet normal 0 0 1
    outer loop
      vertex 11.940000000000001 20.155 20.820000000000007
      vertex 17.47467110956259 23.61320392229824 20.820000000000007
      vertex 17.22821615044277 23.715288908879774 20.820000000000007
    endloop
  endfacet
  facet normal 0 0 1
    outer loop
      vertex 11.940000000000001 20.155 20.820000000000007
      vertex 17.734061409431607 23.550929820988266 20.820000000000007
      vertex 17.47467110956259 23.61320392229824 20.820000000000007
    endloop
  endfacet
  facet normal 0 0 1
    outer loop
      vertex 11.940000000000001 20.155 20.820000000000007
      vertex 18 23.53 20.820000000000007
      vertex 17.734061409431607 23.550929820988266 20.820000000000007
    endloop
  endfacet
  facet normal 0 0 1
    outer loop
      vertex 11.940000000000001 20.155 20.820000000000007
      vertex 16.62467110956259 24.230765071102795 20.820000000000007
      vertex 16.485288908879774 24.45821615044277 20.820000000000007
    endloop
  endfacet
  facet normal 0 0 1
    outer loop
      vertex 11.940000000000001 20.155 20.820000000000007
      vertex 16.485288908879774 24.45821615044277 20.820000000000007
      vertex 16.38320392229824 24.70467110956259 20.820000000000007
    endloop
  endfacet
  facet normal 0 0 1
    outer loop
      vertex 11.940000000000001 20.155 20.820000000000007
      vertex 17.000765071102794 23.854671109562588 20.820000000000007
      vertex 16.797918471982868 24.02791847198287 20.820000000000007
    endloop
  endfacet
  facet normal 0 0 1
    outer loop
      vertex 11.940000000000001 20.155 20.820000000000007
      vertex 17.22821615044277 23.715288908879774 20.820000000000007
      vertex 17.000765071102794 23.854671109562588 20.820000000000007
    endloop
  endfacet
  facet normal 0 0 1
    outer loop
      vertex 11.940000000000001 20.155 20.820000000000007
      vertex 16.797918471982868 24.02791847198287 20.820000000000007
      vertex 16.62467110956259 24.230765071102795 20.820000000000007
    endloop
  endfacet
  facet normal 0 0 1
    outer loop
      vertex 11.940000000000001 20.155 20.820000000000007
      vertex 16.38320392229824 24.70467110956259 20.820000000000007
      vertex 16.320929820988265 24.964061409431608 20.820000000000007
    endloop
  endfacet
  facet normal 0 0 1
    outer loop
      vertex 11.940000000000001 20.155 20.820000000000007
      vertex 16.320929820988265 24.964061409431608 20.820000000000007
      vertex 16.3 25.23 20.820000000000007
    endloop
  endfacet
  facet normal 0 0 1
    outer loop
      vertex 11.940000000000001 20.155 20.820000000000007
      vertex 16.3 25.23 20.820000000000007
      vertex 16.320929820988265 25.495938590568393 20.820000000000007
    endloop
  endfacet
  facet normal 0 0 1
    outer loop
      vertex 11.940000000000001 20.155 20.820000000000007
      vertex 16.320929820988265 25.495938590568393 20.820000000000007
      vertex 16.38320392229824 25.75532889043741 20.820000000000007
    endloop
  endfacet
  facet normal 0 0 1
    outer loop
      vertex 11.940000000000001 20.155 20.820000000000007
      vertex 16.38320392229824 25.75532889043741 20.820000000000007
      vertex 16.485288908879774 26.00178384955723 20.820000000000007
    endloop
  endfacet
  facet normal 0 0 1
    outer loop
      vertex 23 11.905 20.820000000000007
      vertex 18.999234928897206 23.854671109562588 20.820000000000007
      vertex 18.77178384955723 23.715288908879774 20.820000000000007
    endloop
  endfacet
  facet normal 0 0 1
    outer loop
      vertex 23 11.905 20.820000000000007
      vertex 19.202081528017132 24.02791847198287 20.820000000000007
      vertex 18.999234928897206 23.854671109562588 20.820000000000007
    endloop
  endfacet
  facet normal 0 0 1
    outer loop
      vertex 23 11.905 20.820000000000007
      vertex 19.37532889043741 24.230765071102795 20.820000000000007
      vertex 19.202081528017132 24.02791847198287 20.820000000000007
    endloop
  endfacet
  facet normal 0 0 1
    outer loop
      vertex 23 11.905 20.820000000000007
      vertex 19.514711091120226 24.45821615044277 20.820000000000007
      vertex 19.37532889043741 24.230765071102795 20.820000000000007
    endloop
  endfacet
  facet normal 0 0 1
    outer loop
      vertex 23 11.905 20.820000000000007
      vertex 19.61679607770176 24.70467110956259 20.820000000000007
      vertex 19.514711091120226 24.45821615044277 20.820000000000007
    endloop
  endfacet
  facet normal 0 0 1
    outer loop
      vertex 23 11.905 20.820000000000007
      vertex 19.679070179011735 24.964061409431608 20.820000000000007
      vertex 19.61679607770176 24.70467110956259 20.820000000000007
    endloop
  endfacet
  facet normal 0 0 1
    outer loop
      vertex 23 11.905 20.820000000000007
      vertex 19.7 25.23 20.820000000000007
      vertex 19.679070179011735 24.964061409431608 20.820000000000007
    endloop
  endfacet
  facet normal 0 0 1
    outer loop
      vertex 23 11.905 20.820000000000007
      vertex 23 30.730000000000004 20.820000000000007
      vertex 19.7 25.23 20.820000000000007
    endloop
  endfacet
  facet normal 0 0 1
    outer loop
      vertex 23 30.730000000000004 20.820000000000007
      vertex 19.679070179011735 25.495938590568393 20.820000000000007
      vertex 19.7 25.23 20.820000000000007
    endloop
  endfacet
  facet normal 0 0 1
    outer loop
      vertex 23 30.730000000000004 20.820000000000007
      vertex 19.61679607770176 25.75532889043741 20.820000000000007
      vertex 19.679070179011735 25.495938590568393 20.820000000000007
    endloop
  endfacet
  facet normal 0 0 1
    outer loop
      vertex 23 30.730000000000004 20.820000000000007
      vertex 19.37532889043741 26.229234928897206 20.820000000000007
      vertex 19.514711091120226 26.00178384955723 20.820000000000007
    endloop
  endfacet
  facet normal 0 0 1
    outer loop
      vertex 23 30.730000000000004 20.820000000000007
      vertex 19.514711091120226 26.00178384955723 20.820000000000007
      vertex 19.61679607770176 25.75532889043741 20.820000000000007
    endloop
  endfacet
  facet normal 0 0 1
    outer loop
      vertex 23 30.730000000000004 20.820000000000007
      vertex 18.999234928897206 26.605328890437413 20.820000000000007
      vertex 19.202081528017132 26.432081528017132 20.820000000000007
    endloop
  endfacet
  facet normal 0 0 1
    outer loop
      vertex 23 30.730000000000004 20.820000000000007
      vertex 19.202081528017132 26.432081528017132 20.820000000000007
      vertex 19.37532889043741 26.229234928897206 20.820000000000007
    endloop
  endfacet
  facet normal 0 0 1
    outer loop
      vertex 23 30.730000000000004 20.820000000000007
      vertex 17.000765071102794 26.605328890437413 20.820000000000007
      vertex 17.22821615044277 26.744711091120227 20.820000000000007
    endloop
  endfacet
  facet normal 0 0 1
    outer loop
      vertex 23 30.730000000000004 20.820000000000007
      vertex 17.22821615044277 26.744711091120227 20.820000000000007
      vertex 17.47467110956259 26.84679607770176 20.820000000000007
    endloop
  endfacet
  facet normal 0 0 1
    outer loop
      vertex 23 30.730000000000004 20.820000000000007
      vertex 17.47467110956259 26.84679607770176 20.820000000000007
      vertex 17.734061409431607 26.909070179011735 20.820000000000007
    endloop
  endfacet
  facet normal 0 0 1
    outer loop
      vertex 23 30.730000000000004 20.820000000000007
      vertex 17.734061409431607 26.909070179011735 20.820000000000007
      vertex 18 26.93 20.820000000000007
    endloop
  endfacet
  facet normal 0 0 1
    outer loop
      vertex 23 30.730000000000004 20.820000000000007
      vertex 18 26.93 20.820000000000007
      vertex 18.265938590568393 26.909070179011735 20.820000000000007
    endloop
  endfacet
  facet normal 0 0 1
    outer loop
      vertex 23 30.730000000000004 20.820000000000007
      vertex 18.265938590568393 26.909070179011735 20.820000000000007
      vertex 18.52532889043741 26.84679607770176 20.820000000000007
    endloop
  endfacet
  facet normal 0 0 1
    outer loop
      vertex 23 30.730000000000004 20.820000000000007
      vertex 18.52532889043741 26.84679607770176 20.820000000000007
      vertex 18.77178384955723 26.744711091120227 20.820000000000007
    endloop
  endfacet
  facet normal 0 0 1
    outer loop
      vertex 23 30.730000000000004 20.820000000000007
      vertex 18.77178384955723 26.744711091120227 20.820000000000007
      vertex 18.999234928897206 26.605328890437413 20.820000000000007
    endloop
  endfacet
  facet normal 0 0 1
    outer loop
      vertex -11.265000000000002 19.73 5.099999999999994
      vertex -13.265000000000002 8.905 5.099999999999994
      vertex -11.265000000000002 8.905 5.099999999999994
    endloop
  endfacet
  facet normal 1 0 0
    outer loop
      vertex -13.265000000000002 19.73 5.099999999999994
      vertex -13.265000000000002 8.905 6.8999999999999915
      vertex -13.265000000000002 8.905 5.099999999999994
    endloop
  endfacet
  facet normal 0 0 -1
    outer loop
      vertex -13.265000000000002 19.73 6.8999999999999915
      vertex -11.265000000000002 8.905 6.8999999999999915
      vertex -13.265000000000002 8.905 6.8999999999999915
    endloop
  endfacet
  facet normal 0 0 1
    outer loop
      vertex -13.265000000000002 19.73 5.099999999999994
      vertex -13.265000000000002 8.905 5.099999999999994
      vertex -11.514768732654952 20.003473635522663 5.099999999999994
    endloop
  endfacet
  facet normal 0 0 1
    outer loop
      vertex -11.265000000000002 19.73 5.099999999999994
      vertex -11.514768732654952 20.003473635522663 5.099999999999994
      vertex -13.265000000000002 8.905 5.099999999999994
    endloop
  endfacet
  facet normal 1 0 0
    outer loop
      vertex -13.265000000000002 19.73 5.099999999999994
      vertex -13.265000000000002 19.73 6.8999999999999915
      vertex -13.265000000000002 8.905 6.8999999999999915
    endloop
  endfacet
  facet normal 0 0 -1
    outer loop
      vertex -13.265000000000002 19.73 6.8999999999999915
      vertex -11.265000000000002 19.73 6.8999999999999915
      vertex -11.265000000000002 8.905 6.8999999999999915
    endloop
  endfacet
  facet normal -1 0 0
    outer loop
      vertex -11.265000000000002 19.73 6.8999999999999915
      vertex -11.265000000000002 8.905 5.099999999999994
      vertex -11.265000000000002 8.905 6.8999999999999915
    endloop
  endfacet
  facet normal -1 0 0
    outer loop
      vertex -11.265000000000002 19.73 5.099999999999994
      vertex -11.265000000000002 8.905 5.099999999999994
      vertex -11.265000000000002 19.73 6.8999999999999915
    endloop
  endfacet
  facet normal 0 0 1
    outer loop
      vertex -13.265000000000002 19.73 5.099999999999994
      vertex -11.514768732654952 20.003473635522663 5.099999999999994
      vertex -13.265000000000002 21.73 5.099999999999994
    endloop
  endfacet
  facet normal 0 0 1
    outer loop
      vertex -11.514768732654952 20.003473635522663 5.099999999999994
      vertex -11.265000000000002 21.73 5.099999999999994
      vertex -13.265000000000002 21.73 5.099999999999994
    endloop
  endfacet
  facet normal 0 -1 0
    outer loop
      vertex -13.265000000000002 21.73 5.099999999999994
      vertex -11.265000000000002 21.73 5.099999999999994
      vertex -13.265000000000002 21.73 6.8999999999999915
    endloop
  endfacet
  facet normal 0 0 1
    outer loop
      vertex -11.265000000000002 19.73 5.099999999999994
      vertex -11.265000000000002 20.0425 5.099999999999994
      vertex -11.514768732654952 20.003473635522663 5.099999999999994
    endloop
  endfacet
  facet normal 0 0 1
    outer loop
      vertex -0.46500000000000163 19.73 5.099999999999994
      vertex -2.4650000000000016 8.905 5.099999999999994
      vertex -0.46500000000000163 8.905 5.099999999999994
    endloop
  endfacet
  facet normal 1 0 0
    outer loop
      vertex -2.4650000000000016 19.73 5.099999999999994
      vertex -2.4650000000000016 8.905 6.8999999999999915
      vertex -2.4650000000000016 8.905 5.099999999999994
    endloop
  endfacet
  facet normal -1 0 0
    outer loop
      vertex -0.46500000000000163 19.73 6.8999999999999915
      vertex -0.46500000000000163 8.905 5.099999999999994
      vertex -0.46500000000000163 8.905 6.8999999999999915
    endloop
  endfacet
  facet normal 0 0 -1
    outer loop
      vertex -2.4650000000000016 19.73 6.8999999999999915
      vertex -0.46500000000000163 8.905 6.8999999999999915
      vertex -2.4650000000000016 8.905 6.8999999999999915
    endloop
  endfacet
  facet normal 0 0 1
    outer loop
      vertex -2.4650000000000016 19.73 5.099999999999994
      vertex -2.4650000000000016 8.905 5.099999999999994
      vertex -0.46500000000000163 19.73 5.099999999999994
    endloop
  endfacet
  facet normal 1 0 0
    outer loop
      vertex -2.4650000000000016 19.73 5.099999999999994
      vertex -2.4650000000000016 19.73 6.8999999999999915
      vertex -2.4650000000000016 8.905 6.8999999999999915
    endloop
  endfacet
  facet normal -1 0 0
    outer loop
      vertex -0.46500000000000163 19.73 5.099999999999994
      vertex -0.46500000000000163 8.905 5.099999999999994
      vertex -0.46500000000000163 19.73 6.130198915009032
    endloop
  endfacet
  facet normal -1 0 0
    outer loop
      vertex -0.46500000000000163 19.73 6.130198915009032
      vertex -0.46500000000000163 8.905 5.099999999999994
      vertex -0.46500000000000163 19.73 6.8999999999999915
    endloop
  endfacet
  facet normal 0 0 -1
    outer loop
      vertex -2.4650000000000016 19.73 6.8999999999999915
      vertex -2.175669077757687 19.73 6.8999999999999915
      vertex -0.46500000000000163 8.905 6.8999999999999915
    endloop
  endfacet
  facet normal 0 0 -1
    outer loop
      vertex -2.175669077757687 19.73 6.8999999999999915
      vertex -0.46500000000000163 19.73 6.8999999999999915
      vertex -0.46500000000000163 8.905 6.8999999999999915
    endloop
  endfacet
  facet normal -1 0 0
    outer loop
      vertex -0.46500000000000163 19.73 6.130198915009032
      vertex -0.46500000000000163 19.73 6.8999999999999915
      vertex -0.46500000000000163 21.73 5.099999999999994
    endloop
  endfacet
  facet normal 0 0 -1
    outer loop
      vertex -2.175669077757687 19.73 6.8999999999999915
      vertex -2.2152312673450525 20.003473635522663 6.8999999999999915
      vertex -0.46500000000000163 19.73 6.8999999999999915
    endloop
  endfacet
  facet normal 0 0 1
    outer loop
      vertex 2.4650000000000016 19.73 5.099999999999994
      vertex 0.46500000000000163 8.905 5.099999999999994
      vertex 2.4650000000000016 8.905 5.099999999999994
    endloop
  endfacet
  facet normal -1 0 0
    outer loop
      vertex 2.4650000000000016 19.73 6.8999999999999915
      vertex 2.4650000000000016 8.905 5.099999999999994
      vertex 2.4650000000000016 8.905 6.8999999999999915
    endloop
  endfacet
  facet normal 1 0 0
    outer loop
      vertex 0.46500000000000163 21.73 6.8999999999999915
      vertex 0.46500000000000163 8.905 6.8999999999999915
      vertex 0.46500000000000163 8.905 5.099999999999994
    endloop
  endfacet
  facet normal 0 0 -1
    outer loop
      vertex 0.46500000000000163 21.73 6.8999999999999915
      vertex 2.4650000000000016 8.905 6.8999999999999915
      vertex 0.46500000000000163 8.905 6.8999999999999915
    endloop
  endfacet
  facet normal 0 0 1
    outer loop
      vertex 2.2152312673450525 20.003473635522663 5.099999999999994
      vertex 0.46500000000000163 21.73 5.099999999999994
      vertex 0.46500000000000163 8.905 5.099999999999994
    endloop
  endfacet
  facet normal 0 0 1
    outer loop
      vertex 2.2152312673450525 20.003473635522663 5.099999999999994
      vertex 0.46500000000000163 8.905 5.099999999999994
      vertex 2.4650000000000016 19.73 5.099999999999994
    endloop
  endfacet
  facet normal -1 0 0
    outer loop
      vertex 2.4650000000000016 19.73 5.099999999999994
      vertex 2.4650000000000016 8.905 5.099999999999994
      vertex 2.4650000000000016 19.73 6.8999999999999915
    endloop
  endfacet
  facet normal 0 0 -1
    outer loop
      vertex 2.4650000000000016 19.73 6.8999999999999915
      vertex 2.4650000000000016 8.905 6.8999999999999915
      vertex 0.46500000000000163 21.73 6.8999999999999915
    endloop
  endfacet
  facet normal 1 0 0
    outer loop
      vertex 0.46500000000000163 21.73 5.099999999999994
      vertex 0.46500000000000163 21.73 6.8999999999999915
      vertex 0.46500000000000163 8.905 5.099999999999994
    endloop
  endfacet
  facet normal 0 0 1
    outer loop
      vertex 2.2152312673450525 20.003473635522663 5.099999999999994
      vertex 2.4650000000000016 19.73 5.099999999999994
      vertex 2.4650000000000016 20.0425 5.099999999999994
    endloop
  endfacet
  facet normal 0 0 1
    outer loop
      vertex 2.2152312673450525 20.003473635522663 5.099999999999994
      vertex 2.4650000000000016 21.73 5.099999999999994
      vertex 0.46500000000000163 21.73 5.099999999999994
    endloop
  endfacet
  facet normal 0 0 -1
    outer loop
      vertex 2.4650000000000016 19.73 6.8999999999999915
      vertex 0.46500000000000163 21.73 6.8999999999999915
      vertex 2.4650000000000016 21.73 6.8999999999999915
    endloop
  endfacet
  facet normal 0 -1 0
    outer loop
      vertex 0.46500000000000163 21.73 5.099999999999994
      vertex 2.4650000000000016 21.73 5.099999999999994
      vertex 0.46500000000000163 21.73 6.8999999999999915
    endloop
  endfacet
  facet normal 0 -1 0
    outer loop
      vertex 2.4650000000000016 21.73 5.099999999999994
      vertex 2.4650000000000016 21.73 6.8999999999999915
      vertex 0.46500000000000163 21.73 6.8999999999999915
    endloop
  endfacet
  facet normal 1 0 0
    outer loop
      vertex 11.265000000000002 19.73 5.099999999999994
      vertex 11.265000000000002 8.905 6.8999999999999915
      vertex 11.265000000000002 8.905 5.099999999999994
    endloop
  endfacet
  facet normal 1 0 0
    outer loop
      vertex 11.265000000000002 19.73 5.099999999999994
      vertex 11.265000000000002 19.73 6.8999999999999915
      vertex 11.265000000000002 8.905 6.8999999999999915
    endloop
  endfacet
  facet normal 0 0 1
    outer loop
      vertex 13.265000000000002 19.73 5.099999999999994
      vertex 11.265000000000002 8.905 5.099999999999994
      vertex 13.265000000000002 8.905 5.099999999999994
    endloop
  endfacet
  facet normal -1 0 0
    outer loop
      vertex 13.265000000000002 19.73 6.8999999999999915
      vertex 13.265000000000002 8.905 5.099999999999994
      vertex 13.265000000000002 8.905 6.8999999999999915
    endloop
  endfacet
  facet normal 0 0 -1
    outer loop
      vertex 11.265000000000002 19.73 6.8999999999999915
      vertex 13.265000000000002 8.905 6.8999999999999915
      vertex 11.265000000000002 8.905 6.8999999999999915
    endloop
  endfacet
  facet normal 0 0 1
    outer loop
      vertex 11.265000000000002 19.73 5.099999999999994
      vertex 11.265000000000002 8.905 5.099999999999994
      vertex 13.265000000000002 19.73 5.099999999999994
    endloop
  endfacet
  facet normal -1 0 0
    outer loop
      vertex 13.265000000000002 19.73 5.099999999999994
      vertex 13.265000000000002 8.905 5.099999999999994
      vertex 13.265000000000002 19.73 6.130198915009032
    endloop
  endfacet
  facet normal -1 0 0
    outer loop
      vertex 13.265000000000002 19.73 6.130198915009032
      vertex 13.265000000000002 8.905 5.099999999999994
      vertex 13.265000000000002 19.73 6.8999999999999915
    endloop
  endfacet
  facet normal 0 0 -1
    outer loop
      vertex 11.265000000000002 19.73 6.8999999999999915
      vertex 11.554330922242317 19.73 6.8999999999999915
      vertex 13.265000000000002 8.905 6.8999999999999915
    endloop
  endfacet
  facet normal 0 0 -1
    outer loop
      vertex 11.554330922242317 19.73 6.8999999999999915
      vertex 13.265000000000002 19.73 6.8999999999999915
      vertex 13.265000000000002 8.905 6.8999999999999915
    endloop
  endfacet
  facet normal -1 0 0
    outer loop
      vertex 13.265000000000002 19.73 6.130198915009032
      vertex 13.265000000000002 19.73 6.8999999999999915
      vertex 13.265000000000002 21.73 5.099999999999994
    endloop
  endfacet
  facet normal 0 0 -1
    outer loop
      vertex 11.514768732654952 20.003473635522663 6.8999999999999915
      vertex 13.265000000000002 19.73 6.8999999999999915
      vertex 11.554330922242317 19.73 6.8999999999999915
    endloop
  endfacet
  facet normal 1 0 0
    outer loop
      vertex -11.940000000000003 20.155 12
      vertex -11.940000000000003 8.905 20.820000000000007
      vertex -11.940000000000003 8.905 12
    endloop
  endfacet
  facet normal 1 0 0
    outer loop
      vertex -11.940000000000003 20.155 12
      vertex -11.940000000000003 20.155 20.820000000000007
      vertex -11.940000000000003 8.905 20.820000000000007
    endloop
  endfacet
  facet normal 0 0 1
    outer loop
      vertex -9.865000000000002 10.094999999999999 12
      vertex -11.940000000000003 8.905 12
      vertex -11.055000000000001 8.905 12
    endloop
  endfacet
  facet normal 0 0 1
    outer loop
      vertex -9.865000000000002 10.094999999999999 12
      vertex -9.865000000000002 19.13 12
      vertex -11.940000000000003 8.905 12
    endloop
  endfacet
  facet normal 0 0 1
    outer loop
      vertex -1.7900000000000027 20.155 12
      vertex -2.6750000000000016 8.905 12
      vertex -1.7900000000000027 8.905 12
    endloop
  endfacet
  facet normal 0 0 1
    outer loop
      vertex -3.865000000000002 10.094999999999999 12
      vertex -2.6750000000000016 8.905 12
      vertex -1.7900000000000027 20.155 12
    endloop
  endfacet
  facet normal -1 0 0
    outer loop
      vertex -1.7900000000000027 20.155 12
      vertex -1.7900000000000027 8.905 12
      vertex -1.7900000000000027 8.905 20.820000000000007
    endloop
  endfacet
  facet normal 0 0 1
    outer loop
      vertex -11.940000000000003 20.155 12
      vertex -11.940000000000003 8.905 12
      vertex -9.865000000000002 19.13 12
    endloop
  endfacet
  facet normal 0 0 1
    outer loop
      vertex -11.940000000000003 20.155 12
      vertex -9.865000000000002 19.13 12
      vertex -1.7900000000000027 20.155 12
    endloop
  endfacet
  facet normal 0 0 1
    outer loop
      vertex -3.865000000000002 10.094999999999999 12
      vertex -1.7900000000000027 20.155 12
      vertex -3.865000000000002 19.13 12
    endloop
  endfacet
  facet normal 0 0 1
    outer loop
      vertex -9.865000000000002 19.13 12
      vertex -3.865000000000002 19.13 12
      vertex -1.7900000000000027 20.155 12
    endloop
  endfacet
  facet normal -1 0 0
    outer loop
      vertex -1.7900000000000027 20.155 12
      vertex -1.7900000000000027 8.905 20.820000000000007
      vertex -1.7900000000000027 20.155 20.820000000000007
    endloop
  endfacet
  facet normal 0 -1 0
    outer loop
      vertex -11.940000000000003 20.155 12
      vertex -1.7900000000000027 20.155 12
      vertex -1.7900000000000027 20.155 20.820000000000007
    endloop
  endfacet
  facet normal 0 -1 0
    outer loop
      vertex -11.940000000000003 20.155 12
      vertex -1.7900000000000027 20.155 20.820000000000007
      vertex -11.940000000000003 20.155 20.820000000000007
    endloop
  endfacet
  facet normal 1 0 0
    outer loop
      vertex -9.865000000000002 11.905 0
      vertex -9.865000000000002 19.13 0
      vertex -9.865000000000002 10.094999999999999 1.8100000000000023
    endloop
  endfacet
  facet normal -1 0 0
    outer loop
      vertex -3.865000000000002 10.094999999999999 12
      vertex -3.865000000000002 11.905 0
      vertex -3.865000000000002 10.094999999999999 1.8100000000000023
    endloop
  endfacet
  facet normal -1 0 0
    outer loop
      vertex -3.865000000000002 10.094999999999999 12
      vertex -3.865000000000002 19.13 0
      vertex -3.865000000000002 11.905 0
    endloop
  endfacet
  facet normal 1 0 0
    outer loop
      vertex -9.865000000000002 10.094999999999999 12
      vertex -9.865000000000002 10.094999999999999 1.8100000000000023
      vertex -9.865000000000002 19.13 12
    endloop
  endfacet
  facet normal 1 0 0
    outer loop
      vertex -9.865000000000002 19.13 12
      vertex -9.865000000000002 10.094999999999999 1.8100000000000023
      vertex -9.865000000000002 19.13 0
    endloop
  endfacet
  facet normal 0 -1 0
    outer loop
      vertex -3.865000000000002 19.13 12
      vertex -9.865000000000002 19.13 0
      vertex -3.865000000000002 19.13 0
    endloop
  endfacet
  facet normal 0 -1 0
    outer loop
      vertex -9.865000000000002 19.13 12
      vertex -9.865000000000002 19.13 0
      vertex -3.865000000000002 19.13 12
    endloop
  endfacet
  facet normal -1 0 0
    outer loop
      vertex -3.865000000000002 10.094999999999999 12
      vertex -3.865000000000002 19.13 12
      vertex -3.865000000000002 19.13 0
    endloop
  endfacet
  facet normal 0.7071067811865924 -0.7071067811865027 8.985622177255092e-14
    outer loop
      vertex -11.005000000000003 8.955 2.964000000000013
      vertex -11.055000000000001 8.905 3
      vertex -9.865000000000002 10.094999999999999 1.8100000000000023
    endloop
  endfacet
  facet normal 0.7071067811865266 -0.7071067811865684 -4.0219219936739495e-14
    outer loop
      vertex -11.005000000000003 8.955 2.964000000000013
      vertex -9.865000000000002 10.094999999999999 1.8100000000000023
      vertex -10.975000000000001 8.985 2.964000000000013
    endloop
  endfacet
  facet normal 0.7071067811865475 -0.7071067811865475 -3.083948214629471e-17
    outer loop
      vertex -10.975000000000001 8.985 2.964000000000013
      vertex -9.865000000000002 10.094999999999999 1.8100000000000023
      vertex -10.945000000000002 9.014999999999999 2.964000000000013
    endloop
  endfacet
  facet normal 0.7071067811865684 -0.7071067811865266 3.9188138132921613e-14
    outer loop
      vertex -10.945000000000002 9.014999999999999 2.964000000000013
      vertex -9.865000000000002 10.094999999999999 1.8100000000000023
      vertex -10.915000000000003 9.045 2.964000000000013
    endloop
  endfacet
  facet normal 0.7071067811865266 -0.7071067811865684 -3.695182215551851e-14
    outer loop
      vertex -10.915000000000003 9.045 2.964000000000013
      vertex -9.865000000000002 10.094999999999999 1.8100000000000023
      vertex -10.885000000000002 9.075 2.964000000000013
    endloop
  endfacet
  facet normal 0.7071067811865684 -0.7071067811865266 3.6984248963951735e-14
    outer loop
      vertex -10.885000000000002 9.075 2.964000000000013
      vertex -9.865000000000002 10.094999999999999 1.8100000000000023
      vertex -10.855000000000002 9.105 2.964000000000013
    endloop
  endfacet
  facet normal 0.7071067811865475 -0.7071067811865475 1.0745065158106786e-15
    outer loop
      vertex -10.855000000000002 9.105 2.964000000000013
      vertex -9.865000000000002 10.094999999999999 1.8100000000000023
      vertex -10.825000000000003 9.135 2.964000000000013
    endloop
  endfacet
  facet normal 0.7071067811865266 -0.7071067811865684 -3.375528715496458e-14
    outer loop
      vertex -10.825000000000003 9.135 2.964000000000013
      vertex -9.865000000000002 10.094999999999999 1.8100000000000023
      vertex -10.795000000000002 9.165 2.964000000000013
    endloop
  endfacet
  facet normal 0.7071067811865684 -0.7071067811865266 3.372660190135054e-14
    outer loop
      vertex -10.795000000000002 9.165 2.964000000000013
      vertex -9.865000000000002 10.094999999999999 1.8100000000000023
      vertex -10.765000000000002 9.195 2.964000000000013
    endloop
  endfacet
  facet normal 0.7071067811865475 -0.7071067811865475 1.0822163863472523e-15
    outer loop
      vertex -10.765000000000002 9.195 2.964000000000013
      vertex -9.865000000000002 10.094999999999999 1.8100000000000023
      vertex -10.735000000000003 9.225 2.964000000000013
    endloop
  endfacet
  facet normal 0.7071067811865266 -0.7071067811865684 -3.048788937374359e-14
    outer loop
      vertex -10.735000000000003 9.225 2.964000000000013
      vertex -9.865000000000002 10.094999999999999 1.8100000000000023
      vertex -10.705000000000002 9.254999999999999 2.964000000000013
    endloop
  endfacet
  facet normal 0.7071067811865684 -0.7071067811865266 3.046895483874934e-14
    outer loop
      vertex -10.705000000000002 9.254999999999999 2.964000000000013
      vertex -9.865000000000002 10.094999999999999 1.8100000000000023
      vertex -10.675000000000002 9.285 2.964000000000013
    endloop
  endfacet
  facet normal 0.7071067811865475 -0.7071067811865475 1.0899262568838259e-15
    outer loop
      vertex -10.675000000000002 9.285 2.964000000000013
      vertex -9.865000000000002 10.094999999999999 1.8100000000000023
      vertex -10.645000000000003 9.315 2.964000000000013
    endloop
  endfacet
  facet normal 0.7071067811865266 -0.7071067811865684 -2.7220491592522605e-14
    outer loop
      vertex -10.645000000000003 9.315 2.964000000000013
      vertex -9.865000000000002 10.094999999999999 1.8100000000000023
      vertex -10.615000000000002 9.344999999999999 2.964000000000013
    endloop
  endfacet
  facet normal 0.7071067811865684 -0.7071067811865266 2.721130777614814e-14
    outer loop
      vertex -10.615000000000002 9.344999999999999 2.964000000000013
      vertex -9.865000000000002 10.094999999999999 1.8100000000000023
      vertex -10.585000000000003 9.375 2.964000000000013
    endloop
  endfacet
  facet normal 0.7071067811865266 -0.7071067811865684 -2.5050729938721985e-14
    outer loop
      vertex -10.585000000000003 9.375 2.964000000000013
      vertex -9.865000000000002 10.094999999999999 1.8100000000000023
      vertex -10.555000000000001 9.405 2.964000000000013
    endloop
  endfacet
  facet normal 0.7071067811865475 -0.7071067811865475 -2.6984546878007872e-17
    outer loop
      vertex -10.555000000000001 9.405 2.964000000000013
      vertex -9.865000000000002 10.094999999999999 1.8100000000000023
      vertex -10.525000000000002 9.434999999999999 2.964000000000013
    endloop
  endfacet
  facet normal 0.7071067811865684 -0.7071067811865266 2.3953660713546943e-14
    outer loop
      vertex -10.525000000000002 9.434999999999999 2.964000000000013
      vertex -9.865000000000002 10.094999999999999 1.8100000000000023
      vertex -10.495000000000003 9.465 2.964000000000013
    endloop
  endfacet
  facet normal 0.7071067811865475 -0.7071067811865475 1.1053459979569734e-15
    outer loop
      vertex -10.495000000000003 9.465 2.964000000000013
      vertex -9.865000000000002 10.094999999999999 1.8100000000000023
      vertex -10.465000000000003 9.495 2.964000000000013
    endloop
  endfacet
  facet normal 0.7071067811865475 -0.7071067811865475 1.0833501908378988e-15
    outer loop
      vertex -10.465000000000003 9.495 2.964000000000013
      vertex -9.865000000000002 10.094999999999999 1.8100000000000023
      vertex -10.435000000000002 9.525 2.964000000000013
    endloop
  endfacet
  facet normal 0.7071067811865266 -0.7071067811865684 -1.961357050370038e-14
    outer loop
      vertex -10.435000000000002 9.525 2.964000000000013
      vertex -9.865000000000002 10.094999999999999 1.8100000000000023
      vertex -10.405000000000001 9.555 2.964000000000013
    endloop
  endfacet
  facet normal 0.7071067811865475 -0.7071067811865475 2.460355744761247e-17
    outer loop
      vertex -10.405000000000001 9.555 2.964000000000013
      vertex -9.865000000000002 10.094999999999999 1.8100000000000023
      vertex -10.375000000000002 9.584999999999999 2.964000000000013
    endloop
  endfacet
  facet normal 0.7071067811865684 -0.7071067811865266 1.8492124481975867e-14
    outer loop
      vertex -10.375000000000002 9.584999999999999 2.964000000000013
      vertex -9.865000000000002 10.094999999999999 1.8100000000000023
      vertex -10.345000000000002 9.615 2.964000000000013
    endloop
  endfacet
  facet normal 0.7071067811865266 -0.7071067811865684 -1.6310741332145868e-14
    outer loop
      vertex -10.345000000000002 9.615 2.964000000000013
      vertex -9.865000000000002 10.094999999999999 1.8100000000000023
      vertex -10.315000000000001 9.645 2.964000000000013
    endloop
  endfacet
  facet normal 0.7071067811865475 -0.7071067811865475 -3.117962349341119e-18
    outer loop
      vertex -10.315000000000001 9.645 2.964000000000013
      vertex -9.865000000000002 10.094999999999999 1.8100000000000023
      vertex -10.285000000000002 9.674999999999999 2.964000000000013
    endloop
  endfacet
  facet normal 0.7071067811865684 -0.7071067811865266 1.523447741937467e-14
    outer loop
      vertex -10.285000000000002 9.674999999999999 2.964000000000013
      vertex -9.865000000000002 10.094999999999999 1.8100000000000023
      vertex -10.255000000000003 9.705 2.964000000000013
    endloop
  endfacet
  facet normal 0.7071067811865266 -0.7071067811865684 -1.3078774941258409e-14
    outer loop
      vertex -10.255000000000003 9.705 2.964000000000013
      vertex -9.865000000000002 10.094999999999999 1.8100000000000023
      vertex -10.225000000000001 9.735 2.964000000000013
    endloop
  endfacet
  facet normal 0.7071067811865475 -0.7071067811865475 4.5919081872325584e-18
    outer loop
      vertex -10.225000000000001 9.735 2.964000000000013
      vertex -9.865000000000002 10.094999999999999 1.8100000000000023
      vertex -10.195000000000002 9.764999999999999 2.964000000000013
    endloop
  endfacet
  facet normal 0.7071067811865684 -0.7071067811865266 1.1976830356773471e-14
    outer loop
      vertex -10.195000000000002 9.764999999999999 2.964000000000013
      vertex -9.865000000000002 10.094999999999999 1.8100000000000023
      vertex -10.165000000000003 9.795 2.964000000000013
    endloop
  endfacet
  facet normal 0.7071067811865266 -0.7071067811865684 -9.811377160037423e-15
    outer loop
      vertex -10.165000000000003 9.795 2.964000000000013
      vertex -9.865000000000002 10.094999999999999 1.8100000000000023
      vertex -10.135000000000002 9.825 2.964000000000013
    endloop
  endfacet
  facet normal 0.7071067811865684 -0.7071067811865266 9.80837257813712e-15
    outer loop
      vertex -10.135000000000002 9.825 2.964000000000013
      vertex -9.865000000000002 10.094999999999999 1.8100000000000023
      vertex -10.105000000000002 9.855 2.964000000000013
    endloop
  endfacet
  facet normal 0.7071067811865475 -0.7071067811865475 1.0922222109774423e-15
    outer loop
      vertex -10.105000000000002 9.855 2.964000000000013
      vertex -9.865000000000002 10.094999999999999 1.8100000000000023
      vertex -10.075000000000003 9.885 2.964000000000013
    endloop
  endfacet
  facet normal 0.7071067811865266 -0.7071067811865684 -6.5262636836496735e-15
    outer loop
      vertex -10.075000000000003 9.885 2.964000000000013
      vertex -9.865000000000002 10.094999999999999 1.8100000000000023
      vertex -10.045000000000002 9.915 2.964000000000013
    endloop
  endfacet
  facet normal 0.7071067811865684 -0.7071067811865266 6.533009820369159e-15
    outer loop
      vertex -10.045000000000002 9.915 2.964000000000013
      vertex -9.865000000000002 10.094999999999999 1.8100000000000023
      vertex -10.015000000000002 9.945 2.964000000000013
    endloop
  endfacet
  facet normal 0.7071067811865475 -0.7071067811865475 1.0822163863472523e-15
    outer loop
      vertex -10.015000000000002 9.945 2.964000000000013
      vertex -9.865000000000002 10.094999999999999 1.8100000000000023
      vertex -9.985000000000003 9.975 2.964000000000013
    endloop
  endfacet
  facet normal 0.7071067811865266 -0.7071067811865684 -3.2677237500120695e-15
    outer loop
      vertex -9.985000000000003 9.975 2.964000000000013
      vertex -9.865000000000002 10.094999999999999 1.8100000000000023
      vertex -9.955000000000002 10.004999999999999 2.964000000000013
    endloop
  endfacet
  facet normal 0.7071067811865684 -0.7071067811865266 3.2665049101845797e-15
    outer loop
      vertex -9.955000000000002 10.004999999999999 2.964000000000013
      vertex -9.865000000000002 10.094999999999999 1.8100000000000023
      vertex -9.925000000000002 10.035 2.964000000000013
    endloop
  endfacet
  facet normal 0.7071067811865475 -0.7071067811865475 1.0899262568838259e-15
    outer loop
      vertex -9.925000000000002 10.035 2.964000000000013
      vertex -9.865000000000002 10.094999999999999 1.8100000000000023
      vertex -9.895000000000003 10.065 2.964000000000013
    endloop
  endfacet
  facet normal 0.7071067811865603 -0.7071067811865347 4.606339912060411e-16
    outer loop
      vertex -11.005000000000003 8.955 2.964000000000013
      vertex -11.035000000000004 8.924999999999999 4.61866666666667
      vertex -11.055000000000001 8.905 3
    endloop
  endfacet
  facet normal 0.7071067811865266 -0.7071067811865686 0
    outer loop
      vertex -11.005000000000003 8.955 2.964000000000013
      vertex -10.975000000000001 8.985 2.964000000000013
      vertex -11.005000000000003 8.955 4.61866666666667
    endloop
  endfacet
  facet normal 0.7071067811865476 -0.7071067811865476 7.591099719663745e-16
    outer loop
      vertex -10.975000000000001 8.985 2.964000000000013
      vertex -10.945000000000002 9.014999999999999 2.964000000000013
      vertex -10.975000000000003 8.985 4.61866666666667
    endloop
  endfacet
  facet normal 0.7071067811865686 -0.7071067811865266 7.59109971966397e-16
    outer loop
      vertex -10.945000000000002 9.014999999999999 2.964000000000013
      vertex -10.915000000000003 9.045 2.964000000000013
      vertex -10.945000000000004 9.014999999999999 4.61866666666667
    endloop
  endfacet
  facet normal 0.7071067811865266 -0.7071067811865686 0
    outer loop
      vertex -10.915000000000003 9.045 2.964000000000013
      vertex -10.885000000000002 9.075 2.964000000000013
      vertex -10.915000000000003 9.045 4.61866666666667
    endloop
  endfacet
  facet normal 0.7071067811865686 -0.7071067811865266 7.59109971966397e-16
    outer loop
      vertex -10.885000000000002 9.075 2.964000000000013
      vertex -10.855000000000002 9.105 2.964000000000013
      vertex -10.885000000000003 9.075 4.61866666666667
    endloop
  endfacet
  facet normal 0.7071067811865476 -0.7071067811865476 0
    outer loop
      vertex -10.855000000000002 9.105 2.964000000000013
      vertex -10.825000000000003 9.135 2.964000000000013
      vertex -10.855000000000002 9.105 4.61866666666667
    endloop
  endfacet
  facet normal 0.7071067811865266 -0.7071067811865686 0
    outer loop
      vertex -10.825000000000003 9.135 2.964000000000013
      vertex -10.795000000000002 9.165 2.964000000000013
      vertex -10.825000000000003 9.135 4.61866666666667
    endloop
  endfacet
  facet normal 0.7071067811865686 -0.7071067811865266 7.59109971966397e-16
    outer loop
      vertex -10.795000000000002 9.165 2.964000000000013
      vertex -10.765000000000002 9.195 2.964000000000013
      vertex -10.795000000000003 9.165 4.61866666666667
    endloop
  endfacet
  facet normal 0.7071067811865476 -0.7071067811865476 7.591099719663745e-16
    outer loop
      vertex -10.765000000000002 9.195 2.964000000000013
      vertex -10.735000000000003 9.225 2.964000000000013
      vertex -10.765000000000004 9.195 4.61866666666667
    endloop
  endfacet
  facet normal 0.7071067811865266 -0.7071067811865686 0
    outer loop
      vertex -10.735000000000003 9.225 2.964000000000013
      vertex -10.705000000000002 9.254999999999999 2.964000000000013
      vertex -10.735000000000003 9.225 4.61866666666667
    endloop
  endfacet
  facet normal 0.7071067811865686 -0.7071067811865266 0
    outer loop
      vertex -10.705000000000002 9.254999999999999 2.964000000000013
      vertex -10.675000000000002 9.285 2.964000000000013
      vertex -10.705000000000002 9.254999999999999 4.61866666666667
    endloop
  endfacet
  facet normal 0.7071067811865476 -0.7071067811865476 0
    outer loop
      vertex -10.675000000000002 9.285 2.964000000000013
      vertex -10.645000000000003 9.315 2.964000000000013
      vertex -10.675000000000002 9.285 4.61866666666667
    endloop
  endfacet
  facet normal 0.7071067811865266 -0.7071067811865686 0
    outer loop
      vertex -10.645000000000003 9.315 2.964000000000013
      vertex -10.615000000000002 9.344999999999999 2.964000000000013
      vertex -10.645000000000003 9.315 4.61866666666667
    endloop
  endfacet
  facet normal 0.7071067811865686 -0.7071067811865266 7.59109971966397e-16
    outer loop
      vertex -10.615000000000002 9.344999999999999 2.964000000000013
      vertex -10.585000000000003 9.375 2.964000000000013
      vertex -10.615000000000004 9.344999999999999 4.61866666666667
    endloop
  endfacet
  facet normal 0.7071067811865266 -0.7071067811865686 0
    outer loop
      vertex -10.585000000000003 9.375 2.964000000000013
      vertex -10.555000000000001 9.405 2.964000000000013
      vertex -10.585000000000003 9.375 4.61866666666667
    endloop
  endfacet
  facet normal 0.7071067811865476 -0.7071067811865476 7.591099719663745e-16
    outer loop
      vertex -10.555000000000001 9.405 2.964000000000013
      vertex -10.525000000000002 9.434999999999999 2.964000000000013
      vertex -10.555000000000003 9.405 4.61866666666667
    endloop
  endfacet
  facet normal 0.7071067811865686 -0.7071067811865266 0
    outer loop
      vertex -10.525000000000002 9.434999999999999 2.964000000000013
      vertex -10.495000000000003 9.465 2.964000000000013
      vertex -10.525000000000002 9.434999999999999 4.61866666666667
    endloop
  endfacet
  facet normal 0.7071067811865476 -0.7071067811865476 0
    outer loop
      vertex -10.495000000000003 9.465 2.964000000000013
      vertex -10.465000000000003 9.495 2.964000000000013
      vertex -10.495000000000003 9.465 4.61866666666667
    endloop
  endfacet
  facet normal 0.7071067811865476 -0.7071067811865476 0
    outer loop
      vertex -10.465000000000003 9.495 2.964000000000013
      vertex -10.435000000000002 9.525 2.964000000000013
      vertex -10.465000000000003 9.495 4.61866666666667
    endloop
  endfacet
  facet normal 0.7071067811865266 -0.7071067811865686 0
    outer loop
      vertex -10.435000000000002 9.525 2.964000000000013
      vertex -10.405000000000001 9.555 2.964000000000013
      vertex -10.435000000000002 9.525 4.61866666666667
    endloop
  endfacet
  facet normal 0.7071067811865476 -0.7071067811865476 7.591099719663745e-16
    outer loop
      vertex -10.405000000000001 9.555 2.964000000000013
      vertex -10.375000000000002 9.584999999999999 2.964000000000013
      vertex -10.405000000000003 9.555 4.61866666666667
    endloop
  endfacet
  facet normal 0.7071067811865686 -0.7071067811865266 7.59109971966397e-16
    outer loop
      vertex -10.375000000000002 9.584999999999999 2.964000000000013
      vertex -10.345000000000002 9.615 2.964000000000013
      vertex -10.375000000000004 9.584999999999999 4.61866666666667
    endloop
  endfacet
  facet normal 0.7071067811865266 -0.7071067811865686 0
    outer loop
      vertex -10.345000000000002 9.615 2.964000000000013
      vertex -10.315000000000001 9.645 2.964000000000013
      vertex -10.345000000000002 9.615 4.61866666666667
    endloop
  endfacet
  facet normal 0.7071067811865476 -0.7071067811865476 7.591099719663745e-16
    outer loop
      vertex -10.315000000000001 9.645 2.964000000000013
      vertex -10.285000000000002 9.674999999999999 2.964000000000013
      vertex -10.315000000000003 9.645 4.61866666666667
    endloop
  endfacet
  facet normal 0.7071067811865686 -0.7071067811865266 7.59109971966397e-16
    outer loop
      vertex -10.285000000000002 9.674999999999999 2.964000000000013
      vertex -10.255000000000003 9.705 2.964000000000013
      vertex -10.285000000000004 9.674999999999999 4.61866666666667
    endloop
  endfacet
  facet normal 0.7071067811865266 -0.7071067811865686 0
    outer loop
      vertex -10.255000000000003 9.705 2.964000000000013
      vertex -10.225000000000001 9.735 2.964000000000013
      vertex -10.255000000000003 9.705 4.61866666666667
    endloop
  endfacet
  facet normal 0.7071067811865476 -0.7071067811865476 7.591099719663745e-16
    outer loop
      vertex -10.225000000000001 9.735 2.964000000000013
      vertex -10.195000000000002 9.764999999999999 2.964000000000013
      vertex -10.225000000000003 9.735 4.61866666666667
    endloop
  endfacet
  facet normal 0.7071067811865686 -0.7071067811865266 7.59109971966397e-16
    outer loop
      vertex -10.195000000000002 9.764999999999999 2.964000000000013
      vertex -10.165000000000003 9.795 2.964000000000013
      vertex -10.195000000000004 9.764999999999999 4.61866666666667
    endloop
  endfacet
  facet normal 0.7071067811865266 -0.7071067811865686 0
    outer loop
      vertex -10.165000000000003 9.795 2.964000000000013
      vertex -10.135000000000002 9.825 2.964000000000013
      vertex -10.165000000000003 9.795 4.61866666666667
    endloop
  endfacet
  facet normal 0.7071067811865686 -0.7071067811865266 7.59109971966397e-16
    outer loop
      vertex -10.135000000000002 9.825 2.964000000000013
      vertex -10.105000000000002 9.855 2.964000000000013
      vertex -10.135000000000003 9.825 4.61866666666667
    endloop
  endfacet
  facet normal 0.7071067811865476 -0.7071067811865476 7.591099719663745e-16
    outer loop
      vertex -10.105000000000002 9.855 2.964000000000013
      vertex -10.075000000000003 9.885 2.964000000000013
      vertex -10.105000000000004 9.855 4.61866666666667
    endloop
  endfacet
  facet normal 0.7071067811865266 -0.7071067811865686 0
    outer loop
      vertex -10.075000000000003 9.885 2.964000000000013
      vertex -10.045000000000002 9.915 2.964000000000013
      vertex -10.075000000000003 9.885 4.61866666666667
    endloop
  endfacet
  facet normal 0.7071067811865266 -0.7071067811865686 0
    outer loop
      vertex -9.895000000000003 10.065 2.964000000000013
      vertex -9.865000000000002 10.094999999999999 1.8100000000000023
      vertex -9.895000000000003 10.065 4.61866666666667
    endloop
  endfacet
  facet normal 0.7071067811865686 -0.7071067811865266 0
    outer loop
      vertex -10.045000000000002 9.915 2.964000000000013
      vertex -10.015000000000002 9.945 2.964000000000013
      vertex -10.045000000000002 9.915 4.61866666666667
    endloop
  endfacet
  facet normal 0.7071067811865476 -0.7071067811865476 0
    outer loop
      vertex -10.015000000000002 9.945 2.964000000000013
      vertex -9.985000000000003 9.975 2.964000000000013
      vertex -10.015000000000002 9.945 4.61866666666667
    endloop
  endfacet
  facet normal 0.7071067811865266 -0.7071067811865686 0
    outer loop
      vertex -9.985000000000003 9.975 2.964000000000013
      vertex -9.955000000000002 10.004999999999999 2.964000000000013
      vertex -9.985000000000003 9.975 4.61866666666667
    endloop
  endfacet
  facet normal 0.7071067811865686 -0.7071067811865266 7.59109971966397e-16
    outer loop
      vertex -9.955000000000002 10.004999999999999 2.964000000000013
      vertex -9.925000000000002 10.035 2.964000000000013
      vertex -9.955000000000004 10.004999999999999 4.61866666666667
    endloop
  endfacet
  facet normal 0.7071067811865476 -0.7071067811865476 0
    outer loop
      vertex -9.925000000000002 10.035 2.964000000000013
      vertex -9.895000000000003 10.065 2.964000000000013
      vertex -9.925000000000002 10.035 4.61866666666667
    endloop
  endfacet
  facet normal 0.7071067811865476 -0.7071067811865476 0
    outer loop
      vertex -11.005000000000003 8.955 2.964000000000013
      vertex -11.005000000000003 8.955 4.61866666666667
      vertex -11.035000000000004 8.924999999999999 4.61866666666667
    endloop
  endfacet
  facet normal 0.7071067811865476 -0.7071067811865476 7.591099719663745e-16
    outer loop
      vertex -10.975000000000001 8.985 2.964000000000013
      vertex -10.975000000000003 8.985 4.61866666666667
      vertex -11.005000000000003 8.955 4.61866666666667
    endloop
  endfacet
  facet normal 0.7071067811865476 -0.7071067811865476 7.591099719663745e-16
    outer loop
      vertex -10.945000000000002 9.014999999999999 2.964000000000013
      vertex -10.945000000000004 9.014999999999999 4.61866666666667
      vertex -10.975000000000003 8.985 4.61866666666667
    endloop
  endfacet
  facet normal 0.7071067811865476 -0.7071067811865476 0
    outer loop
      vertex -10.915000000000003 9.045 2.964000000000013
      vertex -10.915000000000003 9.045 4.61866666666667
      vertex -10.945000000000004 9.014999999999999 4.61866666666667
    endloop
  endfacet
  facet normal 0.7071067811865476 -0.7071067811865476 7.591099719663745e-16
    outer loop
      vertex -10.885000000000002 9.075 2.964000000000013
      vertex -10.885000000000003 9.075 4.61866666666667
      vertex -10.915000000000003 9.045 4.61866666666667
    endloop
  endfacet
  facet normal 0.7071067811865476 -0.7071067811865476 0
    outer loop
      vertex -10.855000000000002 9.105 2.964000000000013
      vertex -10.855000000000002 9.105 4.61866666666667
      vertex -10.885000000000003 9.075 4.61866666666667
    endloop
  endfacet
  facet normal 0.7071067811865476 -0.7071067811865476 0
    outer loop
      vertex -10.825000000000003 9.135 2.964000000000013
      vertex -10.825000000000003 9.135 4.61866666666667
      vertex -10.855000000000002 9.105 4.61866666666667
    endloop
  endfacet
  facet normal 0.7071067811865476 -0.7071067811865476 7.591099719663745e-16
    outer loop
      vertex -10.795000000000002 9.165 2.964000000000013
      vertex -10.795000000000003 9.165 4.61866666666667
      vertex -10.825000000000003 9.135 4.61866666666667
    endloop
  endfacet
  facet normal 0.7071067811865686 -0.7071067811865266 7.59109971966397e-16
    outer loop
      vertex -10.765000000000002 9.195 2.964000000000013
      vertex -10.765000000000004 9.195 4.61866666666667
      vertex -10.795000000000003 9.165 4.61866666666667
    endloop
  endfacet
  facet normal 0.7071067811865266 -0.7071067811865686 0
    outer loop
      vertex -10.735000000000003 9.225 2.964000000000013
      vertex -10.735000000000003 9.225 4.61866666666667
      vertex -10.765000000000004 9.195 4.61866666666667
    endloop
  endfacet
  facet normal 0.7071067811865266 -0.7071067811865686 0
    outer loop
      vertex -10.705000000000002 9.254999999999999 2.964000000000013
      vertex -10.705000000000002 9.254999999999999 4.61866666666667
      vertex -10.735000000000003 9.225 4.61866666666667
    endloop
  endfacet
  facet normal 0.7071067811865686 -0.7071067811865266 0
    outer loop
      vertex -10.675000000000002 9.285 2.964000000000013
      vertex -10.675000000000002 9.285 4.61866666666667
      vertex -10.705000000000002 9.254999999999999 4.61866666666667
    endloop
  endfacet
  facet normal 0.7071067811865476 -0.7071067811865476 0
    outer loop
      vertex -10.645000000000003 9.315 2.964000000000013
      vertex -10.645000000000003 9.315 4.61866666666667
      vertex -10.675000000000002 9.285 4.61866666666667
    endloop
  endfacet
  facet normal 0.7071067811865476 -0.7071067811865476 7.591099719663745e-16
    outer loop
      vertex -10.615000000000002 9.344999999999999 2.964000000000013
      vertex -10.615000000000004 9.344999999999999 4.61866666666667
      vertex -10.645000000000003 9.315 4.61866666666667
    endloop
  endfacet
  facet normal 0.7071067811865476 -0.7071067811865476 0
    outer loop
      vertex -10.585000000000003 9.375 2.964000000000013
      vertex -10.585000000000003 9.375 4.61866666666667
      vertex -10.615000000000004 9.344999999999999 4.61866666666667
    endloop
  endfacet
  facet normal 0.7071067811865476 -0.7071067811865476 7.591099719663745e-16
    outer loop
      vertex -10.555000000000001 9.405 2.964000000000013
      vertex -10.555000000000003 9.405 4.61866666666667
      vertex -10.585000000000003 9.375 4.61866666666667
    endloop
  endfacet
  facet normal 0.7071067811865266 -0.7071067811865686 -2.273376218232007e-19
    outer loop
      vertex -10.555000000000003 9.405 4.61866666666667
      vertex -10.525000000000002 9.434999999999999 2.964000000000013
      vertex -10.525000000000002 9.434999999999999 4.61866666666667
    endloop
  endfacet
  facet normal 0.7071067811865686 -0.7071067811865266 0
    outer loop
      vertex -10.495000000000003 9.465 2.964000000000013
      vertex -10.495000000000003 9.465 4.61866666666667
      vertex -10.525000000000002 9.434999999999999 4.61866666666667
    endloop
  endfacet
  facet normal 0.7071067811865476 -0.7071067811865476 0
    outer loop
      vertex -10.465000000000003 9.495 2.964000000000013
      vertex -10.465000000000003 9.495 4.61866666666667
      vertex -10.495000000000003 9.465 4.61866666666667
    endloop
  endfacet
  facet normal 0.7071067811865476 -0.7071067811865476 0
    outer loop
      vertex -10.435000000000002 9.525 2.964000000000013
      vertex -10.435000000000002 9.525 4.61866666666667
      vertex -10.465000000000003 9.495 4.61866666666667
    endloop
  endfacet
  facet normal 0.7071067811865476 -0.7071067811865476 7.591099719663745e-16
    outer loop
      vertex -10.405000000000001 9.555 2.964000000000013
      vertex -10.405000000000003 9.555 4.61866666666667
      vertex -10.435000000000002 9.525 4.61866666666667
    endloop
  endfacet
  facet normal 0.7071067811865476 -0.7071067811865476 7.591099719663745e-16
    outer loop
      vertex -10.375000000000002 9.584999999999999 2.964000000000013
      vertex -10.375000000000004 9.584999999999999 4.61866666666667
      vertex -10.405000000000003 9.555 4.61866666666667
    endloop
  endfacet
  facet normal 0.7071067811865476 -0.7071067811865476 -7.59109971966368e-16
    outer loop
      vertex -11.035000000000004 8.924999999999999 4.61866666666667
      vertex -11.005000000000003 8.955 4.61866666666667
      vertex -11.035000000000002 8.924999999999999 6.2733333333333405
    endloop
  endfacet
  facet normal 0.7071067811865476 -0.7071067811865476 0
    outer loop
      vertex -11.005000000000003 8.955 4.61866666666667
      vertex -10.975000000000003 8.985 4.61866666666667
      vertex -11.005000000000003 8.955 6.2733333333333405
    endloop
  endfacet
  facet normal 0.7071067811865476 -0.7071067811865476 -7.591099719663679e-16
    outer loop
      vertex -10.975000000000003 8.985 4.61866666666667
      vertex -10.945000000000004 9.014999999999999 4.61866666666667
      vertex -10.975000000000001 8.985 6.2733333333333405
    endloop
  endfacet
  facet normal 0.7071067811865476 -0.7071067811865476 -7.59109971966368e-16
    outer loop
      vertex -10.945000000000004 9.014999999999999 4.61866666666667
      vertex -10.915000000000003 9.045 4.61866666666667
      vertex -10.945000000000002 9.014999999999999 6.2733333333333405
    endloop
  endfacet
  facet normal 0.7071067811865476 -0.7071067811865476 0
    outer loop
      vertex -10.915000000000003 9.045 4.61866666666667
      vertex -10.885000000000003 9.075 4.61866666666667
      vertex -10.915000000000003 9.045 6.2733333333333405
    endloop
  endfacet
  facet normal 0.7071067811865476 -0.7071067811865476 -7.59109971966368e-16
    outer loop
      vertex -10.885000000000003 9.075 4.61866666666667
      vertex -10.855000000000002 9.105 4.61866666666667
      vertex -10.885000000000002 9.075 6.2733333333333405
    endloop
  endfacet
  facet normal 0.7071067811865476 -0.7071067811865476 0
    outer loop
      vertex -10.855000000000002 9.105 4.61866666666667
      vertex -10.825000000000003 9.135 4.61866666666667
      vertex -10.855000000000002 9.105 6.2733333333333405
    endloop
  endfacet
  facet normal 0.7071067811865476 -0.7071067811865476 0
    outer loop
      vertex -10.825000000000003 9.135 4.61866666666667
      vertex -10.795000000000003 9.165 4.61866666666667
      vertex -10.825000000000003 9.135 6.2733333333333405
    endloop
  endfacet
  facet normal 0.7071067811865684 -0.7071067811865266 -7.591099719663904e-16
    outer loop
      vertex -10.795000000000003 9.165 4.61866666666667
      vertex -10.765000000000004 9.195 4.61866666666667
      vertex -10.795000000000002 9.165 6.2733333333333405
    endloop
  endfacet
  facet normal 0.7071067811865266 -0.7071067811865684 -7.591099719663454e-16
    outer loop
      vertex -10.765000000000004 9.195 4.61866666666667
      vertex -10.735000000000003 9.225 4.61866666666667
      vertex -10.765000000000002 9.195 6.2733333333333405
    endloop
  endfacet
  facet normal 0.7071067811865266 -0.7071067811865684 0
    outer loop
      vertex -10.735000000000003 9.225 4.61866666666667
      vertex -10.705000000000002 9.254999999999999 4.61866666666667
      vertex -10.735000000000003 9.225 6.2733333333333405
    endloop
  endfacet
  facet normal 0.7071067811865684 -0.7071067811865266 0
    outer loop
      vertex -10.705000000000002 9.254999999999999 4.61866666666667
      vertex -10.675000000000002 9.285 4.61866666666667
      vertex -10.705000000000002 9.254999999999999 6.2733333333333405
    endloop
  endfacet
  facet normal 0.7071067811865476 -0.7071067811865476 0
    outer loop
      vertex -10.675000000000002 9.285 4.61866666666667
      vertex -10.645000000000003 9.315 4.61866666666667
      vertex -10.675000000000002 9.285 6.2733333333333405
    endloop
  endfacet
  facet normal 0.7071067811865476 -0.7071067811865476 0
    outer loop
      vertex -10.645000000000003 9.315 4.61866666666667
      vertex -10.615000000000004 9.344999999999999 4.61866666666667
      vertex -10.645000000000003 9.315 6.2733333333333405
    endloop
  endfacet
  facet normal 0.7071067811865476 -0.7071067811865476 -7.59109971966368e-16
    outer loop
      vertex -10.615000000000004 9.344999999999999 4.61866666666667
      vertex -10.585000000000003 9.375 4.61866666666667
      vertex -10.615000000000002 9.344999999999999 6.2733333333333405
    endloop
  endfacet
  facet normal 0.7071067811865476 -0.7071067811865476 0
    outer loop
      vertex -10.585000000000003 9.375 4.61866666666667
      vertex -10.555000000000003 9.405 4.61866666666667
      vertex -10.585000000000003 9.375 6.2733333333333405
    endloop
  endfacet
  facet normal 0.7071067811865266 -0.7071067811865684 -7.591099719663454e-16
    outer loop
      vertex -10.555000000000003 9.405 4.61866666666667
      vertex -10.525000000000002 9.434999999999999 4.61866666666667
      vertex -10.555000000000001 9.405 6.2733333333333405
    endloop
  endfacet
  facet normal 0.7071067811865684 -0.7071067811865266 0
    outer loop
      vertex -10.525000000000002 9.434999999999999 4.61866666666667
      vertex -10.495000000000003 9.465 4.61866666666667
      vertex -10.525000000000002 9.434999999999999 6.2733333333333405
    endloop
  endfacet
  facet normal 0.7071067811865476 -0.7071067811865476 0
    outer loop
      vertex -10.495000000000003 9.465 4.61866666666667
      vertex -10.465000000000003 9.495 4.61866666666667
      vertex -10.495000000000003 9.465 6.2733333333333405
    endloop
  endfacet
  facet normal 0.7071067811865476 -0.7071067811865476 0
    outer loop
      vertex -10.465000000000003 9.495 4.61866666666667
      vertex -10.435000000000002 9.525 4.61866666666667
      vertex -10.465000000000003 9.495 6.2733333333333405
    endloop
  endfacet
  facet normal 0.7071067811865476 -0.7071067811865476 0
    outer loop
      vertex -10.435000000000002 9.525 4.61866666666667
      vertex -10.405000000000003 9.555 4.61866666666667
      vertex -10.435000000000002 9.525 6.2733333333333405
    endloop
  endfacet
  facet normal 0.7071067811865476 -0.7071067811865476 -7.591099719663679e-16
    outer loop
      vertex -10.405000000000003 9.555 4.61866666666667
      vertex -10.375000000000004 9.584999999999999 4.61866666666667
      vertex -10.405000000000001 9.555 6.2733333333333405
    endloop
  endfacet
  facet normal 0.7071067811865476 -0.7071067811865476 0
    outer loop
      vertex -10.345000000000002 9.615 2.964000000000013
      vertex -10.345000000000002 9.615 4.61866666666667
      vertex -10.375000000000004 9.584999999999999 4.61866666666667
    endloop
  endfacet
  facet normal 0.7071067811865476 -0.7071067811865476 7.591099719663745e-16
    outer loop
      vertex -10.315000000000001 9.645 2.964000000000013
      vertex -10.315000000000003 9.645 4.61866666666667
      vertex -10.345000000000002 9.615 4.61866666666667
    endloop
  endfacet
  facet normal 0.7071067811865476 -0.7071067811865476 7.591099719663745e-16
    outer loop
      vertex -10.285000000000002 9.674999999999999 2.964000000000013
      vertex -10.285000000000004 9.674999999999999 4.61866666666667
      vertex -10.315000000000003 9.645 4.61866666666667
    endloop
  endfacet
  facet normal 0.7071067811865476 -0.7071067811865476 0
    outer loop
      vertex -10.255000000000003 9.705 2.964000000000013
      vertex -10.255000000000003 9.705 4.61866666666667
      vertex -10.285000000000004 9.674999999999999 4.61866666666667
    endloop
  endfacet
  facet normal 0.7071067811865476 -0.7071067811865476 7.591099719663745e-16
    outer loop
      vertex -10.225000000000001 9.735 2.964000000000013
      vertex -10.225000000000003 9.735 4.61866666666667
      vertex -10.255000000000003 9.705 4.61866666666667
    endloop
  endfacet
  facet normal 0.7071067811865476 -0.7071067811865476 7.591099719663745e-16
    outer loop
      vertex -10.195000000000002 9.764999999999999 2.964000000000013
      vertex -10.195000000000004 9.764999999999999 4.61866666666667
      vertex -10.225000000000003 9.735 4.61866666666667
    endloop
  endfacet
  facet normal 0.7071067811865476 -0.7071067811865476 0
    outer loop
      vertex -10.165000000000003 9.795 2.964000000000013
      vertex -10.165000000000003 9.795 4.61866666666667
      vertex -10.195000000000004 9.764999999999999 4.61866666666667
    endloop
  endfacet
  facet normal 0.7071067811865476 -0.7071067811865476 7.591099719663745e-16
    outer loop
      vertex -10.135000000000002 9.825 2.964000000000013
      vertex -10.135000000000003 9.825 4.61866666666667
      vertex -10.165000000000003 9.795 4.61866666666667
    endloop
  endfacet
  facet normal 0.7071067811865686 -0.7071067811865266 7.59109971966397e-16
    outer loop
      vertex -10.105000000000002 9.855 2.964000000000013
      vertex -10.105000000000004 9.855 4.61866666666667
      vertex -10.135000000000003 9.825 4.61866666666667
    endloop
  endfacet
  facet normal 0.7071067811865266 -0.7071067811865686 0
    outer loop
      vertex -10.075000000000003 9.885 2.964000000000013
      vertex -10.075000000000003 9.885 4.61866666666667
      vertex -10.105000000000004 9.855 4.61866666666667
    endloop
  endfacet
  facet normal 0.7071067811865476 -0.7071067811865476 -7.59109971966368e-16
    outer loop
      vertex -10.375000000000004 9.584999999999999 4.61866666666667
      vertex -10.345000000000002 9.615 4.61866666666667
      vertex -10.375000000000002 9.584999999999999 6.2733333333333405
    endloop
  endfacet
  facet normal 0.7071067811865476 -0.7071067811865476 0
    outer loop
      vertex -10.345000000000002 9.615 4.61866666666667
      vertex -10.315000000000003 9.645 4.61866666666667
      vertex -10.345000000000002 9.615 6.2733333333333405
    endloop
  endfacet
  facet normal 0.7071067811865476 -0.7071067811865476 -7.591099719663679e-16
    outer loop
      vertex -10.315000000000003 9.645 4.61866666666667
      vertex -10.285000000000004 9.674999999999999 4.61866666666667
      vertex -10.315000000000001 9.645 6.2733333333333405
    endloop
  endfacet
  facet normal 0.7071067811865476 -0.7071067811865476 -7.59109971966368e-16
    outer loop
      vertex -10.285000000000004 9.674999999999999 4.61866666666667
      vertex -10.255000000000003 9.705 4.61866666666667
      vertex -10.285000000000002 9.674999999999999 6.2733333333333405
    endloop
  endfacet
  facet normal 0.7071067811865476 -0.7071067811865476 0
    outer loop
      vertex -10.255000000000003 9.705 4.61866666666667
      vertex -10.225000000000003 9.735 4.61866666666667
      vertex -10.255000000000003 9.705 6.2733333333333405
    endloop
  endfacet
  facet normal 0.7071067811865476 -0.7071067811865476 -7.591099719663679e-16
    outer loop
      vertex -10.225000000000003 9.735 4.61866666666667
      vertex -10.195000000000004 9.764999999999999 4.61866666666667
      vertex -10.225000000000001 9.735 6.2733333333333405
    endloop
  endfacet
  facet normal 0.7071067811865476 -0.7071067811865476 -7.59109971966368e-16
    outer loop
      vertex -10.195000000000004 9.764999999999999 4.61866666666667
      vertex -10.165000000000003 9.795 4.61866666666667
      vertex -10.195000000000002 9.764999999999999 6.2733333333333405
    endloop
  endfacet
  facet normal 0.7071067811865476 -0.7071067811865476 0
    outer loop
      vertex -10.165000000000003 9.795 4.61866666666667
      vertex -10.135000000000003 9.825 4.61866666666667
      vertex -10.165000000000003 9.795 6.2733333333333405
    endloop
  endfacet
  facet normal 0.7071067811865684 -0.7071067811865266 -7.591099719663904e-16
    outer loop
      vertex -10.135000000000003 9.825 4.61866666666667
      vertex -10.105000000000004 9.855 4.61866666666667
      vertex -10.135000000000002 9.825 6.2733333333333405
    endloop
  endfacet
  facet normal 0.7071067811865266 -0.7071067811865684 -7.591099719663454e-16
    outer loop
      vertex -10.105000000000004 9.855 4.61866666666667
      vertex -10.075000000000003 9.885 4.61866666666667
      vertex -10.105000000000002 9.855 6.2733333333333405
    endloop
  endfacet
  facet normal 0.7071067811865266 -0.7071067811865684 0
    outer loop
      vertex -10.075000000000003 9.885 4.61866666666667
      vertex -10.045000000000002 9.915 4.61866666666667
      vertex -10.075000000000003 9.885 6.2733333333333405
    endloop
  endfacet
  facet normal 0.7071067811865266 -0.7071067811865686 0
    outer loop
      vertex -10.045000000000002 9.915 2.964000000000013
      vertex -10.045000000000002 9.915 4.61866666666667
      vertex -10.075000000000003 9.885 4.61866666666667
    endloop
  endfacet
  facet normal 0.7071067811865686 -0.7071067811865266 0
    outer loop
      vertex -10.015000000000002 9.945 2.964000000000013
      vertex -10.015000000000002 9.945 4.61866666666667
      vertex -10.045000000000002 9.915 4.61866666666667
    endloop
  endfacet
  facet normal 0.7071067811865476 -0.7071067811865476 0
    outer loop
      vertex -9.985000000000003 9.975 2.964000000000013
      vertex -9.985000000000003 9.975 4.61866666666667
      vertex -10.015000000000002 9.945 4.61866666666667
    endloop
  endfacet
  facet normal 0.7071067811865476 -0.7071067811865476 7.591099719663745e-16
    outer loop
      vertex -9.955000000000002 10.004999999999999 2.964000000000013
      vertex -9.955000000000004 10.004999999999999 4.61866666666667
      vertex -9.985000000000003 9.975 4.61866666666667
    endloop
  endfacet
  facet normal 0.7071067811865476 -0.7071067811865476 0
    outer loop
      vertex -9.925000000000002 10.035 2.964000000000013
      vertex -9.925000000000002 10.035 4.61866666666667
      vertex -9.955000000000004 10.004999999999999 4.61866666666667
    endloop
  endfacet
  facet normal 0.7071067811865476 -0.7071067811865476 0
    outer loop
      vertex -9.895000000000003 10.065 2.964000000000013
      vertex -9.895000000000003 10.065 4.61866666666667
      vertex -9.925000000000002 10.035 4.61866666666667
    endloop
  endfacet
  facet normal 0.7071067811865266 -0.7071067811865684 0
    outer loop
      vertex -9.895000000000003 10.065 4.61866666666667
      vertex -9.865000000000002 10.094999999999999 1.8100000000000023
      vertex -9.895000000000003 10.065 6.2733333333333405
    endloop
  endfacet
  facet normal 0.7071067811865684 -0.7071067811865266 0
    outer loop
      vertex -10.045000000000002 9.915 4.61866666666667
      vertex -10.015000000000002 9.945 4.61866666666667
      vertex -10.045000000000002 9.915 6.2733333333333405
    endloop
  endfacet
  facet normal 0.7071067811865476 -0.7071067811865476 0
    outer loop
      vertex -10.015000000000002 9.945 4.61866666666667
      vertex -9.985000000000003 9.975 4.61866666666667
      vertex -10.015000000000002 9.945 6.2733333333333405
    endloop
  endfacet
  facet normal 0.7071067811865476 -0.7071067811865476 0
    outer loop
      vertex -9.985000000000003 9.975 4.61866666666667
      vertex -9.955000000000004 10.004999999999999 4.61866666666667
      vertex -9.985000000000003 9.975 6.2733333333333405
    endloop
  endfacet
  facet normal 0.7071067811865476 -0.7071067811865476 -7.59109971966368e-16
    outer loop
      vertex -9.955000000000004 10.004999999999999 4.61866666666667
      vertex -9.925000000000002 10.035 4.61866666666667
      vertex -9.955000000000002 10.004999999999999 6.2733333333333405
    endloop
  endfacet
  facet normal 0.7071067811865476 -0.7071067811865476 0
    outer loop
      vertex -9.925000000000002 10.035 4.61866666666667
      vertex -9.895000000000003 10.065 4.61866666666667
      vertex -9.925000000000002 10.035 6.2733333333333405
    endloop
  endfacet
  facet normal -0.7071067811865422 -0.7071067811865528 -8.161464865210483e-15
    outer loop
      vertex -2.905000000000002 9.135 2.964000000000013
      vertex -2.935000000000002 9.165 2.964000000000013
      vertex -3.865000000000002 10.094999999999999 1.8100000000000023
    endloop
  endfacet
  facet normal -0.7071067811865631 -0.7071067811865318 2.5594049050652208e-14
    outer loop
      vertex -2.935000000000002 9.165 2.964000000000013
      vertex -2.9650000000000016 9.195 2.964000000000013
      vertex -3.865000000000002 10.094999999999999 1.8100000000000023
    endloop
  endfacet
  facet normal -0.7071067811865422 -0.7071067811865528 -6.498173677393392e-15
    outer loop
      vertex -3.055000000000002 9.285 2.964000000000013
      vertex -3.0850000000000017 9.315 2.964000000000013
      vertex -3.865000000000002 10.094999999999999 1.8100000000000023
    endloop
  endfacet
  facet normal -0.7071067811865422 -0.7071067811865528 -6.5442061397147075e-15
    outer loop
      vertex -3.0850000000000017 9.315 2.964000000000013
      vertex -3.1150000000000015 9.344999999999999 2.964000000000013
      vertex -3.865000000000002 10.094999999999999 1.8100000000000023
    endloop
  endfacet
  facet normal -0.7071067811865318 -0.7071067811865632 -2.282552524532763e-14
    outer loop
      vertex -3.025000000000002 9.254999999999999 2.964000000000013
      vertex -3.865000000000002 10.094999999999999 1.8100000000000023
      vertex -2.9950000000000014 9.225 2.964000000000013
    endloop
  endfacet
  facet normal -0.7071067811865422 -0.7071067811865528 -7.091833708709706e-15
    outer loop
      vertex -2.9950000000000014 9.225 2.964000000000013
      vertex -3.865000000000002 10.094999999999999 1.8100000000000023
      vertex -2.9650000000000016 9.195 2.964000000000013
    endloop
  endfacet
  facet normal -0.7071067811865631 -0.7071067811865318 2.2859539380047478e-14
    outer loop
      vertex -3.025000000000002 9.254999999999999 2.964000000000013
      vertex -3.055000000000002 9.285 2.964000000000013
      vertex -3.865000000000002 10.094999999999999 1.8100000000000023
    endloop
  endfacet
  facet normal -0.7071067811865814 -0.7071067811865136 6.818969978869188e-14
    outer loop
      vertex -2.7250000000000014 8.955 2.964000000000013
      vertex -3.865000000000002 10.094999999999999 1.8100000000000023
      vertex -2.675000000000002 8.905 3
    endloop
  endfacet
  facet normal -0.707106781186558 -0.707106781186537 1.9661983955451817e-14
    outer loop
      vertex -2.785000000000002 9.014999999999999 2.964000000000013
      vertex -2.815000000000002 9.045 2.964000000000013
      vertex -3.865000000000002 10.094999999999999 1.8100000000000023
    endloop
  endfacet
  facet normal -0.7071067811865475 -0.7071067811865475 4.830007130266298e-16
    outer loop
      vertex -2.815000000000002 9.045 2.964000000000013
      vertex -2.8450000000000015 9.075 2.964000000000013
      vertex -3.865000000000002 10.094999999999999 1.8100000000000023
    endloop
  endfacet
  facet normal -0.707106781186537 -0.7071067811865579 -1.9622981080973245e-14
    outer loop
      vertex -2.7250000000000014 8.955 2.964000000000013
      vertex -2.7550000000000017 8.985 2.964000000000013
      vertex -3.865000000000002 10.094999999999999 1.8100000000000023
    endloop
  endfacet
  facet normal -0.707106781186537 -0.7071067811865579 -1.9554272528838477e-14
    outer loop
      vertex -2.785000000000002 9.014999999999999 2.964000000000013
      vertex -3.865000000000002 10.094999999999999 1.8100000000000023
      vertex -2.7550000000000017 8.985 2.964000000000013
    endloop
  endfacet
  facet normal -0.7071067811865527 -0.7071067811865422 9.824869433476209e-15
    outer loop
      vertex -2.8450000000000015 9.075 2.964000000000013
      vertex -2.875000000000002 9.105 2.964000000000013
      vertex -3.865000000000002 10.094999999999999 1.8100000000000023
    endloop
  endfacet
  facet normal -0.7071067811865422 -0.7071067811865528 -8.151147244345356e-15
    outer loop
      vertex -2.905000000000002 9.135 2.964000000000013
      vertex -3.865000000000002 10.094999999999999 1.8100000000000023
      vertex -2.875000000000002 9.105 2.964000000000013
    endloop
  endfacet
  facet normal -0.7071067811865631 -0.7071067811865318 1.1428409124634934e-14
    outer loop
      vertex -3.475000000000002 9.705 2.964000000000013
      vertex -3.865000000000002 10.094999999999999 1.8100000000000023
      vertex -3.445000000000002 9.674999999999999 2.964000000000013
    endloop
  endfacet
  facet normal -0.7071067811865631 -0.7071067811865318 7.636626766477781e-15
    outer loop
      vertex -3.595000000000002 9.825 2.964000000000013
      vertex -3.6250000000000018 9.855 2.964000000000013
      vertex -3.865000000000002 10.094999999999999 1.8100000000000023
    endloop
  endfacet
  facet normal -0.707106781186558 -0.707106781186537 6.257466984023313e-15
    outer loop
      vertex -3.5650000000000017 9.795 2.964000000000013
      vertex -3.865000000000002 10.094999999999999 1.8100000000000023
      vertex -3.5350000000000015 9.764999999999999 2.964000000000013
    endloop
  endfacet
  facet normal -0.7071067811865422 -0.7071067811865528 -2.7108698469742887e-15
    outer loop
      vertex -3.5050000000000017 9.735 2.964000000000013
      vertex -3.865000000000002 10.094999999999999 1.8100000000000023
      vertex -3.475000000000002 9.705 2.964000000000013
    endloop
  endfacet
  facet normal -0.7071067811865422 -0.7071067811865528 -2.7384779863221714e-15
    outer loop
      vertex -3.5050000000000017 9.735 2.964000000000013
      vertex -3.5350000000000015 9.764999999999999 2.964000000000013
      vertex -3.865000000000002 10.094999999999999 1.8100000000000023
    endloop
  endfacet
  facet normal -0.707106781186537 -0.7071067811865579 -4.640378329201325e-15
    outer loop
      vertex -3.5650000000000017 9.795 2.964000000000013
      vertex -3.595000000000002 9.825 2.964000000000013
      vertex -3.865000000000002 10.094999999999999 1.8100000000000023
    endloop
  endfacet
  facet normal -0.707106781186537 -0.7071067811865579 -1.6342374477435805e-15
    outer loop
      vertex -3.7150000000000016 9.945 2.964000000000013
      vertex -3.745000000000002 9.975 2.964000000000013
      vertex -3.865000000000002 10.094999999999999 1.8100000000000023
    endloop
  endfacet
  facet normal -0.7071067811865422 -0.7071067811865528 -5.411507108420278e-16
    outer loop
      vertex -3.745000000000002 9.975 2.964000000000013
      vertex -3.7750000000000017 10.004999999999999 2.964000000000013
      vertex -3.865000000000002 10.094999999999999 1.8100000000000023
    endloop
  endfacet
  facet normal -0.7071067811865631 -0.7071067811865318 2.722073252597677e-15
    outer loop
      vertex -3.8050000000000015 10.035 2.964000000000013
      vertex -3.865000000000002 10.094999999999999 1.8100000000000023
      vertex -3.7750000000000017 10.004999999999999 2.964000000000013
    endloop
  endfacet
  facet normal -0.707106781186537 -0.7071067811865579 -4.1100412786241374e-19
    outer loop
      vertex -3.8050000000000015 10.035 2.964000000000013
      vertex -3.8350000000000017 10.065 2.964000000000013
      vertex -3.865000000000002 10.094999999999999 1.8100000000000023
    endloop
  endfacet
  facet normal -0.7071067811865422 -0.7071067811865528 -1.3586379211732968e-15
    outer loop
      vertex -3.655000000000002 9.885 2.964000000000013
      vertex -3.685000000000002 9.915 2.964000000000013
      vertex -3.865000000000002 10.094999999999999 1.8100000000000023
    endloop
  endfacet
  facet normal -0.707106781186537 -0.7071067811865579 -3.261615378318604e-15
    outer loop
      vertex -3.655000000000002 9.885 2.964000000000013
      vertex -3.865000000000002 10.094999999999999 1.8100000000000023
      vertex -3.6250000000000018 9.855 2.964000000000013
    endloop
  endfacet
  facet normal -0.7071067811865631 -0.7071067811865318 5.178085108902826e-15
    outer loop
      vertex -3.7150000000000016 9.945 2.964000000000013
      vertex -3.865000000000002 10.094999999999999 1.8100000000000023
      vertex -3.685000000000002 9.915 2.964000000000013
    endloop
  endfacet
  facet normal -0.7071067811865422 -0.7071067811865528 -6.0190278996350366e-15
    outer loop
      vertex -3.175000000000002 9.405 2.964000000000013
      vertex -3.205000000000002 9.434999999999999 2.964000000000013
      vertex -3.865000000000002 10.094999999999999 1.8100000000000023
    endloop
  endfacet
  facet normal -0.7071067811865631 -0.7071067811865318 1.7950846218128533e-14
    outer loop
      vertex -3.2350000000000017 9.465 2.964000000000013
      vertex -3.865000000000002 10.094999999999999 1.8100000000000023
      vertex -3.205000000000002 9.434999999999999 2.964000000000013
    endloop
  endfacet
  facet normal -0.7071067811865422 -0.7071067811865528 -4.3557367118179456e-15
    outer loop
      vertex -3.325000000000002 9.555 2.964000000000013
      vertex -3.3550000000000018 9.584999999999999 2.964000000000013
      vertex -3.865000000000002 10.094999999999999 1.8100000000000023
    endloop
  endfacet
  facet normal -0.7071067811865527 -0.7071067811865422 6.0142659207739465e-15
    outer loop
      vertex -3.2650000000000015 9.495 2.964000000000013
      vertex -3.295000000000002 9.525 2.964000000000013
      vertex -3.865000000000002 10.094999999999999 1.8100000000000023
    endloop
  endfacet
  facet normal -0.7071067811865422 -0.7071067811865528 -4.93148263218163e-15
    outer loop
      vertex -3.2650000000000015 9.495 2.964000000000013
      vertex -3.865000000000002 10.094999999999999 1.8100000000000023
      vertex -3.2350000000000017 9.465 2.964000000000013
    endloop
  endfacet
  facet normal -0.7071067811865422 -0.7071067811865528 -4.320702153056151e-15
    outer loop
      vertex -3.325000000000002 9.555 2.964000000000013
      vertex -3.865000000000002 10.094999999999999 1.8100000000000023
      vertex -3.295000000000002 9.525 2.964000000000013
    endloop
  endfacet
  facet normal -0.707106781186558 -0.707106781186537 1.3909626872023258e-14
    outer loop
      vertex -3.145000000000002 9.375 2.964000000000013
      vertex -3.865000000000002 10.094999999999999 1.8100000000000023
      vertex -3.1150000000000015 9.344999999999999 2.964000000000013
    endloop
  endfacet
  facet normal -0.707106781186537 -0.7071067811865579 -1.2220258180921102e-14
    outer loop
      vertex -3.145000000000002 9.375 2.964000000000013
      vertex -3.175000000000002 9.405 2.964000000000013
      vertex -3.865000000000002 10.094999999999999 1.8100000000000023
    endloop
  endfacet
  facet normal -0.7071067811865422 -0.7071067811865528 -3.53650627708227e-15
    outer loop
      vertex -3.385000000000002 9.615 2.964000000000013
      vertex -3.415000000000002 9.645 2.964000000000013
      vertex -3.865000000000002 10.094999999999999 1.8100000000000023
    endloop
  endfacet
  facet normal -0.707106781186558 -0.707106781186537 9.513073198541249e-15
    outer loop
      vertex -3.385000000000002 9.615 2.964000000000013
      vertex -3.865000000000002 10.094999999999999 1.8100000000000023
      vertex -3.3550000000000018 9.584999999999999 2.964000000000013
    endloop
  endfacet
  facet normal -0.707106781186537 -0.7071067811865579 -7.628803515492307e-15
    outer loop
      vertex -3.415000000000002 9.645 2.964000000000013
      vertex -3.445000000000002 9.674999999999999 2.964000000000013
      vertex -3.865000000000002 10.094999999999999 1.8100000000000023
    endloop
  endfacet
  facet normal -0.7071067811865422 -0.7071067811865528 -3.286511271877474e-19
    outer loop
      vertex -2.905000000000002 9.135 2.964000000000013
      vertex -2.935000000000002 9.165 4.61866666666667
      vertex -2.935000000000002 9.165 2.964000000000013
    endloop
  endfacet
  facet normal -0.7071067811865422 -0.7071067811865528 0
    outer loop
      vertex -2.905000000000002 9.135 2.964000000000013
      vertex -2.875000000000002 9.105 2.964000000000013
      vertex -2.905000000000002 9.135 4.61866666666667
    endloop
  endfacet
  facet normal -0.7071067811865318 -0.7071067811865632 0
    outer loop
      vertex -3.025000000000002 9.254999999999999 2.964000000000013
      vertex -2.9950000000000014 9.225 2.964000000000013
      vertex -3.025000000000002 9.254999999999999 4.61866666666667
    endloop
  endfacet
  facet normal -0.7071067811865422 -0.7071067811865528 0
    outer loop
      vertex -2.9950000000000014 9.225 2.964000000000013
      vertex -2.9650000000000016 9.195 2.964000000000013
      vertex -2.9950000000000014 9.225 4.61866666666667
    endloop
  endfacet
  facet normal -0.7071067811865632 -0.7071067811865318 4.1266720481560753e-19
    outer loop
      vertex -2.935000000000002 9.165 2.964000000000013
      vertex -2.9650000000000016 9.195 4.61866666666667
      vertex -2.9650000000000016 9.195 2.964000000000013
    endloop
  endfacet
  facet normal -0.7071067811865422 -0.7071067811865528 0
    outer loop
      vertex -3.2650000000000015 9.495 2.964000000000013
      vertex -3.2350000000000017 9.465 2.964000000000013
      vertex -3.2650000000000015 9.495 4.61866666666667
    endloop
  endfacet
  facet normal -0.7071067811865422 -0.7071067811865528 -3.286511271877474e-19
    outer loop
      vertex -3.325000000000002 9.555 2.964000000000013
      vertex -3.3550000000000018 9.584999999999999 4.61866666666667
      vertex -3.3550000000000018 9.584999999999999 2.964000000000013
    endloop
  endfacet
  facet normal -0.7071067811865527 -0.7071067811865422 -7.610868208628994e-19
    outer loop
      vertex -3.2650000000000015 9.495 2.964000000000013
      vertex -3.295000000000002 9.525 4.61866666666667
      vertex -3.295000000000002 9.525 2.964000000000013
    endloop
  endfacet
  facet normal -0.7071067811865422 -0.7071067811865528 0
    outer loop
      vertex -3.325000000000002 9.555 2.964000000000013
      vertex -3.295000000000002 9.525 2.964000000000013
      vertex -3.325000000000002 9.555 4.61866666666667
    endloop
  endfacet
  facet normal -0.7071067811865422 -0.7071067811865528 -3.286511271877474e-19
    outer loop
      vertex -3.055000000000002 9.285 2.964000000000013
      vertex -3.0850000000000017 9.315 4.61866666666667
      vertex -3.0850000000000017 9.315 2.964000000000013
    endloop
  endfacet
  facet normal -0.7071067811865371 -0.707106781186558 -1.433215441840953e-19
    outer loop
      vertex -3.145000000000002 9.375 2.964000000000013
      vertex -3.175000000000002 9.405 4.61866666666667
      vertex -3.175000000000002 9.405 2.964000000000013
    endloop
  endfacet
  facet normal -0.7071067811865422 -0.7071067811865528 -3.286511271877474e-19
    outer loop
      vertex -3.0850000000000017 9.315 2.964000000000013
      vertex -3.1150000000000015 9.344999999999999 4.61866666666667
      vertex -3.1150000000000015 9.344999999999999 2.964000000000013
    endloop
  endfacet
  facet normal -0.707106781186558 -0.707106781186537 0
    outer loop
      vertex -3.145000000000002 9.375 2.964000000000013
      vertex -3.1150000000000015 9.344999999999999 2.964000000000013
      vertex -3.145000000000002 9.375 4.61866666666667
    endloop
  endfacet
  facet normal -0.7071067811865632 -0.7071067811865318 4.1266720481560753e-19
    outer loop
      vertex -3.025000000000002 9.254999999999999 2.964000000000013
      vertex -3.055000000000002 9.285 4.61866666666667
      vertex -3.055000000000002 9.285 2.964000000000013
    endloop
  endfacet
  facet normal -0.7071067811865422 -0.7071067811865528 -3.286511271877474e-19
    outer loop
      vertex -3.175000000000002 9.405 2.964000000000013
      vertex -3.205000000000002 9.434999999999999 4.61866666666667
      vertex -3.205000000000002 9.434999999999999 2.964000000000013
    endloop
  endfacet
  facet normal -0.7071067811865632 -0.7071067811865318 0
    outer loop
      vertex -3.2350000000000017 9.465 2.964000000000013
      vertex -3.205000000000002 9.434999999999999 2.964000000000013
      vertex -3.2350000000000017 9.465 4.61866666666667
    endloop
  endfacet
  facet normal -0.7071067811865371 -0.707106781186558 0
    outer loop
      vertex -3.655000000000002 9.885 2.964000000000013
      vertex -3.6250000000000018 9.855 2.964000000000013
      vertex -3.655000000000002 9.885 4.61866666666667
    endloop
  endfacet
  facet normal -0.7071067811865632 -0.7071067811865318 4.1266720481560753e-19
    outer loop
      vertex -3.595000000000002 9.825 2.964000000000013
      vertex -3.6250000000000018 9.855 4.61866666666667
      vertex -3.6250000000000018 9.855 2.964000000000013
    endloop
  endfacet
  facet normal -0.7071067811865422 -0.7071067811865528 -3.286511271877474e-19
    outer loop
      vertex -3.655000000000002 9.885 2.964000000000013
      vertex -3.685000000000002 9.915 4.61866666666667
      vertex -3.685000000000002 9.915 2.964000000000013
    endloop
  endfacet
  facet normal -0.7071067811865371 -0.707106781186558 -1.433215441840953e-19
    outer loop
      vertex -3.8050000000000015 10.035 2.964000000000013
      vertex -3.8350000000000017 10.065 4.61866666666667
      vertex -3.8350000000000017 10.065 2.964000000000013
    endloop
  endfacet
  facet normal -0.7071067811865632 -0.7071067811865318 0
    outer loop
      vertex -3.8050000000000015 10.035 2.964000000000013
      vertex -3.7750000000000017 10.004999999999999 2.964000000000013
      vertex -3.8050000000000015 10.035 4.61866666666667
    endloop
  endfacet
  facet normal -0.7071067811865371 -0.707106781186558 -1.433215441840953e-19
    outer loop
      vertex -3.7150000000000016 9.945 2.964000000000013
      vertex -3.745000000000002 9.975 4.61866666666667
      vertex -3.745000000000002 9.975 2.964000000000013
    endloop
  endfacet
  facet normal -0.7071067811865632 -0.7071067811865318 0
    outer loop
      vertex -3.7150000000000016 9.945 2.964000000000013
      vertex -3.685000000000002 9.915 2.964000000000013
      vertex -3.7150000000000016 9.945 4.61866666666667
    endloop
  endfacet
  facet normal -0.7071067811865422 -0.7071067811865528 -3.286511271877474e-19
    outer loop
      vertex -3.745000000000002 9.975 2.964000000000013
      vertex -3.7750000000000017 10.004999999999999 4.61866666666667
      vertex -3.7750000000000017 10.004999999999999 2.964000000000013
    endloop
  endfacet
  facet normal -0.7071067811865371 -0.707106781186558 -1.433215441840953e-19
    outer loop
      vertex -3.415000000000002 9.645 2.964000000000013
      vertex -3.445000000000002 9.674999999999999 4.61866666666667
      vertex -3.445000000000002 9.674999999999999 2.964000000000013
    endloop
  endfacet
  facet normal -0.7071067811865422 -0.7071067811865528 -3.286511271877474e-19
    outer loop
      vertex -3.5050000000000017 9.735 2.964000000000013
      vertex -3.5350000000000015 9.764999999999999 4.61866666666667
      vertex -3.5350000000000015 9.764999999999999 2.964000000000013
    endloop
  endfacet
  facet normal -0.7071067811865632 -0.7071067811865318 0
    outer loop
      vertex -3.475000000000002 9.705 2.964000000000013
      vertex -3.445000000000002 9.674999999999999 2.964000000000013
      vertex -3.475000000000002 9.705 4.61866666666667
    endloop
  endfacet
  facet normal -0.7071067811865422 -0.7071067811865528 0
    outer loop
      vertex -3.5050000000000017 9.735 2.964000000000013
      vertex -3.475000000000002 9.705 2.964000000000013
      vertex -3.5050000000000017 9.735 4.61866666666667
    endloop
  endfacet
  facet normal -0.707106781186558 -0.707106781186537 0
    outer loop
      vertex -3.385000000000002 9.615 2.964000000000013
      vertex -3.3550000000000018 9.584999999999999 2.964000000000013
      vertex -3.385000000000002 9.615 4.61866666666667
    endloop
  endfacet
  facet normal -0.7071067811865422 -0.7071067811865528 -3.286511271877474e-19
    outer loop
      vertex -3.385000000000002 9.615 2.964000000000013
      vertex -3.415000000000002 9.645 4.61866666666667
      vertex -3.415000000000002 9.645 2.964000000000013
    endloop
  endfacet
  facet normal -0.707106781186558 -0.707106781186537 0
    outer loop
      vertex -3.5650000000000017 9.795 2.964000000000013
      vertex -3.5350000000000015 9.764999999999999 2.964000000000013
      vertex -3.5650000000000017 9.795 4.61866666666667
    endloop
  endfacet
  facet normal -0.7071067811865371 -0.707106781186558 -1.433215441840953e-19
    outer loop
      vertex -3.5650000000000017 9.795 2.964000000000013
      vertex -3.595000000000002 9.825 4.61866666666667
      vertex -3.595000000000002 9.825 2.964000000000013
    endloop
  endfacet
  facet normal -0.7071067811865422 -0.7071067811865528 0
    outer loop
      vertex -2.875000000000002 9.105 2.964000000000013
      vertex -2.875000000000002 9.105 4.61866666666667
      vertex -2.905000000000002 9.135 4.61866666666667
    endloop
  endfacet
  facet normal -0.7071067811865422 -0.7071067811865528 0
    outer loop
      vertex -2.905000000000002 9.135 2.964000000000013
      vertex -2.905000000000002 9.135 4.61866666666667
      vertex -2.935000000000002 9.165 4.61866666666667
    endloop
  endfacet
  facet normal -0.7071067811865422 -0.7071067811865528 0
    outer loop
      vertex -2.9650000000000016 9.195 2.964000000000013
      vertex -2.9650000000000016 9.195 4.61866666666667
      vertex -2.9950000000000014 9.225 4.61866666666667
    endloop
  endfacet
  facet normal -0.7071067811865318 -0.7071067811865632 0
    outer loop
      vertex -2.9950000000000014 9.225 2.964000000000013
      vertex -2.9950000000000014 9.225 4.61866666666667
      vertex -3.025000000000002 9.254999999999999 4.61866666666667
    endloop
  endfacet
  facet normal -0.7071067811865632 -0.7071067811865318 0
    outer loop
      vertex -2.935000000000002 9.165 2.964000000000013
      vertex -2.935000000000002 9.165 4.61866666666667
      vertex -2.9650000000000016 9.195 4.61866666666667
    endloop
  endfacet
  facet normal -0.7071067811865422 -0.7071067811865528 0
    outer loop
      vertex -3.2350000000000017 9.465 2.964000000000013
      vertex -3.2350000000000017 9.465 4.61866666666667
      vertex -3.2650000000000015 9.495 4.61866666666667
    endloop
  endfacet
  facet normal -0.7071067811865422 -0.7071067811865528 0
    outer loop
      vertex -3.325000000000002 9.555 2.964000000000013
      vertex -3.325000000000002 9.555 4.61866666666667
      vertex -3.3550000000000018 9.584999999999999 4.61866666666667
    endloop
  endfacet
  facet normal -0.7071067811865422 -0.7071067811865528 0
    outer loop
      vertex -3.295000000000002 9.525 2.964000000000013
      vertex -3.295000000000002 9.525 4.61866666666667
      vertex -3.325000000000002 9.555 4.61866666666667
    endloop
  endfacet
  facet normal -0.7071067811865527 -0.7071067811865422 0
    outer loop
      vertex -3.2650000000000015 9.495 2.964000000000013
      vertex -3.2650000000000015 9.495 4.61866666666667
      vertex -3.295000000000002 9.525 4.61866666666667
    endloop
  endfacet
  facet normal -0.7071067811865422 -0.7071067811865528 0
    outer loop
      vertex -3.055000000000002 9.285 2.964000000000013
      vertex -3.055000000000002 9.285 4.61866666666667
      vertex -3.0850000000000017 9.315 4.61866666666667
    endloop
  endfacet
  facet normal -0.7071067811865422 -0.7071067811865528 0
    outer loop
      vertex -3.0850000000000017 9.315 2.964000000000013
      vertex -3.0850000000000017 9.315 4.61866666666667
      vertex -3.1150000000000015 9.344999999999999 4.61866666666667
    endloop
  endfacet
  facet normal -0.7071067811865371 -0.707106781186558 0
    outer loop
      vertex -3.145000000000002 9.375 2.964000000000013
      vertex -3.145000000000002 9.375 4.61866666666667
      vertex -3.175000000000002 9.405 4.61866666666667
    endloop
  endfacet
  facet normal -0.7071067811865422 -0.7071067811865528 0
    outer loop
      vertex -3.175000000000002 9.405 2.964000000000013
      vertex -3.175000000000002 9.405 4.61866666666667
      vertex -3.205000000000002 9.434999999999999 4.61866666666667
    endloop
  endfacet
  facet normal -0.707106781186558 -0.707106781186537 0
    outer loop
      vertex -3.1150000000000015 9.344999999999999 2.964000000000013
      vertex -3.1150000000000015 9.344999999999999 4.61866666666667
      vertex -3.145000000000002 9.375 4.61866666666667
    endloop
  endfacet
  facet normal -0.7071067811865632 -0.7071067811865318 0
    outer loop
      vertex -3.025000000000002 9.254999999999999 2.964000000000013
      vertex -3.025000000000002 9.254999999999999 4.61866666666667
      vertex -3.055000000000002 9.285 4.61866666666667
    endloop
  endfacet
  facet normal -0.7071067811865632 -0.7071067811865318 0
    outer loop
      vertex -3.205000000000002 9.434999999999999 2.964000000000013
      vertex -3.205000000000002 9.434999999999999 4.61866666666667
      vertex -3.2350000000000017 9.465 4.61866666666667
    endloop
  endfacet
  facet normal -0.7071067811865422 -0.7071067811865526 -3.286511271877446e-19
    outer loop
      vertex -2.905000000000002 9.135 4.61866666666667
      vertex -2.935000000000002 9.165 6.2733333333333405
      vertex -2.935000000000002 9.165 4.61866666666667
    endloop
  endfacet
  facet normal -0.7071067811865422 -0.7071067811865526 0
    outer loop
      vertex -2.905000000000002 9.135 4.61866666666667
      vertex -2.875000000000002 9.105 4.61866666666667
      vertex -2.905000000000002 9.135 6.2733333333333405
    endloop
  endfacet
  facet normal -0.7071067811865319 -0.7071067811865632 0
    outer loop
      vertex -3.025000000000002 9.254999999999999 4.61866666666667
      vertex -2.9950000000000014 9.225 4.61866666666667
      vertex -3.025000000000002 9.254999999999999 6.2733333333333405
    endloop
  endfacet
  facet normal -0.7071067811865422 -0.7071067811865526 0
    outer loop
      vertex -2.9950000000000014 9.225 4.61866666666667
      vertex -2.9650000000000016 9.195 4.61866666666667
      vertex -2.9950000000000014 9.225 6.2733333333333405
    endloop
  endfacet
  facet normal -0.7071067811865632 -0.7071067811865318 4.12667204815604e-19
    outer loop
      vertex -2.935000000000002 9.165 4.61866666666667
      vertex -2.9650000000000016 9.195 6.2733333333333405
      vertex -2.9650000000000016 9.195 4.61866666666667
    endloop
  endfacet
  facet normal -0.7071067811865422 -0.7071067811865526 0
    outer loop
      vertex -3.2650000000000015 9.495 4.61866666666667
      vertex -3.2350000000000017 9.465 4.61866666666667
      vertex -3.2650000000000015 9.495 6.2733333333333405
    endloop
  endfacet
  facet normal -0.7071067811865422 -0.7071067811865526 -3.286511271877446e-19
    outer loop
      vertex -3.325000000000002 9.555 4.61866666666667
      vertex -3.3550000000000018 9.584999999999999 6.2733333333333405
      vertex -3.3550000000000018 9.584999999999999 4.61866666666667
    endloop
  endfacet
  facet normal -0.7071067811865528 -0.7071067811865422 -7.610868208628929e-19
    outer loop
      vertex -3.2650000000000015 9.495 4.61866666666667
      vertex -3.295000000000002 9.525 6.2733333333333405
      vertex -3.295000000000002 9.525 4.61866666666667
    endloop
  endfacet
  facet normal -0.7071067811865422 -0.7071067811865526 0
    outer loop
      vertex -3.325000000000002 9.555 4.61866666666667
      vertex -3.295000000000002 9.525 4.61866666666667
      vertex -3.325000000000002 9.555 6.2733333333333405
    endloop
  endfacet
  facet normal -0.7071067811865422 -0.7071067811865526 -3.286511271877446e-19
    outer loop
      vertex -3.055000000000002 9.285 4.61866666666667
      vertex -3.0850000000000017 9.315 6.2733333333333405
      vertex -3.0850000000000017 9.315 4.61866666666667
    endloop
  endfacet
  facet normal -0.707106781186537 -0.7071067811865579 -1.4332154418409407e-19
    outer loop
      vertex -3.145000000000002 9.375 4.61866666666667
      vertex -3.175000000000002 9.405 6.2733333333333405
      vertex -3.175000000000002 9.405 4.61866666666667
    endloop
  endfacet
  facet normal -0.7071067811865422 -0.7071067811865526 -3.286511271877446e-19
    outer loop
      vertex -3.0850000000000017 9.315 4.61866666666667
      vertex -3.1150000000000015 9.344999999999999 6.2733333333333405
      vertex -3.1150000000000015 9.344999999999999 4.61866666666667
    endloop
  endfacet
  facet normal -0.7071067811865579 -0.7071067811865369 0
    outer loop
      vertex -3.145000000000002 9.375 4.61866666666667
      vertex -3.1150000000000015 9.344999999999999 4.61866666666667
      vertex -3.145000000000002 9.375 6.2733333333333405
    endloop
  endfacet
  facet normal -0.7071067811865632 -0.7071067811865318 4.12667204815604e-19
    outer loop
      vertex -3.025000000000002 9.254999999999999 4.61866666666667
      vertex -3.055000000000002 9.285 6.2733333333333405
      vertex -3.055000000000002 9.285 4.61866666666667
    endloop
  endfacet
  facet normal -0.7071067811865422 -0.7071067811865526 -3.286511271877446e-19
    outer loop
      vertex -3.175000000000002 9.405 4.61866666666667
      vertex -3.205000000000002 9.434999999999999 6.2733333333333405
      vertex -3.205000000000002 9.434999999999999 4.61866666666667
    endloop
  endfacet
  facet normal -0.7071067811865632 -0.7071067811865318 0
    outer loop
      vertex -3.2350000000000017 9.465 4.61866666666667
      vertex -3.205000000000002 9.434999999999999 4.61866666666667
      vertex -3.2350000000000017 9.465 6.2733333333333405
    endloop
  endfacet
  facet normal -0.7071067811865632 -0.7071067811865318 0
    outer loop
      vertex -3.595000000000002 9.825 2.964000000000013
      vertex -3.595000000000002 9.825 4.61866666666667
      vertex -3.6250000000000018 9.855 4.61866666666667
    endloop
  endfacet
  facet normal -0.7071067811865632 -0.7071067811865318 0
    outer loop
      vertex -3.685000000000002 9.915 2.964000000000013
      vertex -3.685000000000002 9.915 4.61866666666667
      vertex -3.7150000000000016 9.945 4.61866666666667
    endloop
  endfacet
  facet normal -0.7071067811865371 -0.707106781186558 0
    outer loop
      vertex -3.6250000000000018 9.855 2.964000000000013
      vertex -3.6250000000000018 9.855 4.61866666666667
      vertex -3.655000000000002 9.885 4.61866666666667
    endloop
  endfacet
  facet normal -0.7071067811865422 -0.7071067811865528 0
    outer loop
      vertex -3.655000000000002 9.885 2.964000000000013
      vertex -3.655000000000002 9.885 4.61866666666667
      vertex -3.685000000000002 9.915 4.61866666666667
    endloop
  endfacet
  facet normal -0.7071067811865632 -0.7071067811865318 0
    outer loop
      vertex -3.7750000000000017 10.004999999999999 2.964000000000013
      vertex -3.7750000000000017 10.004999999999999 4.61866666666667
      vertex -3.8050000000000015 10.035 4.61866666666667
    endloop
  endfacet
  facet normal -0.7071067811865371 -0.707106781186558 0
    outer loop
      vertex -3.8050000000000015 10.035 2.964000000000013
      vertex -3.8050000000000015 10.035 4.61866666666667
      vertex -3.8350000000000017 10.065 4.61866666666667
    endloop
  endfacet
  facet normal -0.7071067811865371 -0.707106781186558 0
    outer loop
      vertex -3.7150000000000016 9.945 2.964000000000013
      vertex -3.7150000000000016 9.945 4.61866666666667
      vertex -3.745000000000002 9.975 4.61866666666667
    endloop
  endfacet
  facet normal -0.7071067811865422 -0.7071067811865528 0
    outer loop
      vertex -3.745000000000002 9.975 2.964000000000013
      vertex -3.745000000000002 9.975 4.61866666666667
      vertex -3.7750000000000017 10.004999999999999 4.61866666666667
    endloop
  endfacet
  facet normal -0.7071067811865371 -0.707106781186558 0
    outer loop
      vertex -3.415000000000002 9.645 2.964000000000013
      vertex -3.415000000000002 9.645 4.61866666666667
      vertex -3.445000000000002 9.674999999999999 4.61866666666667
    endloop
  endfacet
  facet normal -0.7071067811865422 -0.7071067811865528 0
    outer loop
      vertex -3.5050000000000017 9.735 2.964000000000013
      vertex -3.5050000000000017 9.735 4.61866666666667
      vertex -3.5350000000000015 9.764999999999999 4.61866666666667
    endloop
  endfacet
  facet normal -0.7071067811865632 -0.7071067811865318 0
    outer loop
      vertex -3.445000000000002 9.674999999999999 2.964000000000013
      vertex -3.445000000000002 9.674999999999999 4.61866666666667
      vertex -3.475000000000002 9.705 4.61866666666667
    endloop
  endfacet
  facet normal -0.7071067811865422 -0.7071067811865528 0
    outer loop
      vertex -3.475000000000002 9.705 2.964000000000013
      vertex -3.475000000000002 9.705 4.61866666666667
      vertex -3.5050000000000017 9.735 4.61866666666667
    endloop
  endfacet
  facet normal -0.7071067811865422 -0.7071067811865528 0
    outer loop
      vertex -3.385000000000002 9.615 2.964000000000013
      vertex -3.385000000000002 9.615 4.61866666666667
      vertex -3.415000000000002 9.645 4.61866666666667
    endloop
  endfacet
  facet normal -0.707106781186558 -0.707106781186537 0
    outer loop
      vertex -3.3550000000000018 9.584999999999999 2.964000000000013
      vertex -3.3550000000000018 9.584999999999999 4.61866666666667
      vertex -3.385000000000002 9.615 4.61866666666667
    endloop
  endfacet
  facet normal -0.707106781186558 -0.707106781186537 0
    outer loop
      vertex -3.5350000000000015 9.764999999999999 2.964000000000013
      vertex -3.5350000000000015 9.764999999999999 4.61866666666667
      vertex -3.5650000000000017 9.795 4.61866666666667
    endloop
  endfacet
  facet normal -0.7071067811865371 -0.707106781186558 0
    outer loop
      vertex -3.5650000000000017 9.795 2.964000000000013
      vertex -3.5650000000000017 9.795 4.61866666666667
      vertex -3.595000000000002 9.825 4.61866666666667
    endloop
  endfacet
  facet normal -0.707106781186537 -0.7071067811865579 0
    outer loop
      vertex -3.655000000000002 9.885 4.61866666666667
      vertex -3.6250000000000018 9.855 4.61866666666667
      vertex -3.655000000000002 9.885 6.2733333333333405
    endloop
  endfacet
  facet normal -0.7071067811865632 -0.7071067811865318 4.12667204815604e-19
    outer loop
      vertex -3.595000000000002 9.825 4.61866666666667
      vertex -3.6250000000000018 9.855 6.2733333333333405
      vertex -3.6250000000000018 9.855 4.61866666666667
    endloop
  endfacet
  facet normal -0.7071067811865422 -0.7071067811865526 -3.286511271877446e-19
    outer loop
      vertex -3.655000000000002 9.885 4.61866666666667
      vertex -3.685000000000002 9.915 6.2733333333333405
      vertex -3.685000000000002 9.915 4.61866666666667
    endloop
  endfacet
  facet normal -0.707106781186537 -0.7071067811865579 -1.4332154418409407e-19
    outer loop
      vertex -3.8050000000000015 10.035 4.61866666666667
      vertex -3.8350000000000017 10.065 6.2733333333333405
      vertex -3.8350000000000017 10.065 4.61866666666667
    endloop
  endfacet
  facet normal -0.7071067811865632 -0.7071067811865318 0
    outer loop
      vertex -3.8050000000000015 10.035 4.61866666666667
      vertex -3.7750000000000017 10.004999999999999 4.61866666666667
      vertex -3.8050000000000015 10.035 6.2733333333333405
    endloop
  endfacet
  facet normal -0.707106781186537 -0.7071067811865579 -1.4332154418409407e-19
    outer loop
      vertex -3.7150000000000016 9.945 4.61866666666667
      vertex -3.745000000000002 9.975 6.2733333333333405
      vertex -3.745000000000002 9.975 4.61866666666667
    endloop
  endfacet
  facet normal -0.7071067811865632 -0.7071067811865318 0
    outer loop
      vertex -3.7150000000000016 9.945 4.61866666666667
      vertex -3.685000000000002 9.915 4.61866666666667
      vertex -3.7150000000000016 9.945 6.2733333333333405
    endloop
  endfacet
  facet normal -0.7071067811865422 -0.7071067811865526 -3.286511271877446e-19
    outer loop
      vertex -3.745000000000002 9.975 4.61866666666667
      vertex -3.7750000000000017 10.004999999999999 6.2733333333333405
      vertex -3.7750000000000017 10.004999999999999 4.61866666666667
    endloop
  endfacet
  facet normal -0.707106781186537 -0.7071067811865579 -1.4332154418409407e-19
    outer loop
      vertex -3.415000000000002 9.645 4.61866666666667
      vertex -3.445000000000002 9.674999999999999 6.2733333333333405
      vertex -3.445000000000002 9.674999999999999 4.61866666666667
    endloop
  endfacet
  facet normal -0.7071067811865422 -0.7071067811865526 -3.286511271877446e-19
    outer loop
      vertex -3.5050000000000017 9.735 4.61866666666667
      vertex -3.5350000000000015 9.764999999999999 6.2733333333333405
      vertex -3.5350000000000015 9.764999999999999 4.61866666666667
    endloop
  endfacet
  facet normal -0.7071067811865632 -0.7071067811865318 0
    outer loop
      vertex -3.475000000000002 9.705 4.61866666666667
      vertex -3.445000000000002 9.674999999999999 4.61866666666667
      vertex -3.475000000000002 9.705 6.2733333333333405
    endloop
  endfacet
  facet normal -0.7071067811865422 -0.7071067811865526 0
    outer loop
      vertex -3.5050000000000017 9.735 4.61866666666667
      vertex -3.475000000000002 9.705 4.61866666666667
      vertex -3.5050000000000017 9.735 6.2733333333333405
    endloop
  endfacet
  facet normal -0.7071067811865579 -0.7071067811865369 0
    outer loop
      vertex -3.385000000000002 9.615 4.61866666666667
      vertex -3.3550000000000018 9.584999999999999 4.61866666666667
      vertex -3.385000000000002 9.615 6.2733333333333405
    endloop
  endfacet
  facet normal -0.7071067811865422 -0.7071067811865526 -3.286511271877446e-19
    outer loop
      vertex -3.385000000000002 9.615 4.61866666666667
      vertex -3.415000000000002 9.645 6.2733333333333405
      vertex -3.415000000000002 9.645 4.61866666666667
    endloop
  endfacet
  facet normal -0.7071067811865579 -0.7071067811865369 0
    outer loop
      vertex -3.5650000000000017 9.795 4.61866666666667
      vertex -3.5350000000000015 9.764999999999999 4.61866666666667
      vertex -3.5650000000000017 9.795 6.2733333333333405
    endloop
  endfacet
  facet normal -0.707106781186537 -0.7071067811865579 -1.4332154418409407e-19
    outer loop
      vertex -3.5650000000000017 9.795 4.61866666666667
      vertex -3.595000000000002 9.825 6.2733333333333405
      vertex -3.595000000000002 9.825 4.61866666666667
    endloop
  endfacet
  facet normal -0.707106781186557 -0.7071067811865381 0
    outer loop
      vertex -2.7250000000000014 8.955 2.964000000000013
      vertex -2.675000000000002 8.905 3
      vertex -2.7250000000000014 8.955 4.61866666666667
    endloop
  endfacet
  facet normal -0.7071067811865371 -0.707106781186558 -1.433215441840953e-19
    outer loop
      vertex -2.7250000000000014 8.955 2.964000000000013
      vertex -2.7550000000000017 8.985 4.61866666666667
      vertex -2.7550000000000017 8.985 2.964000000000013
    endloop
  endfacet
  facet normal -0.7071067811865476 -0.7071067811865476 -5.139807101914023e-19
    outer loop
      vertex -2.815000000000002 9.045 2.964000000000013
      vertex -2.8450000000000015 9.075 4.61866666666667
      vertex -2.8450000000000015 9.075 2.964000000000013
    endloop
  endfacet
  facet normal -0.707106781186558 -0.707106781186537 5.979967878080116e-19
    outer loop
      vertex -2.785000000000002 9.014999999999999 2.964000000000013
      vertex -2.815000000000002 9.045 4.61866666666667
      vertex -2.815000000000002 9.045 2.964000000000013
    endloop
  endfacet
  facet normal -0.7071067811865371 -0.707106781186558 0
    outer loop
      vertex -2.785000000000002 9.014999999999999 2.964000000000013
      vertex -2.7550000000000017 8.985 2.964000000000013
      vertex -2.785000000000002 9.014999999999999 4.61866666666667
    endloop
  endfacet
  facet normal -0.7071067811865527 -0.7071067811865422 -7.610868208628994e-19
    outer loop
      vertex -2.8450000000000015 9.075 2.964000000000013
      vertex -2.875000000000002 9.105 4.61866666666667
      vertex -2.875000000000002 9.105 2.964000000000013
    endloop
  endfacet
  facet normal -0.7071067811865684 -0.7071067811865267 -7.111450230840695e-16
    outer loop
      vertex -2.695000000000002 8.924999999999999 4.61866666666667
      vertex -2.7250000000000014 8.955 4.61866666666667
      vertex -2.675000000000002 8.905 3
    endloop
  endfacet
  facet normal -0.7071067811865371 -0.707106781186558 0
    outer loop
      vertex -2.7250000000000014 8.955 2.964000000000013
      vertex -2.7250000000000014 8.955 4.61866666666667
      vertex -2.7550000000000017 8.985 4.61866666666667
    endloop
  endfacet
  facet normal -0.707106781186558 -0.707106781186537 0
    outer loop
      vertex -2.785000000000002 9.014999999999999 2.964000000000013
      vertex -2.785000000000002 9.014999999999999 4.61866666666667
      vertex -2.815000000000002 9.045 4.61866666666667
    endloop
  endfacet
  facet normal -0.7071067811865476 -0.7071067811865476 0
    outer loop
      vertex -2.815000000000002 9.045 2.964000000000013
      vertex -2.815000000000002 9.045 4.61866666666667
      vertex -2.8450000000000015 9.075 4.61866666666667
    endloop
  endfacet
  facet normal -0.7071067811865371 -0.707106781186558 0
    outer loop
      vertex -2.7550000000000017 8.985 2.964000000000013
      vertex -2.7550000000000017 8.985 4.61866666666667
      vertex -2.785000000000002 9.014999999999999 4.61866666666667
    endloop
  endfacet
  facet normal -0.7071067811865527 -0.7071067811865422 0
    outer loop
      vertex -2.8450000000000015 9.075 2.964000000000013
      vertex -2.8450000000000015 9.075 4.61866666666667
      vertex -2.875000000000002 9.105 4.61866666666667
    endloop
  endfacet
  facet normal -0.7071067811865397 -0.7071067811865555 0
    outer loop
      vertex -2.695000000000002 8.924999999999999 4.61866666666667
      vertex -2.675000000000002 8.905 3
      vertex -2.695000000000002 8.924999999999999 6.2733333333333405
    endloop
  endfacet
  facet normal -0.7071067811865684 -0.7071067811865266 2.2733762182319874e-19
    outer loop
      vertex -2.695000000000002 8.924999999999999 4.61866666666667
      vertex -2.7250000000000014 8.955 6.2733333333333405
      vertex -2.7250000000000014 8.955 4.61866666666667
    endloop
  endfacet
  facet normal -0.707106781186537 -0.7071067811865579 -1.4332154418409407e-19
    outer loop
      vertex -2.7250000000000014 8.955 4.61866666666667
      vertex -2.7550000000000017 8.985 6.2733333333333405
      vertex -2.7550000000000017 8.985 4.61866666666667
    endloop
  endfacet
  facet normal -0.7071067811865476 -0.7071067811865476 -5.139807101913979e-19
    outer loop
      vertex -2.815000000000002 9.045 4.61866666666667
      vertex -2.8450000000000015 9.075 6.2733333333333405
      vertex -2.8450000000000015 9.075 4.61866666666667
    endloop
  endfacet
  facet normal -0.7071067811865579 -0.7071067811865369 5.979967878080064e-19
    outer loop
      vertex -2.785000000000002 9.014999999999999 4.61866666666667
      vertex -2.815000000000002 9.045 6.2733333333333405
      vertex -2.815000000000002 9.045 4.61866666666667
    endloop
  endfacet
  facet normal -0.707106781186537 -0.7071067811865579 0
    outer loop
      vertex -2.785000000000002 9.014999999999999 4.61866666666667
      vertex -2.7550000000000017 8.985 4.61866666666667
      vertex -2.785000000000002 9.014999999999999 6.2733333333333405
    endloop
  endfacet
  facet normal -0.7071067811865528 -0.7071067811865422 -7.610868208628929e-19
    outer loop
      vertex -2.8450000000000015 9.075 4.61866666666667
      vertex -2.875000000000002 9.105 6.2733333333333405
      vertex -2.875000000000002 9.105 4.61866666666667
    endloop
  endfacet
  facet normal 0.7071067811865684 -0.7071067811865266 0
    outer loop
      vertex -11.005000000000003 8.955 4.61866666666667
      vertex -11.005000000000003 8.955 6.2733333333333405
      vertex -11.035000000000002 8.924999999999999 6.2733333333333405
    endloop
  endfacet
  facet normal 0.7071067811865789 -0.7071067811865162 -8.338855222900778e-20
    outer loop
      vertex -11.035000000000004 8.924999999999999 4.61866666666667
      vertex -11.055000000000001 8.905 9.582666666666682
      vertex -11.055000000000001 8.905 3
    endloop
  endfacet
  facet normal 0.7071067811865266 -0.7071067811865684 -7.591099719663454e-16
    outer loop
      vertex -10.975000000000003 8.985 4.61866666666667
      vertex -10.975000000000001 8.985 6.2733333333333405
      vertex -11.005000000000003 8.955 6.2733333333333405
    endloop
  endfacet
  facet normal 0.7071067811865476 -0.7071067811865476 -7.591099719663679e-16
    outer loop
      vertex -10.945000000000004 9.014999999999999 4.61866666666667
      vertex -10.945000000000002 9.014999999999999 6.2733333333333405
      vertex -10.975000000000001 8.985 6.2733333333333405
    endloop
  endfacet
  facet normal 0.7071067811865684 -0.7071067811865266 0
    outer loop
      vertex -10.915000000000003 9.045 4.61866666666667
      vertex -10.915000000000003 9.045 6.2733333333333405
      vertex -10.945000000000002 9.014999999999999 6.2733333333333405
    endloop
  endfacet
  facet normal 0.7071067811865266 -0.7071067811865684 -7.591099719663454e-16
    outer loop
      vertex -10.885000000000003 9.075 4.61866666666667
      vertex -10.885000000000002 9.075 6.2733333333333405
      vertex -10.915000000000003 9.045 6.2733333333333405
    endloop
  endfacet
  facet normal 0.7071067811865684 -0.7071067811865266 0
    outer loop
      vertex -10.855000000000002 9.105 4.61866666666667
      vertex -10.855000000000002 9.105 6.2733333333333405
      vertex -10.885000000000002 9.075 6.2733333333333405
    endloop
  endfacet
  facet normal 0.7071067811865476 -0.7071067811865476 0
    outer loop
      vertex -10.825000000000003 9.135 4.61866666666667
      vertex -10.825000000000003 9.135 6.2733333333333405
      vertex -10.855000000000002 9.105 6.2733333333333405
    endloop
  endfacet
  facet normal 0.7071067811865266 -0.7071067811865684 -7.591099719663454e-16
    outer loop
      vertex -10.795000000000003 9.165 4.61866666666667
      vertex -10.795000000000002 9.165 6.2733333333333405
      vertex -10.825000000000003 9.135 6.2733333333333405
    endloop
  endfacet
  facet normal 0.7071067811865684 -0.7071067811865266 -7.593373095882135e-16
    outer loop
      vertex -10.795000000000002 9.165 6.2733333333333405
      vertex -10.765000000000004 9.195 4.61866666666667
      vertex -10.765000000000002 9.195 6.2733333333333405
    endloop
  endfacet
  facet normal 0.7071067811865476 -0.7071067811865476 0
    outer loop
      vertex -10.735000000000003 9.225 4.61866666666667
      vertex -10.735000000000003 9.225 6.2733333333333405
      vertex -10.765000000000002 9.195 6.2733333333333405
    endloop
  endfacet
  facet normal 0.7071067811865266 -0.7071067811865684 0
    outer loop
      vertex -10.705000000000002 9.254999999999999 4.61866666666667
      vertex -10.705000000000002 9.254999999999999 6.2733333333333405
      vertex -10.735000000000003 9.225 6.2733333333333405
    endloop
  endfacet
  facet normal 0.7071067811865684 -0.7071067811865266 0
    outer loop
      vertex -10.675000000000002 9.285 4.61866666666667
      vertex -10.675000000000002 9.285 6.2733333333333405
      vertex -10.705000000000002 9.254999999999999 6.2733333333333405
    endloop
  endfacet
  facet normal 0.7071067811865476 -0.7071067811865476 0
    outer loop
      vertex -10.645000000000003 9.315 4.61866666666667
      vertex -10.645000000000003 9.315 6.2733333333333405
      vertex -10.675000000000002 9.285 6.2733333333333405
    endloop
  endfacet
  facet normal 0.7071067811865266 -0.7071067811865684 -7.591099719663454e-16
    outer loop
      vertex -10.615000000000004 9.344999999999999 4.61866666666667
      vertex -10.615000000000002 9.344999999999999 6.2733333333333405
      vertex -10.645000000000003 9.315 6.2733333333333405
    endloop
  endfacet
  facet normal 0.7071067811865684 -0.7071067811865266 0
    outer loop
      vertex -10.585000000000003 9.375 4.61866666666667
      vertex -10.585000000000003 9.375 6.2733333333333405
      vertex -10.615000000000002 9.344999999999999 6.2733333333333405
    endloop
  endfacet
  facet normal 0.7071067811865266 -0.7071067811865684 -7.591099719663454e-16
    outer loop
      vertex -10.555000000000003 9.405 4.61866666666667
      vertex -10.555000000000001 9.405 6.2733333333333405
      vertex -10.585000000000003 9.375 6.2733333333333405
    endloop
  endfacet
  facet normal 0.7071067811865476 -0.7071067811865476 5.139807101913979e-19
    outer loop
      vertex -10.555000000000001 9.405 6.2733333333333405
      vertex -10.525000000000002 9.434999999999999 4.61866666666667
      vertex -10.525000000000002 9.434999999999999 6.2733333333333405
    endloop
  endfacet
  facet normal 0.7071067811865684 -0.7071067811865266 0
    outer loop
      vertex -10.495000000000003 9.465 4.61866666666667
      vertex -10.495000000000003 9.465 6.2733333333333405
      vertex -10.525000000000002 9.434999999999999 6.2733333333333405
    endloop
  endfacet
  facet normal 0.7071067811865476 -0.7071067811865476 0
    outer loop
      vertex -10.465000000000003 9.495 4.61866666666667
      vertex -10.465000000000003 9.495 6.2733333333333405
      vertex -10.495000000000003 9.465 6.2733333333333405
    endloop
  endfacet
  facet normal 0.7071067811865476 -0.7071067811865476 0
    outer loop
      vertex -10.435000000000002 9.525 4.61866666666667
      vertex -10.435000000000002 9.525 6.2733333333333405
      vertex -10.465000000000003 9.495 6.2733333333333405
    endloop
  endfacet
  facet normal 0.7071067811865266 -0.7071067811865684 -7.591099719663454e-16
    outer loop
      vertex -10.405000000000003 9.555 4.61866666666667
      vertex -10.405000000000001 9.555 6.2733333333333405
      vertex -10.435000000000002 9.525 6.2733333333333405
    endloop
  endfacet
  facet normal 0.7071067811865476 -0.7071067811865476 -7.591099719663679e-16
    outer loop
      vertex -10.375000000000004 9.584999999999999 4.61866666666667
      vertex -10.375000000000002 9.584999999999999 6.2733333333333405
      vertex -10.405000000000001 9.555 6.2733333333333405
    endloop
  endfacet
  facet normal 0.7071067811865684 -0.7071067811865266 0
    outer loop
      vertex -10.345000000000002 9.615 4.61866666666667
      vertex -10.345000000000002 9.615 6.2733333333333405
      vertex -10.375000000000002 9.584999999999999 6.2733333333333405
    endloop
  endfacet
  facet normal 0.7071067811865266 -0.7071067811865684 -7.591099719663454e-16
    outer loop
      vertex -10.315000000000003 9.645 4.61866666666667
      vertex -10.315000000000001 9.645 6.2733333333333405
      vertex -10.345000000000002 9.615 6.2733333333333405
    endloop
  endfacet
  facet normal 0.7071067811865476 -0.7071067811865476 -7.591099719663679e-16
    outer loop
      vertex -10.285000000000004 9.674999999999999 4.61866666666667
      vertex -10.285000000000002 9.674999999999999 6.2733333333333405
      vertex -10.315000000000001 9.645 6.2733333333333405
    endloop
  endfacet
  facet normal 0.7071067811865684 -0.7071067811865266 0
    outer loop
      vertex -10.255000000000003 9.705 4.61866666666667
      vertex -10.255000000000003 9.705 6.2733333333333405
      vertex -10.285000000000002 9.674999999999999 6.2733333333333405
    endloop
  endfacet
  facet normal 0.7071067811865266 -0.7071067811865684 -7.591099719663454e-16
    outer loop
      vertex -10.225000000000003 9.735 4.61866666666667
      vertex -10.225000000000001 9.735 6.2733333333333405
      vertex -10.255000000000003 9.705 6.2733333333333405
    endloop
  endfacet
  facet normal 0.7071067811865476 -0.7071067811865476 -7.591099719663679e-16
    outer loop
      vertex -10.195000000000004 9.764999999999999 4.61866666666667
      vertex -10.195000000000002 9.764999999999999 6.2733333333333405
      vertex -10.225000000000001 9.735 6.2733333333333405
    endloop
  endfacet
  facet normal 0.7071067811865684 -0.7071067811865266 0
    outer loop
      vertex -10.165000000000003 9.795 4.61866666666667
      vertex -10.165000000000003 9.795 6.2733333333333405
      vertex -10.195000000000002 9.764999999999999 6.2733333333333405
    endloop
  endfacet
  facet normal 0.7071067811865266 -0.7071067811865684 -7.591099719663454e-16
    outer loop
      vertex -10.135000000000003 9.825 4.61866666666667
      vertex -10.135000000000002 9.825 6.2733333333333405
      vertex -10.165000000000003 9.795 6.2733333333333405
    endloop
  endfacet
  facet normal 0.7071067811865684 -0.7071067811865266 -7.591099719663904e-16
    outer loop
      vertex -10.105000000000004 9.855 4.61866666666667
      vertex -10.105000000000002 9.855 6.2733333333333405
      vertex -10.135000000000002 9.825 6.2733333333333405
    endloop
  endfacet
  facet normal 0.7071067811865476 -0.7071067811865476 0
    outer loop
      vertex -10.075000000000003 9.885 4.61866666666667
      vertex -10.075000000000003 9.885 6.2733333333333405
      vertex -10.105000000000002 9.855 6.2733333333333405
    endloop
  endfacet
  facet normal 0.7071067811865266 -0.7071067811865684 0
    outer loop
      vertex -10.045000000000002 9.915 4.61866666666667
      vertex -10.045000000000002 9.915 6.2733333333333405
      vertex -10.075000000000003 9.885 6.2733333333333405
    endloop
  endfacet
  facet normal 0.7071067811865266 -0.7071067811865684 0
    outer loop
      vertex -9.895000000000003 10.065 6.2733333333333405
      vertex -9.865000000000002 10.094999999999999 1.8100000000000023
      vertex -9.895000000000003 10.065 7.9280000000000115
    endloop
  endfacet
  facet normal 0.7071067811865684 -0.7071067811865266 0
    outer loop
      vertex -10.015000000000002 9.945 4.61866666666667
      vertex -10.015000000000002 9.945 6.2733333333333405
      vertex -10.045000000000002 9.915 6.2733333333333405
    endloop
  endfacet
  facet normal 0.7071067811865476 -0.7071067811865476 0
    outer loop
      vertex -9.985000000000003 9.975 4.61866666666667
      vertex -9.985000000000003 9.975 6.2733333333333405
      vertex -10.015000000000002 9.945 6.2733333333333405
    endloop
  endfacet
  facet normal 0.7071067811865266 -0.7071067811865684 -7.591099719663454e-16
    outer loop
      vertex -9.955000000000004 10.004999999999999 4.61866666666667
      vertex -9.955000000000002 10.004999999999999 6.2733333333333405
      vertex -9.985000000000003 9.975 6.2733333333333405
    endloop
  endfacet
  facet normal 0.7071067811865684 -0.7071067811865266 0
    outer loop
      vertex -9.925000000000002 10.035 4.61866666666667
      vertex -9.925000000000002 10.035 6.2733333333333405
      vertex -9.955000000000002 10.004999999999999 6.2733333333333405
    endloop
  endfacet
  facet normal 0.7071067811865476 -0.7071067811865476 0
    outer loop
      vertex -9.895000000000003 10.065 4.61866666666667
      vertex -9.895000000000003 10.065 6.2733333333333405
      vertex -9.925000000000002 10.035 6.2733333333333405
    endloop
  endfacet
  facet normal 0.7071067811865266 -0.7071067811865684 0
    outer loop
      vertex -9.895000000000003 10.065 7.9280000000000115
      vertex -9.865000000000002 10.094999999999999 1.8100000000000023
      vertex -9.895000000000003 10.065 9.582666666666682
    endloop
  endfacet
  facet normal 0.7071067811864846 -0.7071067811866104 -7.591099719663005e-16
    outer loop
      vertex -11.035000000000004 8.924999999999999 4.61866666666667
      vertex -11.035000000000002 8.924999999999999 6.2733333333333405
      vertex -11.055000000000001 8.905 9.582666666666682
    endloop
  endfacet
  facet normal 0.7071067811865684 -0.7071067811865266 0
    outer loop
      vertex -11.035000000000002 8.924999999999999 6.2733333333333405
      vertex -11.005000000000003 8.955 6.2733333333333405
      vertex -11.035000000000002 8.924999999999999 7.9280000000000115
    endloop
  endfacet
  facet normal 0.7071067811865266 -0.7071067811865684 0
    outer loop
      vertex -11.005000000000003 8.955 6.2733333333333405
      vertex -10.975000000000001 8.985 6.2733333333333405
      vertex -11.005000000000003 8.955 7.9280000000000115
    endloop
  endfacet
  facet normal 0.7071067811865476 -0.7071067811865476 0
    outer loop
      vertex -10.975000000000001 8.985 6.2733333333333405
      vertex -10.945000000000002 9.014999999999999 6.2733333333333405
      vertex -10.975000000000001 8.985 7.9280000000000115
    endloop
  endfacet
  facet normal 0.7071067811865684 -0.7071067811865266 0
    outer loop
      vertex -10.945000000000002 9.014999999999999 6.2733333333333405
      vertex -10.915000000000003 9.045 6.2733333333333405
      vertex -10.945000000000002 9.014999999999999 7.9280000000000115
    endloop
  endfacet
  facet normal 0.7071067811865266 -0.7071067811865684 0
    outer loop
      vertex -10.915000000000003 9.045 6.2733333333333405
      vertex -10.885000000000002 9.075 6.2733333333333405
      vertex -10.915000000000003 9.045 7.9280000000000115
    endloop
  endfacet
  facet normal 0.7071067811865684 -0.7071067811865266 0
    outer loop
      vertex -10.885000000000002 9.075 6.2733333333333405
      vertex -10.855000000000002 9.105 6.2733333333333405
      vertex -10.885000000000002 9.075 7.9280000000000115
    endloop
  endfacet
  facet normal 0.7071067811865476 -0.7071067811865476 0
    outer loop
      vertex -10.855000000000002 9.105 6.2733333333333405
      vertex -10.825000000000003 9.135 6.2733333333333405
      vertex -10.855000000000002 9.105 7.9280000000000115
    endloop
  endfacet
  facet normal 0.7071067811865266 -0.7071067811865684 0
    outer loop
      vertex -10.825000000000003 9.135 6.2733333333333405
      vertex -10.795000000000002 9.165 6.2733333333333405
      vertex -10.825000000000003 9.135 7.9280000000000115
    endloop
  endfacet
  facet normal 0.7071067811865684 -0.7071067811865266 0
    outer loop
      vertex -10.795000000000002 9.165 6.2733333333333405
      vertex -10.765000000000002 9.195 6.2733333333333405
      vertex -10.795000000000002 9.165 7.9280000000000115
    endloop
  endfacet
  facet normal 0.7071067811865476 -0.7071067811865476 0
    outer loop
      vertex -10.765000000000002 9.195 6.2733333333333405
      vertex -10.735000000000003 9.225 6.2733333333333405
      vertex -10.765000000000002 9.195 7.9280000000000115
    endloop
  endfacet
  facet normal 0.7071067811865266 -0.7071067811865684 0
    outer loop
      vertex -10.735000000000003 9.225 6.2733333333333405
      vertex -10.705000000000002 9.254999999999999 6.2733333333333405
      vertex -10.735000000000003 9.225 7.9280000000000115
    endloop
  endfacet
  facet normal 0.7071067811865684 -0.7071067811865266 0
    outer loop
      vertex -10.705000000000002 9.254999999999999 6.2733333333333405
      vertex -10.675000000000002 9.285 6.2733333333333405
      vertex -10.705000000000002 9.254999999999999 7.9280000000000115
    endloop
  endfacet
  facet normal 0.7071067811865476 -0.7071067811865476 0
    outer loop
      vertex -10.675000000000002 9.285 6.2733333333333405
      vertex -10.645000000000003 9.315 6.2733333333333405
      vertex -10.675000000000002 9.285 7.9280000000000115
    endloop
  endfacet
  facet normal 0.7071067811865266 -0.7071067811865684 0
    outer loop
      vertex -10.645000000000003 9.315 6.2733333333333405
      vertex -10.615000000000002 9.344999999999999 6.2733333333333405
      vertex -10.645000000000003 9.315 7.9280000000000115
    endloop
  endfacet
  facet normal 0.7071067811865684 -0.7071067811865266 0
    outer loop
      vertex -10.615000000000002 9.344999999999999 6.2733333333333405
      vertex -10.585000000000003 9.375 6.2733333333333405
      vertex -10.615000000000002 9.344999999999999 7.9280000000000115
    endloop
  endfacet
  facet normal 0.7071067811865266 -0.7071067811865684 0
    outer loop
      vertex -10.585000000000003 9.375 6.2733333333333405
      vertex -10.555000000000001 9.405 6.2733333333333405
      vertex -10.585000000000003 9.375 7.9280000000000115
    endloop
  endfacet
  facet normal 0.7071067811865476 -0.7071067811865476 0
    outer loop
      vertex -10.555000000000001 9.405 6.2733333333333405
      vertex -10.525000000000002 9.434999999999999 6.2733333333333405
      vertex -10.555000000000001 9.405 7.9280000000000115
    endloop
  endfacet
  facet normal 0.7071067811865684 -0.7071067811865266 0
    outer loop
      vertex -10.525000000000002 9.434999999999999 6.2733333333333405
      vertex -10.495000000000003 9.465 6.2733333333333405
      vertex -10.525000000000002 9.434999999999999 7.9280000000000115
    endloop
  endfacet
  facet normal 0.7071067811865476 -0.7071067811865476 0
    outer loop
      vertex -10.495000000000003 9.465 6.2733333333333405
      vertex -10.465000000000003 9.495 6.2733333333333405
      vertex -10.495000000000003 9.465 7.9280000000000115
    endloop
  endfacet
  facet normal 0.7071067811865476 -0.7071067811865476 0
    outer loop
      vertex -10.465000000000003 9.495 6.2733333333333405
      vertex -10.435000000000002 9.525 6.2733333333333405
      vertex -10.465000000000003 9.495 7.9280000000000115
    endloop
  endfacet
  facet normal 0.7071067811865266 -0.7071067811865684 0
    outer loop
      vertex -10.435000000000002 9.525 6.2733333333333405
      vertex -10.405000000000001 9.555 6.2733333333333405
      vertex -10.435000000000002 9.525 7.9280000000000115
    endloop
  endfacet
  facet normal 0.7071067811865476 -0.7071067811865476 0
    outer loop
      vertex -10.405000000000001 9.555 6.2733333333333405
      vertex -10.375000000000002 9.584999999999999 6.2733333333333405
      vertex -10.405000000000001 9.555 7.9280000000000115
    endloop
  endfacet
  facet normal 0.7071067811865684 -0.7071067811865266 0
    outer loop
      vertex -11.005000000000003 8.955 6.2733333333333405
      vertex -11.005000000000003 8.955 7.9280000000000115
      vertex -11.035000000000002 8.924999999999999 7.9280000000000115
    endloop
  endfacet
  facet normal 0.7071067811865266 -0.7071067811865684 0
    outer loop
      vertex -10.975000000000001 8.985 6.2733333333333405
      vertex -10.975000000000001 8.985 7.9280000000000115
      vertex -11.005000000000003 8.955 7.9280000000000115
    endloop
  endfacet
  facet normal 0.7071067811865476 -0.7071067811865476 0
    outer loop
      vertex -10.945000000000002 9.014999999999999 6.2733333333333405
      vertex -10.945000000000002 9.014999999999999 7.9280000000000115
      vertex -10.975000000000001 8.985 7.9280000000000115
    endloop
  endfacet
  facet normal 0.7071067811865684 -0.7071067811865266 0
    outer loop
      vertex -10.915000000000003 9.045 6.2733333333333405
      vertex -10.915000000000003 9.045 7.9280000000000115
      vertex -10.945000000000002 9.014999999999999 7.9280000000000115
    endloop
  endfacet
  facet normal 0.7071067811865266 -0.7071067811865684 0
    outer loop
      vertex -10.885000000000002 9.075 6.2733333333333405
      vertex -10.885000000000002 9.075 7.9280000000000115
      vertex -10.915000000000003 9.045 7.9280000000000115
    endloop
  endfacet
  facet normal 0.7071067811865684 -0.7071067811865266 0
    outer loop
      vertex -10.855000000000002 9.105 6.2733333333333405
      vertex -10.855000000000002 9.105 7.9280000000000115
      vertex -10.885000000000002 9.075 7.9280000000000115
    endloop
  endfacet
  facet normal 0.7071067811865476 -0.7071067811865476 0
    outer loop
      vertex -10.825000000000003 9.135 6.2733333333333405
      vertex -10.825000000000003 9.135 7.9280000000000115
      vertex -10.855000000000002 9.105 7.9280000000000115
    endloop
  endfacet
  facet normal 0.7071067811865266 -0.7071067811865684 0
    outer loop
      vertex -10.795000000000002 9.165 6.2733333333333405
      vertex -10.795000000000002 9.165 7.9280000000000115
      vertex -10.825000000000003 9.135 7.9280000000000115
    endloop
  endfacet
  facet normal 0.7071067811865684 -0.7071067811865266 0
    outer loop
      vertex -10.765000000000002 9.195 6.2733333333333405
      vertex -10.765000000000002 9.195 7.9280000000000115
      vertex -10.795000000000002 9.165 7.9280000000000115
    endloop
  endfacet
  facet normal 0.7071067811865476 -0.7071067811865476 0
    outer loop
      vertex -10.735000000000003 9.225 6.2733333333333405
      vertex -10.735000000000003 9.225 7.9280000000000115
      vertex -10.765000000000002 9.195 7.9280000000000115
    endloop
  endfacet
  facet normal 0.7071067811865266 -0.7071067811865684 0
    outer loop
      vertex -10.705000000000002 9.254999999999999 6.2733333333333405
      vertex -10.705000000000002 9.254999999999999 7.9280000000000115
      vertex -10.735000000000003 9.225 7.9280000000000115
    endloop
  endfacet
  facet normal 0.7071067811865684 -0.7071067811865266 0
    outer loop
      vertex -10.675000000000002 9.285 6.2733333333333405
      vertex -10.675000000000002 9.285 7.9280000000000115
      vertex -10.705000000000002 9.254999999999999 7.9280000000000115
    endloop
  endfacet
  facet normal 0.7071067811865476 -0.7071067811865476 0
    outer loop
      vertex -10.645000000000003 9.315 6.2733333333333405
      vertex -10.645000000000003 9.315 7.9280000000000115
      vertex -10.675000000000002 9.285 7.9280000000000115
    endloop
  endfacet
  facet normal 0.7071067811865266 -0.7071067811865684 0
    outer loop
      vertex -10.615000000000002 9.344999999999999 6.2733333333333405
      vertex -10.615000000000002 9.344999999999999 7.9280000000000115
      vertex -10.645000000000003 9.315 7.9280000000000115
    endloop
  endfacet
  facet normal 0.7071067811865684 -0.7071067811865266 0
    outer loop
      vertex -10.585000000000003 9.375 6.2733333333333405
      vertex -10.585000000000003 9.375 7.9280000000000115
      vertex -10.615000000000002 9.344999999999999 7.9280000000000115
    endloop
  endfacet
  facet normal 0.7071067811865266 -0.7071067811865684 0
    outer loop
      vertex -10.555000000000001 9.405 6.2733333333333405
      vertex -10.555000000000001 9.405 7.9280000000000115
      vertex -10.585000000000003 9.375 7.9280000000000115
    endloop
  endfacet
  facet normal 0.7071067811865476 -0.7071067811865476 5.139807101913979e-19
    outer loop
      vertex -10.555000000000001 9.405 7.9280000000000115
      vertex -10.525000000000002 9.434999999999999 6.2733333333333405
      vertex -10.525000000000002 9.434999999999999 7.9280000000000115
    endloop
  endfacet
  facet normal 0.7071067811865684 -0.7071067811865266 0
    outer loop
      vertex -10.495000000000003 9.465 6.2733333333333405
      vertex -10.495000000000003 9.465 7.9280000000000115
      vertex -10.525000000000002 9.434999999999999 7.9280000000000115
    endloop
  endfacet
  facet normal 0.7071067811865476 -0.7071067811865476 0
    outer loop
      vertex -10.465000000000003 9.495 6.2733333333333405
      vertex -10.465000000000003 9.495 7.9280000000000115
      vertex -10.495000000000003 9.465 7.9280000000000115
    endloop
  endfacet
  facet normal 0.7071067811865476 -0.7071067811865476 0
    outer loop
      vertex -10.435000000000002 9.525 6.2733333333333405
      vertex -10.435000000000002 9.525 7.9280000000000115
      vertex -10.465000000000003 9.495 7.9280000000000115
    endloop
  endfacet
  facet normal 0.7071067811865266 -0.7071067811865684 0
    outer loop
      vertex -10.405000000000001 9.555 6.2733333333333405
      vertex -10.405000000000001 9.555 7.9280000000000115
      vertex -10.435000000000002 9.525 7.9280000000000115
    endloop
  endfacet
  facet normal 0.7071067811865476 -0.7071067811865476 0
    outer loop
      vertex -10.375000000000002 9.584999999999999 6.2733333333333405
      vertex -10.375000000000002 9.584999999999999 7.9280000000000115
      vertex -10.405000000000001 9.555 7.9280000000000115
    endloop
  endfacet
  facet normal 0.7071067811865684 -0.7071067811865266 0
    outer loop
      vertex -10.375000000000002 9.584999999999999 6.2733333333333405
      vertex -10.345000000000002 9.615 6.2733333333333405
      vertex -10.375000000000002 9.584999999999999 7.9280000000000115
    endloop
  endfacet
  facet normal 0.7071067811865266 -0.7071067811865684 0
    outer loop
      vertex -10.345000000000002 9.615 6.2733333333333405
      vertex -10.315000000000001 9.645 6.2733333333333405
      vertex -10.345000000000002 9.615 7.9280000000000115
    endloop
  endfacet
  facet normal 0.7071067811865476 -0.7071067811865476 0
    outer loop
      vertex -10.315000000000001 9.645 6.2733333333333405
      vertex -10.285000000000002 9.674999999999999 6.2733333333333405
      vertex -10.315000000000001 9.645 7.9280000000000115
    endloop
  endfacet
  facet normal 0.7071067811865684 -0.7071067811865266 0
    outer loop
      vertex -10.285000000000002 9.674999999999999 6.2733333333333405
      vertex -10.255000000000003 9.705 6.2733333333333405
      vertex -10.285000000000002 9.674999999999999 7.9280000000000115
    endloop
  endfacet
  facet normal 0.7071067811865266 -0.7071067811865684 0
    outer loop
      vertex -10.255000000000003 9.705 6.2733333333333405
      vertex -10.225000000000001 9.735 6.2733333333333405
      vertex -10.255000000000003 9.705 7.9280000000000115
    endloop
  endfacet
  facet normal 0.7071067811865476 -0.7071067811865476 0
    outer loop
      vertex -10.225000000000001 9.735 6.2733333333333405
      vertex -10.195000000000002 9.764999999999999 6.2733333333333405
      vertex -10.225000000000001 9.735 7.9280000000000115
    endloop
  endfacet
  facet normal 0.7071067811865684 -0.7071067811865266 0
    outer loop
      vertex -10.195000000000002 9.764999999999999 6.2733333333333405
      vertex -10.165000000000003 9.795 6.2733333333333405
      vertex -10.195000000000002 9.764999999999999 7.9280000000000115
    endloop
  endfacet
  facet normal 0.7071067811865266 -0.7071067811865684 0
    outer loop
      vertex -10.165000000000003 9.795 6.2733333333333405
      vertex -10.135000000000002 9.825 6.2733333333333405
      vertex -10.165000000000003 9.795 7.9280000000000115
    endloop
  endfacet
  facet normal 0.7071067811865684 -0.7071067811865266 0
    outer loop
      vertex -10.135000000000002 9.825 6.2733333333333405
      vertex -10.105000000000002 9.855 6.2733333333333405
      vertex -10.135000000000002 9.825 7.9280000000000115
    endloop
  endfacet
  facet normal 0.7071067811865476 -0.7071067811865476 0
    outer loop
      vertex -10.105000000000002 9.855 6.2733333333333405
      vertex -10.075000000000003 9.885 6.2733333333333405
      vertex -10.105000000000002 9.855 7.9280000000000115
    endloop
  endfacet
  facet normal 0.7071067811865266 -0.7071067811865684 0
    outer loop
      vertex -10.075000000000003 9.885 6.2733333333333405
      vertex -10.045000000000002 9.915 6.2733333333333405
      vertex -10.075000000000003 9.885 7.9280000000000115
    endloop
  endfacet
  facet normal 0.7071067811865684 -0.7071067811865266 0
    outer loop
      vertex -10.345000000000002 9.615 6.2733333333333405
      vertex -10.345000000000002 9.615 7.9280000000000115
      vertex -10.375000000000002 9.584999999999999 7.9280000000000115
    endloop
  endfacet
  facet normal 0.7071067811865266 -0.7071067811865684 0
    outer loop
      vertex -10.315000000000001 9.645 6.2733333333333405
      vertex -10.315000000000001 9.645 7.9280000000000115
      vertex -10.345000000000002 9.615 7.9280000000000115
    endloop
  endfacet
  facet normal 0.7071067811865476 -0.7071067811865476 0
    outer loop
      vertex -10.285000000000002 9.674999999999999 6.2733333333333405
      vertex -10.285000000000002 9.674999999999999 7.9280000000000115
      vertex -10.315000000000001 9.645 7.9280000000000115
    endloop
  endfacet
  facet normal 0.7071067811865684 -0.7071067811865266 0
    outer loop
      vertex -10.255000000000003 9.705 6.2733333333333405
      vertex -10.255000000000003 9.705 7.9280000000000115
      vertex -10.285000000000002 9.674999999999999 7.9280000000000115
    endloop
  endfacet
  facet normal 0.7071067811865266 -0.7071067811865684 0
    outer loop
      vertex -10.225000000000001 9.735 6.2733333333333405
      vertex -10.225000000000001 9.735 7.9280000000000115
      vertex -10.255000000000003 9.705 7.9280000000000115
    endloop
  endfacet
  facet normal 0.7071067811865476 -0.7071067811865476 0
    outer loop
      vertex -10.195000000000002 9.764999999999999 6.2733333333333405
      vertex -10.195000000000002 9.764999999999999 7.9280000000000115
      vertex -10.225000000000001 9.735 7.9280000000000115
    endloop
  endfacet
  facet normal 0.7071067811865684 -0.7071067811865266 0
    outer loop
      vertex -10.165000000000003 9.795 6.2733333333333405
      vertex -10.165000000000003 9.795 7.9280000000000115
      vertex -10.195000000000002 9.764999999999999 7.9280000000000115
    endloop
  endfacet
  facet normal 0.7071067811865266 -0.7071067811865684 0
    outer loop
      vertex -10.135000000000002 9.825 6.2733333333333405
      vertex -10.135000000000002 9.825 7.9280000000000115
      vertex -10.165000000000003 9.795 7.9280000000000115
    endloop
  endfacet
  facet normal 0.7071067811865684 -0.7071067811865266 0
    outer loop
      vertex -10.105000000000002 9.855 6.2733333333333405
      vertex -10.105000000000002 9.855 7.9280000000000115
      vertex -10.135000000000002 9.825 7.9280000000000115
    endloop
  endfacet
  facet normal 0.7071067811865476 -0.7071067811865476 0
    outer loop
      vertex -10.075000000000003 9.885 6.2733333333333405
      vertex -10.075000000000003 9.885 7.9280000000000115
      vertex -10.105000000000002 9.855 7.9280000000000115
    endloop
  endfacet
  facet normal 0.7071067811865684 -0.7071067811865266 0
    outer loop
      vertex -10.045000000000002 9.915 6.2733333333333405
      vertex -10.015000000000002 9.945 6.2733333333333405
      vertex -10.045000000000002 9.915 7.9280000000000115
    endloop
  endfacet
  facet normal 0.7071067811865476 -0.7071067811865476 0
    outer loop
      vertex -10.015000000000002 9.945 6.2733333333333405
      vertex -9.985000000000003 9.975 6.2733333333333405
      vertex -10.015000000000002 9.945 7.9280000000000115
    endloop
  endfacet
  facet normal 0.7071067811865266 -0.7071067811865684 0
    outer loop
      vertex -9.985000000000003 9.975 6.2733333333333405
      vertex -9.955000000000002 10.004999999999999 6.2733333333333405
      vertex -9.985000000000003 9.975 7.9280000000000115
    endloop
  endfacet
  facet normal 0.7071067811865684 -0.7071067811865266 0
    outer loop
      vertex -9.955000000000002 10.004999999999999 6.2733333333333405
      vertex -9.925000000000002 10.035 6.2733333333333405
      vertex -9.955000000000002 10.004999999999999 7.9280000000000115
    endloop
  endfacet
  facet normal 0.7071067811865476 -0.7071067811865476 0
    outer loop
      vertex -9.925000000000002 10.035 6.2733333333333405
      vertex -9.895000000000003 10.065 6.2733333333333405
      vertex -9.925000000000002 10.035 7.9280000000000115
    endloop
  endfacet
  facet normal 0.7071067811865266 -0.7071067811865684 0
    outer loop
      vertex -10.045000000000002 9.915 6.2733333333333405
      vertex -10.045000000000002 9.915 7.9280000000000115
      vertex -10.075000000000003 9.885 7.9280000000000115
    endloop
  endfacet
  facet normal 0.7071067811865684 -0.7071067811865266 0
    outer loop
      vertex -10.015000000000002 9.945 6.2733333333333405
      vertex -10.015000000000002 9.945 7.9280000000000115
      vertex -10.045000000000002 9.915 7.9280000000000115
    endloop
  endfacet
  facet normal 0.7071067811865476 -0.7071067811865476 0
    outer loop
      vertex -9.985000000000003 9.975 6.2733333333333405
      vertex -9.985000000000003 9.975 7.9280000000000115
      vertex -10.015000000000002 9.945 7.9280000000000115
    endloop
  endfacet
  facet normal 0.7071067811865266 -0.7071067811865684 0
    outer loop
      vertex -9.955000000000002 10.004999999999999 6.2733333333333405
      vertex -9.955000000000002 10.004999999999999 7.9280000000000115
      vertex -9.985000000000003 9.975 7.9280000000000115
    endloop
  endfacet
  facet normal 0.7071067811865684 -0.7071067811865266 0
    outer loop
      vertex -9.925000000000002 10.035 6.2733333333333405
      vertex -9.925000000000002 10.035 7.9280000000000115
      vertex -9.955000000000002 10.004999999999999 7.9280000000000115
    endloop
  endfacet
  facet normal 0.7071067811865476 -0.7071067811865476 0
    outer loop
      vertex -9.895000000000003 10.065 6.2733333333333405
      vertex -9.895000000000003 10.065 7.9280000000000115
      vertex -9.925000000000002 10.035 7.9280000000000115
    endloop
  endfacet
  facet normal 0.7071067811865266 -0.7071067811865686 0
    outer loop
      vertex -9.895000000000003 10.065 9.582666666666682
      vertex -9.865000000000002 10.094999999999999 1.8100000000000023
      vertex -9.895000000000003 10.065 11.23733333333334
    endloop
  endfacet
  facet normal 0.7071067811865476 -0.7071067811865476 0
    outer loop
      vertex -11.035000000000002 8.924999999999999 6.2733333333333405
      vertex -11.035000000000002 8.924999999999999 7.9280000000000115
      vertex -11.055000000000001 8.905 9.582666666666682
    endloop
  endfacet
  facet normal 0.7071067811865684 -0.7071067811865266 0
    outer loop
      vertex -11.035000000000002 8.924999999999999 7.9280000000000115
      vertex -11.005000000000003 8.955 7.9280000000000115
      vertex -11.035000000000002 8.924999999999999 9.582666666666682
    endloop
  endfacet
  facet normal 0.7071067811865266 -0.7071067811865684 0
    outer loop
      vertex -11.005000000000003 8.955 7.9280000000000115
      vertex -10.975000000000001 8.985 7.9280000000000115
      vertex -11.005000000000003 8.955 9.582666666666682
    endloop
  endfacet
  facet normal 0.7071067811865476 -0.7071067811865476 0
    outer loop
      vertex -10.975000000000001 8.985 7.9280000000000115
      vertex -10.945000000000002 9.014999999999999 7.9280000000000115
      vertex -10.975000000000001 8.985 9.582666666666682
    endloop
  endfacet
  facet normal 0.7071067811865684 -0.7071067811865266 0
    outer loop
      vertex -10.945000000000002 9.014999999999999 7.9280000000000115
      vertex -10.915000000000003 9.045 7.9280000000000115
      vertex -10.945000000000002 9.014999999999999 9.582666666666682
    endloop
  endfacet
  facet normal 0.7071067811865266 -0.7071067811865684 0
    outer loop
      vertex -10.915000000000003 9.045 7.9280000000000115
      vertex -10.885000000000002 9.075 7.9280000000000115
      vertex -10.915000000000003 9.045 9.582666666666682
    endloop
  endfacet
  facet normal 0.7071067811865684 -0.7071067811865266 0
    outer loop
      vertex -10.885000000000002 9.075 7.9280000000000115
      vertex -10.855000000000002 9.105 7.9280000000000115
      vertex -10.885000000000002 9.075 9.582666666666682
    endloop
  endfacet
  facet normal 0.7071067811865476 -0.7071067811865476 0
    outer loop
      vertex -10.855000000000002 9.105 7.9280000000000115
      vertex -10.825000000000003 9.135 7.9280000000000115
      vertex -10.855000000000002 9.105 9.582666666666682
    endloop
  endfacet
  facet normal 0.7071067811865266 -0.7071067811865684 0
    outer loop
      vertex -10.825000000000003 9.135 7.9280000000000115
      vertex -10.795000000000002 9.165 7.9280000000000115
      vertex -10.825000000000003 9.135 9.582666666666682
    endloop
  endfacet
  facet normal 0.7071067811865684 -0.7071067811865266 0
    outer loop
      vertex -10.795000000000002 9.165 7.9280000000000115
      vertex -10.765000000000002 9.195 7.9280000000000115
      vertex -10.795000000000002 9.165 9.582666666666682
    endloop
  endfacet
  facet normal 0.7071067811865476 -0.7071067811865476 0
    outer loop
      vertex -11.035000000000002 8.924999999999999 7.9280000000000115
      vertex -11.035000000000002 8.924999999999999 9.582666666666682
      vertex -11.055000000000001 8.905 9.582666666666682
    endloop
  endfacet
  facet normal 0.7071067811865684 -0.7071067811865266 0
    outer loop
      vertex -11.005000000000003 8.955 7.9280000000000115
      vertex -11.005000000000003 8.955 9.582666666666682
      vertex -11.035000000000002 8.924999999999999 9.582666666666682
    endloop
  endfacet
  facet normal 0.7071067811865266 -0.7071067811865684 0
    outer loop
      vertex -10.975000000000001 8.985 7.9280000000000115
      vertex -10.975000000000001 8.985 9.582666666666682
      vertex -11.005000000000003 8.955 9.582666666666682
    endloop
  endfacet
  facet normal 0.7071067811865476 -0.7071067811865476 0
    outer loop
      vertex -10.945000000000002 9.014999999999999 7.9280000000000115
      vertex -10.945000000000002 9.014999999999999 9.582666666666682
      vertex -10.975000000000001 8.985 9.582666666666682
    endloop
  endfacet
  facet normal 0.7071067811865684 -0.7071067811865266 0
    outer loop
      vertex -10.915000000000003 9.045 7.9280000000000115
      vertex -10.915000000000003 9.045 9.582666666666682
      vertex -10.945000000000002 9.014999999999999 9.582666666666682
    endloop
  endfacet
  facet normal 0.7071067811865266 -0.7071067811865684 0
    outer loop
      vertex -10.885000000000002 9.075 7.9280000000000115
      vertex -10.885000000000002 9.075 9.582666666666682
      vertex -10.915000000000003 9.045 9.582666666666682
    endloop
  endfacet
  facet normal 0.7071067811865684 -0.7071067811865266 0
    outer loop
      vertex -10.855000000000002 9.105 7.9280000000000115
      vertex -10.855000000000002 9.105 9.582666666666682
      vertex -10.885000000000002 9.075 9.582666666666682
    endloop
  endfacet
  facet normal 0.7071067811865476 -0.7071067811865476 0
    outer loop
      vertex -10.825000000000003 9.135 7.9280000000000115
      vertex -10.825000000000003 9.135 9.582666666666682
      vertex -10.855000000000002 9.105 9.582666666666682
    endloop
  endfacet
  facet normal 0.7071067811865266 -0.7071067811865684 0
    outer loop
      vertex -10.795000000000002 9.165 7.9280000000000115
      vertex -10.795000000000002 9.165 9.582666666666682
      vertex -10.825000000000003 9.135 9.582666666666682
    endloop
  endfacet
  facet normal 0.7071067811865476 -0.7071067811865476 0
    outer loop
      vertex -10.765000000000002 9.195 7.9280000000000115
      vertex -10.735000000000003 9.225 7.9280000000000115
      vertex -10.765000000000002 9.195 9.582666666666682
    endloop
  endfacet
  facet normal 0.7071067811865266 -0.7071067811865684 0
    outer loop
      vertex -10.735000000000003 9.225 7.9280000000000115
      vertex -10.705000000000002 9.254999999999999 7.9280000000000115
      vertex -10.735000000000003 9.225 9.582666666666682
    endloop
  endfacet
  facet normal 0.7071067811865684 -0.7071067811865266 -2.2733762182319874e-19
    outer loop
      vertex -10.795000000000002 9.165 9.582666666666682
      vertex -10.765000000000002 9.195 7.9280000000000115
      vertex -10.765000000000002 9.195 9.582666666666682
    endloop
  endfacet
  facet normal 0.7071067811865476 -0.7071067811865476 0
    outer loop
      vertex -10.735000000000003 9.225 7.9280000000000115
      vertex -10.735000000000003 9.225 9.582666666666682
      vertex -10.765000000000002 9.195 9.582666666666682
    endloop
  endfacet
  facet normal 0.7071067811865266 -0.7071067811865684 0
    outer loop
      vertex -10.705000000000002 9.254999999999999 7.9280000000000115
      vertex -10.705000000000002 9.254999999999999 9.582666666666682
      vertex -10.735000000000003 9.225 9.582666666666682
    endloop
  endfacet
  facet normal 0.7071067811865684 -0.7071067811865266 0
    outer loop
      vertex -10.705000000000002 9.254999999999999 7.9280000000000115
      vertex -10.675000000000002 9.285 7.9280000000000115
      vertex -10.705000000000002 9.254999999999999 9.582666666666682
    endloop
  endfacet
  facet normal 0.7071067811865476 -0.7071067811865476 0
    outer loop
      vertex -10.675000000000002 9.285 7.9280000000000115
      vertex -10.645000000000003 9.315 7.9280000000000115
      vertex -10.675000000000002 9.285 9.582666666666682
    endloop
  endfacet
  facet normal 0.7071067811865266 -0.7071067811865684 0
    outer loop
      vertex -10.645000000000003 9.315 7.9280000000000115
      vertex -10.615000000000002 9.344999999999999 7.9280000000000115
      vertex -10.645000000000003 9.315 9.582666666666682
    endloop
  endfacet
  facet normal 0.7071067811865684 -0.7071067811865266 0
    outer loop
      vertex -10.615000000000002 9.344999999999999 7.9280000000000115
      vertex -10.585000000000003 9.375 7.9280000000000115
      vertex -10.615000000000002 9.344999999999999 9.582666666666682
    endloop
  endfacet
  facet normal 0.7071067811865266 -0.7071067811865684 0
    outer loop
      vertex -10.585000000000003 9.375 7.9280000000000115
      vertex -10.555000000000001 9.405 7.9280000000000115
      vertex -10.585000000000003 9.375 9.582666666666682
    endloop
  endfacet
  facet normal 0.7071067811865476 -0.7071067811865476 0
    outer loop
      vertex -10.555000000000001 9.405 7.9280000000000115
      vertex -10.525000000000002 9.434999999999999 7.9280000000000115
      vertex -10.555000000000001 9.405 9.582666666666682
    endloop
  endfacet
  facet normal 0.7071067811865684 -0.7071067811865266 0
    outer loop
      vertex -10.525000000000002 9.434999999999999 7.9280000000000115
      vertex -10.495000000000003 9.465 7.9280000000000115
      vertex -10.525000000000002 9.434999999999999 9.582666666666682
    endloop
  endfacet
  facet normal 0.7071067811865476 -0.7071067811865476 0
    outer loop
      vertex -10.495000000000003 9.465 7.9280000000000115
      vertex -10.465000000000003 9.495 7.9280000000000115
      vertex -10.495000000000003 9.465 9.582666666666682
    endloop
  endfacet
  facet normal 0.7071067811865476 -0.7071067811865476 0
    outer loop
      vertex -10.465000000000003 9.495 7.9280000000000115
      vertex -10.435000000000002 9.525 7.9280000000000115
      vertex -10.465000000000003 9.495 9.582666666666682
    endloop
  endfacet
  facet normal 0.7071067811865266 -0.7071067811865684 0
    outer loop
      vertex -10.435000000000002 9.525 7.9280000000000115
      vertex -10.405000000000001 9.555 7.9280000000000115
      vertex -10.435000000000002 9.525 9.582666666666682
    endloop
  endfacet
  facet normal 0.7071067811865476 -0.7071067811865476 0
    outer loop
      vertex -10.405000000000001 9.555 7.9280000000000115
      vertex -10.375000000000002 9.584999999999999 7.9280000000000115
      vertex -10.405000000000001 9.555 9.582666666666682
    endloop
  endfacet
  facet normal 0.7071067811865684 -0.7071067811865266 0
    outer loop
      vertex -10.675000000000002 9.285 7.9280000000000115
      vertex -10.675000000000002 9.285 9.582666666666682
      vertex -10.705000000000002 9.254999999999999 9.582666666666682
    endloop
  endfacet
  facet normal 0.7071067811865476 -0.7071067811865476 0
    outer loop
      vertex -10.645000000000003 9.315 7.9280000000000115
      vertex -10.645000000000003 9.315 9.582666666666682
      vertex -10.675000000000002 9.285 9.582666666666682
    endloop
  endfacet
  facet normal 0.7071067811865266 -0.7071067811865684 0
    outer loop
      vertex -10.615000000000002 9.344999999999999 7.9280000000000115
      vertex -10.615000000000002 9.344999999999999 9.582666666666682
      vertex -10.645000000000003 9.315 9.582666666666682
    endloop
  endfacet
  facet normal 0.7071067811865684 -0.7071067811865266 0
    outer loop
      vertex -10.585000000000003 9.375 7.9280000000000115
      vertex -10.585000000000003 9.375 9.582666666666682
      vertex -10.615000000000002 9.344999999999999 9.582666666666682
    endloop
  endfacet
  facet normal 0.7071067811865266 -0.7071067811865684 0
    outer loop
      vertex -10.555000000000001 9.405 7.9280000000000115
      vertex -10.555000000000001 9.405 9.582666666666682
      vertex -10.585000000000003 9.375 9.582666666666682
    endloop
  endfacet
  facet normal 0.7071067811865476 -0.7071067811865476 5.139807101913979e-19
    outer loop
      vertex -10.555000000000001 9.405 9.582666666666682
      vertex -10.525000000000002 9.434999999999999 7.9280000000000115
      vertex -10.525000000000002 9.434999999999999 9.582666666666682
    endloop
  endfacet
  facet normal 0.7071067811865684 -0.7071067811865266 0
    outer loop
      vertex -10.495000000000003 9.465 7.9280000000000115
      vertex -10.495000000000003 9.465 9.582666666666682
      vertex -10.525000000000002 9.434999999999999 9.582666666666682
    endloop
  endfacet
  facet normal 0.7071067811865476 -0.7071067811865476 0
    outer loop
      vertex -10.465000000000003 9.495 7.9280000000000115
      vertex -10.465000000000003 9.495 9.582666666666682
      vertex -10.495000000000003 9.465 9.582666666666682
    endloop
  endfacet
  facet normal 0.7071067811865476 -0.7071067811865476 0
    outer loop
      vertex -10.435000000000002 9.525 7.9280000000000115
      vertex -10.435000000000002 9.525 9.582666666666682
      vertex -10.465000000000003 9.495 9.582666666666682
    endloop
  endfacet
  facet normal 0.7071067811865266 -0.7071067811865684 0
    outer loop
      vertex -10.405000000000001 9.555 7.9280000000000115
      vertex -10.405000000000001 9.555 9.582666666666682
      vertex -10.435000000000002 9.525 9.582666666666682
    endloop
  endfacet
  facet normal 0.7071067811865476 -0.7071067811865476 0
    outer loop
      vertex -10.375000000000002 9.584999999999999 7.9280000000000115
      vertex -10.375000000000002 9.584999999999999 9.582666666666682
      vertex -10.405000000000001 9.555 9.582666666666682
    endloop
  endfacet
  facet normal 0.7071067811865684 -0.7071067811865266 0
    outer loop
      vertex -10.375000000000002 9.584999999999999 7.9280000000000115
      vertex -10.345000000000002 9.615 7.9280000000000115
      vertex -10.375000000000002 9.584999999999999 9.582666666666682
    endloop
  endfacet
  facet normal 0.7071067811865266 -0.7071067811865684 0
    outer loop
      vertex -10.345000000000002 9.615 7.9280000000000115
      vertex -10.315000000000001 9.645 7.9280000000000115
      vertex -10.345000000000002 9.615 9.582666666666682
    endloop
  endfacet
  facet normal 0.7071067811865476 -0.7071067811865476 0
    outer loop
      vertex -10.315000000000001 9.645 7.9280000000000115
      vertex -10.285000000000002 9.674999999999999 7.9280000000000115
      vertex -10.315000000000001 9.645 9.582666666666682
    endloop
  endfacet
  facet normal 0.7071067811865684 -0.7071067811865266 0
    outer loop
      vertex -10.285000000000002 9.674999999999999 7.9280000000000115
      vertex -10.255000000000003 9.705 7.9280000000000115
      vertex -10.285000000000002 9.674999999999999 9.582666666666682
    endloop
  endfacet
  facet normal 0.7071067811865266 -0.7071067811865684 0
    outer loop
      vertex -10.255000000000003 9.705 7.9280000000000115
      vertex -10.225000000000001 9.735 7.9280000000000115
      vertex -10.255000000000003 9.705 9.582666666666682
    endloop
  endfacet
  facet normal 0.7071067811865476 -0.7071067811865476 0
    outer loop
      vertex -10.225000000000001 9.735 7.9280000000000115
      vertex -10.195000000000002 9.764999999999999 7.9280000000000115
      vertex -10.225000000000001 9.735 9.582666666666682
    endloop
  endfacet
  facet normal 0.7071067811865684 -0.7071067811865266 0
    outer loop
      vertex -10.195000000000002 9.764999999999999 7.9280000000000115
      vertex -10.165000000000003 9.795 7.9280000000000115
      vertex -10.195000000000002 9.764999999999999 9.582666666666682
    endloop
  endfacet
  facet normal 0.7071067811865266 -0.7071067811865684 0
    outer loop
      vertex -10.165000000000003 9.795 7.9280000000000115
      vertex -10.135000000000002 9.825 7.9280000000000115
      vertex -10.165000000000003 9.795 9.582666666666682
    endloop
  endfacet
  facet normal 0.7071067811865684 -0.7071067811865266 0
    outer loop
      vertex -10.135000000000002 9.825 7.9280000000000115
      vertex -10.105000000000002 9.855 7.9280000000000115
      vertex -10.135000000000002 9.825 9.582666666666682
    endloop
  endfacet
  facet normal 0.7071067811865476 -0.7071067811865476 0
    outer loop
      vertex -10.105000000000002 9.855 7.9280000000000115
      vertex -10.075000000000003 9.885 7.9280000000000115
      vertex -10.105000000000002 9.855 9.582666666666682
    endloop
  endfacet
  facet normal 0.7071067811865266 -0.7071067811865684 0
    outer loop
      vertex -10.075000000000003 9.885 7.9280000000000115
      vertex -10.045000000000002 9.915 7.9280000000000115
      vertex -10.075000000000003 9.885 9.582666666666682
    endloop
  endfacet
  facet normal 0.7071067811865684 -0.7071067811865266 0
    outer loop
      vertex -10.345000000000002 9.615 7.9280000000000115
      vertex -10.345000000000002 9.615 9.582666666666682
      vertex -10.375000000000002 9.584999999999999 9.582666666666682
    endloop
  endfacet
  facet normal 0.7071067811865266 -0.7071067811865684 0
    outer loop
      vertex -10.315000000000001 9.645 7.9280000000000115
      vertex -10.315000000000001 9.645 9.582666666666682
      vertex -10.345000000000002 9.615 9.582666666666682
    endloop
  endfacet
  facet normal 0.7071067811865476 -0.7071067811865476 0
    outer loop
      vertex -10.285000000000002 9.674999999999999 7.9280000000000115
      vertex -10.285000000000002 9.674999999999999 9.582666666666682
      vertex -10.315000000000001 9.645 9.582666666666682
    endloop
  endfacet
  facet normal 0.7071067811865684 -0.7071067811865266 0
    outer loop
      vertex -10.255000000000003 9.705 7.9280000000000115
      vertex -10.255000000000003 9.705 9.582666666666682
      vertex -10.285000000000002 9.674999999999999 9.582666666666682
    endloop
  endfacet
  facet normal 0.7071067811865266 -0.7071067811865684 0
    outer loop
      vertex -10.225000000000001 9.735 7.9280000000000115
      vertex -10.225000000000001 9.735 9.582666666666682
      vertex -10.255000000000003 9.705 9.582666666666682
    endloop
  endfacet
  facet normal 0.7071067811865476 -0.7071067811865476 0
    outer loop
      vertex -10.195000000000002 9.764999999999999 7.9280000000000115
      vertex -10.195000000000002 9.764999999999999 9.582666666666682
      vertex -10.225000000000001 9.735 9.582666666666682
    endloop
  endfacet
  facet normal 0.7071067811865684 -0.7071067811865266 0
    outer loop
      vertex -10.165000000000003 9.795 7.9280000000000115
      vertex -10.165000000000003 9.795 9.582666666666682
      vertex -10.195000000000002 9.764999999999999 9.582666666666682
    endloop
  endfacet
  facet normal 0.7071067811865266 -0.7071067811865684 0
    outer loop
      vertex -10.135000000000002 9.825 7.9280000000000115
      vertex -10.135000000000002 9.825 9.582666666666682
      vertex -10.165000000000003 9.795 9.582666666666682
    endloop
  endfacet
  facet normal 0.7071067811865684 -0.7071067811865266 0
    outer loop
      vertex -10.105000000000002 9.855 7.9280000000000115
      vertex -10.105000000000002 9.855 9.582666666666682
      vertex -10.135000000000002 9.825 9.582666666666682
    endloop
  endfacet
  facet normal 0.7071067811865476 -0.7071067811865476 0
    outer loop
      vertex -10.075000000000003 9.885 7.9280000000000115
      vertex -10.075000000000003 9.885 9.582666666666682
      vertex -10.105000000000002 9.855 9.582666666666682
    endloop
  endfacet
  facet normal 0.7071067811865266 -0.7071067811865684 -3.691540578116983e-20
    outer loop
      vertex -9.895000000000003 10.065 11.23733333333334
      vertex -9.865000000000002 10.094999999999999 1.8100000000000023
      vertex -9.865000000000002 10.094999999999999 12
    endloop
  endfacet
  facet normal 0.7071067811865684 -0.7071067811865266 0
    outer loop
      vertex -10.045000000000002 9.915 7.9280000000000115
      vertex -10.015000000000002 9.945 7.9280000000000115
      vertex -10.045000000000002 9.915 9.582666666666682
    endloop
  endfacet
  facet normal 0.7071067811865266 -0.7071067811865684 0
    outer loop
      vertex -10.045000000000002 9.915 7.9280000000000115
      vertex -10.045000000000002 9.915 9.582666666666682
      vertex -10.075000000000003 9.885 9.582666666666682
    endloop
  endfacet
  facet normal 0.7071067811865476 -0.7071067811865476 0
    outer loop
      vertex -10.015000000000002 9.945 7.9280000000000115
      vertex -9.985000000000003 9.975 7.9280000000000115
      vertex -10.015000000000002 9.945 9.582666666666682
    endloop
  endfacet
  facet normal 0.7071067811865266 -0.7071067811865684 0
    outer loop
      vertex -9.985000000000003 9.975 7.9280000000000115
      vertex -9.955000000000002 10.004999999999999 7.9280000000000115
      vertex -9.985000000000003 9.975 9.582666666666682
    endloop
  endfacet
  facet normal 0.7071067811865684 -0.7071067811865266 0
    outer loop
      vertex -9.955000000000002 10.004999999999999 7.9280000000000115
      vertex -9.925000000000002 10.035 7.9280000000000115
      vertex -9.955000000000002 10.004999999999999 9.582666666666682
    endloop
  endfacet
  facet normal 0.7071067811865476 -0.7071067811865476 0
    outer loop
      vertex -9.925000000000002 10.035 7.9280000000000115
      vertex -9.895000000000003 10.065 7.9280000000000115
      vertex -9.925000000000002 10.035 9.582666666666682
    endloop
  endfacet
  facet normal 0.7071067811865684 -0.7071067811865266 0
    outer loop
      vertex -10.015000000000002 9.945 7.9280000000000115
      vertex -10.015000000000002 9.945 9.582666666666682
      vertex -10.045000000000002 9.915 9.582666666666682
    endloop
  endfacet
  facet normal 0.7071067811865476 -0.7071067811865476 0
    outer loop
      vertex -9.985000000000003 9.975 7.9280000000000115
      vertex -9.985000000000003 9.975 9.582666666666682
      vertex -10.015000000000002 9.945 9.582666666666682
    endloop
  endfacet
  facet normal 0.7071067811865266 -0.7071067811865684 0
    outer loop
      vertex -9.955000000000002 10.004999999999999 7.9280000000000115
      vertex -9.955000000000002 10.004999999999999 9.582666666666682
      vertex -9.985000000000003 9.975 9.582666666666682
    endloop
  endfacet
  facet normal 0.7071067811865684 -0.7071067811865266 0
    outer loop
      vertex -9.925000000000002 10.035 7.9280000000000115
      vertex -9.925000000000002 10.035 9.582666666666682
      vertex -9.955000000000002 10.004999999999999 9.582666666666682
    endloop
  endfacet
  facet normal 0.7071067811865476 -0.7071067811865476 0
    outer loop
      vertex -9.895000000000003 10.065 7.9280000000000115
      vertex -9.895000000000003 10.065 9.582666666666682
      vertex -9.925000000000002 10.035 9.582666666666682
    endloop
  endfacet
  facet normal 0.7071067811865686 -0.7071067811865266 0
    outer loop
      vertex -11.035000000000002 8.924999999999999 9.582666666666682
      vertex -11.005000000000003 8.955 9.582666666666682
      vertex -11.035000000000002 8.924999999999999 11.23733333333334
    endloop
  endfacet
  facet normal 0.7071067811865266 -0.7071067811865686 0
    outer loop
      vertex -11.005000000000003 8.955 9.582666666666682
      vertex -10.975000000000001 8.985 9.582666666666682
      vertex -11.005000000000003 8.955 11.23733333333334
    endloop
  endfacet
  facet normal 0.7071067811865476 -0.7071067811865476 0
    outer loop
      vertex -10.975000000000001 8.985 9.582666666666682
      vertex -10.945000000000002 9.014999999999999 9.582666666666682
      vertex -10.975000000000001 8.985 11.23733333333334
    endloop
  endfacet
  facet normal 0.7071067811865686 -0.7071067811865266 0
    outer loop
      vertex -10.945000000000002 9.014999999999999 9.582666666666682
      vertex -10.915000000000003 9.045 9.582666666666682
      vertex -10.945000000000002 9.014999999999999 11.23733333333334
    endloop
  endfacet
  facet normal 0.7071067811865266 -0.7071067811865686 0
    outer loop
      vertex -10.915000000000003 9.045 9.582666666666682
      vertex -10.885000000000002 9.075 9.582666666666682
      vertex -10.915000000000003 9.045 11.23733333333334
    endloop
  endfacet
  facet normal 0.7071067811865475 -0.7071067811865475 5.83547963353421e-20
    outer loop
      vertex -11.035000000000002 8.924999999999999 9.582666666666682
      vertex -11.055000000000001 8.905 12
      vertex -11.055000000000001 8.905 9.582666666666682
    endloop
  endfacet
  facet normal 0.7071067811865686 -0.7071067811865266 0
    outer loop
      vertex -10.885000000000002 9.075 9.582666666666682
      vertex -10.855000000000002 9.105 9.582666666666682
      vertex -10.885000000000002 9.075 11.23733333333334
    endloop
  endfacet
  facet normal 0.7071067811865476 -0.7071067811865476 0
    outer loop
      vertex -10.855000000000002 9.105 9.582666666666682
      vertex -10.825000000000003 9.135 9.582666666666682
      vertex -10.855000000000002 9.105 11.23733333333334
    endloop
  endfacet
  facet normal 0.7071067811865266 -0.7071067811865686 0
    outer loop
      vertex -10.825000000000003 9.135 9.582666666666682
      vertex -10.795000000000002 9.165 9.582666666666682
      vertex -10.825000000000003 9.135 11.23733333333334
    endloop
  endfacet
  facet normal 0.7071067811865686 -0.7071067811865266 0
    outer loop
      vertex -10.795000000000002 9.165 9.582666666666682
      vertex -10.765000000000002 9.195 9.582666666666682
      vertex -10.795000000000002 9.165 11.23733333333334
    endloop
  endfacet
  facet normal 0.7071067811865476 -0.7071067811865476 0
    outer loop
      vertex -10.765000000000002 9.195 9.582666666666682
      vertex -10.735000000000003 9.225 9.582666666666682
      vertex -10.765000000000002 9.195 11.23733333333334
    endloop
  endfacet
  facet normal 0.7071067811865266 -0.7071067811865686 0
    outer loop
      vertex -10.735000000000003 9.225 9.582666666666682
      vertex -10.705000000000002 9.254999999999999 9.582666666666682
      vertex -10.735000000000003 9.225 11.23733333333334
    endloop
  endfacet
  facet normal 0.7071067811865686 -0.7071067811865266 0
    outer loop
      vertex -10.705000000000002 9.254999999999999 9.582666666666682
      vertex -10.675000000000002 9.285 9.582666666666682
      vertex -10.705000000000002 9.254999999999999 11.23733333333334
    endloop
  endfacet
  facet normal 0.7071067811865476 -0.7071067811865476 0
    outer loop
      vertex -10.675000000000002 9.285 9.582666666666682
      vertex -10.645000000000003 9.315 9.582666666666682
      vertex -10.675000000000002 9.285 11.23733333333334
    endloop
  endfacet
  facet normal 0.7071067811865266 -0.7071067811865686 0
    outer loop
      vertex -10.645000000000003 9.315 9.582666666666682
      vertex -10.615000000000002 9.344999999999999 9.582666666666682
      vertex -10.645000000000003 9.315 11.23733333333334
    endloop
  endfacet
  facet normal 0.7071067811865686 -0.7071067811865266 0
    outer loop
      vertex -10.615000000000002 9.344999999999999 9.582666666666682
      vertex -10.585000000000003 9.375 9.582666666666682
      vertex -10.615000000000002 9.344999999999999 11.23733333333334
    endloop
  endfacet
  facet normal 0.7071067811865266 -0.7071067811865686 0
    outer loop
      vertex -10.585000000000003 9.375 9.582666666666682
      vertex -10.555000000000001 9.405 9.582666666666682
      vertex -10.585000000000003 9.375 11.23733333333334
    endloop
  endfacet
  facet normal 0.7071067811865476 -0.7071067811865476 0
    outer loop
      vertex -10.555000000000001 9.405 9.582666666666682
      vertex -10.525000000000002 9.434999999999999 9.582666666666682
      vertex -10.555000000000001 9.405 11.23733333333334
    endloop
  endfacet
  facet normal 0.7071067811865686 -0.7071067811865266 0
    outer loop
      vertex -10.525000000000002 9.434999999999999 9.582666666666682
      vertex -10.495000000000003 9.465 9.582666666666682
      vertex -10.525000000000002 9.434999999999999 11.23733333333334
    endloop
  endfacet
  facet normal 0.7071067811865476 -0.7071067811865476 0
    outer loop
      vertex -10.495000000000003 9.465 9.582666666666682
      vertex -10.465000000000003 9.495 9.582666666666682
      vertex -10.495000000000003 9.465 11.23733333333334
    endloop
  endfacet
  facet normal 0.7071067811865476 -0.7071067811865476 0
    outer loop
      vertex -10.465000000000003 9.495 9.582666666666682
      vertex -10.435000000000002 9.525 9.582666666666682
      vertex -10.465000000000003 9.495 11.23733333333334
    endloop
  endfacet
  facet normal 0.7071067811865266 -0.7071067811865686 0
    outer loop
      vertex -10.435000000000002 9.525 9.582666666666682
      vertex -10.405000000000001 9.555 9.582666666666682
      vertex -10.435000000000002 9.525 11.23733333333334
    endloop
  endfacet
  facet normal 0.7071067811865476 -0.7071067811865476 0
    outer loop
      vertex -10.405000000000001 9.555 9.582666666666682
      vertex -10.375000000000002 9.584999999999999 9.582666666666682
      vertex -10.405000000000001 9.555 11.23733333333334
    endloop
  endfacet
  facet normal 0.7071067811865686 -0.7071067811865266 0
    outer loop
      vertex -10.375000000000002 9.584999999999999 9.582666666666682
      vertex -10.345000000000002 9.615 9.582666666666682
      vertex -10.375000000000002 9.584999999999999 11.23733333333334
    endloop
  endfacet
  facet normal 0.7071067811865266 -0.7071067811865686 0
    outer loop
      vertex -10.345000000000002 9.615 9.582666666666682
      vertex -10.315000000000001 9.645 9.582666666666682
      vertex -10.345000000000002 9.615 11.23733333333334
    endloop
  endfacet
  facet normal 0.7071067811865476 -0.7071067811865476 0
    outer loop
      vertex -10.315000000000001 9.645 9.582666666666682
      vertex -10.285000000000002 9.674999999999999 9.582666666666682
      vertex -10.315000000000001 9.645 11.23733333333334
    endloop
  endfacet
  facet normal 0.7071067811865686 -0.7071067811865266 0
    outer loop
      vertex -10.285000000000002 9.674999999999999 9.582666666666682
      vertex -10.255000000000003 9.705 9.582666666666682
      vertex -10.285000000000002 9.674999999999999 11.23733333333334
    endloop
  endfacet
  facet normal 0.7071067811865266 -0.7071067811865686 0
    outer loop
      vertex -10.255000000000003 9.705 9.582666666666682
      vertex -10.225000000000001 9.735 9.582666666666682
      vertex -10.255000000000003 9.705 11.23733333333334
    endloop
  endfacet
  facet normal 0.7071067811865476 -0.7071067811865476 0
    outer loop
      vertex -10.225000000000001 9.735 9.582666666666682
      vertex -10.195000000000002 9.764999999999999 9.582666666666682
      vertex -10.225000000000001 9.735 11.23733333333334
    endloop
  endfacet
  facet normal 0.7071067811865686 -0.7071067811865266 0
    outer loop
      vertex -10.195000000000002 9.764999999999999 9.582666666666682
      vertex -10.165000000000003 9.795 9.582666666666682
      vertex -10.195000000000002 9.764999999999999 11.23733333333334
    endloop
  endfacet
  facet normal 0.7071067811865266 -0.7071067811865686 0
    outer loop
      vertex -10.165000000000003 9.795 9.582666666666682
      vertex -10.135000000000002 9.825 9.582666666666682
      vertex -10.165000000000003 9.795 11.23733333333334
    endloop
  endfacet
  facet normal 0.7071067811865686 -0.7071067811865266 0
    outer loop
      vertex -10.135000000000002 9.825 9.582666666666682
      vertex -10.105000000000002 9.855 9.582666666666682
      vertex -10.135000000000002 9.825 11.23733333333334
    endloop
  endfacet
  facet normal 0.7071067811865476 -0.7071067811865476 0
    outer loop
      vertex -10.105000000000002 9.855 9.582666666666682
      vertex -10.075000000000003 9.885 9.582666666666682
      vertex -10.105000000000002 9.855 11.23733333333334
    endloop
  endfacet
  facet normal 0.7071067811865266 -0.7071067811865686 0
    outer loop
      vertex -10.075000000000003 9.885 9.582666666666682
      vertex -10.045000000000002 9.915 9.582666666666682
      vertex -10.075000000000003 9.885 11.23733333333334
    endloop
  endfacet
  facet normal 0.7071067811865686 -0.7071067811865266 0
    outer loop
      vertex -10.045000000000002 9.915 9.582666666666682
      vertex -10.015000000000002 9.945 9.582666666666682
      vertex -10.045000000000002 9.915 11.23733333333334
    endloop
  endfacet
  facet normal 0.7071067811865476 -0.7071067811865476 0
    outer loop
      vertex -10.015000000000002 9.945 9.582666666666682
      vertex -9.985000000000003 9.975 9.582666666666682
      vertex -10.015000000000002 9.945 11.23733333333334
    endloop
  endfacet
  facet normal 0.7071067811865266 -0.7071067811865686 0
    outer loop
      vertex -9.985000000000003 9.975 9.582666666666682
      vertex -9.955000000000002 10.004999999999999 9.582666666666682
      vertex -9.985000000000003 9.975 11.23733333333334
    endloop
  endfacet
  facet normal 0.7071067811865686 -0.7071067811865266 0
    outer loop
      vertex -9.955000000000002 10.004999999999999 9.582666666666682
      vertex -9.925000000000002 10.035 9.582666666666682
      vertex -9.955000000000002 10.004999999999999 11.23733333333334
    endloop
  endfacet
  facet normal 0.7071067811865476 -0.7071067811865476 0
    outer loop
      vertex -9.925000000000002 10.035 9.582666666666682
      vertex -9.895000000000003 10.065 9.582666666666682
      vertex -9.925000000000002 10.035 11.23733333333334
    endloop
  endfacet
  facet normal -0.7071067811865422 -0.7071067811865526 0
    outer loop
      vertex -2.875000000000002 9.105 4.61866666666667
      vertex -2.875000000000002 9.105 6.2733333333333405
      vertex -2.905000000000002 9.135 6.2733333333333405
    endloop
  endfacet
  facet normal -0.7071067811865422 -0.7071067811865526 0
    outer loop
      vertex -2.905000000000002 9.135 4.61866666666667
      vertex -2.905000000000002 9.135 6.2733333333333405
      vertex -2.935000000000002 9.165 6.2733333333333405
    endloop
  endfacet
  facet normal -0.7071067811865422 -0.7071067811865526 0
    outer loop
      vertex -2.9650000000000016 9.195 4.61866666666667
      vertex -2.9650000000000016 9.195 6.2733333333333405
      vertex -2.9950000000000014 9.225 6.2733333333333405
    endloop
  endfacet
  facet normal -0.7071067811865319 -0.7071067811865632 0
    outer loop
      vertex -2.9950000000000014 9.225 4.61866666666667
      vertex -2.9950000000000014 9.225 6.2733333333333405
      vertex -3.025000000000002 9.254999999999999 6.2733333333333405
    endloop
  endfacet
  facet normal -0.7071067811865632 -0.7071067811865318 0
    outer loop
      vertex -2.935000000000002 9.165 4.61866666666667
      vertex -2.935000000000002 9.165 6.2733333333333405
      vertex -2.9650000000000016 9.195 6.2733333333333405
    endloop
  endfacet
  facet normal -0.7071067811865422 -0.7071067811865526 0
    outer loop
      vertex -3.2350000000000017 9.465 4.61866666666667
      vertex -3.2350000000000017 9.465 6.2733333333333405
      vertex -3.2650000000000015 9.495 6.2733333333333405
    endloop
  endfacet
  facet normal -0.7071067811865422 -0.7071067811865526 0
    outer loop
      vertex -3.325000000000002 9.555 4.61866666666667
      vertex -3.325000000000002 9.555 6.2733333333333405
      vertex -3.3550000000000018 9.584999999999999 6.2733333333333405
    endloop
  endfacet
  facet normal -0.7071067811865422 -0.7071067811865526 0
    outer loop
      vertex -3.295000000000002 9.525 4.61866666666667
      vertex -3.295000000000002 9.525 6.2733333333333405
      vertex -3.325000000000002 9.555 6.2733333333333405
    endloop
  endfacet
  facet normal -0.7071067811865528 -0.7071067811865422 0
    outer loop
      vertex -3.2650000000000015 9.495 4.61866666666667
      vertex -3.2650000000000015 9.495 6.2733333333333405
      vertex -3.295000000000002 9.525 6.2733333333333405
    endloop
  endfacet
  facet normal -0.7071067811865422 -0.7071067811865526 0
    outer loop
      vertex -3.055000000000002 9.285 4.61866666666667
      vertex -3.055000000000002 9.285 6.2733333333333405
      vertex -3.0850000000000017 9.315 6.2733333333333405
    endloop
  endfacet
  facet normal -0.7071067811865422 -0.7071067811865526 0
    outer loop
      vertex -3.0850000000000017 9.315 4.61866666666667
      vertex -3.0850000000000017 9.315 6.2733333333333405
      vertex -3.1150000000000015 9.344999999999999 6.2733333333333405
    endloop
  endfacet
  facet normal -0.707106781186537 -0.7071067811865579 0
    outer loop
      vertex -3.145000000000002 9.375 4.61866666666667
      vertex -3.145000000000002 9.375 6.2733333333333405
      vertex -3.175000000000002 9.405 6.2733333333333405
    endloop
  endfacet
  facet normal -0.7071067811865422 -0.7071067811865526 0
    outer loop
      vertex -3.175000000000002 9.405 4.61866666666667
      vertex -3.175000000000002 9.405 6.2733333333333405
      vertex -3.205000000000002 9.434999999999999 6.2733333333333405
    endloop
  endfacet
  facet normal -0.7071067811865579 -0.7071067811865369 0
    outer loop
      vertex -3.1150000000000015 9.344999999999999 4.61866666666667
      vertex -3.1150000000000015 9.344999999999999 6.2733333333333405
      vertex -3.145000000000002 9.375 6.2733333333333405
    endloop
  endfacet
  facet normal -0.7071067811865632 -0.7071067811865318 0
    outer loop
      vertex -3.025000000000002 9.254999999999999 4.61866666666667
      vertex -3.025000000000002 9.254999999999999 6.2733333333333405
      vertex -3.055000000000002 9.285 6.2733333333333405
    endloop
  endfacet
  facet normal -0.7071067811865632 -0.7071067811865318 0
    outer loop
      vertex -3.205000000000002 9.434999999999999 4.61866666666667
      vertex -3.205000000000002 9.434999999999999 6.2733333333333405
      vertex -3.2350000000000017 9.465 6.2733333333333405
    endloop
  endfacet
  facet normal -0.7071067811865632 -0.7071067811865318 0
    outer loop
      vertex -3.595000000000002 9.825 4.61866666666667
      vertex -3.595000000000002 9.825 6.2733333333333405
      vertex -3.6250000000000018 9.855 6.2733333333333405
    endloop
  endfacet
  facet normal -0.7071067811865632 -0.7071067811865318 0
    outer loop
      vertex -3.685000000000002 9.915 4.61866666666667
      vertex -3.685000000000002 9.915 6.2733333333333405
      vertex -3.7150000000000016 9.945 6.2733333333333405
    endloop
  endfacet
  facet normal -0.707106781186537 -0.7071067811865579 0
    outer loop
      vertex -3.6250000000000018 9.855 4.61866666666667
      vertex -3.6250000000000018 9.855 6.2733333333333405
      vertex -3.655000000000002 9.885 6.2733333333333405
    endloop
  endfacet
  facet normal -0.7071067811865422 -0.7071067811865526 0
    outer loop
      vertex -3.655000000000002 9.885 4.61866666666667
      vertex -3.655000000000002 9.885 6.2733333333333405
      vertex -3.685000000000002 9.915 6.2733333333333405
    endloop
  endfacet
  facet normal -0.707106781186537 -0.7071067811865579 -2.3272755817135913e-20
    outer loop
      vertex -3.8350000000000017 10.065 2.964000000000013
      vertex -3.865000000000002 10.094999999999999 12
      vertex -3.865000000000002 10.094999999999999 1.8100000000000023
    endloop
  endfacet
  facet normal -0.7071067811865632 -0.7071067811865318 0
    outer loop
      vertex -3.7750000000000017 10.004999999999999 4.61866666666667
      vertex -3.7750000000000017 10.004999999999999 6.2733333333333405
      vertex -3.8050000000000015 10.035 6.2733333333333405
    endloop
  endfacet
  facet normal -0.707106781186537 -0.7071067811865579 0
    outer loop
      vertex -3.8050000000000015 10.035 4.61866666666667
      vertex -3.8050000000000015 10.035 6.2733333333333405
      vertex -3.8350000000000017 10.065 6.2733333333333405
    endloop
  endfacet
  facet normal -0.707106781186537 -0.7071067811865579 0
    outer loop
      vertex -3.7150000000000016 9.945 4.61866666666667
      vertex -3.7150000000000016 9.945 6.2733333333333405
      vertex -3.745000000000002 9.975 6.2733333333333405
    endloop
  endfacet
  facet normal -0.7071067811865422 -0.7071067811865526 0
    outer loop
      vertex -3.745000000000002 9.975 4.61866666666667
      vertex -3.745000000000002 9.975 6.2733333333333405
      vertex -3.7750000000000017 10.004999999999999 6.2733333333333405
    endloop
  endfacet
  facet normal -0.707106781186537 -0.7071067811865579 0
    outer loop
      vertex -3.415000000000002 9.645 4.61866666666667
      vertex -3.415000000000002 9.645 6.2733333333333405
      vertex -3.445000000000002 9.674999999999999 6.2733333333333405
    endloop
  endfacet
  facet normal -0.7071067811865422 -0.7071067811865526 0
    outer loop
      vertex -3.5050000000000017 9.735 4.61866666666667
      vertex -3.5050000000000017 9.735 6.2733333333333405
      vertex -3.5350000000000015 9.764999999999999 6.2733333333333405
    endloop
  endfacet
  facet normal -0.7071067811865632 -0.7071067811865318 0
    outer loop
      vertex -3.445000000000002 9.674999999999999 4.61866666666667
      vertex -3.445000000000002 9.674999999999999 6.2733333333333405
      vertex -3.475000000000002 9.705 6.2733333333333405
    endloop
  endfacet
  facet normal -0.7071067811865422 -0.7071067811865526 0
    outer loop
      vertex -3.475000000000002 9.705 4.61866666666667
      vertex -3.475000000000002 9.705 6.2733333333333405
      vertex -3.5050000000000017 9.735 6.2733333333333405
    endloop
  endfacet
  facet normal -0.7071067811865422 -0.7071067811865526 0
    outer loop
      vertex -3.385000000000002 9.615 4.61866666666667
      vertex -3.385000000000002 9.615 6.2733333333333405
      vertex -3.415000000000002 9.645 6.2733333333333405
    endloop
  endfacet
  facet normal -0.7071067811865579 -0.7071067811865369 0
    outer loop
      vertex -3.3550000000000018 9.584999999999999 4.61866666666667
      vertex -3.3550000000000018 9.584999999999999 6.2733333333333405
      vertex -3.385000000000002 9.615 6.2733333333333405
    endloop
  endfacet
  facet normal -0.7071067811865579 -0.7071067811865369 0
    outer loop
      vertex -3.5350000000000015 9.764999999999999 4.61866666666667
      vertex -3.5350000000000015 9.764999999999999 6.2733333333333405
      vertex -3.5650000000000017 9.795 6.2733333333333405
    endloop
  endfacet
  facet normal -0.707106781186537 -0.7071067811865579 0
    outer loop
      vertex -3.5650000000000017 9.795 4.61866666666667
      vertex -3.5650000000000017 9.795 6.2733333333333405
      vertex -3.595000000000002 9.825 6.2733333333333405
    endloop
  endfacet
  facet normal -0.7071067811865422 -0.7071067811865526 -3.286511271877446e-19
    outer loop
      vertex -2.905000000000002 9.135 6.2733333333333405
      vertex -2.935000000000002 9.165 7.9280000000000115
      vertex -2.935000000000002 9.165 6.2733333333333405
    endloop
  endfacet
  facet normal -0.7071067811865422 -0.7071067811865526 0
    outer loop
      vertex -2.905000000000002 9.135 6.2733333333333405
      vertex -2.875000000000002 9.105 6.2733333333333405
      vertex -2.905000000000002 9.135 7.9280000000000115
    endloop
  endfacet
  facet normal -0.7071067811865319 -0.7071067811865632 0
    outer loop
      vertex -3.025000000000002 9.254999999999999 6.2733333333333405
      vertex -2.9950000000000014 9.225 6.2733333333333405
      vertex -3.025000000000002 9.254999999999999 7.9280000000000115
    endloop
  endfacet
  facet normal -0.7071067811865422 -0.7071067811865526 0
    outer loop
      vertex -2.9950000000000014 9.225 6.2733333333333405
      vertex -2.9650000000000016 9.195 6.2733333333333405
      vertex -2.9950000000000014 9.225 7.9280000000000115
    endloop
  endfacet
  facet normal -0.7071067811865632 -0.7071067811865318 4.12667204815604e-19
    outer loop
      vertex -2.935000000000002 9.165 6.2733333333333405
      vertex -2.9650000000000016 9.195 7.9280000000000115
      vertex -2.9650000000000016 9.195 6.2733333333333405
    endloop
  endfacet
  facet normal -0.7071067811865422 -0.7071067811865526 0
    outer loop
      vertex -3.2650000000000015 9.495 6.2733333333333405
      vertex -3.2350000000000017 9.465 6.2733333333333405
      vertex -3.2650000000000015 9.495 7.9280000000000115
    endloop
  endfacet
  facet normal -0.7071067811865422 -0.7071067811865526 -3.286511271877446e-19
    outer loop
      vertex -3.325000000000002 9.555 6.2733333333333405
      vertex -3.3550000000000018 9.584999999999999 7.9280000000000115
      vertex -3.3550000000000018 9.584999999999999 6.2733333333333405
    endloop
  endfacet
  facet normal -0.7071067811865528 -0.7071067811865422 -7.610868208628929e-19
    outer loop
      vertex -3.2650000000000015 9.495 6.2733333333333405
      vertex -3.295000000000002 9.525 7.9280000000000115
      vertex -3.295000000000002 9.525 6.2733333333333405
    endloop
  endfacet
  facet normal -0.7071067811865422 -0.7071067811865526 0
    outer loop
      vertex -3.325000000000002 9.555 6.2733333333333405
      vertex -3.295000000000002 9.525 6.2733333333333405
      vertex -3.325000000000002 9.555 7.9280000000000115
    endloop
  endfacet
  facet normal -0.7071067811865422 -0.7071067811865526 -3.286511271877446e-19
    outer loop
      vertex -3.055000000000002 9.285 6.2733333333333405
      vertex -3.0850000000000017 9.315 7.9280000000000115
      vertex -3.0850000000000017 9.315 6.2733333333333405
    endloop
  endfacet
  facet normal -0.707106781186537 -0.7071067811865579 -1.4332154418409407e-19
    outer loop
      vertex -3.145000000000002 9.375 6.2733333333333405
      vertex -3.175000000000002 9.405 7.9280000000000115
      vertex -3.175000000000002 9.405 6.2733333333333405
    endloop
  endfacet
  facet normal -0.7071067811865422 -0.7071067811865526 -3.286511271877446e-19
    outer loop
      vertex -3.0850000000000017 9.315 6.2733333333333405
      vertex -3.1150000000000015 9.344999999999999 7.9280000000000115
      vertex -3.1150000000000015 9.344999999999999 6.2733333333333405
    endloop
  endfacet
  facet normal -0.7071067811865579 -0.7071067811865369 0
    outer loop
      vertex -3.145000000000002 9.375 6.2733333333333405
      vertex -3.1150000000000015 9.344999999999999 6.2733333333333405
      vertex -3.145000000000002 9.375 7.9280000000000115
    endloop
  endfacet
  facet normal -0.7071067811865632 -0.7071067811865318 4.12667204815604e-19
    outer loop
      vertex -3.025000000000002 9.254999999999999 6.2733333333333405
      vertex -3.055000000000002 9.285 7.9280000000000115
      vertex -3.055000000000002 9.285 6.2733333333333405
    endloop
  endfacet
  facet normal -0.7071067811865422 -0.7071067811865526 -3.286511271877446e-19
    outer loop
      vertex -3.175000000000002 9.405 6.2733333333333405
      vertex -3.205000000000002 9.434999999999999 7.9280000000000115
      vertex -3.205000000000002 9.434999999999999 6.2733333333333405
    endloop
  endfacet
  facet normal -0.7071067811865632 -0.7071067811865318 0
    outer loop
      vertex -3.2350000000000017 9.465 6.2733333333333405
      vertex -3.205000000000002 9.434999999999999 6.2733333333333405
      vertex -3.2350000000000017 9.465 7.9280000000000115
    endloop
  endfacet
  facet normal -0.7071067811865422 -0.7071067811865526 0
    outer loop
      vertex -2.875000000000002 9.105 6.2733333333333405
      vertex -2.875000000000002 9.105 7.9280000000000115
      vertex -2.905000000000002 9.135 7.9280000000000115
    endloop
  endfacet
  facet normal -0.7071067811865422 -0.7071067811865526 0
    outer loop
      vertex -2.905000000000002 9.135 6.2733333333333405
      vertex -2.905000000000002 9.135 7.9280000000000115
      vertex -2.935000000000002 9.165 7.9280000000000115
    endloop
  endfacet
  facet normal -0.7071067811865422 -0.7071067811865526 0
    outer loop
      vertex -2.9650000000000016 9.195 6.2733333333333405
      vertex -2.9650000000000016 9.195 7.9280000000000115
      vertex -2.9950000000000014 9.225 7.9280000000000115
    endloop
  endfacet
  facet normal -0.7071067811865319 -0.7071067811865632 0
    outer loop
      vertex -2.9950000000000014 9.225 6.2733333333333405
      vertex -2.9950000000000014 9.225 7.9280000000000115
      vertex -3.025000000000002 9.254999999999999 7.9280000000000115
    endloop
  endfacet
  facet normal -0.7071067811865632 -0.7071067811865318 0
    outer loop
      vertex -2.935000000000002 9.165 6.2733333333333405
      vertex -2.935000000000002 9.165 7.9280000000000115
      vertex -2.9650000000000016 9.195 7.9280000000000115
    endloop
  endfacet
  facet normal -0.7071067811865422 -0.7071067811865526 0
    outer loop
      vertex -3.2350000000000017 9.465 6.2733333333333405
      vertex -3.2350000000000017 9.465 7.9280000000000115
      vertex -3.2650000000000015 9.495 7.9280000000000115
    endloop
  endfacet
  facet normal -0.7071067811865422 -0.7071067811865526 0
    outer loop
      vertex -3.325000000000002 9.555 6.2733333333333405
      vertex -3.325000000000002 9.555 7.9280000000000115
      vertex -3.3550000000000018 9.584999999999999 7.9280000000000115
    endloop
  endfacet
  facet normal -0.7071067811865422 -0.7071067811865526 0
    outer loop
      vertex -3.295000000000002 9.525 6.2733333333333405
      vertex -3.295000000000002 9.525 7.9280000000000115
      vertex -3.325000000000002 9.555 7.9280000000000115
    endloop
  endfacet
  facet normal -0.7071067811865528 -0.7071067811865422 0
    outer loop
      vertex -3.2650000000000015 9.495 6.2733333333333405
      vertex -3.2650000000000015 9.495 7.9280000000000115
      vertex -3.295000000000002 9.525 7.9280000000000115
    endloop
  endfacet
  facet normal -0.7071067811865422 -0.7071067811865526 0
    outer loop
      vertex -3.055000000000002 9.285 6.2733333333333405
      vertex -3.055000000000002 9.285 7.9280000000000115
      vertex -3.0850000000000017 9.315 7.9280000000000115
    endloop
  endfacet
  facet normal -0.7071067811865422 -0.7071067811865526 0
    outer loop
      vertex -3.0850000000000017 9.315 6.2733333333333405
      vertex -3.0850000000000017 9.315 7.9280000000000115
      vertex -3.1150000000000015 9.344999999999999 7.9280000000000115
    endloop
  endfacet
  facet normal -0.707106781186537 -0.7071067811865579 0
    outer loop
      vertex -3.145000000000002 9.375 6.2733333333333405
      vertex -3.145000000000002 9.375 7.9280000000000115
      vertex -3.175000000000002 9.405 7.9280000000000115
    endloop
  endfacet
  facet normal -0.7071067811865422 -0.7071067811865526 0
    outer loop
      vertex -3.175000000000002 9.405 6.2733333333333405
      vertex -3.175000000000002 9.405 7.9280000000000115
      vertex -3.205000000000002 9.434999999999999 7.9280000000000115
    endloop
  endfacet
  facet normal -0.7071067811865579 -0.7071067811865369 0
    outer loop
      vertex -3.1150000000000015 9.344999999999999 6.2733333333333405
      vertex -3.1150000000000015 9.344999999999999 7.9280000000000115
      vertex -3.145000000000002 9.375 7.9280000000000115
    endloop
  endfacet
  facet normal -0.7071067811865632 -0.7071067811865318 0
    outer loop
      vertex -3.025000000000002 9.254999999999999 6.2733333333333405
      vertex -3.025000000000002 9.254999999999999 7.9280000000000115
      vertex -3.055000000000002 9.285 7.9280000000000115
    endloop
  endfacet
  facet normal -0.7071067811865632 -0.7071067811865318 0
    outer loop
      vertex -3.205000000000002 9.434999999999999 6.2733333333333405
      vertex -3.205000000000002 9.434999999999999 7.9280000000000115
      vertex -3.2350000000000017 9.465 7.9280000000000115
    endloop
  endfacet
  facet normal -0.707106781186537 -0.7071067811865579 0
    outer loop
      vertex -3.655000000000002 9.885 6.2733333333333405
      vertex -3.6250000000000018 9.855 6.2733333333333405
      vertex -3.655000000000002 9.885 7.9280000000000115
    endloop
  endfacet
  facet normal -0.7071067811865632 -0.7071067811865318 4.12667204815604e-19
    outer loop
      vertex -3.595000000000002 9.825 6.2733333333333405
      vertex -3.6250000000000018 9.855 7.9280000000000115
      vertex -3.6250000000000018 9.855 6.2733333333333405
    endloop
  endfacet
  facet normal -0.7071067811865422 -0.7071067811865526 -3.286511271877446e-19
    outer loop
      vertex -3.655000000000002 9.885 6.2733333333333405
      vertex -3.685000000000002 9.915 7.9280000000000115
      vertex -3.685000000000002 9.915 6.2733333333333405
    endloop
  endfacet
  facet normal -0.7071067811865371 -0.707106781186558 0
    outer loop
      vertex -3.8350000000000017 10.065 2.964000000000013
      vertex -3.8350000000000017 10.065 4.61866666666667
      vertex -3.865000000000002 10.094999999999999 12
    endloop
  endfacet
  facet normal -0.707106781186537 -0.7071067811865579 -1.4332154418409407e-19
    outer loop
      vertex -3.8050000000000015 10.035 6.2733333333333405
      vertex -3.8350000000000017 10.065 7.9280000000000115
      vertex -3.8350000000000017 10.065 6.2733333333333405
    endloop
  endfacet
  facet normal -0.7071067811865632 -0.7071067811865318 0
    outer loop
      vertex -3.8050000000000015 10.035 6.2733333333333405
      vertex -3.7750000000000017 10.004999999999999 6.2733333333333405
      vertex -3.8050000000000015 10.035 7.9280000000000115
    endloop
  endfacet
  facet normal -0.707106781186537 -0.7071067811865579 -1.4332154418409407e-19
    outer loop
      vertex -3.7150000000000016 9.945 6.2733333333333405
      vertex -3.745000000000002 9.975 7.9280000000000115
      vertex -3.745000000000002 9.975 6.2733333333333405
    endloop
  endfacet
  facet normal -0.7071067811865632 -0.7071067811865318 0
    outer loop
      vertex -3.7150000000000016 9.945 6.2733333333333405
      vertex -3.685000000000002 9.915 6.2733333333333405
      vertex -3.7150000000000016 9.945 7.9280000000000115
    endloop
  endfacet
  facet normal -0.7071067811865422 -0.7071067811865526 -3.286511271877446e-19
    outer loop
      vertex -3.745000000000002 9.975 6.2733333333333405
      vertex -3.7750000000000017 10.004999999999999 7.9280000000000115
      vertex -3.7750000000000017 10.004999999999999 6.2733333333333405
    endloop
  endfacet
  facet normal -0.707106781186537 -0.7071067811865579 -1.4332154418409407e-19
    outer loop
      vertex -3.415000000000002 9.645 6.2733333333333405
      vertex -3.445000000000002 9.674999999999999 7.9280000000000115
      vertex -3.445000000000002 9.674999999999999 6.2733333333333405
    endloop
  endfacet
  facet normal -0.7071067811865422 -0.7071067811865526 -3.286511271877446e-19
    outer loop
      vertex -3.5050000000000017 9.735 6.2733333333333405
      vertex -3.5350000000000015 9.764999999999999 7.9280000000000115
      vertex -3.5350000000000015 9.764999999999999 6.2733333333333405
    endloop
  endfacet
  facet normal -0.7071067811865632 -0.7071067811865318 0
    outer loop
      vertex -3.475000000000002 9.705 6.2733333333333405
      vertex -3.445000000000002 9.674999999999999 6.2733333333333405
      vertex -3.475000000000002 9.705 7.9280000000000115
    endloop
  endfacet
  facet normal -0.7071067811865422 -0.7071067811865526 0
    outer loop
      vertex -3.5050000000000017 9.735 6.2733333333333405
      vertex -3.475000000000002 9.705 6.2733333333333405
      vertex -3.5050000000000017 9.735 7.9280000000000115
    endloop
  endfacet
  facet normal -0.7071067811865579 -0.7071067811865369 0
    outer loop
      vertex -3.385000000000002 9.615 6.2733333333333405
      vertex -3.3550000000000018 9.584999999999999 6.2733333333333405
      vertex -3.385000000000002 9.615 7.9280000000000115
    endloop
  endfacet
  facet normal -0.7071067811865422 -0.7071067811865526 -3.286511271877446e-19
    outer loop
      vertex -3.385000000000002 9.615 6.2733333333333405
      vertex -3.415000000000002 9.645 7.9280000000000115
      vertex -3.415000000000002 9.645 6.2733333333333405
    endloop
  endfacet
  facet normal -0.7071067811865579 -0.7071067811865369 0
    outer loop
      vertex -3.5650000000000017 9.795 6.2733333333333405
      vertex -3.5350000000000015 9.764999999999999 6.2733333333333405
      vertex -3.5650000000000017 9.795 7.9280000000000115
    endloop
  endfacet
  facet normal -0.707106781186537 -0.7071067811865579 -1.4332154418409407e-19
    outer loop
      vertex -3.5650000000000017 9.795 6.2733333333333405
      vertex -3.595000000000002 9.825 7.9280000000000115
      vertex -3.595000000000002 9.825 6.2733333333333405
    endloop
  endfacet
  facet normal -0.7071067811865632 -0.7071067811865318 0
    outer loop
      vertex -3.595000000000002 9.825 6.2733333333333405
      vertex -3.595000000000002 9.825 7.9280000000000115
      vertex -3.6250000000000018 9.855 7.9280000000000115
    endloop
  endfacet
  facet normal -0.7071067811865632 -0.7071067811865318 0
    outer loop
      vertex -3.685000000000002 9.915 6.2733333333333405
      vertex -3.685000000000002 9.915 7.9280000000000115
      vertex -3.7150000000000016 9.945 7.9280000000000115
    endloop
  endfacet
  facet normal -0.707106781186537 -0.7071067811865579 0
    outer loop
      vertex -3.6250000000000018 9.855 6.2733333333333405
      vertex -3.6250000000000018 9.855 7.9280000000000115
      vertex -3.655000000000002 9.885 7.9280000000000115
    endloop
  endfacet
  facet normal -0.7071067811865422 -0.7071067811865526 0
    outer loop
      vertex -3.655000000000002 9.885 6.2733333333333405
      vertex -3.655000000000002 9.885 7.9280000000000115
      vertex -3.685000000000002 9.915 7.9280000000000115
    endloop
  endfacet
  facet normal -0.7071067811865632 -0.7071067811865318 0
    outer loop
      vertex -3.7750000000000017 10.004999999999999 6.2733333333333405
      vertex -3.7750000000000017 10.004999999999999 7.9280000000000115
      vertex -3.8050000000000015 10.035 7.9280000000000115
    endloop
  endfacet
  facet normal -0.707106781186537 -0.7071067811865579 0
    outer loop
      vertex -3.8050000000000015 10.035 6.2733333333333405
      vertex -3.8050000000000015 10.035 7.9280000000000115
      vertex -3.8350000000000017 10.065 7.9280000000000115
    endloop
  endfacet
  facet normal -0.707106781186537 -0.7071067811865579 0
    outer loop
      vertex -3.7150000000000016 9.945 6.2733333333333405
      vertex -3.7150000000000016 9.945 7.9280000000000115
      vertex -3.745000000000002 9.975 7.9280000000000115
    endloop
  endfacet
  facet normal -0.7071067811865422 -0.7071067811865526 0
    outer loop
      vertex -3.745000000000002 9.975 6.2733333333333405
      vertex -3.745000000000002 9.975 7.9280000000000115
      vertex -3.7750000000000017 10.004999999999999 7.9280000000000115
    endloop
  endfacet
  facet normal -0.707106781186537 -0.7071067811865579 0
    outer loop
      vertex -3.8350000000000017 10.065 4.61866666666667
      vertex -3.8350000000000017 10.065 6.2733333333333405
      vertex -3.865000000000002 10.094999999999999 12
    endloop
  endfacet
  facet normal -0.707106781186537 -0.7071067811865579 0
    outer loop
      vertex -3.415000000000002 9.645 6.2733333333333405
      vertex -3.415000000000002 9.645 7.9280000000000115
      vertex -3.445000000000002 9.674999999999999 7.9280000000000115
    endloop
  endfacet
  facet normal -0.7071067811865422 -0.7071067811865526 0
    outer loop
      vertex -3.5050000000000017 9.735 6.2733333333333405
      vertex -3.5050000000000017 9.735 7.9280000000000115
      vertex -3.5350000000000015 9.764999999999999 7.9280000000000115
    endloop
  endfacet
  facet normal -0.7071067811865632 -0.7071067811865318 0
    outer loop
      vertex -3.445000000000002 9.674999999999999 6.2733333333333405
      vertex -3.445000000000002 9.674999999999999 7.9280000000000115
      vertex -3.475000000000002 9.705 7.9280000000000115
    endloop
  endfacet
  facet normal -0.7071067811865422 -0.7071067811865526 0
    outer loop
      vertex -3.475000000000002 9.705 6.2733333333333405
      vertex -3.475000000000002 9.705 7.9280000000000115
      vertex -3.5050000000000017 9.735 7.9280000000000115
    endloop
  endfacet
  facet normal -0.7071067811865422 -0.7071067811865526 0
    outer loop
      vertex -3.385000000000002 9.615 6.2733333333333405
      vertex -3.385000000000002 9.615 7.9280000000000115
      vertex -3.415000000000002 9.645 7.9280000000000115
    endloop
  endfacet
  facet normal -0.7071067811865579 -0.7071067811865369 0
    outer loop
      vertex -3.3550000000000018 9.584999999999999 6.2733333333333405
      vertex -3.3550000000000018 9.584999999999999 7.9280000000000115
      vertex -3.385000000000002 9.615 7.9280000000000115
    endloop
  endfacet
  facet normal -0.7071067811865579 -0.7071067811865369 0
    outer loop
      vertex -3.5350000000000015 9.764999999999999 6.2733333333333405
      vertex -3.5350000000000015 9.764999999999999 7.9280000000000115
      vertex -3.5650000000000017 9.795 7.9280000000000115
    endloop
  endfacet
  facet normal -0.707106781186537 -0.7071067811865579 0
    outer loop
      vertex -3.5650000000000017 9.795 6.2733333333333405
      vertex -3.5650000000000017 9.795 7.9280000000000115
      vertex -3.595000000000002 9.825 7.9280000000000115
    endloop
  endfacet
  facet normal -0.7071067811865684 -0.7071067811865266 0
    outer loop
      vertex -2.695000000000002 8.924999999999999 4.61866666666667
      vertex -2.695000000000002 8.924999999999999 6.2733333333333405
      vertex -2.7250000000000014 8.955 6.2733333333333405
    endloop
  endfacet
  facet normal -0.707106781186537 -0.7071067811865579 0
    outer loop
      vertex -2.7250000000000014 8.955 4.61866666666667
      vertex -2.7250000000000014 8.955 6.2733333333333405
      vertex -2.7550000000000017 8.985 6.2733333333333405
    endloop
  endfacet
  facet normal -0.7071067811865579 -0.7071067811865369 0
    outer loop
      vertex -2.785000000000002 9.014999999999999 4.61866666666667
      vertex -2.785000000000002 9.014999999999999 6.2733333333333405
      vertex -2.815000000000002 9.045 6.2733333333333405
    endloop
  endfacet
  facet normal -0.7071067811865476 -0.7071067811865476 0
    outer loop
      vertex -2.815000000000002 9.045 4.61866666666667
      vertex -2.815000000000002 9.045 6.2733333333333405
      vertex -2.8450000000000015 9.075 6.2733333333333405
    endloop
  endfacet
  facet normal -0.707106781186537 -0.7071067811865579 0
    outer loop
      vertex -2.7550000000000017 8.985 4.61866666666667
      vertex -2.7550000000000017 8.985 6.2733333333333405
      vertex -2.785000000000002 9.014999999999999 6.2733333333333405
    endloop
  endfacet
  facet normal -0.7071067811865397 -0.7071067811865555 0
    outer loop
      vertex -2.695000000000002 8.924999999999999 6.2733333333333405
      vertex -2.675000000000002 8.905 3
      vertex -2.695000000000002 8.924999999999999 7.9280000000000115
    endloop
  endfacet
  facet normal -0.7071067811865528 -0.7071067811865422 0
    outer loop
      vertex -2.8450000000000015 9.075 4.61866666666667
      vertex -2.8450000000000015 9.075 6.2733333333333405
      vertex -2.875000000000002 9.105 6.2733333333333405
    endloop
  endfacet
  facet normal -0.7071067811865684 -0.7071067811865266 2.2733762182319874e-19
    outer loop
      vertex -2.695000000000002 8.924999999999999 6.2733333333333405
      vertex -2.7250000000000014 8.955 7.9280000000000115
      vertex -2.7250000000000014 8.955 6.2733333333333405
    endloop
  endfacet
  facet normal -0.707106781186537 -0.7071067811865579 -1.4332154418409407e-19
    outer loop
      vertex -2.7250000000000014 8.955 6.2733333333333405
      vertex -2.7550000000000017 8.985 7.9280000000000115
      vertex -2.7550000000000017 8.985 6.2733333333333405
    endloop
  endfacet
  facet normal -0.7071067811865476 -0.7071067811865476 -5.139807101913979e-19
    outer loop
      vertex -2.815000000000002 9.045 6.2733333333333405
      vertex -2.8450000000000015 9.075 7.9280000000000115
      vertex -2.8450000000000015 9.075 6.2733333333333405
    endloop
  endfacet
  facet normal -0.7071067811865579 -0.7071067811865369 5.979967878080064e-19
    outer loop
      vertex -2.785000000000002 9.014999999999999 6.2733333333333405
      vertex -2.815000000000002 9.045 7.9280000000000115
      vertex -2.815000000000002 9.045 6.2733333333333405
    endloop
  endfacet
  facet normal -0.707106781186537 -0.7071067811865579 0
    outer loop
      vertex -2.785000000000002 9.014999999999999 6.2733333333333405
      vertex -2.7550000000000017 8.985 6.2733333333333405
      vertex -2.785000000000002 9.014999999999999 7.9280000000000115
    endloop
  endfacet
  facet normal -0.7071067811865528 -0.7071067811865422 -7.610868208628929e-19
    outer loop
      vertex -2.8450000000000015 9.075 6.2733333333333405
      vertex -2.875000000000002 9.105 7.9280000000000115
      vertex -2.875000000000002 9.105 6.2733333333333405
    endloop
  endfacet
  facet normal -0.7071067811865684 -0.7071067811865266 0
    outer loop
      vertex -2.695000000000002 8.924999999999999 6.2733333333333405
      vertex -2.695000000000002 8.924999999999999 7.9280000000000115
      vertex -2.7250000000000014 8.955 7.9280000000000115
    endloop
  endfacet
  facet normal -0.707106781186537 -0.7071067811865579 0
    outer loop
      vertex -2.7250000000000014 8.955 6.2733333333333405
      vertex -2.7250000000000014 8.955 7.9280000000000115
      vertex -2.7550000000000017 8.985 7.9280000000000115
    endloop
  endfacet
  facet normal -0.7071067811865579 -0.7071067811865369 0
    outer loop
      vertex -2.785000000000002 9.014999999999999 6.2733333333333405
      vertex -2.785000000000002 9.014999999999999 7.9280000000000115
      vertex -2.815000000000002 9.045 7.9280000000000115
    endloop
  endfacet
  facet normal -0.7071067811865476 -0.7071067811865476 0
    outer loop
      vertex -2.815000000000002 9.045 6.2733333333333405
      vertex -2.815000000000002 9.045 7.9280000000000115
      vertex -2.8450000000000015 9.075 7.9280000000000115
    endloop
  endfacet
  facet normal -0.707106781186537 -0.7071067811865579 0
    outer loop
      vertex -2.7550000000000017 8.985 6.2733333333333405
      vertex -2.7550000000000017 8.985 7.9280000000000115
      vertex -2.785000000000002 9.014999999999999 7.9280000000000115
    endloop
  endfacet
  facet normal -0.7071067811865528 -0.7071067811865422 0
    outer loop
      vertex -2.8450000000000015 9.075 6.2733333333333405
      vertex -2.8450000000000015 9.075 7.9280000000000115
      vertex -2.875000000000002 9.105 7.9280000000000115
    endloop
  endfacet
  facet normal -0.7071067811865355 -0.7071067811865598 3.49434162343439e-17
    outer loop
      vertex -2.695000000000002 8.924999999999999 7.9280000000000115
      vertex -2.675000000000002 8.905 3
      vertex -2.6750000000000016 8.905 12
    endloop
  endfacet
  facet normal -0.7071067811865422 -0.7071067811865526 -3.286511271877446e-19
    outer loop
      vertex -2.905000000000002 9.135 7.9280000000000115
      vertex -2.935000000000002 9.165 9.582666666666682
      vertex -2.935000000000002 9.165 7.9280000000000115
    endloop
  endfacet
  facet normal -0.7071067811865422 -0.7071067811865526 0
    outer loop
      vertex -2.905000000000002 9.135 7.9280000000000115
      vertex -2.875000000000002 9.105 7.9280000000000115
      vertex -2.905000000000002 9.135 9.582666666666682
    endloop
  endfacet
  facet normal -0.7071067811865319 -0.7071067811865632 0
    outer loop
      vertex -3.025000000000002 9.254999999999999 7.9280000000000115
      vertex -2.9950000000000014 9.225 7.9280000000000115
      vertex -3.025000000000002 9.254999999999999 9.582666666666682
    endloop
  endfacet
  facet normal -0.7071067811865422 -0.7071067811865526 0
    outer loop
      vertex -2.9950000000000014 9.225 7.9280000000000115
      vertex -2.9650000000000016 9.195 7.9280000000000115
      vertex -2.9950000000000014 9.225 9.582666666666682
    endloop
  endfacet
  facet normal -0.7071067811865632 -0.7071067811865318 4.12667204815604e-19
    outer loop
      vertex -2.935000000000002 9.165 7.9280000000000115
      vertex -2.9650000000000016 9.195 9.582666666666682
      vertex -2.9650000000000016 9.195 7.9280000000000115
    endloop
  endfacet
  facet normal -0.7071067811865422 -0.7071067811865526 0
    outer loop
      vertex -2.875000000000002 9.105 7.9280000000000115
      vertex -2.875000000000002 9.105 9.582666666666682
      vertex -2.905000000000002 9.135 9.582666666666682
    endloop
  endfacet
  facet normal -0.7071067811865422 -0.7071067811865526 0
    outer loop
      vertex -2.905000000000002 9.135 7.9280000000000115
      vertex -2.905000000000002 9.135 9.582666666666682
      vertex -2.935000000000002 9.165 9.582666666666682
    endloop
  endfacet
  facet normal -0.7071067811865422 -0.7071067811865526 0
    outer loop
      vertex -2.9650000000000016 9.195 7.9280000000000115
      vertex -2.9650000000000016 9.195 9.582666666666682
      vertex -2.9950000000000014 9.225 9.582666666666682
    endloop
  endfacet
  facet normal -0.7071067811865319 -0.7071067811865632 0
    outer loop
      vertex -2.9950000000000014 9.225 7.9280000000000115
      vertex -2.9950000000000014 9.225 9.582666666666682
      vertex -3.025000000000002 9.254999999999999 9.582666666666682
    endloop
  endfacet
  facet normal -0.7071067811865632 -0.7071067811865318 0
    outer loop
      vertex -2.935000000000002 9.165 7.9280000000000115
      vertex -2.935000000000002 9.165 9.582666666666682
      vertex -2.9650000000000016 9.195 9.582666666666682
    endloop
  endfacet
  facet normal -0.7071067811865422 -0.7071067811865526 0
    outer loop
      vertex -3.2650000000000015 9.495 7.9280000000000115
      vertex -3.2350000000000017 9.465 7.9280000000000115
      vertex -3.2650000000000015 9.495 9.582666666666682
    endloop
  endfacet
  facet normal -0.7071067811865422 -0.7071067811865526 -3.286511271877446e-19
    outer loop
      vertex -3.325000000000002 9.555 7.9280000000000115
      vertex -3.3550000000000018 9.584999999999999 9.582666666666682
      vertex -3.3550000000000018 9.584999999999999 7.9280000000000115
    endloop
  endfacet
  facet normal -0.7071067811865528 -0.7071067811865422 -7.610868208628929e-19
    outer loop
      vertex -3.2650000000000015 9.495 7.9280000000000115
      vertex -3.295000000000002 9.525 9.582666666666682
      vertex -3.295000000000002 9.525 7.9280000000000115
    endloop
  endfacet
  facet normal -0.7071067811865422 -0.7071067811865526 0
    outer loop
      vertex -3.325000000000002 9.555 7.9280000000000115
      vertex -3.295000000000002 9.525 7.9280000000000115
      vertex -3.325000000000002 9.555 9.582666666666682
    endloop
  endfacet
  facet normal -0.7071067811865422 -0.7071067811865526 -3.286511271877446e-19
    outer loop
      vertex -3.055000000000002 9.285 7.9280000000000115
      vertex -3.0850000000000017 9.315 9.582666666666682
      vertex -3.0850000000000017 9.315 7.9280000000000115
    endloop
  endfacet
  facet normal -0.707106781186537 -0.7071067811865579 -1.4332154418409407e-19
    outer loop
      vertex -3.145000000000002 9.375 7.9280000000000115
      vertex -3.175000000000002 9.405 9.582666666666682
      vertex -3.175000000000002 9.405 7.9280000000000115
    endloop
  endfacet
  facet normal -0.7071067811865422 -0.7071067811865526 -3.286511271877446e-19
    outer loop
      vertex -3.0850000000000017 9.315 7.9280000000000115
      vertex -3.1150000000000015 9.344999999999999 9.582666666666682
      vertex -3.1150000000000015 9.344999999999999 7.9280000000000115
    endloop
  endfacet
  facet normal -0.7071067811865579 -0.7071067811865369 0
    outer loop
      vertex -3.145000000000002 9.375 7.9280000000000115
      vertex -3.1150000000000015 9.344999999999999 7.9280000000000115
      vertex -3.145000000000002 9.375 9.582666666666682
    endloop
  endfacet
  facet normal -0.7071067811865632 -0.7071067811865318 4.12667204815604e-19
    outer loop
      vertex -3.025000000000002 9.254999999999999 7.9280000000000115
      vertex -3.055000000000002 9.285 9.582666666666682
      vertex -3.055000000000002 9.285 7.9280000000000115
    endloop
  endfacet
  facet normal -0.7071067811865422 -0.7071067811865526 -3.286511271877446e-19
    outer loop
      vertex -3.175000000000002 9.405 7.9280000000000115
      vertex -3.205000000000002 9.434999999999999 9.582666666666682
      vertex -3.205000000000002 9.434999999999999 7.9280000000000115
    endloop
  endfacet
  facet normal -0.7071067811865632 -0.7071067811865318 0
    outer loop
      vertex -3.2350000000000017 9.465 7.9280000000000115
      vertex -3.205000000000002 9.434999999999999 7.9280000000000115
      vertex -3.2350000000000017 9.465 9.582666666666682
    endloop
  endfacet
  facet normal -0.7071067811865422 -0.7071067811865526 0
    outer loop
      vertex -3.2350000000000017 9.465 7.9280000000000115
      vertex -3.2350000000000017 9.465 9.582666666666682
      vertex -3.2650000000000015 9.495 9.582666666666682
    endloop
  endfacet
  facet normal -0.7071067811865422 -0.7071067811865526 0
    outer loop
      vertex -3.325000000000002 9.555 7.9280000000000115
      vertex -3.325000000000002 9.555 9.582666666666682
      vertex -3.3550000000000018 9.584999999999999 9.582666666666682
    endloop
  endfacet
  facet normal -0.7071067811865422 -0.7071067811865526 0
    outer loop
      vertex -3.295000000000002 9.525 7.9280000000000115
      vertex -3.295000000000002 9.525 9.582666666666682
      vertex -3.325000000000002 9.555 9.582666666666682
    endloop
  endfacet
  facet normal -0.7071067811865528 -0.7071067811865422 0
    outer loop
      vertex -3.2650000000000015 9.495 7.9280000000000115
      vertex -3.2650000000000015 9.495 9.582666666666682
      vertex -3.295000000000002 9.525 9.582666666666682
    endloop
  endfacet
  facet normal -0.7071067811865422 -0.7071067811865526 0
    outer loop
      vertex -3.055000000000002 9.285 7.9280000000000115
      vertex -3.055000000000002 9.285 9.582666666666682
      vertex -3.0850000000000017 9.315 9.582666666666682
    endloop
  endfacet
  facet normal -0.7071067811865422 -0.7071067811865526 0
    outer loop
      vertex -3.0850000000000017 9.315 7.9280000000000115
      vertex -3.0850000000000017 9.315 9.582666666666682
      vertex -3.1150000000000015 9.344999999999999 9.582666666666682
    endloop
  endfacet
  facet normal -0.707106781186537 -0.7071067811865579 0
    outer loop
      vertex -3.145000000000002 9.375 7.9280000000000115
      vertex -3.145000000000002 9.375 9.582666666666682
      vertex -3.175000000000002 9.405 9.582666666666682
    endloop
  endfacet
  facet normal -0.7071067811865422 -0.7071067811865526 0
    outer loop
      vertex -3.175000000000002 9.405 7.9280000000000115
      vertex -3.175000000000002 9.405 9.582666666666682
      vertex -3.205000000000002 9.434999999999999 9.582666666666682
    endloop
  endfacet
  facet normal -0.7071067811865579 -0.7071067811865369 0
    outer loop
      vertex -3.1150000000000015 9.344999999999999 7.9280000000000115
      vertex -3.1150000000000015 9.344999999999999 9.582666666666682
      vertex -3.145000000000002 9.375 9.582666666666682
    endloop
  endfacet
  facet normal -0.7071067811865632 -0.7071067811865318 0
    outer loop
      vertex -3.025000000000002 9.254999999999999 7.9280000000000115
      vertex -3.025000000000002 9.254999999999999 9.582666666666682
      vertex -3.055000000000002 9.285 9.582666666666682
    endloop
  endfacet
  facet normal -0.7071067811865632 -0.7071067811865318 0
    outer loop
      vertex -3.205000000000002 9.434999999999999 7.9280000000000115
      vertex -3.205000000000002 9.434999999999999 9.582666666666682
      vertex -3.2350000000000017 9.465 9.582666666666682
    endloop
  endfacet
  facet normal -0.707106781186537 -0.7071067811865579 0
    outer loop
      vertex -3.655000000000002 9.885 7.9280000000000115
      vertex -3.6250000000000018 9.855 7.9280000000000115
      vertex -3.655000000000002 9.885 9.582666666666682
    endloop
  endfacet
  facet normal -0.7071067811865632 -0.7071067811865318 4.12667204815604e-19
    outer loop
      vertex -3.595000000000002 9.825 7.9280000000000115
      vertex -3.6250000000000018 9.855 9.582666666666682
      vertex -3.6250000000000018 9.855 7.9280000000000115
    endloop
  endfacet
  facet normal -0.7071067811865422 -0.7071067811865526 -3.286511271877446e-19
    outer loop
      vertex -3.655000000000002 9.885 7.9280000000000115
      vertex -3.685000000000002 9.915 9.582666666666682
      vertex -3.685000000000002 9.915 7.9280000000000115
    endloop
  endfacet
  facet normal -0.7071067811865632 -0.7071067811865318 0
    outer loop
      vertex -3.595000000000002 9.825 7.9280000000000115
      vertex -3.595000000000002 9.825 9.582666666666682
      vertex -3.6250000000000018 9.855 9.582666666666682
    endloop
  endfacet
  facet normal -0.7071067811865632 -0.7071067811865318 0
    outer loop
      vertex -3.685000000000002 9.915 7.9280000000000115
      vertex -3.685000000000002 9.915 9.582666666666682
      vertex -3.7150000000000016 9.945 9.582666666666682
    endloop
  endfacet
  facet normal -0.707106781186537 -0.7071067811865579 0
    outer loop
      vertex -3.6250000000000018 9.855 7.9280000000000115
      vertex -3.6250000000000018 9.855 9.582666666666682
      vertex -3.655000000000002 9.885 9.582666666666682
    endloop
  endfacet
  facet normal -0.7071067811865422 -0.7071067811865526 0
    outer loop
      vertex -3.655000000000002 9.885 7.9280000000000115
      vertex -3.655000000000002 9.885 9.582666666666682
      vertex -3.685000000000002 9.915 9.582666666666682
    endloop
  endfacet
  facet normal -0.707106781186537 -0.7071067811865579 -1.4332154418409407e-19
    outer loop
      vertex -3.8050000000000015 10.035 7.9280000000000115
      vertex -3.8350000000000017 10.065 9.582666666666682
      vertex -3.8350000000000017 10.065 7.9280000000000115
    endloop
  endfacet
  facet normal -0.7071067811865632 -0.7071067811865318 0
    outer loop
      vertex -3.8050000000000015 10.035 7.9280000000000115
      vertex -3.7750000000000017 10.004999999999999 7.9280000000000115
      vertex -3.8050000000000015 10.035 9.582666666666682
    endloop
  endfacet
  facet normal -0.707106781186537 -0.7071067811865579 -1.4332154418409407e-19
    outer loop
      vertex -3.7150000000000016 9.945 7.9280000000000115
      vertex -3.745000000000002 9.975 9.582666666666682
      vertex -3.745000000000002 9.975 7.9280000000000115
    endloop
  endfacet
  facet normal -0.7071067811865632 -0.7071067811865318 0
    outer loop
      vertex -3.7150000000000016 9.945 7.9280000000000115
      vertex -3.685000000000002 9.915 7.9280000000000115
      vertex -3.7150000000000016 9.945 9.582666666666682
    endloop
  endfacet
  facet normal -0.7071067811865422 -0.7071067811865526 -3.286511271877446e-19
    outer loop
      vertex -3.745000000000002 9.975 7.9280000000000115
      vertex -3.7750000000000017 10.004999999999999 9.582666666666682
      vertex -3.7750000000000017 10.004999999999999 7.9280000000000115
    endloop
  endfacet
  facet normal -0.707106781186537 -0.7071067811865579 0
    outer loop
      vertex -3.8350000000000017 10.065 6.2733333333333405
      vertex -3.8350000000000017 10.065 7.9280000000000115
      vertex -3.865000000000002 10.094999999999999 12
    endloop
  endfacet
  facet normal -0.7071067811865632 -0.7071067811865318 0
    outer loop
      vertex -3.7750000000000017 10.004999999999999 7.9280000000000115
      vertex -3.7750000000000017 10.004999999999999 9.582666666666682
      vertex -3.8050000000000015 10.035 9.582666666666682
    endloop
  endfacet
  facet normal -0.707106781186537 -0.7071067811865579 0
    outer loop
      vertex -3.8050000000000015 10.035 7.9280000000000115
      vertex -3.8050000000000015 10.035 9.582666666666682
      vertex -3.8350000000000017 10.065 9.582666666666682
    endloop
  endfacet
  facet normal -0.707106781186537 -0.7071067811865579 0
    outer loop
      vertex -3.7150000000000016 9.945 7.9280000000000115
      vertex -3.7150000000000016 9.945 9.582666666666682
      vertex -3.745000000000002 9.975 9.582666666666682
    endloop
  endfacet
  facet normal -0.7071067811865422 -0.7071067811865526 0
    outer loop
      vertex -3.745000000000002 9.975 7.9280000000000115
      vertex -3.745000000000002 9.975 9.582666666666682
      vertex -3.7750000000000017 10.004999999999999 9.582666666666682
    endloop
  endfacet
  facet normal -0.707106781186537 -0.7071067811865579 -1.4332154418409407e-19
    outer loop
      vertex -3.415000000000002 9.645 7.9280000000000115
      vertex -3.445000000000002 9.674999999999999 9.582666666666682
      vertex -3.445000000000002 9.674999999999999 7.9280000000000115
    endloop
  endfacet
  facet normal -0.7071067811865422 -0.7071067811865526 -3.286511271877446e-19
    outer loop
      vertex -3.5050000000000017 9.735 7.9280000000000115
      vertex -3.5350000000000015 9.764999999999999 9.582666666666682
      vertex -3.5350000000000015 9.764999999999999 7.9280000000000115
    endloop
  endfacet
  facet normal -0.7071067811865632 -0.7071067811865318 0
    outer loop
      vertex -3.475000000000002 9.705 7.9280000000000115
      vertex -3.445000000000002 9.674999999999999 7.9280000000000115
      vertex -3.475000000000002 9.705 9.582666666666682
    endloop
  endfacet
  facet normal -0.7071067811865422 -0.7071067811865526 0
    outer loop
      vertex -3.5050000000000017 9.735 7.9280000000000115
      vertex -3.475000000000002 9.705 7.9280000000000115
      vertex -3.5050000000000017 9.735 9.582666666666682
    endloop
  endfacet
  facet normal -0.7071067811865579 -0.7071067811865369 0
    outer loop
      vertex -3.385000000000002 9.615 7.9280000000000115
      vertex -3.3550000000000018 9.584999999999999 7.9280000000000115
      vertex -3.385000000000002 9.615 9.582666666666682
    endloop
  endfacet
  facet normal -0.7071067811865422 -0.7071067811865526 -3.286511271877446e-19
    outer loop
      vertex -3.385000000000002 9.615 7.9280000000000115
      vertex -3.415000000000002 9.645 9.582666666666682
      vertex -3.415000000000002 9.645 7.9280000000000115
    endloop
  endfacet
  facet normal -0.7071067811865579 -0.7071067811865369 0
    outer loop
      vertex -3.5650000000000017 9.795 7.9280000000000115
      vertex -3.5350000000000015 9.764999999999999 7.9280000000000115
      vertex -3.5650000000000017 9.795 9.582666666666682
    endloop
  endfacet
  facet normal -0.707106781186537 -0.7071067811865579 -1.4332154418409407e-19
    outer loop
      vertex -3.5650000000000017 9.795 7.9280000000000115
      vertex -3.595000000000002 9.825 9.582666666666682
      vertex -3.595000000000002 9.825 7.9280000000000115
    endloop
  endfacet
  facet normal -0.707106781186537 -0.7071067811865579 0
    outer loop
      vertex -3.415000000000002 9.645 7.9280000000000115
      vertex -3.415000000000002 9.645 9.582666666666682
      vertex -3.445000000000002 9.674999999999999 9.582666666666682
    endloop
  endfacet
  facet normal -0.7071067811865422 -0.7071067811865526 0
    outer loop
      vertex -3.5050000000000017 9.735 7.9280000000000115
      vertex -3.5050000000000017 9.735 9.582666666666682
      vertex -3.5350000000000015 9.764999999999999 9.582666666666682
    endloop
  endfacet
  facet normal -0.7071067811865632 -0.7071067811865318 0
    outer loop
      vertex -3.445000000000002 9.674999999999999 7.9280000000000115
      vertex -3.445000000000002 9.674999999999999 9.582666666666682
      vertex -3.475000000000002 9.705 9.582666666666682
    endloop
  endfacet
  facet normal -0.7071067811865422 -0.7071067811865526 0
    outer loop
      vertex -3.475000000000002 9.705 7.9280000000000115
      vertex -3.475000000000002 9.705 9.582666666666682
      vertex -3.5050000000000017 9.735 9.582666666666682
    endloop
  endfacet
  facet normal -0.7071067811865422 -0.7071067811865526 0
    outer loop
      vertex -3.385000000000002 9.615 7.9280000000000115
      vertex -3.385000000000002 9.615 9.582666666666682
      vertex -3.415000000000002 9.645 9.582666666666682
    endloop
  endfacet
  facet normal -0.7071067811865579 -0.7071067811865369 0
    outer loop
      vertex -3.3550000000000018 9.584999999999999 7.9280000000000115
      vertex -3.3550000000000018 9.584999999999999 9.582666666666682
      vertex -3.385000000000002 9.615 9.582666666666682
    endloop
  endfacet
  facet normal -0.7071067811865579 -0.7071067811865369 0
    outer loop
      vertex -3.5350000000000015 9.764999999999999 7.9280000000000115
      vertex -3.5350000000000015 9.764999999999999 9.582666666666682
      vertex -3.5650000000000017 9.795 9.582666666666682
    endloop
  endfacet
  facet normal -0.707106781186537 -0.7071067811865579 0
    outer loop
      vertex -3.5650000000000017 9.795 7.9280000000000115
      vertex -3.5650000000000017 9.795 9.582666666666682
      vertex -3.595000000000002 9.825 9.582666666666682
    endloop
  endfacet
  facet normal -0.7071067811865422 -0.7071067811865528 -3.286511271877474e-19
    outer loop
      vertex -2.905000000000002 9.135 9.582666666666682
      vertex -2.935000000000002 9.165 11.23733333333334
      vertex -2.935000000000002 9.165 9.582666666666682
    endloop
  endfacet
  facet normal -0.7071067811865422 -0.7071067811865528 0
    outer loop
      vertex -2.905000000000002 9.135 9.582666666666682
      vertex -2.875000000000002 9.105 9.582666666666682
      vertex -2.905000000000002 9.135 11.23733333333334
    endloop
  endfacet
  facet normal -0.7071067811865318 -0.7071067811865632 0
    outer loop
      vertex -3.025000000000002 9.254999999999999 9.582666666666682
      vertex -2.9950000000000014 9.225 9.582666666666682
      vertex -3.025000000000002 9.254999999999999 11.23733333333334
    endloop
  endfacet
  facet normal -0.7071067811865422 -0.7071067811865528 0
    outer loop
      vertex -2.9950000000000014 9.225 9.582666666666682
      vertex -2.9650000000000016 9.195 9.582666666666682
      vertex -2.9950000000000014 9.225 11.23733333333334
    endloop
  endfacet
  facet normal -0.7071067811865632 -0.7071067811865318 4.1266720481560753e-19
    outer loop
      vertex -2.935000000000002 9.165 9.582666666666682
      vertex -2.9650000000000016 9.195 11.23733333333334
      vertex -2.9650000000000016 9.195 9.582666666666682
    endloop
  endfacet
  facet normal -0.7071067811865422 -0.7071067811865528 0
    outer loop
      vertex -3.2650000000000015 9.495 9.582666666666682
      vertex -3.2350000000000017 9.465 9.582666666666682
      vertex -3.2650000000000015 9.495 11.23733333333334
    endloop
  endfacet
  facet normal -0.7071067811865422 -0.7071067811865528 -3.286511271877474e-19
    outer loop
      vertex -3.325000000000002 9.555 9.582666666666682
      vertex -3.3550000000000018 9.584999999999999 11.23733333333334
      vertex -3.3550000000000018 9.584999999999999 9.582666666666682
    endloop
  endfacet
  facet normal -0.7071067811865527 -0.7071067811865422 -7.610868208628994e-19
    outer loop
      vertex -3.2650000000000015 9.495 9.582666666666682
      vertex -3.295000000000002 9.525 11.23733333333334
      vertex -3.295000000000002 9.525 9.582666666666682
    endloop
  endfacet
  facet normal -0.7071067811865422 -0.7071067811865528 0
    outer loop
      vertex -3.325000000000002 9.555 9.582666666666682
      vertex -3.295000000000002 9.525 9.582666666666682
      vertex -3.325000000000002 9.555 11.23733333333334
    endloop
  endfacet
  facet normal -0.7071067811865422 -0.7071067811865528 -3.286511271877474e-19
    outer loop
      vertex -3.055000000000002 9.285 9.582666666666682
      vertex -3.0850000000000017 9.315 11.23733333333334
      vertex -3.0850000000000017 9.315 9.582666666666682
    endloop
  endfacet
  facet normal -0.7071067811865371 -0.707106781186558 -1.433215441840953e-19
    outer loop
      vertex -3.145000000000002 9.375 9.582666666666682
      vertex -3.175000000000002 9.405 11.23733333333334
      vertex -3.175000000000002 9.405 9.582666666666682
    endloop
  endfacet
  facet normal -0.7071067811865422 -0.7071067811865528 -3.286511271877474e-19
    outer loop
      vertex -3.0850000000000017 9.315 9.582666666666682
      vertex -3.1150000000000015 9.344999999999999 11.23733333333334
      vertex -3.1150000000000015 9.344999999999999 9.582666666666682
    endloop
  endfacet
  facet normal -0.707106781186558 -0.707106781186537 0
    outer loop
      vertex -3.145000000000002 9.375 9.582666666666682
      vertex -3.1150000000000015 9.344999999999999 9.582666666666682
      vertex -3.145000000000002 9.375 11.23733333333334
    endloop
  endfacet
  facet normal -0.7071067811865632 -0.7071067811865318 4.1266720481560753e-19
    outer loop
      vertex -3.025000000000002 9.254999999999999 9.582666666666682
      vertex -3.055000000000002 9.285 11.23733333333334
      vertex -3.055000000000002 9.285 9.582666666666682
    endloop
  endfacet
  facet normal -0.7071067811865422 -0.7071067811865528 -3.286511271877474e-19
    outer loop
      vertex -3.175000000000002 9.405 9.582666666666682
      vertex -3.205000000000002 9.434999999999999 11.23733333333334
      vertex -3.205000000000002 9.434999999999999 9.582666666666682
    endloop
  endfacet
  facet normal -0.7071067811865632 -0.7071067811865318 0
    outer loop
      vertex -3.2350000000000017 9.465 9.582666666666682
      vertex -3.205000000000002 9.434999999999999 9.582666666666682
      vertex -3.2350000000000017 9.465 11.23733333333334
    endloop
  endfacet
  facet normal -0.7071067811865371 -0.707106781186558 0
    outer loop
      vertex -3.655000000000002 9.885 9.582666666666682
      vertex -3.6250000000000018 9.855 9.582666666666682
      vertex -3.655000000000002 9.885 11.23733333333334
    endloop
  endfacet
  facet normal -0.7071067811865632 -0.7071067811865318 4.1266720481560753e-19
    outer loop
      vertex -3.595000000000002 9.825 9.582666666666682
      vertex -3.6250000000000018 9.855 11.23733333333334
      vertex -3.6250000000000018 9.855 9.582666666666682
    endloop
  endfacet
  facet normal -0.7071067811865422 -0.7071067811865528 -3.286511271877474e-19
    outer loop
      vertex -3.655000000000002 9.885 9.582666666666682
      vertex -3.685000000000002 9.915 11.23733333333334
      vertex -3.685000000000002 9.915 9.582666666666682
    endloop
  endfacet
  facet normal -0.707106781186537 -0.7071067811865579 0
    outer loop
      vertex -3.8350000000000017 10.065 7.9280000000000115
      vertex -3.8350000000000017 10.065 9.582666666666682
      vertex -3.865000000000002 10.094999999999999 12
    endloop
  endfacet
  facet normal -0.7071067811865371 -0.707106781186558 -1.433215441840953e-19
    outer loop
      vertex -3.8050000000000015 10.035 9.582666666666682
      vertex -3.8350000000000017 10.065 11.23733333333334
      vertex -3.8350000000000017 10.065 9.582666666666682
    endloop
  endfacet
  facet normal -0.7071067811865632 -0.7071067811865318 0
    outer loop
      vertex -3.8050000000000015 10.035 9.582666666666682
      vertex -3.7750000000000017 10.004999999999999 9.582666666666682
      vertex -3.8050000000000015 10.035 11.23733333333334
    endloop
  endfacet
  facet normal -0.7071067811865371 -0.707106781186558 -1.433215441840953e-19
    outer loop
      vertex -3.7150000000000016 9.945 9.582666666666682
      vertex -3.745000000000002 9.975 11.23733333333334
      vertex -3.745000000000002 9.975 9.582666666666682
    endloop
  endfacet
  facet normal -0.7071067811865632 -0.7071067811865318 0
    outer loop
      vertex -3.7150000000000016 9.945 9.582666666666682
      vertex -3.685000000000002 9.915 9.582666666666682
      vertex -3.7150000000000016 9.945 11.23733333333334
    endloop
  endfacet
  facet normal -0.7071067811865422 -0.7071067811865528 -3.286511271877474e-19
    outer loop
      vertex -3.745000000000002 9.975 9.582666666666682
      vertex -3.7750000000000017 10.004999999999999 11.23733333333334
      vertex -3.7750000000000017 10.004999999999999 9.582666666666682
    endloop
  endfacet
  facet normal -0.7071067811865371 -0.707106781186558 -1.433215441840953e-19
    outer loop
      vertex -3.415000000000002 9.645 9.582666666666682
      vertex -3.445000000000002 9.674999999999999 11.23733333333334
      vertex -3.445000000000002 9.674999999999999 9.582666666666682
    endloop
  endfacet
  facet normal -0.7071067811865422 -0.7071067811865528 -3.286511271877474e-19
    outer loop
      vertex -3.5050000000000017 9.735 9.582666666666682
      vertex -3.5350000000000015 9.764999999999999 11.23733333333334
      vertex -3.5350000000000015 9.764999999999999 9.582666666666682
    endloop
  endfacet
  facet normal -0.7071067811865632 -0.7071067811865318 0
    outer loop
      vertex -3.475000000000002 9.705 9.582666666666682
      vertex -3.445000000000002 9.674999999999999 9.582666666666682
      vertex -3.475000000000002 9.705 11.23733333333334
    endloop
  endfacet
  facet normal -0.7071067811865422 -0.7071067811865528 0
    outer loop
      vertex -3.5050000000000017 9.735 9.582666666666682
      vertex -3.475000000000002 9.705 9.582666666666682
      vertex -3.5050000000000017 9.735 11.23733333333334
    endloop
  endfacet
  facet normal -0.707106781186558 -0.707106781186537 0
    outer loop
      vertex -3.385000000000002 9.615 9.582666666666682
      vertex -3.3550000000000018 9.584999999999999 9.582666666666682
      vertex -3.385000000000002 9.615 11.23733333333334
    endloop
  endfacet
  facet normal -0.7071067811865422 -0.7071067811865528 -3.286511271877474e-19
    outer loop
      vertex -3.385000000000002 9.615 9.582666666666682
      vertex -3.415000000000002 9.645 11.23733333333334
      vertex -3.415000000000002 9.645 9.582666666666682
    endloop
  endfacet
  facet normal -0.707106781186558 -0.707106781186537 0
    outer loop
      vertex -3.5650000000000017 9.795 9.582666666666682
      vertex -3.5350000000000015 9.764999999999999 9.582666666666682
      vertex -3.5650000000000017 9.795 11.23733333333334
    endloop
  endfacet
  facet normal -0.7071067811865371 -0.707106781186558 -1.433215441840953e-19
    outer loop
      vertex -3.5650000000000017 9.795 9.582666666666682
      vertex -3.595000000000002 9.825 11.23733333333334
      vertex -3.595000000000002 9.825 9.582666666666682
    endloop
  endfacet
  facet normal -0.7071067811865684 -0.7071067811865266 2.2733762182319874e-19
    outer loop
      vertex -2.695000000000002 8.924999999999999 7.9280000000000115
      vertex -2.7250000000000014 8.955 9.582666666666682
      vertex -2.7250000000000014 8.955 7.9280000000000115
    endloop
  endfacet
  facet normal -0.707106781186537 -0.7071067811865579 -1.4332154418409407e-19
    outer loop
      vertex -2.7250000000000014 8.955 7.9280000000000115
      vertex -2.7550000000000017 8.985 9.582666666666682
      vertex -2.7550000000000017 8.985 7.9280000000000115
    endloop
  endfacet
  facet normal -0.7071067811865476 -0.7071067811865476 -5.139807101913979e-19
    outer loop
      vertex -2.815000000000002 9.045 7.9280000000000115
      vertex -2.8450000000000015 9.075 9.582666666666682
      vertex -2.8450000000000015 9.075 7.9280000000000115
    endloop
  endfacet
  facet normal -0.7071067811865579 -0.7071067811865369 5.979967878080064e-19
    outer loop
      vertex -2.785000000000002 9.014999999999999 7.9280000000000115
      vertex -2.815000000000002 9.045 9.582666666666682
      vertex -2.815000000000002 9.045 7.9280000000000115
    endloop
  endfacet
  facet normal -0.707106781186537 -0.7071067811865579 0
    outer loop
      vertex -2.785000000000002 9.014999999999999 7.9280000000000115
      vertex -2.7550000000000017 8.985 7.9280000000000115
      vertex -2.785000000000002 9.014999999999999 9.582666666666682
    endloop
  endfacet
  facet normal -0.7071067811865528 -0.7071067811865422 -7.610868208628929e-19
    outer loop
      vertex -2.8450000000000015 9.075 7.9280000000000115
      vertex -2.875000000000002 9.105 9.582666666666682
      vertex -2.875000000000002 9.105 7.9280000000000115
    endloop
  endfacet
  facet normal -0.7071067811865684 -0.7071067811865266 0
    outer loop
      vertex -2.695000000000002 8.924999999999999 7.9280000000000115
      vertex -2.695000000000002 8.924999999999999 9.582666666666682
      vertex -2.7250000000000014 8.955 9.582666666666682
    endloop
  endfacet
  facet normal -0.707106781186537 -0.7071067811865579 0
    outer loop
      vertex -2.7250000000000014 8.955 7.9280000000000115
      vertex -2.7250000000000014 8.955 9.582666666666682
      vertex -2.7550000000000017 8.985 9.582666666666682
    endloop
  endfacet
  facet normal -0.7071067811865579 -0.7071067811865369 0
    outer loop
      vertex -2.785000000000002 9.014999999999999 7.9280000000000115
      vertex -2.785000000000002 9.014999999999999 9.582666666666682
      vertex -2.815000000000002 9.045 9.582666666666682
    endloop
  endfacet
  facet normal -0.7071067811865476 -0.7071067811865476 0
    outer loop
      vertex -2.815000000000002 9.045 7.9280000000000115
      vertex -2.815000000000002 9.045 9.582666666666682
      vertex -2.8450000000000015 9.075 9.582666666666682
    endloop
  endfacet
  facet normal -0.707106781186537 -0.7071067811865579 0
    outer loop
      vertex -2.7550000000000017 8.985 7.9280000000000115
      vertex -2.7550000000000017 8.985 9.582666666666682
      vertex -2.785000000000002 9.014999999999999 9.582666666666682
    endloop
  endfacet
  facet normal -0.7071067811865528 -0.7071067811865422 0
    outer loop
      vertex -2.8450000000000015 9.075 7.9280000000000115
      vertex -2.8450000000000015 9.075 9.582666666666682
      vertex -2.875000000000002 9.105 9.582666666666682
    endloop
  endfacet
  facet normal -0.7071067811865318 -0.7071067811865632 0
    outer loop
      vertex -2.695000000000002 8.924999999999999 7.9280000000000115
      vertex -2.6750000000000016 8.905 12
      vertex -2.695000000000002 8.924999999999999 9.582666666666682
    endloop
  endfacet
  facet normal -0.7071067811865686 -0.7071067811865266 2.273376218232007e-19
    outer loop
      vertex -2.695000000000002 8.924999999999999 9.582666666666682
      vertex -2.7250000000000014 8.955 11.23733333333334
      vertex -2.7250000000000014 8.955 9.582666666666682
    endloop
  endfacet
  facet normal -0.7071067811865371 -0.707106781186558 -1.433215441840953e-19
    outer loop
      vertex -2.7250000000000014 8.955 9.582666666666682
      vertex -2.7550000000000017 8.985 11.23733333333334
      vertex -2.7550000000000017 8.985 9.582666666666682
    endloop
  endfacet
  facet normal -0.7071067811865476 -0.7071067811865476 -5.139807101914023e-19
    outer loop
      vertex -2.815000000000002 9.045 9.582666666666682
      vertex -2.8450000000000015 9.075 11.23733333333334
      vertex -2.8450000000000015 9.075 9.582666666666682
    endloop
  endfacet
  facet normal -0.707106781186558 -0.707106781186537 5.979967878080116e-19
    outer loop
      vertex -2.785000000000002 9.014999999999999 9.582666666666682
      vertex -2.815000000000002 9.045 11.23733333333334
      vertex -2.815000000000002 9.045 9.582666666666682
    endloop
  endfacet
  facet normal -0.7071067811865371 -0.707106781186558 0
    outer loop
      vertex -2.785000000000002 9.014999999999999 9.582666666666682
      vertex -2.7550000000000017 8.985 9.582666666666682
      vertex -2.785000000000002 9.014999999999999 11.23733333333334
    endloop
  endfacet
  facet normal -0.7071067811865527 -0.7071067811865422 -7.610868208628994e-19
    outer loop
      vertex -2.8450000000000015 9.075 9.582666666666682
      vertex -2.875000000000002 9.105 11.23733333333334
      vertex -2.875000000000002 9.105 9.582666666666682
    endloop
  endfacet
  facet normal 0.7071067811865686 -0.7071067811865266 0
    outer loop
      vertex -11.005000000000003 8.955 9.582666666666682
      vertex -11.005000000000003 8.955 11.23733333333334
      vertex -11.035000000000002 8.924999999999999 11.23733333333334
    endloop
  endfacet
  facet normal 0.7071067811865266 -0.7071067811865686 0
    outer loop
      vertex -10.975000000000001 8.985 9.582666666666682
      vertex -10.975000000000001 8.985 11.23733333333334
      vertex -11.005000000000003 8.955 11.23733333333334
    endloop
  endfacet
  facet normal 0.7071067811865476 -0.7071067811865476 0
    outer loop
      vertex -10.945000000000002 9.014999999999999 9.582666666666682
      vertex -10.945000000000002 9.014999999999999 11.23733333333334
      vertex -10.975000000000001 8.985 11.23733333333334
    endloop
  endfacet
  facet normal 0.7071067811865686 -0.7071067811865266 0
    outer loop
      vertex -10.915000000000003 9.045 9.582666666666682
      vertex -10.915000000000003 9.045 11.23733333333334
      vertex -10.945000000000002 9.014999999999999 11.23733333333334
    endloop
  endfacet
  facet normal 0.7071067811865266 -0.7071067811865686 0
    outer loop
      vertex -10.885000000000002 9.075 9.582666666666682
      vertex -10.885000000000002 9.075 11.23733333333334
      vertex -10.915000000000003 9.045 11.23733333333334
    endloop
  endfacet
  facet normal 0.7071067811865686 -0.7071067811865266 0
    outer loop
      vertex -10.855000000000002 9.105 9.582666666666682
      vertex -10.855000000000002 9.105 11.23733333333334
      vertex -10.885000000000002 9.075 11.23733333333334
    endloop
  endfacet
  facet normal 0.7071067811865476 -0.7071067811865476 0
    outer loop
      vertex -10.825000000000003 9.135 9.582666666666682
      vertex -10.825000000000003 9.135 11.23733333333334
      vertex -10.855000000000002 9.105 11.23733333333334
    endloop
  endfacet
  facet normal 0.7071067811865266 -0.7071067811865686 0
    outer loop
      vertex -10.795000000000002 9.165 9.582666666666682
      vertex -10.795000000000002 9.165 11.23733333333334
      vertex -10.825000000000003 9.135 11.23733333333334
    endloop
  endfacet
  facet normal 0.7071067811865476 -0.7071067811865476 0
    outer loop
      vertex -11.035000000000002 8.924999999999999 9.582666666666682
      vertex -11.035000000000002 8.924999999999999 11.23733333333334
      vertex -11.055000000000001 8.905 12
    endloop
  endfacet
  facet normal 0.7071067811865686 -0.7071067811865266 0
    outer loop
      vertex -10.765000000000002 9.195 9.582666666666682
      vertex -10.765000000000002 9.195 11.23733333333334
      vertex -10.795000000000002 9.165 11.23733333333334
    endloop
  endfacet
  facet normal 0.7071067811865476 -0.7071067811865476 0
    outer loop
      vertex -10.735000000000003 9.225 9.582666666666682
      vertex -10.735000000000003 9.225 11.23733333333334
      vertex -10.765000000000002 9.195 11.23733333333334
    endloop
  endfacet
  facet normal 0.7071067811865266 -0.7071067811865686 0
    outer loop
      vertex -10.705000000000002 9.254999999999999 9.582666666666682
      vertex -10.705000000000002 9.254999999999999 11.23733333333334
      vertex -10.735000000000003 9.225 11.23733333333334
    endloop
  endfacet
  facet normal 0.7071067811865686 -0.7071067811865266 0
    outer loop
      vertex -10.675000000000002 9.285 9.582666666666682
      vertex -10.675000000000002 9.285 11.23733333333334
      vertex -10.705000000000002 9.254999999999999 11.23733333333334
    endloop
  endfacet
  facet normal 0.7071067811865476 -0.7071067811865476 0
    outer loop
      vertex -10.645000000000003 9.315 9.582666666666682
      vertex -10.645000000000003 9.315 11.23733333333334
      vertex -10.675000000000002 9.285 11.23733333333334
    endloop
  endfacet
  facet normal 0.7071067811865266 -0.7071067811865686 0
    outer loop
      vertex -10.615000000000002 9.344999999999999 9.582666666666682
      vertex -10.615000000000002 9.344999999999999 11.23733333333334
      vertex -10.645000000000003 9.315 11.23733333333334
    endloop
  endfacet
  facet normal 0.7071067811865686 -0.7071067811865266 0
    outer loop
      vertex -10.585000000000003 9.375 9.582666666666682
      vertex -10.585000000000003 9.375 11.23733333333334
      vertex -10.615000000000002 9.344999999999999 11.23733333333334
    endloop
  endfacet
  facet normal 0.7071067811865266 -0.7071067811865686 0
    outer loop
      vertex -10.555000000000001 9.405 9.582666666666682
      vertex -10.555000000000001 9.405 11.23733333333334
      vertex -10.585000000000003 9.375 11.23733333333334
    endloop
  endfacet
  facet normal 0.7071067811865476 -0.7071067811865476 0
    outer loop
      vertex -10.525000000000002 9.434999999999999 9.582666666666682
      vertex -10.525000000000002 9.434999999999999 11.23733333333334
      vertex -10.555000000000001 9.405 11.23733333333334
    endloop
  endfacet
  facet normal 0.7071067811865686 -0.7071067811865266 0
    outer loop
      vertex -10.495000000000003 9.465 9.582666666666682
      vertex -10.495000000000003 9.465 11.23733333333334
      vertex -10.525000000000002 9.434999999999999 11.23733333333334
    endloop
  endfacet
  facet normal 0.7071067811865476 -0.7071067811865476 0
    outer loop
      vertex -10.465000000000003 9.495 9.582666666666682
      vertex -10.465000000000003 9.495 11.23733333333334
      vertex -10.495000000000003 9.465 11.23733333333334
    endloop
  endfacet
  facet normal 0.7071067811865476 -0.7071067811865476 0
    outer loop
      vertex -10.435000000000002 9.525 9.582666666666682
      vertex -10.435000000000002 9.525 11.23733333333334
      vertex -10.465000000000003 9.495 11.23733333333334
    endloop
  endfacet
  facet normal 0.7071067811865266 -0.7071067811865686 0
    outer loop
      vertex -10.405000000000001 9.555 9.582666666666682
      vertex -10.405000000000001 9.555 11.23733333333334
      vertex -10.435000000000002 9.525 11.23733333333334
    endloop
  endfacet
  facet normal 0.7071067811865476 -0.7071067811865476 0
    outer loop
      vertex -10.375000000000002 9.584999999999999 9.582666666666682
      vertex -10.375000000000002 9.584999999999999 11.23733333333334
      vertex -10.405000000000001 9.555 11.23733333333334
    endloop
  endfacet
  facet normal 0.7071067811865683 -0.7071067811865266 -6.412537582786886e-14
    outer loop
      vertex -11.035000000000002 8.924999999999999 11.23733333333334
      vertex -11.005000000000003 8.955 11.23733333333334
      vertex -9.865000000000002 10.094999999999999 12
    endloop
  endfacet
  facet normal 0.7071067811865266 -0.7071067811865683 6.098381845205836e-14
    outer loop
      vertex -11.005000000000003 8.955 11.23733333333334
      vertex -10.975000000000001 8.985 11.23733333333334
      vertex -9.865000000000002 10.094999999999999 12
    endloop
  endfacet
  facet normal 0.7071067811865475 -0.7071067811865475 -4.666358705877364e-17
    outer loop
      vertex -10.975000000000001 8.985 11.23733333333334
      vertex -10.945000000000002 9.014999999999999 11.23733333333334
      vertex -9.865000000000002 10.094999999999999 12
    endloop
  endfacet
  facet normal 0.7071067811865683 -0.7071067811865266 -5.939588403361686e-14
    outer loop
      vertex -10.945000000000002 9.014999999999999 11.23733333333334
      vertex -10.915000000000003 9.045 11.23733333333334
      vertex -9.865000000000002 10.094999999999999 12
    endloop
  endfacet
  facet normal 0.7071067811865266 -0.7071067811865683 5.605463395436363e-14
    outer loop
      vertex -10.915000000000003 9.045 11.23733333333334
      vertex -10.885000000000002 9.075 11.23733333333334
      vertex -9.865000000000002 10.094999999999999 12
    endloop
  endfacet
  facet normal 0.7071067811865683 -0.7071067811865266 -5.600556856502979e-14
    outer loop
      vertex -10.885000000000002 9.075 11.23733333333334
      vertex -10.855000000000002 9.105 11.23733333333334
      vertex -9.865000000000002 10.094999999999999 12
    endloop
  endfacet
  facet normal 0.7071067811865475 -0.7071067811865475 -1.6294512863394496e-15
    outer loop
      vertex -10.855000000000002 9.105 11.23733333333334
      vertex -10.825000000000003 9.135 11.23733333333334
      vertex -9.865000000000002 10.094999999999999 12
    endloop
  endfacet
  facet normal 0.7071067811865266 -0.7071067811865683 5.101822614081692e-14
    outer loop
      vertex -10.825000000000003 9.135 11.23733333333334
      vertex -10.795000000000002 9.165 11.23733333333334
      vertex -9.865000000000002 10.094999999999999 12
    endloop
  endfacet
  facet normal 0.7071067811865683 -0.7071067811865266 -5.106163013907383e-14
    outer loop
      vertex -10.795000000000002 9.165 11.23733333333334
      vertex -10.765000000000002 9.195 11.23733333333334
      vertex -9.865000000000002 10.094999999999999 12
    endloop
  endfacet
  facet normal 0.7071067811865475 -0.7071067811865475 -1.6177853895747563e-15
    outer loop
      vertex -10.765000000000002 9.195 11.23733333333334
      vertex -10.735000000000003 9.225 11.23733333333334
      vertex -9.865000000000002 10.094999999999999 12
    endloop
  endfacet
  facet normal 0.7071067811865266 -0.7071067811865683 4.608904164312219e-14
    outer loop
      vertex -10.735000000000003 9.225 11.23733333333334
      vertex -10.705000000000002 9.254999999999999 11.23733333333334
      vertex -9.865000000000002 10.094999999999999 12
    endloop
  endfacet
  facet normal 0.7071067811865683 -0.7071067811865266 -4.6117691713117866e-14
    outer loop
      vertex -10.705000000000002 9.254999999999999 11.23733333333334
      vertex -10.675000000000002 9.285 11.23733333333334
      vertex -9.865000000000002 10.094999999999999 12
    endloop
  endfacet
  facet normal 0.7071067811865475 -0.7071067811865475 -1.6061194928100628e-15
    outer loop
      vertex -10.675000000000002 9.285 11.23733333333334
      vertex -10.645000000000003 9.315 11.23733333333334
      vertex -9.865000000000002 10.094999999999999 12
    endloop
  endfacet
  facet normal 0.7071067811865266 -0.7071067811865683 4.1159857145427466e-14
    outer loop
      vertex -10.645000000000003 9.315 11.23733333333334
      vertex -10.615000000000002 9.344999999999999 11.23733333333334
      vertex -9.865000000000002 10.094999999999999 12
    endloop
  endfacet
  facet normal 0.7071067811865686 -0.7071067811865266 0
    outer loop
      vertex -10.345000000000002 9.615 9.582666666666682
      vertex -10.345000000000002 9.615 11.23733333333334
      vertex -10.375000000000002 9.584999999999999 11.23733333333334
    endloop
  endfacet
  facet normal 0.7071067811865266 -0.7071067811865686 0
    outer loop
      vertex -10.315000000000001 9.645 9.582666666666682
      vertex -10.315000000000001 9.645 11.23733333333334
      vertex -10.345000000000002 9.615 11.23733333333334
    endloop
  endfacet
  facet normal 0.7071067811865476 -0.7071067811865476 0
    outer loop
      vertex -10.285000000000002 9.674999999999999 9.582666666666682
      vertex -10.285000000000002 9.674999999999999 11.23733333333334
      vertex -10.315000000000001 9.645 11.23733333333334
    endloop
  endfacet
  facet normal 0.7071067811865686 -0.7071067811865266 0
    outer loop
      vertex -10.255000000000003 9.705 9.582666666666682
      vertex -10.255000000000003 9.705 11.23733333333334
      vertex -10.285000000000002 9.674999999999999 11.23733333333334
    endloop
  endfacet
  facet normal 0.7071067811865266 -0.7071067811865686 0
    outer loop
      vertex -10.225000000000001 9.735 9.582666666666682
      vertex -10.225000000000001 9.735 11.23733333333334
      vertex -10.255000000000003 9.705 11.23733333333334
    endloop
  endfacet
  facet normal 0.7071067811865476 -0.7071067811865476 0
    outer loop
      vertex -10.195000000000002 9.764999999999999 9.582666666666682
      vertex -10.195000000000002 9.764999999999999 11.23733333333334
      vertex -10.225000000000001 9.735 11.23733333333334
    endloop
  endfacet
  facet normal 0.7071067811865686 -0.7071067811865266 0
    outer loop
      vertex -10.165000000000003 9.795 9.582666666666682
      vertex -10.165000000000003 9.795 11.23733333333334
      vertex -10.195000000000002 9.764999999999999 11.23733333333334
    endloop
  endfacet
  facet normal 0.7071067811865266 -0.7071067811865686 0
    outer loop
      vertex -10.135000000000002 9.825 9.582666666666682
      vertex -10.135000000000002 9.825 11.23733333333334
      vertex -10.165000000000003 9.795 11.23733333333334
    endloop
  endfacet
  facet normal 0.7071067811865686 -0.7071067811865266 0
    outer loop
      vertex -10.105000000000002 9.855 9.582666666666682
      vertex -10.105000000000002 9.855 11.23733333333334
      vertex -10.135000000000002 9.825 11.23733333333334
    endloop
  endfacet
  facet normal 0.7071067811865476 -0.7071067811865476 0
    outer loop
      vertex -10.075000000000003 9.885 9.582666666666682
      vertex -10.075000000000003 9.885 11.23733333333334
      vertex -10.105000000000002 9.855 11.23733333333334
    endloop
  endfacet
  facet normal 0.7071067811865683 -0.7071067811865266 -4.1173753287161906e-14
    outer loop
      vertex -10.615000000000002 9.344999999999999 11.23733333333334
      vertex -10.585000000000003 9.375 11.23733333333334
      vertex -9.865000000000002 10.094999999999999 12
    endloop
  endfacet
  facet normal 0.7071067811865266 -0.7071067811865683 3.7932349559630045e-14
    outer loop
      vertex -10.585000000000003 9.375 11.23733333333334
      vertex -10.555000000000001 9.405 11.23733333333334
      vertex -9.865000000000002 10.094999999999999 12
    endloop
  endfacet
  facet normal 0.7071067811865475 -0.7071067811865475 -4.0830638676426935e-17
    outer loop
      vertex -10.555000000000001 9.405 11.23733333333334
      vertex -10.525000000000002 9.434999999999999 11.23733333333334
      vertex -9.865000000000002 10.094999999999999 12
    endloop
  endfacet
  facet normal 0.7071067811865683 -0.7071067811865266 -3.622981486120594e-14
    outer loop
      vertex -10.525000000000002 9.434999999999999 11.23733333333334
      vertex -10.495000000000003 9.465 11.23733333333334
      vertex -9.865000000000002 10.094999999999999 12
    endloop
  endfacet
  facet normal 0.7071067811865475 -0.7071067811865475 -1.6900110151326634e-15
    outer loop
      vertex -10.495000000000003 9.465 11.23733333333334
      vertex -10.465000000000003 9.495 11.23733333333334
      vertex -9.865000000000002 10.094999999999999 12
    endloop
  endfacet
  facet normal 0.7071067811865475 -0.7071067811865475 -1.6160698165210695e-15
    outer loop
      vertex -10.465000000000003 9.495 11.23733333333334
      vertex -10.435000000000002 9.525 11.23733333333334
      vertex -9.865000000000002 10.094999999999999 12
    endloop
  endfacet
  facet normal 0.7071067811865266 -0.7071067811865683 2.966843416028591e-14
    outer loop
      vertex -10.435000000000002 9.525 11.23733333333334
      vertex -10.405000000000001 9.555 11.23733333333334
      vertex -9.865000000000002 10.094999999999999 12
    endloop
  endfacet
  facet normal 0.7071067811865475 -0.7071067811865475 3.7227935263826843e-17
    outer loop
      vertex -10.405000000000001 9.555 11.23733333333334
      vertex -10.375000000000002 9.584999999999999 11.23733333333334
      vertex -9.865000000000002 10.094999999999999 12
    endloop
  endfacet
  facet normal 0.7071067811865683 -0.7071067811865266 -2.8002784282514896e-14
    outer loop
      vertex -10.375000000000002 9.584999999999999 11.23733333333334
      vertex -10.345000000000002 9.615 11.23733333333334
      vertex -9.865000000000002 10.094999999999999 12
    endloop
  endfacet
  facet normal 0.7071067811865266 -0.7071067811865683 2.468563800466519e-14
    outer loop
      vertex -10.345000000000002 9.615 11.23733333333334
      vertex -10.315000000000001 9.645 11.23733333333334
      vertex -9.865000000000002 10.094999999999999 12
    endloop
  endfacet
  facet normal 0.7071067811865475 -0.7071067811865475 -4.717825897473398e-18
    outer loop
      vertex -10.315000000000001 9.645 11.23733333333334
      vertex -10.285000000000002 9.674999999999999 11.23733333333334
      vertex -9.865000000000002 10.094999999999999 12
    endloop
  endfacet
  facet normal 0.7071067811865683 -0.7071067811865266 -2.3058845856558933e-14
    outer loop
      vertex -10.285000000000002 9.674999999999999 11.23733333333334
      vertex -10.255000000000003 9.705 11.23733333333334
      vertex -9.865000000000002 10.094999999999999 12
    endloop
  endfacet
  facet normal 0.7071067811865266 -0.7071067811865683 1.9756453506970464e-14
    outer loop
      vertex -10.255000000000003 9.705 11.23733333333334
      vertex -10.225000000000001 9.735 11.23733333333334
      vertex -9.865000000000002 10.094999999999999 12
    endloop
  endfacet
  facet normal 0.7071067811865475 -0.7071067811865475 6.94807086722001e-18
    outer loop
      vertex -10.225000000000001 9.735 11.23733333333334
      vertex -10.195000000000002 9.764999999999999 11.23733333333334
      vertex -9.865000000000002 10.094999999999999 12
    endloop
  endfacet
  facet normal 0.7071067811865683 -0.7071067811865266 -1.811490743060297e-14
    outer loop
      vertex -10.195000000000002 9.764999999999999 11.23733333333334
      vertex -10.165000000000003 9.795 11.23733333333334
      vertex -9.865000000000002 10.094999999999999 12
    endloop
  endfacet
  facet normal 0.7071067811865266 -0.7071067811865686 0
    outer loop
      vertex -10.045000000000002 9.915 9.582666666666682
      vertex -10.045000000000002 9.915 11.23733333333334
      vertex -10.075000000000003 9.885 11.23733333333334
    endloop
  endfacet
  facet normal 0.7071067811865686 -0.7071067811865266 0
    outer loop
      vertex -10.015000000000002 9.945 9.582666666666682
      vertex -10.015000000000002 9.945 11.23733333333334
      vertex -10.045000000000002 9.915 11.23733333333334
    endloop
  endfacet
  facet normal 0.7071067811865476 -0.7071067811865476 0
    outer loop
      vertex -9.985000000000003 9.975 9.582666666666682
      vertex -9.985000000000003 9.975 11.23733333333334
      vertex -10.015000000000002 9.945 11.23733333333334
    endloop
  endfacet
  facet normal 0.7071067811865266 -0.7071067811865686 0
    outer loop
      vertex -9.955000000000002 10.004999999999999 9.582666666666682
      vertex -9.955000000000002 10.004999999999999 11.23733333333334
      vertex -9.985000000000003 9.975 11.23733333333334
    endloop
  endfacet
  facet normal 0.7071067811865686 -0.7071067811865266 0
    outer loop
      vertex -9.925000000000002 10.035 9.582666666666682
      vertex -9.925000000000002 10.035 11.23733333333334
      vertex -9.955000000000002 10.004999999999999 11.23733333333334
    endloop
  endfacet
  facet normal 0.7071067811865476 -0.7071067811865476 0
    outer loop
      vertex -9.895000000000003 10.065 9.582666666666682
      vertex -9.895000000000003 10.065 11.23733333333334
      vertex -9.925000000000002 10.035 11.23733333333334
    endloop
  endfacet
  facet normal 0.7071067811865266 -0.7071067811865683 1.4827269009275737e-14
    outer loop
      vertex -10.165000000000003 9.795 11.23733333333334
      vertex -10.135000000000002 9.825 11.23733333333334
      vertex -9.865000000000002 10.094999999999999 12
    endloop
  endfacet
  facet normal 0.7071067811865683 -0.7071067811865266 -1.483181527786789e-14
    outer loop
      vertex -10.135000000000002 9.825 11.23733333333334
      vertex -10.105000000000002 9.855 11.23733333333334
      vertex -9.865000000000002 10.094999999999999 12
    endloop
  endfacet
  facet normal 0.7071067811865475 -0.7071067811865475 -1.6562571153024465e-15
    outer loop
      vertex -10.105000000000002 9.855 11.23733333333334
      vertex -10.075000000000003 9.885 11.23733333333334
      vertex -9.865000000000002 10.094999999999999 12
    endloop
  endfacet
  facet normal 0.7071067811865266 -0.7071067811865683 9.871278682618012e-15
    outer loop
      vertex -10.075000000000003 9.885 11.23733333333334
      vertex -10.045000000000002 9.915 11.23733333333334
      vertex -9.865000000000002 10.094999999999999 12
    endloop
  endfacet
  facet normal 0.7071067811865683 -0.7071067811865266 -9.887876851911926e-15
    outer loop
      vertex -10.045000000000002 9.915 11.23733333333334
      vertex -10.015000000000002 9.945 11.23733333333334
      vertex -9.865000000000002 10.094999999999999 12
    endloop
  endfacet
  facet normal 0.7071067811865475 -0.7071067811865475 -1.6445912185377532e-15
    outer loop
      vertex -10.015000000000002 9.945 11.23733333333334
      vertex -9.985000000000003 9.975 11.23733333333334
      vertex -9.865000000000002 10.094999999999999 12
    endloop
  endfacet
  facet normal 0.7071067811865266 -0.7071067811865683 4.942094184923284e-15
    outer loop
      vertex -9.985000000000003 9.975 11.23733333333334
      vertex -9.955000000000002 10.004999999999999 11.23733333333334
      vertex -9.865000000000002 10.094999999999999 12
    endloop
  endfacet
  facet normal 0.7071067811865683 -0.7071067811865266 -4.943938425955963e-15
    outer loop
      vertex -9.955000000000002 10.004999999999999 11.23733333333334
      vertex -9.925000000000002 10.035 11.23733333333334
      vertex -9.865000000000002 10.094999999999999 12
    endloop
  endfacet
  facet normal 0.7071067811865475 -0.7071067811865475 -1.646328236254558e-15
    outer loop
      vertex -9.925000000000002 10.035 11.23733333333334
      vertex -9.895000000000003 10.065 11.23733333333334
      vertex -9.865000000000002 10.094999999999999 12
    endloop
  endfacet
  facet normal 0.7071067811865476 -0.7071067811865476 9.990690135855315e-19
    outer loop
      vertex -11.035000000000002 8.924999999999999 11.23733333333334
      vertex -9.865000000000002 10.094999999999999 12
      vertex -11.055000000000001 8.905 12
    endloop
  endfacet
  facet normal -0.7071067811865422 -0.7071067811865528 0
    outer loop
      vertex -2.875000000000002 9.105 9.582666666666682
      vertex -2.875000000000002 9.105 11.23733333333334
      vertex -2.905000000000002 9.135 11.23733333333334
    endloop
  endfacet
  facet normal -0.7071067811865422 -0.7071067811865528 0
    outer loop
      vertex -2.905000000000002 9.135 9.582666666666682
      vertex -2.905000000000002 9.135 11.23733333333334
      vertex -2.935000000000002 9.165 11.23733333333334
    endloop
  endfacet
  facet normal -0.7071067811865422 -0.7071067811865528 0
    outer loop
      vertex -2.9650000000000016 9.195 9.582666666666682
      vertex -2.9650000000000016 9.195 11.23733333333334
      vertex -2.9950000000000014 9.225 11.23733333333334
    endloop
  endfacet
  facet normal -0.7071067811865318 -0.7071067811865632 0
    outer loop
      vertex -2.9950000000000014 9.225 9.582666666666682
      vertex -2.9950000000000014 9.225 11.23733333333334
      vertex -3.025000000000002 9.254999999999999 11.23733333333334
    endloop
  endfacet
  facet normal -0.7071067811865632 -0.7071067811865318 0
    outer loop
      vertex -2.935000000000002 9.165 9.582666666666682
      vertex -2.935000000000002 9.165 11.23733333333334
      vertex -2.9650000000000016 9.195 11.23733333333334
    endloop
  endfacet
  facet normal -0.7071067811865422 -0.7071067811865528 0
    outer loop
      vertex -3.2350000000000017 9.465 9.582666666666682
      vertex -3.2350000000000017 9.465 11.23733333333334
      vertex -3.2650000000000015 9.495 11.23733333333334
    endloop
  endfacet
  facet normal -0.7071067811865422 -0.7071067811865528 0
    outer loop
      vertex -3.325000000000002 9.555 9.582666666666682
      vertex -3.325000000000002 9.555 11.23733333333334
      vertex -3.3550000000000018 9.584999999999999 11.23733333333334
    endloop
  endfacet
  facet normal -0.7071067811865422 -0.7071067811865528 0
    outer loop
      vertex -3.295000000000002 9.525 9.582666666666682
      vertex -3.295000000000002 9.525 11.23733333333334
      vertex -3.325000000000002 9.555 11.23733333333334
    endloop
  endfacet
  facet normal -0.7071067811865527 -0.7071067811865422 0
    outer loop
      vertex -3.2650000000000015 9.495 9.582666666666682
      vertex -3.2650000000000015 9.495 11.23733333333334
      vertex -3.295000000000002 9.525 11.23733333333334
    endloop
  endfacet
  facet normal -0.7071067811865422 -0.7071067811865528 0
    outer loop
      vertex -3.055000000000002 9.285 9.582666666666682
      vertex -3.055000000000002 9.285 11.23733333333334
      vertex -3.0850000000000017 9.315 11.23733333333334
    endloop
  endfacet
  facet normal -0.7071067811865422 -0.7071067811865528 0
    outer loop
      vertex -3.0850000000000017 9.315 9.582666666666682
      vertex -3.0850000000000017 9.315 11.23733333333334
      vertex -3.1150000000000015 9.344999999999999 11.23733333333334
    endloop
  endfacet
  facet normal -0.7071067811865371 -0.707106781186558 0
    outer loop
      vertex -3.145000000000002 9.375 9.582666666666682
      vertex -3.145000000000002 9.375 11.23733333333334
      vertex -3.175000000000002 9.405 11.23733333333334
    endloop
  endfacet
  facet normal -0.7071067811865422 -0.7071067811865528 0
    outer loop
      vertex -3.175000000000002 9.405 9.582666666666682
      vertex -3.175000000000002 9.405 11.23733333333334
      vertex -3.205000000000002 9.434999999999999 11.23733333333334
    endloop
  endfacet
  facet normal -0.707106781186558 -0.707106781186537 0
    outer loop
      vertex -3.1150000000000015 9.344999999999999 9.582666666666682
      vertex -3.1150000000000015 9.344999999999999 11.23733333333334
      vertex -3.145000000000002 9.375 11.23733333333334
    endloop
  endfacet
  facet normal -0.7071067811865632 -0.7071067811865318 0
    outer loop
      vertex -3.025000000000002 9.254999999999999 9.582666666666682
      vertex -3.025000000000002 9.254999999999999 11.23733333333334
      vertex -3.055000000000002 9.285 11.23733333333334
    endloop
  endfacet
  facet normal -0.7071067811865632 -0.7071067811865318 0
    outer loop
      vertex -3.205000000000002 9.434999999999999 9.582666666666682
      vertex -3.205000000000002 9.434999999999999 11.23733333333334
      vertex -3.2350000000000017 9.465 11.23733333333334
    endloop
  endfacet
  facet normal -0.7071067811865424 -0.7071067811865528 -4.790480416308711e-15
    outer loop
      vertex -2.9950000000000014 9.225 11.23733333333334
      vertex -2.9650000000000016 9.195 11.23733333333334
      vertex -2.6750000000000016 8.905 12
    endloop
  endfacet
  facet normal -0.7071067811865319 -0.7071067811865633 -1.357747403970514e-14
    outer loop
      vertex -3.025000000000002 9.254999999999999 11.23733333333334
      vertex -2.9950000000000014 9.225 11.23733333333334
      vertex -2.6750000000000016 8.905 12
    endloop
  endfacet
  facet normal -0.7071067811865632 -0.7071067811865318 1.5237290969093668e-14
    outer loop
      vertex -3.025000000000002 9.254999999999999 11.23733333333334
      vertex -2.6750000000000016 8.905 12
      vertex -3.055000000000002 9.285 11.23733333333334
    endloop
  endfacet
  facet normal -0.7071067811865579 -0.707106781186537 1.2511931616094179e-14
    outer loop
      vertex -3.145000000000002 9.375 11.23733333333334
      vertex -3.1150000000000015 9.344999999999999 11.23733333333334
      vertex -2.6750000000000016 8.905 12
    endloop
  endfacet
  facet normal -0.707106781186537 -0.7071067811865579 -1.3333262215520769e-14
    outer loop
      vertex -3.145000000000002 9.375 11.23733333333334
      vertex -2.6750000000000016 8.905 12
      vertex -3.175000000000002 9.405 11.23733333333334
    endloop
  endfacet
  facet normal -0.7071067811865424 -0.7071067811865528 -5.601517577413145e-15
    outer loop
      vertex -3.055000000000002 9.285 11.23733333333334
      vertex -2.6750000000000016 8.905 12
      vertex -3.0850000000000017 9.315 11.23733333333334
    endloop
  endfacet
  facet normal -0.7071067811865424 -0.7071067811865528 -5.617558185464599e-15
    outer loop
      vertex -3.0850000000000017 9.315 11.23733333333334
      vertex -2.6750000000000016 8.905 12
      vertex -3.1150000000000015 9.344999999999999 11.23733333333334
    endloop
  endfacet
  facet normal -0.7071067811865424 -0.7071067811865528 -1.1359838531928224e-14
    outer loop
      vertex -3.5050000000000017 9.735 11.23733333333334
      vertex -2.6750000000000016 8.905 12
      vertex -3.5350000000000015 9.764999999999999 11.23733333333334
    endloop
  endfacet
  facet normal -0.7071067811865579 -0.707106781186537 2.3988514894321618e-14
    outer loop
      vertex -3.5650000000000017 9.795 11.23733333333334
      vertex -3.5350000000000015 9.764999999999999 11.23733333333334
      vertex -2.6750000000000016 8.905 12
    endloop
  endfacet
  facet normal -0.7071067811865424 -0.7071067811865528 -1.3475140107056221e-14
    outer loop
      vertex -3.655000000000002 9.885 11.23733333333334
      vertex -2.6750000000000016 8.905 12
      vertex -3.685000000000002 9.915 11.23733333333334
    endloop
  endfacet
  facet normal -0.7071067811865632 -0.7071067811865318 3.826002401287348e-14
    outer loop
      vertex -3.595000000000002 9.825 11.23733333333334
      vertex -2.6750000000000016 8.905 12
      vertex -3.6250000000000018 9.855 11.23733333333334
    endloop
  endfacet
  facet normal -0.707106781186537 -0.7071067811865579 -2.4811989960065585e-14
    outer loop
      vertex -3.5650000000000017 9.795 11.23733333333334
      vertex -2.6750000000000016 8.905 12
      vertex -3.595000000000002 9.825 11.23733333333334
    endloop
  endfacet
  facet normal -0.707106781186537 -0.7071067811865579 -2.6935183171240267e-14
    outer loop
      vertex -3.655000000000002 9.885 11.23733333333334
      vertex -3.6250000000000018 9.855 11.23733333333334
      vertex -2.6750000000000016 8.905 12
    endloop
  endfacet
  facet normal -0.7071067811865424 -0.7071067811865528 -8.085838916377327e-15
    outer loop
      vertex -3.2650000000000015 9.495 11.23733333333334
      vertex -3.2350000000000017 9.465 11.23733333333334
      vertex -2.6750000000000016 8.905 12
    endloop
  endfacet
  facet normal -0.7071067811865528 -0.7071067811865424 8.145883973254072e-15
    outer loop
      vertex -3.2650000000000015 9.495 11.23733333333334
      vertex -2.6750000000000016 8.905 12
      vertex -3.295000000000002 9.525 11.23733333333334
    endloop
  endfacet
  facet normal -0.7071067811865424 -0.7071067811865528 -8.950144620797016e-15
    outer loop
      vertex -3.325000000000002 9.555 11.23733333333334
      vertex -3.295000000000002 9.525 11.23733333333334
      vertex -2.6750000000000016 8.905 12
    endloop
  endfacet
  facet normal -0.7071067811865424 -0.7071067811865528 -1.0206287210666219e-14
    outer loop
      vertex -3.385000000000002 9.615 11.23733333333334
      vertex -2.6750000000000016 8.905 12
      vertex -3.415000000000002 9.645 11.23733333333334
    endloop
  endfacet
  facet normal -0.707106781186537 -0.7071067811865579 -2.0354931166730244e-14
    outer loop
      vertex -3.415000000000002 9.645 11.23733333333334
      vertex -2.6750000000000016 8.905 12
      vertex -3.445000000000002 9.674999999999999 11.23733333333334
    endloop
  endfacet
  facet normal -0.7071067811865424 -0.7071067811865528 -8.870370473803148e-15
    outer loop
      vertex -3.325000000000002 9.555 11.23733333333334
      vertex -2.6750000000000016 8.905 12
      vertex -3.3550000000000018 9.584999999999999 11.23733333333334
    endloop
  endfacet
  facet normal -0.7071067811865579 -0.707106781186537 1.9041488436869188e-14
    outer loop
      vertex -3.385000000000002 9.615 11.23733333333334
      vertex -3.3550000000000018 9.584999999999999 11.23733333333334
      vertex -2.6750000000000016 8.905 12
    endloop
  endfacet
  facet normal -0.7071067811865424 -0.7071067811865528 -6.4505546816555175e-15
    outer loop
      vertex -3.175000000000002 9.405 11.23733333333334
      vertex -2.6750000000000016 8.905 12
      vertex -3.205000000000002 9.434999999999999 11.23733333333334
    endloop
  endfacet
  facet normal -0.7071067811865632 -0.7071067811865318 2.261760046716469e-14
    outer loop
      vertex -3.2350000000000017 9.465 11.23733333333334
      vertex -3.205000000000002 9.434999999999999 11.23733333333334
      vertex -2.6750000000000016 8.905 12
    endloop
  endfacet
  facet normal -0.7071067811865632 -0.7071067811865318 3.249466920883867e-14
    outer loop
      vertex -3.475000000000002 9.705 11.23733333333334
      vertex -3.445000000000002 9.674999999999999 11.23733333333334
      vertex -2.6750000000000016 8.905 12
    endloop
  endfacet
  facet normal -0.7071067811865424 -0.7071067811865528 -1.1397238024497395e-14
    outer loop
      vertex -3.5050000000000017 9.735 11.23733333333334
      vertex -3.475000000000002 9.705 11.23733333333334
      vertex -2.6750000000000016 8.905 12
    endloop
  endfacet
  facet normal -0.7071067811865632 -0.7071067811865318 0
    outer loop
      vertex -3.595000000000002 9.825 9.582666666666682
      vertex -3.595000000000002 9.825 11.23733333333334
      vertex -3.6250000000000018 9.855 11.23733333333334
    endloop
  endfacet
  facet normal -0.7071067811865632 -0.7071067811865318 0
    outer loop
      vertex -3.685000000000002 9.915 9.582666666666682
      vertex -3.685000000000002 9.915 11.23733333333334
      vertex -3.7150000000000016 9.945 11.23733333333334
    endloop
  endfacet
  facet normal -0.7071067811865371 -0.707106781186558 0
    outer loop
      vertex -3.6250000000000018 9.855 9.582666666666682
      vertex -3.6250000000000018 9.855 11.23733333333334
      vertex -3.655000000000002 9.885 11.23733333333334
    endloop
  endfacet
  facet normal -0.7071067811865422 -0.7071067811865528 0
    outer loop
      vertex -3.655000000000002 9.885 9.582666666666682
      vertex -3.655000000000002 9.885 11.23733333333334
      vertex -3.685000000000002 9.915 11.23733333333334
    endloop
  endfacet
  facet normal -0.7071067811865632 -0.7071067811865318 0
    outer loop
      vertex -3.7750000000000017 10.004999999999999 9.582666666666682
      vertex -3.7750000000000017 10.004999999999999 11.23733333333334
      vertex -3.8050000000000015 10.035 11.23733333333334
    endloop
  endfacet
  facet normal -0.7071067811865371 -0.707106781186558 0
    outer loop
      vertex -3.8050000000000015 10.035 9.582666666666682
      vertex -3.8050000000000015 10.035 11.23733333333334
      vertex -3.8350000000000017 10.065 11.23733333333334
    endloop
  endfacet
  facet normal -0.7071067811865371 -0.707106781186558 0
    outer loop
      vertex -3.7150000000000016 9.945 9.582666666666682
      vertex -3.7150000000000016 9.945 11.23733333333334
      vertex -3.745000000000002 9.975 11.23733333333334
    endloop
  endfacet
  facet normal -0.7071067811865422 -0.7071067811865528 0
    outer loop
      vertex -3.745000000000002 9.975 9.582666666666682
      vertex -3.745000000000002 9.975 11.23733333333334
      vertex -3.7750000000000017 10.004999999999999 11.23733333333334
    endloop
  endfacet
  facet normal -0.7071067811865371 -0.707106781186558 0
    outer loop
      vertex -3.8350000000000017 10.065 9.582666666666682
      vertex -3.8350000000000017 10.065 11.23733333333334
      vertex -3.865000000000002 10.094999999999999 12
    endloop
  endfacet
  facet normal -0.7071067811865371 -0.707106781186558 0
    outer loop
      vertex -3.415000000000002 9.645 9.582666666666682
      vertex -3.415000000000002 9.645 11.23733333333334
      vertex -3.445000000000002 9.674999999999999 11.23733333333334
    endloop
  endfacet
  facet normal -0.7071067811865422 -0.7071067811865528 0
    outer loop
      vertex -3.5050000000000017 9.735 9.582666666666682
      vertex -3.5050000000000017 9.735 11.23733333333334
      vertex -3.5350000000000015 9.764999999999999 11.23733333333334
    endloop
  endfacet
  facet normal -0.7071067811865632 -0.7071067811865318 0
    outer loop
      vertex -3.445000000000002 9.674999999999999 9.582666666666682
      vertex -3.445000000000002 9.674999999999999 11.23733333333334
      vertex -3.475000000000002 9.705 11.23733333333334
    endloop
  endfacet
  facet normal -0.7071067811865422 -0.7071067811865528 0
    outer loop
      vertex -3.475000000000002 9.705 9.582666666666682
      vertex -3.475000000000002 9.705 11.23733333333334
      vertex -3.5050000000000017 9.735 11.23733333333334
    endloop
  endfacet
  facet normal -0.7071067811865422 -0.7071067811865528 0
    outer loop
      vertex -3.385000000000002 9.615 9.582666666666682
      vertex -3.385000000000002 9.615 11.23733333333334
      vertex -3.415000000000002 9.645 11.23733333333334
    endloop
  endfacet
  facet normal -0.707106781186558 -0.707106781186537 0
    outer loop
      vertex -3.3550000000000018 9.584999999999999 9.582666666666682
      vertex -3.3550000000000018 9.584999999999999 11.23733333333334
      vertex -3.385000000000002 9.615 11.23733333333334
    endloop
  endfacet
  facet normal -0.707106781186558 -0.707106781186537 0
    outer loop
      vertex -3.5350000000000015 9.764999999999999 9.582666666666682
      vertex -3.5350000000000015 9.764999999999999 11.23733333333334
      vertex -3.5650000000000017 9.795 11.23733333333334
    endloop
  endfacet
  facet normal -0.7071067811865371 -0.707106781186558 0
    outer loop
      vertex -3.5650000000000017 9.795 9.582666666666682
      vertex -3.5650000000000017 9.795 11.23733333333334
      vertex -3.595000000000002 9.825 11.23733333333334
    endloop
  endfacet
  facet normal -0.7071067811865632 -0.7071067811865318 4.575879383029778e-14
    outer loop
      vertex -3.8050000000000015 10.035 11.23733333333334
      vertex -3.7750000000000017 10.004999999999999 11.23733333333334
      vertex -2.6750000000000016 8.905 12
    endloop
  endfacet
  facet normal -0.707106781186537 -0.7071067811865579 -3.185407423061328e-14
    outer loop
      vertex -3.8050000000000015 10.035 11.23733333333334
      vertex -2.6750000000000016 8.905 12
      vertex -3.8350000000000017 10.065 11.23733333333334
    endloop
  endfacet
  facet normal -0.707106781186537 -0.7071067811865579 -2.937627206925291e-14
    outer loop
      vertex -3.7150000000000016 9.945 11.23733333333334
      vertex -2.6750000000000016 8.905 12
      vertex -3.745000000000002 9.975 11.23733333333334
    endloop
  endfacet
  facet normal -0.7071067811865424 -0.7071067811865528 -1.4773485794044753e-14
    outer loop
      vertex -3.745000000000002 9.975 11.23733333333334
      vertex -2.6750000000000016 8.905 12
      vertex -3.7750000000000017 10.004999999999999 11.23733333333334
    endloop
  endfacet
  facet normal -0.7071067811865632 -0.7071067811865318 4.2050068002956697e-14
    outer loop
      vertex -3.7150000000000016 9.945 11.23733333333334
      vertex -3.685000000000002 9.915 11.23733333333334
      vertex -2.6750000000000016 8.905 12
    endloop
  endfacet
  facet normal -0.7071067811865472 -0.7071067811865478 -8.052323250536179e-16
    outer loop
      vertex -3.8350000000000017 10.065 11.23733333333334
      vertex -2.6750000000000016 8.905 12
      vertex -3.865000000000002 10.094999999999999 12
    endloop
  endfacet
  facet normal -0.7071067811865686 -0.7071067811865266 0
    outer loop
      vertex -2.695000000000002 8.924999999999999 9.582666666666682
      vertex -2.695000000000002 8.924999999999999 11.23733333333334
      vertex -2.7250000000000014 8.955 11.23733333333334
    endloop
  endfacet
  facet normal -0.7071067811865371 -0.707106781186558 0
    outer loop
      vertex -2.7250000000000014 8.955 9.582666666666682
      vertex -2.7250000000000014 8.955 11.23733333333334
      vertex -2.7550000000000017 8.985 11.23733333333334
    endloop
  endfacet
  facet normal -0.707106781186558 -0.707106781186537 0
    outer loop
      vertex -2.785000000000002 9.014999999999999 9.582666666666682
      vertex -2.785000000000002 9.014999999999999 11.23733333333334
      vertex -2.815000000000002 9.045 11.23733333333334
    endloop
  endfacet
  facet normal -0.7071067811865476 -0.7071067811865476 0
    outer loop
      vertex -2.815000000000002 9.045 9.582666666666682
      vertex -2.815000000000002 9.045 11.23733333333334
      vertex -2.8450000000000015 9.075 11.23733333333334
    endloop
  endfacet
  facet normal -0.7071067811865371 -0.707106781186558 0
    outer loop
      vertex -2.7550000000000017 8.985 9.582666666666682
      vertex -2.7550000000000017 8.985 11.23733333333334
      vertex -2.785000000000002 9.014999999999999 11.23733333333334
    endloop
  endfacet
  facet normal -0.7071067811865527 -0.7071067811865422 0
    outer loop
      vertex -2.8450000000000015 9.075 9.582666666666682
      vertex -2.8450000000000015 9.075 11.23733333333334
      vertex -2.875000000000002 9.105 11.23733333333334
    endloop
  endfacet
  facet normal -0.7071067811865318 -0.7071067811865632 0
    outer loop
      vertex -2.695000000000002 8.924999999999999 9.582666666666682
      vertex -2.6750000000000016 8.905 12
      vertex -2.695000000000002 8.924999999999999 11.23733333333334
    endloop
  endfacet
  facet normal -0.7071067811865683 -0.7071067811865266 1.919951415977229e-15
    outer loop
      vertex -2.695000000000002 8.924999999999999 11.23733333333334
      vertex -2.6750000000000016 8.905 12
      vertex -2.7250000000000014 8.955 11.23733333333334
    endloop
  endfacet
  facet normal -0.7071067811865579 -0.707106781186537 3.840181612575595e-15
    outer loop
      vertex -2.785000000000002 9.014999999999999 11.23733333333334
      vertex -2.6750000000000016 8.905 12
      vertex -2.815000000000002 9.045 11.23733333333334
    endloop
  endfacet
  facet normal -0.707106781186537 -0.7071067811865579 -2.1953759474062326e-15
    outer loop
      vertex -2.785000000000002 9.014999999999999 11.23733333333334
      vertex -2.7550000000000017 8.985 11.23733333333334
      vertex -2.6750000000000016 8.905 12
    endloop
  endfacet
  facet normal -0.707106781186537 -0.7071067811865579 -2.1992574314400753e-15
    outer loop
      vertex -2.7250000000000014 8.955 11.23733333333334
      vertex -2.6750000000000016 8.905 12
      vertex -2.7550000000000017 8.985 11.23733333333334
    endloop
  endfacet
  facet normal -0.7071067811865528 -0.7071067811865424 2.3305631040323323e-15
    outer loop
      vertex -2.8450000000000015 9.075 11.23733333333334
      vertex -2.6750000000000016 8.905 12
      vertex -2.875000000000002 9.105 11.23733333333334
    endloop
  endfacet
  facet normal -0.7071067811865424 -0.7071067811865528 -3.154895956302519e-15
    outer loop
      vertex -2.905000000000002 9.135 11.23733333333334
      vertex -2.6750000000000016 8.905 12
      vertex -2.935000000000002 9.165 11.23733333333334
    endloop
  endfacet
  facet normal -0.7071067811865424 -0.7071067811865528 -3.1648462800135724e-15
    outer loop
      vertex -2.905000000000002 9.135 11.23733333333334
      vertex -2.875000000000002 9.105 11.23733333333334
      vertex -2.6750000000000016 8.905 12
    endloop
  endfacet
  facet normal -0.7071067811865475 -0.7071067811865475 -6.94807086722001e-18
    outer loop
      vertex -2.815000000000002 9.045 11.23733333333334
      vertex -2.6750000000000016 8.905 12
      vertex -2.8450000000000015 9.075 11.23733333333334
    endloop
  endfacet
  facet normal -0.7071067811865632 -0.7071067811865318 1.1129437070825153e-14
    outer loop
      vertex -2.935000000000002 9.165 11.23733333333334
      vertex -2.6750000000000016 8.905 12
      vertex -2.9650000000000016 9.195 11.23733333333334
    endloop
  endfacet
  facet normal 0 1 0
    outer loop
      vertex -11.265000000000002 19.73 5.099999999999994
      vertex -11.265000000000002 19.73 6.8999999999999915
      vertex -2.4650000000000016 19.73 6.8999999999999915
    endloop
  endfacet
  facet normal 0 1 0
    outer loop
      vertex -11.265000000000002 19.73 5.099999999999994
      vertex -2.4650000000000016 19.73 6.8999999999999915
      vertex -2.4650000000000016 19.73 5.099999999999994
    endloop
  endfacet
  facet normal 1 0 0
    outer loop
      vertex -13.265000000000002 19.73 5.099999999999994
      vertex -13.265000000000002 21.73 6.8999999999999915
      vertex -13.265000000000002 19.73 6.8999999999999915
    endloop
  endfacet
  facet normal 1 0 0
    outer loop
      vertex -13.265000000000002 19.73 5.099999999999994
      vertex -13.265000000000002 21.73 5.099999999999994
      vertex -13.265000000000002 21.73 6.8999999999999915
    endloop
  endfacet
  facet normal 0 0 -1
    outer loop
      vertex -13.265000000000002 19.73 6.8999999999999915
      vertex -13.265000000000002 21.73 6.8999999999999915
      vertex -11.265000000000002 19.73 6.8999999999999915
    endloop
  endfacet
  facet normal 0 0 1
    outer loop
      vertex -11.514768732654952 20.003473635522663 5.099999999999994
      vertex -11.265000000000002 20.0425 5.099999999999994
      vertex -11.265000000000002 21.73 5.099999999999994
    endloop
  endfacet
  facet normal 0 0 1
    outer loop
      vertex -11.265000000000002 19.73 5.099999999999994
      vertex -2.4650000000000016 19.73 5.099999999999994
      vertex -11.265000000000002 20.0425 5.099999999999994
    endloop
  endfacet
  facet normal 0 0 1
    outer loop
      vertex -11.265000000000002 20.0425 5.099999999999994
      vertex -0.46500000000000163 21.73 5.099999999999994
      vertex -11.265000000000002 21.73 5.099999999999994
    endloop
  endfacet
  facet normal 0 0 1
    outer loop
      vertex -11.265000000000002 20.0425 5.099999999999994
      vertex -2.4650000000000016 19.73 5.099999999999994
      vertex -0.46500000000000163 21.73 5.099999999999994
    endloop
  endfacet
  facet normal 0 0 1
    outer loop
      vertex -2.4650000000000016 19.73 5.099999999999994
      vertex -0.46500000000000163 19.73 5.099999999999994
      vertex -0.46500000000000163 21.73 5.099999999999994
    endloop
  endfacet
  facet normal 0 0 -1
    outer loop
      vertex -11.265000000000002 19.73 6.8999999999999915
      vertex -13.265000000000002 21.73 6.8999999999999915
      vertex -2.2152312673450525 20.003473635522663 6.8999999999999915
    endloop
  endfacet
  facet normal 0 -1 0
    outer loop
      vertex -13.265000000000002 21.73 6.8999999999999915
      vertex -11.265000000000002 21.73 5.099999999999994
      vertex -0.46500000000000163 21.73 5.099999999999994
    endloop
  endfacet
  facet normal 0 0 -1
    outer loop
      vertex -11.265000000000002 19.73 6.8999999999999915
      vertex -2.2152312673450525 20.003473635522663 6.8999999999999915
      vertex -2.4650000000000016 19.73 6.8999999999999915
    endloop
  endfacet
  facet normal 0 0 -1
    outer loop
      vertex -13.265000000000002 21.73 6.8999999999999915
      vertex -0.46500000000000163 21.73 6.8999999999999915
      vertex -2.2152312673450525 20.003473635522663 6.8999999999999915
    endloop
  endfacet
  facet normal 0 -1 0
    outer loop
      vertex -13.265000000000002 21.73 6.8999999999999915
      vertex -0.46500000000000163 21.73 5.099999999999994
      vertex -0.46500000000000163 21.73 6.8999999999999915
    endloop
  endfacet
  facet normal -1 0 0
    outer loop
      vertex -0.46500000000000163 19.73 5.099999999999994
      vertex -0.46500000000000163 19.73 6.130198915009032
      vertex -0.46500000000000163 21.73 5.099999999999994
    endloop
  endfacet
  facet normal -1 0 0
    outer loop
      vertex -0.46500000000000163 19.73 6.8999999999999915
      vertex -0.46500000000000163 21.73 6.8999999999999915
      vertex -0.46500000000000163 21.73 5.099999999999994
    endloop
  endfacet
  facet normal 0 0 -1
    outer loop
      vertex -2.4650000000000016 19.73 6.8999999999999915
      vertex -2.2152312673450525 20.003473635522663 6.8999999999999915
      vertex -2.175669077757687 19.73 6.8999999999999915
    endloop
  endfacet
  facet normal 0 0 -1
    outer loop
      vertex -2.2152312673450525 20.003473635522663 6.8999999999999915
      vertex -0.46500000000000163 21.73 6.8999999999999915
      vertex -0.46500000000000163 19.73 6.8999999999999915
    endloop
  endfacet
  facet normal 0 0 1
    outer loop
      vertex 3.865000000000002 10.094999999999999 12
      vertex 1.7900000000000016 8.905 12
      vertex 2.6750000000000016 8.905 12
    endloop
  endfacet
  facet normal 0 0 1
    outer loop
      vertex 3.865000000000002 10.094999999999999 12
      vertex 3.865000000000002 19.13 12
      vertex 1.7900000000000016 8.905 12
    endloop
  endfacet
  facet normal 1 0 0
    outer loop
      vertex 1.7900000000000016 20.155 12
      vertex 1.7900000000000016 8.905 20.820000000000007
      vertex 1.7900000000000016 8.905 12
    endloop
  endfacet
  facet normal 0 0 1
    outer loop
      vertex 9.865000000000002 10.094999999999999 12
      vertex 11.055000000000001 8.905 12
      vertex 11.940000000000001 20.155 12
    endloop
  endfacet
  facet normal 0 0 1
    outer loop
      vertex 1.7900000000000016 20.155 12
      vertex 1.7900000000000016 8.905 12
      vertex 3.865000000000002 19.13 12
    endloop
  endfacet
  facet normal 0 0 1
    outer loop
      vertex 9.865000000000002 10.094999999999999 12
      vertex 11.940000000000001 20.155 12
      vertex 9.865000000000002 19.13 12
    endloop
  endfacet
  facet normal 0 0 1
    outer loop
      vertex 1.7900000000000016 20.155 12
      vertex 3.865000000000002 19.13 12
      vertex 11.940000000000001 20.155 12
    endloop
  endfacet
  facet normal 0 0 1
    outer loop
      vertex 3.865000000000002 19.13 12
      vertex 9.865000000000002 19.13 12
      vertex 11.940000000000001 20.155 12
    endloop
  endfacet
  facet normal 1 0 0
    outer loop
      vertex 1.7900000000000016 20.155 12
      vertex 1.7900000000000016 20.155 20.820000000000007
      vertex 1.7900000000000016 8.905 20.820000000000007
    endloop
  endfacet
  facet normal 0 0 1
    outer loop
      vertex 11.940000000000001 20.155 12
      vertex 11.055000000000001 8.905 12
      vertex 11.940000000000001 8.905 12
    endloop
  endfacet
  facet normal -1 0 0
    outer loop
      vertex 11.940000000000001 20.155 12
      vertex 11.940000000000001 8.905 12
      vertex 11.940000000000001 8.905 20.820000000000007
    endloop
  endfacet
  facet normal -1 0 0
    outer loop
      vertex 11.940000000000001 20.155 12
      vertex 11.940000000000001 8.905 20.820000000000007
      vertex 11.940000000000001 20.155 20.820000000000007
    endloop
  endfacet
  facet normal 0 -1 0
    outer loop
      vertex 1.7900000000000016 20.155 12
      vertex 11.940000000000001 20.155 12
      vertex 11.940000000000001 20.155 20.820000000000007
    endloop
  endfacet
  facet normal 0 -1 0
    outer loop
      vertex 1.7900000000000016 20.155 12
      vertex 11.940000000000001 20.155 20.820000000000007
      vertex 1.7900000000000016 20.155 20.820000000000007
    endloop
  endfacet
  facet normal 1 0 0
    outer loop
      vertex 3.865000000000002 10.094999999999999 12
      vertex 3.865000000000002 10.094999999999999 1.8100000000000023
      vertex 3.865000000000002 11.905 0
    endloop
  endfacet
  facet normal -1 0 0
    outer loop
      vertex 9.865000000000002 10.094999999999999 12
      vertex 9.865000000000002 11.905 0
      vertex 9.865000000000002 10.094999999999999 1.8100000000000023
    endloop
  endfacet
  facet normal -1 0 0
    outer loop
      vertex 9.865000000000002 10.094999999999999 12
      vertex 9.865000000000002 19.13 0
      vertex 9.865000000000002 11.905 0
    endloop
  endfacet
  facet normal 1 0 0
    outer loop
      vertex 3.865000000000002 10.094999999999999 12
      vertex 3.865000000000002 11.905 0
      vertex 3.865000000000002 19.13 12
    endloop
  endfacet
  facet normal 1 0 0
    outer loop
      vertex 3.865000000000002 19.13 12
      vertex 3.865000000000002 11.905 0
      vertex 3.865000000000002 19.13 0
    endloop
  endfacet
  facet normal 0 -1 0
    outer loop
      vertex 3.865000000000002 19.13 12
      vertex 3.865000000000002 19.13 0
      vertex 9.865000000000002 19.13 0
    endloop
  endfacet
  facet normal -1 0 0
    outer loop
      vertex 9.865000000000002 10.094999999999999 12
      vertex 9.865000000000002 19.13 12
      vertex 9.865000000000002 19.13 0
    endloop
  endfacet
  facet normal 0 -1 0
    outer loop
      vertex 3.865000000000002 19.13 12
      vertex 9.865000000000002 19.13 0
      vertex 9.865000000000002 19.13 12
    endloop
  endfacet
  facet normal 0.7071067811865814 -0.7071067811865136 6.836876195384767e-14
    outer loop
      vertex 2.7250000000000014 8.955 2.964000000000013
      vertex 2.675000000000002 8.905 3
      vertex 3.865000000000002 10.094999999999999 1.8100000000000023
    endloop
  endfacet
  facet normal 0.707106781186537 -0.7071067811865579 -1.952728798196047e-14
    outer loop
      vertex 2.7250000000000014 8.955 2.964000000000013
      vertex 3.865000000000002 10.094999999999999 1.8100000000000023
      vertex 2.7550000000000017 8.985 2.964000000000013
    endloop
  endfacet
  facet normal 0.707106781186537 -0.7071067811865579 -1.9611643036066527e-14
    outer loop
      vertex 2.7550000000000017 8.985 2.964000000000013
      vertex 3.865000000000002 10.094999999999999 1.8100000000000023
      vertex 2.785000000000002 9.014999999999999 2.964000000000013
    endloop
  endfacet
  facet normal 0.707106781186558 -0.707106781186537 1.9630010668814847e-14
    outer loop
      vertex 2.785000000000002 9.014999999999999 2.964000000000013
      vertex 3.865000000000002 10.094999999999999 1.8100000000000023
      vertex 2.815000000000002 9.045 2.964000000000013
    endloop
  endfacet
  facet normal 0.7071067811865475 -0.7071067811865475 4.864021264986646e-16
    outer loop
      vertex 2.815000000000002 9.045 2.964000000000013
      vertex 3.865000000000002 10.094999999999999 1.8100000000000023
      vertex 2.8450000000000015 9.075 2.964000000000013
    endloop
  endfacet
  facet normal 0.7071067811865527 -0.7071067811865422 9.821127878656993e-15
    outer loop
      vertex 2.8450000000000015 9.075 2.964000000000013
      vertex 3.865000000000002 10.094999999999999 1.8100000000000023
      vertex 2.875000000000002 9.105 2.964000000000013
    endloop
  endfacet
  facet normal 0.7071067811865422 -0.7071067811865528 -8.19717970666667e-15
    outer loop
      vertex 2.875000000000002 9.105 2.964000000000013
      vertex 3.865000000000002 10.094999999999999 1.8100000000000023
      vertex 2.905000000000002 9.135 2.964000000000013
    endloop
  endfacet
  facet normal 0.7071067811865422 -0.7071067811865528 -8.151147244345356e-15
    outer loop
      vertex 2.905000000000002 9.135 2.964000000000013
      vertex 3.865000000000002 10.094999999999999 1.8100000000000023
      vertex 2.935000000000002 9.165 2.964000000000013
    endloop
  endfacet
  facet normal 0.7071067811865631 -0.7071067811865318 2.5566044079732596e-14
    outer loop
      vertex 2.935000000000002 9.165 2.964000000000013
      vertex 3.865000000000002 10.094999999999999 1.8100000000000023
      vertex 2.9650000000000016 9.195 2.964000000000013
    endloop
  endfacet
  facet normal 0.7071067811865422 -0.7071067811865528 -7.067003390363967e-15
    outer loop
      vertex 2.9650000000000016 9.195 2.964000000000013
      vertex 3.865000000000002 10.094999999999999 1.8100000000000023
      vertex 2.9950000000000014 9.225 2.964000000000013
    endloop
  endfacet
  facet normal 0.7071067811865318 -0.7071067811865632 -2.282337101679536e-14
    outer loop
      vertex 2.9950000000000014 9.225 2.964000000000013
      vertex 3.865000000000002 10.094999999999999 1.8100000000000023
      vertex 3.025000000000002 9.254999999999999 2.964000000000013
    endloop
  endfacet
  facet normal 0.7071067811865631 -0.7071067811865318 2.2886637307374553e-14
    outer loop
      vertex 3.025000000000002 9.254999999999999 2.964000000000013
      vertex 3.865000000000002 10.094999999999999 1.8100000000000023
      vertex 3.055000000000002 9.285 2.964000000000013
    endloop
  endfacet
  facet normal 0.7071067811865422 -0.7071067811865528 -6.5519160102512815e-15
    outer loop
      vertex 3.055000000000002 9.285 2.964000000000013
      vertex 3.865000000000002 10.094999999999999 1.8100000000000023
      vertex 3.0850000000000017 9.315 2.964000000000013
    endloop
  endfacet
  facet normal 0.7071067811865422 -0.7071067811865528 -6.505883547929965e-15
    outer loop
      vertex 3.0850000000000017 9.315 2.964000000000013
      vertex 3.865000000000002 10.094999999999999 1.8100000000000023
      vertex 3.1150000000000015 9.344999999999999 2.964000000000013
    endloop
  endfacet
  facet normal 0.707106781186558 -0.707106781186537 1.3877766965835357e-14
    outer loop
      vertex 3.1150000000000015 9.344999999999999 2.964000000000013
      vertex 3.865000000000002 10.094999999999999 1.8100000000000023
      vertex 3.145000000000002 9.375 2.964000000000013
    endloop
  endfacet
  facet normal 0.707106781186537 -0.7071067811865579 -1.2213228593078938e-14
    outer loop
      vertex 3.145000000000002 9.375 2.964000000000013
      vertex 3.865000000000002 10.094999999999999 1.8100000000000023
      vertex 3.175000000000002 9.405 2.964000000000013
    endloop
  endfacet
  facet normal 0.7071067811865422 -0.7071067811865528 -5.9907961678172796e-15
    outer loop
      vertex 3.175000000000002 9.405 2.964000000000013
      vertex 3.865000000000002 10.094999999999999 1.8100000000000023
      vertex 3.205000000000002 9.434999999999999 2.964000000000013
    endloop
  endfacet
  facet normal 0.7071067811865631 -0.7071067811865318 1.793032435684735e-14
    outer loop
      vertex 3.205000000000002 9.434999999999999 2.964000000000013
      vertex 3.865000000000002 10.094999999999999 1.8100000000000023
      vertex 3.2350000000000017 9.465 2.964000000000013
    endloop
  endfacet
  facet normal 0.7071067811865422 -0.7071067811865528 -4.906652313835892e-15
    outer loop
      vertex 3.2350000000000017 9.465 2.964000000000013
      vertex 3.865000000000002 10.094999999999999 1.8100000000000023
      vertex 3.2650000000000015 9.495 2.964000000000013
    endloop
  endfacet
  facet normal 0.7071067811865527 -0.7071067811865422 5.995558146677852e-15
    outer loop
      vertex 3.2650000000000015 9.495 2.964000000000013
      vertex 3.865000000000002 10.094999999999999 1.8100000000000023
      vertex 3.295000000000002 9.525 2.964000000000013
    endloop
  endfacet
  facet normal 0.7071067811865422 -0.7071067811865528 -4.3667346153774674e-15
    outer loop
      vertex 3.295000000000002 9.525 2.964000000000013
      vertex 3.865000000000002 10.094999999999999 1.8100000000000023
      vertex 3.325000000000002 9.555 2.964000000000013
    endloop
  endfacet
  facet normal 0.7071067811865422 -0.7071067811865528 -4.320702153056151e-15
    outer loop
      vertex 3.325000000000002 9.555 2.964000000000013
      vertex 3.865000000000002 10.094999999999999 1.8100000000000023
      vertex 3.3550000000000018 9.584999999999999 2.964000000000013
    endloop
  endfacet
  facet normal 0.707106781186558 -0.707106781186537 9.516644682686874e-15
    outer loop
      vertex 3.3550000000000018 9.584999999999999 2.964000000000013
      vertex 3.865000000000002 10.094999999999999 1.8100000000000023
      vertex 3.385000000000002 9.615 2.964000000000013
    endloop
  endfacet
  facet normal 0.7071067811865422 -0.7071067811865528 -3.5441027671697722e-15
    outer loop
      vertex 3.385000000000002 9.615 2.964000000000013
      vertex 3.865000000000002 10.094999999999999 1.8100000000000023
      vertex 3.415000000000002 9.645 2.964000000000013
    endloop
  endfacet
  facet normal 0.707106781186537 -0.7071067811865579 -7.608111583537534e-15
    outer loop
      vertex 3.415000000000002 9.645 2.964000000000013
      vertex 3.865000000000002 10.094999999999999 1.8100000000000023
      vertex 3.445000000000002 9.674999999999999 2.964000000000013
    endloop
  endfacet
  facet normal 0.7071067811865631 -0.7071067811865318 1.1443318653687276e-14
    outer loop
      vertex 3.445000000000002 9.674999999999999 2.964000000000013
      vertex 3.865000000000002 10.094999999999999 1.8100000000000023
      vertex 3.475000000000002 9.705 2.964000000000013
    endloop
  endfacet
  facet normal 0.7071067811865422 -0.7071067811865528 -2.7214709189620774e-15
    outer loop
      vertex 3.475000000000002 9.705 2.964000000000013
      vertex 3.865000000000002 10.094999999999999 1.8100000000000023
      vertex 3.5050000000000017 9.735 2.964000000000013
    endloop
  endfacet
  facet normal 0.7071067811865422 -0.7071067811865528 -2.7108698469742887e-15
    outer loop
      vertex 3.5050000000000017 9.735 2.964000000000013
      vertex 3.865000000000002 10.094999999999999 1.8100000000000023
      vertex 3.5350000000000015 9.764999999999999 2.964000000000013
    endloop
  endfacet
  facet normal 0.707106781186558 -0.707106781186537 6.261038468168939e-15
    outer loop
      vertex 3.5350000000000015 9.764999999999999 2.964000000000013
      vertex 3.865000000000002 10.094999999999999 1.8100000000000023
      vertex 3.5650000000000017 9.795 2.964000000000013
    endloop
  endfacet
  facet normal 0.707106781186537 -0.7071067811865579 -4.6270561264359286e-15
    outer loop
      vertex 3.5650000000000017 9.795 2.964000000000013
      vertex 3.865000000000002 10.094999999999999 1.8100000000000023
      vertex 3.595000000000002 9.825 2.964000000000013
    endloop
  endfacet
  facet normal 0.7071067811865631 -0.7071067811865318 7.635719722885246e-15
    outer loop
      vertex 3.595000000000002 9.825 2.964000000000013
      vertex 3.865000000000002 10.094999999999999 1.8100000000000023
      vertex 3.6250000000000018 9.855 2.964000000000013
    endloop
  endfacet
  facet normal 0.707106781186537 -0.7071067811865579 -3.2658388000463638e-15
    outer loop
      vertex 3.6250000000000018 9.855 2.964000000000013
      vertex 3.865000000000002 10.094999999999999 1.8100000000000023
      vertex 3.655000000000002 9.885 2.964000000000013
    endloop
  endfacet
  facet normal 0.7071067811865422 -0.7071067811865528 -1.3660359954749333e-15
    outer loop
      vertex 3.655000000000002 9.885 2.964000000000013
      vertex 3.865000000000002 10.094999999999999 1.8100000000000023
      vertex 3.685000000000002 9.915 2.964000000000013
    endloop
  endfacet
  facet normal 0.7071067811865631 -0.7071067811865318 5.175278942788406e-15
    outer loop
      vertex 3.685000000000002 9.915 2.964000000000013
      vertex 3.865000000000002 10.094999999999999 1.8100000000000023
      vertex 3.7150000000000016 9.945 2.964000000000013
    endloop
  endfacet
  facet normal 0.707106781186537 -0.7071067811865579 -1.6282849741675599e-15
    outer loop
      vertex 3.7150000000000016 9.945 2.964000000000013
      vertex 3.865000000000002 10.094999999999999 1.8100000000000023
      vertex 3.745000000000002 9.975 2.964000000000013
    endloop
  endfacet
  facet normal 0.7071067811865422 -0.7071067811865528 -5.434041472672384e-16
    outer loop
      vertex 3.745000000000002 9.975 2.964000000000013
      vertex 3.865000000000002 10.094999999999999 1.8100000000000023
      vertex 3.7750000000000017 10.004999999999999 2.964000000000013
    endloop
  endfacet
  facet normal 0.7071067811865631 -0.7071067811865318 2.723696010274948e-15
    outer loop
      vertex 3.7750000000000017 10.004999999999999 2.964000000000013
      vertex 3.865000000000002 10.094999999999999 1.8100000000000023
      vertex 3.8050000000000015 10.035 2.964000000000013
    endloop
  endfacet
  facet normal 0.707106781186537 -0.7071067811865579 4.1100412786241374e-19
    outer loop
      vertex 3.8050000000000015 10.035 2.964000000000013
      vertex 3.865000000000002 10.094999999999999 1.8100000000000023
      vertex 3.8350000000000017 10.065 2.964000000000013
    endloop
  endfacet
  facet normal 0.7071067811865569 -0.707106781186538 -3.848756760492473e-17
    outer loop
      vertex 2.7250000000000014 8.955 2.964000000000013
      vertex 2.695000000000001 8.924999999999999 4.61866666666667
      vertex 2.675000000000002 8.905 3
    endloop
  endfacet
  facet normal 0.7071067811865371 -0.707106781186558 3.795549859831816e-16
    outer loop
      vertex 2.7250000000000014 8.955 2.964000000000013
      vertex 2.7550000000000017 8.985 2.964000000000013
      vertex 2.7250000000000005 8.955 4.61866666666667
    endloop
  endfacet
  facet normal 0.7071067811865371 -0.707106781186558 3.795549859831816e-16
    outer loop
      vertex 2.7550000000000017 8.985 2.964000000000013
      vertex 2.785000000000002 9.014999999999999 2.964000000000013
      vertex 2.755000000000001 8.985 4.61866666666667
    endloop
  endfacet
  facet normal 0.707106781186558 -0.707106781186537 3.7955498598319286e-16
    outer loop
      vertex 2.785000000000002 9.014999999999999 2.964000000000013
      vertex 2.815000000000002 9.045 2.964000000000013
      vertex 2.785000000000001 9.014999999999999 4.61866666666667
    endloop
  endfacet
  facet normal 0.7071067811865476 -0.7071067811865476 3.7955498598318724e-16
    outer loop
      vertex 2.815000000000002 9.045 2.964000000000013
      vertex 2.8450000000000015 9.075 2.964000000000013
      vertex 2.8150000000000013 9.045 4.61866666666667
    endloop
  endfacet
  facet normal 0.7071067811865527 -0.7071067811865422 3.7955498598319e-16
    outer loop
      vertex 2.8450000000000015 9.075 2.964000000000013
      vertex 2.875000000000002 9.105 2.964000000000013
      vertex 2.8450000000000006 9.075 4.61866666666667
    endloop
  endfacet
  facet normal 0.7071067811865686 -0.7071067811865266 3.795549859831985e-16
    outer loop
      vertex 2.7250000000000014 8.955 2.964000000000013
      vertex 2.7250000000000005 8.955 4.61866666666667
      vertex 2.695000000000001 8.924999999999999 4.61866666666667
    endloop
  endfacet
  facet normal 0.7071067811865371 -0.707106781186558 3.795549859831816e-16
    outer loop
      vertex 2.7550000000000017 8.985 2.964000000000013
      vertex 2.755000000000001 8.985 4.61866666666667
      vertex 2.7250000000000005 8.955 4.61866666666667
    endloop
  endfacet
  facet normal 0.7071067811865371 -0.707106781186558 3.795549859831816e-16
    outer loop
      vertex 2.785000000000002 9.014999999999999 2.964000000000013
      vertex 2.785000000000001 9.014999999999999 4.61866666666667
      vertex 2.755000000000001 8.985 4.61866666666667
    endloop
  endfacet
  facet normal 0.707106781186558 -0.707106781186537 3.7955498598319286e-16
    outer loop
      vertex 2.815000000000002 9.045 2.964000000000013
      vertex 2.8150000000000013 9.045 4.61866666666667
      vertex 2.785000000000001 9.014999999999999 4.61866666666667
    endloop
  endfacet
  facet normal 0.7071067811865476 -0.7071067811865476 3.7955498598318724e-16
    outer loop
      vertex 2.8450000000000015 9.075 2.964000000000013
      vertex 2.8450000000000006 9.075 4.61866666666667
      vertex 2.8150000000000013 9.045 4.61866666666667
    endloop
  endfacet
  facet normal 0.7071067811865527 -0.7071067811865422 3.7955498598319e-16
    outer loop
      vertex 2.875000000000002 9.105 2.964000000000013
      vertex 2.8750000000000013 9.105 4.61866666666667
      vertex 2.8450000000000006 9.075 4.61866666666667
    endloop
  endfacet
  facet normal 0.7071067811865684 -0.7071067811865266 -3.795549859831952e-16
    outer loop
      vertex 2.695000000000001 8.924999999999999 4.61866666666667
      vertex 2.7250000000000005 8.955 4.61866666666667
      vertex 2.695000000000002 8.924999999999999 6.2733333333333405
    endloop
  endfacet
  facet normal 0.707106781186537 -0.7071067811865579 -3.795549859831783e-16
    outer loop
      vertex 2.7250000000000005 8.955 4.61866666666667
      vertex 2.755000000000001 8.985 4.61866666666667
      vertex 2.7250000000000014 8.955 6.2733333333333405
    endloop
  endfacet
  facet normal 0.707106781186537 -0.7071067811865579 -3.795549859831783e-16
    outer loop
      vertex 2.755000000000001 8.985 4.61866666666667
      vertex 2.785000000000001 9.014999999999999 4.61866666666667
      vertex 2.7550000000000017 8.985 6.2733333333333405
    endloop
  endfacet
  facet normal 0.7071067811865579 -0.7071067811865369 -3.7955498598318956e-16
    outer loop
      vertex 2.785000000000001 9.014999999999999 4.61866666666667
      vertex 2.8150000000000013 9.045 4.61866666666667
      vertex 2.785000000000002 9.014999999999999 6.2733333333333405
    endloop
  endfacet
  facet normal 0.7071067811865476 -0.7071067811865476 -3.7955498598318394e-16
    outer loop
      vertex 2.8150000000000013 9.045 4.61866666666667
      vertex 2.8450000000000006 9.075 4.61866666666667
      vertex 2.815000000000002 9.045 6.2733333333333405
    endloop
  endfacet
  facet normal 0.7071067811865528 -0.7071067811865422 -3.7955498598318675e-16
    outer loop
      vertex 2.8450000000000006 9.075 4.61866666666667
      vertex 2.8750000000000013 9.105 4.61866666666667
      vertex 2.8450000000000015 9.075 6.2733333333333405
    endloop
  endfacet
  facet normal 0.7071067811865422 -0.7071067811865528 3.7955498598318443e-16
    outer loop
      vertex 2.875000000000002 9.105 2.964000000000013
      vertex 2.905000000000002 9.135 2.964000000000013
      vertex 2.8750000000000013 9.105 4.61866666666667
    endloop
  endfacet
  facet normal 0.7071067811865422 -0.7071067811865528 3.7955498598318443e-16
    outer loop
      vertex 2.905000000000002 9.135 2.964000000000013
      vertex 2.935000000000002 9.165 2.964000000000013
      vertex 2.905000000000001 9.135 4.61866666666667
    endloop
  endfacet
  facet normal 0.7071067811865632 -0.7071067811865318 3.795549859831956e-16
    outer loop
      vertex 2.935000000000002 9.165 2.964000000000013
      vertex 2.9650000000000016 9.195 2.964000000000013
      vertex 2.935000000000001 9.165 4.61866666666667
    endloop
  endfacet
  facet normal 0.7071067811865422 -0.7071067811865528 3.7955498598318443e-16
    outer loop
      vertex 2.9650000000000016 9.195 2.964000000000013
      vertex 2.9950000000000014 9.225 2.964000000000013
      vertex 2.9650000000000007 9.195 4.61866666666667
    endloop
  endfacet
  facet normal 0.7071067811865318 -0.7071067811865632 3.7955498598317876e-16
    outer loop
      vertex 2.9950000000000014 9.225 2.964000000000013
      vertex 3.025000000000002 9.254999999999999 2.964000000000013
      vertex 2.9950000000000006 9.225 4.61866666666667
    endloop
  endfacet
  facet normal 0.7071067811865632 -0.7071067811865318 3.795549859831956e-16
    outer loop
      vertex 3.025000000000002 9.254999999999999 2.964000000000013
      vertex 3.055000000000002 9.285 2.964000000000013
      vertex 3.0250000000000012 9.254999999999999 4.61866666666667
    endloop
  endfacet
  facet normal 0.7071067811865422 -0.7071067811865528 3.7955498598318443e-16
    outer loop
      vertex 3.055000000000002 9.285 2.964000000000013
      vertex 3.0850000000000017 9.315 2.964000000000013
      vertex 3.055000000000001 9.285 4.61866666666667
    endloop
  endfacet
  facet normal 0.7071067811865422 -0.7071067811865528 3.7955498598318443e-16
    outer loop
      vertex 3.0850000000000017 9.315 2.964000000000013
      vertex 3.1150000000000015 9.344999999999999 2.964000000000013
      vertex 3.085000000000001 9.315 4.61866666666667
    endloop
  endfacet
  facet normal 0.707106781186558 -0.707106781186537 3.7955498598319286e-16
    outer loop
      vertex 3.1150000000000015 9.344999999999999 2.964000000000013
      vertex 3.145000000000002 9.375 2.964000000000013
      vertex 3.1150000000000007 9.344999999999999 4.61866666666667
    endloop
  endfacet
  facet normal 0.7071067811865371 -0.707106781186558 1.897774929915908e-16
    outer loop
      vertex 3.145000000000002 9.375 2.964000000000013
      vertex 3.175000000000002 9.405 2.964000000000013
      vertex 3.1450000000000014 9.375 4.61866666666667
    endloop
  endfacet
  facet normal 0.7071067811865422 -0.7071067811865528 3.7955498598318443e-16
    outer loop
      vertex 3.175000000000002 9.405 2.964000000000013
      vertex 3.205000000000002 9.434999999999999 2.964000000000013
      vertex 3.175000000000001 9.405 4.61866666666667
    endloop
  endfacet
  facet normal 0.7071067811865632 -0.7071067811865318 3.795549859831956e-16
    outer loop
      vertex 3.205000000000002 9.434999999999999 2.964000000000013
      vertex 3.2350000000000017 9.465 2.964000000000013
      vertex 3.205000000000001 9.434999999999999 4.61866666666667
    endloop
  endfacet
  facet normal 0.7071067811865422 -0.7071067811865528 3.7955498598318443e-16
    outer loop
      vertex 3.2350000000000017 9.465 2.964000000000013
      vertex 3.2650000000000015 9.495 2.964000000000013
      vertex 3.2350000000000008 9.465 4.61866666666667
    endloop
  endfacet
  facet normal 0.7071067811865527 -0.7071067811865422 1.89777492991595e-16
    outer loop
      vertex 3.2650000000000015 9.495 2.964000000000013
      vertex 3.295000000000002 9.525 2.964000000000013
      vertex 3.265000000000001 9.495 4.61866666666667
    endloop
  endfacet
  facet normal 0.7071067811865422 -0.7071067811865528 3.7955498598318443e-16
    outer loop
      vertex 3.295000000000002 9.525 2.964000000000013
      vertex 3.325000000000002 9.555 2.964000000000013
      vertex 3.2950000000000013 9.525 4.61866666666667
    endloop
  endfacet
  facet normal 0.7071067811865422 -0.7071067811865528 3.7955498598318443e-16
    outer loop
      vertex 3.325000000000002 9.555 2.964000000000013
      vertex 3.3550000000000018 9.584999999999999 2.964000000000013
      vertex 3.325000000000001 9.555 4.61866666666667
    endloop
  endfacet
  facet normal 0.707106781186558 -0.707106781186537 3.7955498598319286e-16
    outer loop
      vertex 3.3550000000000018 9.584999999999999 2.964000000000013
      vertex 3.385000000000002 9.615 2.964000000000013
      vertex 3.355000000000001 9.584999999999999 4.61866666666667
    endloop
  endfacet
  facet normal 0.7071067811865422 -0.7071067811865528 1.8977749299159221e-16
    outer loop
      vertex 3.385000000000002 9.615 2.964000000000013
      vertex 3.415000000000002 9.645 2.964000000000013
      vertex 3.3850000000000016 9.615 4.61866666666667
    endloop
  endfacet
  facet normal 0.7071067811865371 -0.707106781186558 1.897774929915908e-16
    outer loop
      vertex 3.415000000000002 9.645 2.964000000000013
      vertex 3.445000000000002 9.674999999999999 2.964000000000013
      vertex 3.4150000000000014 9.645 4.61866666666667
    endloop
  endfacet
  facet normal 0.7071067811865632 -0.7071067811865318 3.795549859831956e-16
    outer loop
      vertex 3.445000000000002 9.674999999999999 2.964000000000013
      vertex 3.475000000000002 9.705 2.964000000000013
      vertex 3.445000000000001 9.674999999999999 4.61866666666667
    endloop
  endfacet
  facet normal 0.7071067811865422 -0.7071067811865528 3.7955498598318443e-16
    outer loop
      vertex 3.475000000000002 9.705 2.964000000000013
      vertex 3.5050000000000017 9.735 2.964000000000013
      vertex 3.475000000000001 9.705 4.61866666666667
    endloop
  endfacet
  facet normal 0.7071067811865422 -0.7071067811865528 3.7955498598318443e-16
    outer loop
      vertex 3.5050000000000017 9.735 2.964000000000013
      vertex 3.5350000000000015 9.764999999999999 2.964000000000013
      vertex 3.505000000000001 9.735 4.61866666666667
    endloop
  endfacet
  facet normal 0.707106781186558 -0.707106781186537 1.8977749299159643e-16
    outer loop
      vertex 3.5350000000000015 9.764999999999999 2.964000000000013
      vertex 3.5650000000000017 9.795 2.964000000000013
      vertex 3.535000000000001 9.764999999999999 4.61866666666667
    endloop
  endfacet
  facet normal 0.7071067811865371 -0.707106781186558 1.897774929915908e-16
    outer loop
      vertex 3.5650000000000017 9.795 2.964000000000013
      vertex 3.595000000000002 9.825 2.964000000000013
      vertex 3.5650000000000013 9.795 4.61866666666667
    endloop
  endfacet
  facet normal 0.7071067811865632 -0.7071067811865318 3.795549859831956e-16
    outer loop
      vertex 3.595000000000002 9.825 2.964000000000013
      vertex 3.6250000000000018 9.855 2.964000000000013
      vertex 3.595000000000001 9.825 4.61866666666667
    endloop
  endfacet
  facet normal 0.7071067811865371 -0.707106781186558 3.795549859831816e-16
    outer loop
      vertex 3.6250000000000018 9.855 2.964000000000013
      vertex 3.655000000000002 9.885 2.964000000000013
      vertex 3.625000000000001 9.855 4.61866666666667
    endloop
  endfacet
  facet normal 0.7071067811865422 -0.7071067811865528 1.8977749299159221e-16
    outer loop
      vertex 3.655000000000002 9.885 2.964000000000013
      vertex 3.685000000000002 9.915 2.964000000000013
      vertex 3.6550000000000016 9.885 4.61866666666667
    endloop
  endfacet
  facet normal 0.7071067811865632 -0.7071067811865318 1.897774929915978e-16
    outer loop
      vertex 3.685000000000002 9.915 2.964000000000013
      vertex 3.7150000000000016 9.945 2.964000000000013
      vertex 3.6850000000000014 9.915 4.61866666666667
    endloop
  endfacet
  facet normal 0.7071067811865371 -0.707106781186558 1.897774929915908e-16
    outer loop
      vertex 3.7150000000000016 9.945 2.964000000000013
      vertex 3.745000000000002 9.975 2.964000000000013
      vertex 3.715000000000001 9.945 4.61866666666667
    endloop
  endfacet
  facet normal 0.7071067811865422 -0.7071067811865528 3.7955498598318443e-16
    outer loop
      vertex 3.745000000000002 9.975 2.964000000000013
      vertex 3.7750000000000017 10.004999999999999 2.964000000000013
      vertex 3.745000000000001 9.975 4.61866666666667
    endloop
  endfacet
  facet normal 0.7071067811865632 -0.7071067811865318 3.795549859831956e-16
    outer loop
      vertex 3.7750000000000017 10.004999999999999 2.964000000000013
      vertex 3.8050000000000015 10.035 2.964000000000013
      vertex 3.775000000000001 10.004999999999999 4.61866666666667
    endloop
  endfacet
  facet normal 0.7071067811865371 -0.707106781186558 1.897774929915908e-16
    outer loop
      vertex 3.8050000000000015 10.035 2.964000000000013
      vertex 3.8350000000000017 10.065 2.964000000000013
      vertex 3.805000000000001 10.035 4.61866666666667
    endloop
  endfacet
  facet normal 0.7071067811865422 -0.7071067811865528 3.7955498598318443e-16
    outer loop
      vertex 2.905000000000002 9.135 2.964000000000013
      vertex 2.905000000000001 9.135 4.61866666666667
      vertex 2.8750000000000013 9.105 4.61866666666667
    endloop
  endfacet
  facet normal 0.7071067811865422 -0.7071067811865528 3.7955498598318443e-16
    outer loop
      vertex 2.935000000000002 9.165 2.964000000000013
      vertex 2.935000000000001 9.165 4.61866666666667
      vertex 2.905000000000001 9.135 4.61866666666667
    endloop
  endfacet
  facet normal 0.7071067811865632 -0.7071067811865318 3.795549859831956e-16
    outer loop
      vertex 2.9650000000000016 9.195 2.964000000000013
      vertex 2.9650000000000007 9.195 4.61866666666667
      vertex 2.935000000000001 9.165 4.61866666666667
    endloop
  endfacet
  facet normal 0.7071067811865422 -0.7071067811865528 3.7955498598318443e-16
    outer loop
      vertex 2.9950000000000014 9.225 2.964000000000013
      vertex 2.9950000000000006 9.225 4.61866666666667
      vertex 2.9650000000000007 9.195 4.61866666666667
    endloop
  endfacet
  facet normal 0.7071067811865318 -0.7071067811865632 3.7955498598317876e-16
    outer loop
      vertex 3.025000000000002 9.254999999999999 2.964000000000013
      vertex 3.0250000000000012 9.254999999999999 4.61866666666667
      vertex 2.9950000000000006 9.225 4.61866666666667
    endloop
  endfacet
  facet normal 0.7071067811865632 -0.7071067811865318 3.795549859831956e-16
    outer loop
      vertex 3.055000000000002 9.285 2.964000000000013
      vertex 3.055000000000001 9.285 4.61866666666667
      vertex 3.0250000000000012 9.254999999999999 4.61866666666667
    endloop
  endfacet
  facet normal 0.7071067811865422 -0.7071067811865528 3.7955498598318443e-16
    outer loop
      vertex 3.0850000000000017 9.315 2.964000000000013
      vertex 3.085000000000001 9.315 4.61866666666667
      vertex 3.055000000000001 9.285 4.61866666666667
    endloop
  endfacet
  facet normal 0.7071067811865422 -0.7071067811865528 3.7955498598318443e-16
    outer loop
      vertex 3.1150000000000015 9.344999999999999 2.964000000000013
      vertex 3.1150000000000007 9.344999999999999 4.61866666666667
      vertex 3.085000000000001 9.315 4.61866666666667
    endloop
  endfacet
  facet normal 0.7071067811865527 -0.7071067811865422 1.89777492991595e-16
    outer loop
      vertex 3.145000000000002 9.375 2.964000000000013
      vertex 3.1450000000000014 9.375 4.61866666666667
      vertex 3.1150000000000007 9.344999999999999 4.61866666666667
    endloop
  endfacet
  facet normal 0.7071067811865422 -0.7071067811865528 3.7955498598318443e-16
    outer loop
      vertex 3.175000000000002 9.405 2.964000000000013
      vertex 3.175000000000001 9.405 4.61866666666667
      vertex 3.1450000000000014 9.375 4.61866666666667
    endloop
  endfacet
  facet normal 0.7071067811865422 -0.7071067811865528 3.7955498598318443e-16
    outer loop
      vertex 3.205000000000002 9.434999999999999 2.964000000000013
      vertex 3.205000000000001 9.434999999999999 4.61866666666667
      vertex 3.175000000000001 9.405 4.61866666666667
    endloop
  endfacet
  facet normal 0.7071067811865632 -0.7071067811865318 3.795549859831956e-16
    outer loop
      vertex 3.2350000000000017 9.465 2.964000000000013
      vertex 3.2350000000000008 9.465 4.61866666666667
      vertex 3.205000000000001 9.434999999999999 4.61866666666667
    endloop
  endfacet
  facet normal 0.7071067811865371 -0.707106781186558 1.897774929915908e-16
    outer loop
      vertex 3.2650000000000015 9.495 2.964000000000013
      vertex 3.265000000000001 9.495 4.61866666666667
      vertex 3.2350000000000008 9.465 4.61866666666667
    endloop
  endfacet
  facet normal 0.707106781186558 -0.707106781186537 3.7955498598319286e-16
    outer loop
      vertex 3.295000000000002 9.525 2.964000000000013
      vertex 3.2950000000000013 9.525 4.61866666666667
      vertex 3.265000000000001 9.495 4.61866666666667
    endloop
  endfacet
  facet normal 0.7071067811865422 -0.7071067811865528 3.7955498598318443e-16
    outer loop
      vertex 3.325000000000002 9.555 2.964000000000013
      vertex 3.325000000000001 9.555 4.61866666666667
      vertex 3.2950000000000013 9.525 4.61866666666667
    endloop
  endfacet
  facet normal 0.7071067811865422 -0.7071067811865528 3.7955498598318443e-16
    outer loop
      vertex 3.3550000000000018 9.584999999999999 2.964000000000013
      vertex 3.355000000000001 9.584999999999999 4.61866666666667
      vertex 3.325000000000001 9.555 4.61866666666667
    endloop
  endfacet
  facet normal 0.7071067811865422 -0.7071067811865526 -3.7955498598318112e-16
    outer loop
      vertex 2.8750000000000013 9.105 4.61866666666667
      vertex 2.905000000000001 9.135 4.61866666666667
      vertex 2.875000000000002 9.105 6.2733333333333405
    endloop
  endfacet
  facet normal 0.7071067811865422 -0.7071067811865526 -3.7955498598318112e-16
    outer loop
      vertex 2.905000000000001 9.135 4.61866666666667
      vertex 2.935000000000001 9.165 4.61866666666667
      vertex 2.905000000000002 9.135 6.2733333333333405
    endloop
  endfacet
  facet normal 0.7071067811865632 -0.7071067811865318 -3.795549859831924e-16
    outer loop
      vertex 2.935000000000001 9.165 4.61866666666667
      vertex 2.9650000000000007 9.195 4.61866666666667
      vertex 2.935000000000002 9.165 6.2733333333333405
    endloop
  endfacet
  facet normal 0.7071067811865422 -0.7071067811865526 -3.7955498598318112e-16
    outer loop
      vertex 2.9650000000000007 9.195 4.61866666666667
      vertex 2.9950000000000006 9.225 4.61866666666667
      vertex 2.9650000000000016 9.195 6.2733333333333405
    endloop
  endfacet
  facet normal 0.7071067811865319 -0.7071067811865632 -3.7955498598317555e-16
    outer loop
      vertex 2.9950000000000006 9.225 4.61866666666667
      vertex 3.0250000000000012 9.254999999999999 4.61866666666667
      vertex 2.9950000000000014 9.225 6.2733333333333405
    endloop
  endfacet
  facet normal 0.7071067811865632 -0.7071067811865318 -3.795549859831924e-16
    outer loop
      vertex 3.0250000000000012 9.254999999999999 4.61866666666667
      vertex 3.055000000000001 9.285 4.61866666666667
      vertex 3.025000000000002 9.254999999999999 6.2733333333333405
    endloop
  endfacet
  facet normal 0.7071067811865422 -0.7071067811865526 -3.7955498598318112e-16
    outer loop
      vertex 3.055000000000001 9.285 4.61866666666667
      vertex 3.085000000000001 9.315 4.61866666666667
      vertex 3.055000000000002 9.285 6.2733333333333405
    endloop
  endfacet
  facet normal 0.7071067811865422 -0.7071067811865526 -3.7955498598318112e-16
    outer loop
      vertex 3.085000000000001 9.315 4.61866666666667
      vertex 3.1150000000000007 9.344999999999999 4.61866666666667
      vertex 3.0850000000000017 9.315 6.2733333333333405
    endloop
  endfacet
  facet normal 0.7071067811865528 -0.7071067811865422 -3.7955498598318675e-16
    outer loop
      vertex 3.1150000000000007 9.344999999999999 4.61866666666667
      vertex 3.1450000000000014 9.375 4.61866666666667
      vertex 3.1150000000000015 9.344999999999999 6.2733333333333405
    endloop
  endfacet
  facet normal 0.7071067811865422 -0.7071067811865526 -1.8977749299159056e-16
    outer loop
      vertex 3.1450000000000014 9.375 4.61866666666667
      vertex 3.175000000000001 9.405 4.61866666666667
      vertex 3.145000000000002 9.375 6.2733333333333405
    endloop
  endfacet
  facet normal 0.7071067811865422 -0.7071067811865526 -3.7955498598318112e-16
    outer loop
      vertex 3.175000000000001 9.405 4.61866666666667
      vertex 3.205000000000001 9.434999999999999 4.61866666666667
      vertex 3.175000000000002 9.405 6.2733333333333405
    endloop
  endfacet
  facet normal 0.7071067811865632 -0.7071067811865318 -3.795549859831924e-16
    outer loop
      vertex 3.205000000000001 9.434999999999999 4.61866666666667
      vertex 3.2350000000000008 9.465 4.61866666666667
      vertex 3.205000000000002 9.434999999999999 6.2733333333333405
    endloop
  endfacet
  facet normal 0.707106781186537 -0.7071067811865579 -3.795549859831783e-16
    outer loop
      vertex 3.2350000000000008 9.465 4.61866666666667
      vertex 3.265000000000001 9.495 4.61866666666667
      vertex 3.2350000000000017 9.465 6.2733333333333405
    endloop
  endfacet
  facet normal 0.7071067811865579 -0.7071067811865369 -1.8977749299159478e-16
    outer loop
      vertex 3.265000000000001 9.495 4.61866666666667
      vertex 3.2950000000000013 9.525 4.61866666666667
      vertex 3.2650000000000015 9.495 6.2733333333333405
    endloop
  endfacet
  facet normal 0.7071067811865422 -0.7071067811865526 -3.7955498598318112e-16
    outer loop
      vertex 3.2950000000000013 9.525 4.61866666666667
      vertex 3.325000000000001 9.555 4.61866666666667
      vertex 3.295000000000002 9.525 6.2733333333333405
    endloop
  endfacet
  facet normal 0.7071067811865422 -0.7071067811865526 -3.7955498598318112e-16
    outer loop
      vertex 3.325000000000001 9.555 4.61866666666667
      vertex 3.355000000000001 9.584999999999999 4.61866666666667
      vertex 3.325000000000002 9.555 6.2733333333333405
    endloop
  endfacet
  facet normal 0.7071067811865527 -0.7071067811865422 1.89777492991595e-16
    outer loop
      vertex 3.385000000000002 9.615 2.964000000000013
      vertex 3.3850000000000016 9.615 4.61866666666667
      vertex 3.355000000000001 9.584999999999999 4.61866666666667
    endloop
  endfacet
  facet normal 0.7071067811865422 -0.7071067811865528 1.8977749299159221e-16
    outer loop
      vertex 3.415000000000002 9.645 2.964000000000013
      vertex 3.4150000000000014 9.645 4.61866666666667
      vertex 3.3850000000000016 9.615 4.61866666666667
    endloop
  endfacet
  facet normal 0.7071067811865422 -0.7071067811865528 3.7955498598318443e-16
    outer loop
      vertex 3.445000000000002 9.674999999999999 2.964000000000013
      vertex 3.445000000000001 9.674999999999999 4.61866666666667
      vertex 3.4150000000000014 9.645 4.61866666666667
    endloop
  endfacet
  facet normal 0.7071067811865632 -0.7071067811865318 3.795549859831956e-16
    outer loop
      vertex 3.475000000000002 9.705 2.964000000000013
      vertex 3.475000000000001 9.705 4.61866666666667
      vertex 3.445000000000001 9.674999999999999 4.61866666666667
    endloop
  endfacet
  facet normal 0.7071067811865422 -0.7071067811865528 3.7955498598318443e-16
    outer loop
      vertex 3.5050000000000017 9.735 2.964000000000013
      vertex 3.505000000000001 9.735 4.61866666666667
      vertex 3.475000000000001 9.705 4.61866666666667
    endloop
  endfacet
  facet normal 0.7071067811865371 -0.707106781186558 1.897774929915908e-16
    outer loop
      vertex 3.5350000000000015 9.764999999999999 2.964000000000013
      vertex 3.535000000000001 9.764999999999999 4.61866666666667
      vertex 3.505000000000001 9.735 4.61866666666667
    endloop
  endfacet
  facet normal 0.707106781186558 -0.707106781186537 1.8977749299159643e-16
    outer loop
      vertex 3.5650000000000017 9.795 2.964000000000013
      vertex 3.5650000000000013 9.795 4.61866666666667
      vertex 3.535000000000001 9.764999999999999 4.61866666666667
    endloop
  endfacet
  facet normal 0.7071067811865422 -0.7071067811865528 3.7955498598318443e-16
    outer loop
      vertex 3.595000000000002 9.825 2.964000000000013
      vertex 3.595000000000001 9.825 4.61866666666667
      vertex 3.5650000000000013 9.795 4.61866666666667
    endloop
  endfacet
  facet normal 0.7071067811865632 -0.7071067811865318 3.795549859831956e-16
    outer loop
      vertex 3.6250000000000018 9.855 2.964000000000013
      vertex 3.625000000000001 9.855 4.61866666666667
      vertex 3.595000000000001 9.825 4.61866666666667
    endloop
  endfacet
  facet normal 0.7071067811865318 -0.7071067811865632 1.8977749299158938e-16
    outer loop
      vertex 3.655000000000002 9.885 2.964000000000013
      vertex 3.6550000000000016 9.885 4.61866666666667
      vertex 3.625000000000001 9.855 4.61866666666667
    endloop
  endfacet
  facet normal 0.7071067811865422 -0.7071067811865528 1.8977749299159221e-16
    outer loop
      vertex 3.685000000000002 9.915 2.964000000000013
      vertex 3.6850000000000014 9.915 4.61866666666667
      vertex 3.6550000000000016 9.885 4.61866666666667
    endloop
  endfacet
  facet normal 0.7071067811865632 -0.7071067811865318 1.897774929915978e-16
    outer loop
      vertex 3.7150000000000016 9.945 2.964000000000013
      vertex 3.715000000000001 9.945 4.61866666666667
      vertex 3.6850000000000014 9.915 4.61866666666667
    endloop
  endfacet
  facet normal 0.7071067811865422 -0.7071067811865528 3.7955498598318443e-16
    outer loop
      vertex 3.745000000000002 9.975 2.964000000000013
      vertex 3.745000000000001 9.975 4.61866666666667
      vertex 3.715000000000001 9.945 4.61866666666667
    endloop
  endfacet
  facet normal 0.7071067811865422 -0.7071067811865528 3.7955498598318443e-16
    outer loop
      vertex 3.7750000000000017 10.004999999999999 2.964000000000013
      vertex 3.775000000000001 10.004999999999999 4.61866666666667
      vertex 3.745000000000001 9.975 4.61866666666667
    endloop
  endfacet
  facet normal 0.707106781186558 -0.707106781186537 1.8977749299159643e-16
    outer loop
      vertex 3.8050000000000015 10.035 2.964000000000013
      vertex 3.805000000000001 10.035 4.61866666666667
      vertex 3.775000000000001 10.004999999999999 4.61866666666667
    endloop
  endfacet
  facet normal 0.7071067811865371 -0.707106781186558 1.897774929915908e-16
    outer loop
      vertex 3.8350000000000017 10.065 2.964000000000013
      vertex 3.8350000000000013 10.065 4.61866666666667
      vertex 3.805000000000001 10.035 4.61866666666667
    endloop
  endfacet
  facet normal 0.7071067811865528 -0.7071067811865422 -3.7955498598318675e-16
    outer loop
      vertex 3.355000000000001 9.584999999999999 4.61866666666667
      vertex 3.3850000000000016 9.615 4.61866666666667
      vertex 3.3550000000000018 9.584999999999999 6.2733333333333405
    endloop
  endfacet
  facet normal 0.7071067811865422 -0.7071067811865526 -1.8977749299159056e-16
    outer loop
      vertex 3.3850000000000016 9.615 4.61866666666667
      vertex 3.4150000000000014 9.645 4.61866666666667
      vertex 3.385000000000002 9.615 6.2733333333333405
    endloop
  endfacet
  facet normal 0.7071067811865422 -0.7071067811865526 -1.8977749299159056e-16
    outer loop
      vertex 3.4150000000000014 9.645 4.61866666666667
      vertex 3.445000000000001 9.674999999999999 4.61866666666667
      vertex 3.415000000000002 9.645 6.2733333333333405
    endloop
  endfacet
  facet normal 0.7071067811865632 -0.7071067811865318 -3.795549859831924e-16
    outer loop
      vertex 3.445000000000001 9.674999999999999 4.61866666666667
      vertex 3.475000000000001 9.705 4.61866666666667
      vertex 3.445000000000002 9.674999999999999 6.2733333333333405
    endloop
  endfacet
  facet normal 0.7071067811865422 -0.7071067811865526 -3.7955498598318112e-16
    outer loop
      vertex 3.475000000000001 9.705 4.61866666666667
      vertex 3.505000000000001 9.735 4.61866666666667
      vertex 3.475000000000002 9.705 6.2733333333333405
    endloop
  endfacet
  facet normal 0.707106781186537 -0.7071067811865579 -3.795549859831783e-16
    outer loop
      vertex 3.505000000000001 9.735 4.61866666666667
      vertex 3.535000000000001 9.764999999999999 4.61866666666667
      vertex 3.5050000000000017 9.735 6.2733333333333405
    endloop
  endfacet
  facet normal 0.7071067811865579 -0.7071067811865369 -1.8977749299159478e-16
    outer loop
      vertex 3.535000000000001 9.764999999999999 4.61866666666667
      vertex 3.5650000000000013 9.795 4.61866666666667
      vertex 3.5350000000000015 9.764999999999999 6.2733333333333405
    endloop
  endfacet
  facet normal 0.7071067811865422 -0.7071067811865526 -1.8977749299159056e-16
    outer loop
      vertex 3.5650000000000013 9.795 4.61866666666667
      vertex 3.595000000000001 9.825 4.61866666666667
      vertex 3.5650000000000017 9.795 6.2733333333333405
    endloop
  endfacet
  facet normal 0.7071067811865632 -0.7071067811865318 -3.795549859831924e-16
    outer loop
      vertex 3.595000000000001 9.825 4.61866666666667
      vertex 3.625000000000001 9.855 4.61866666666667
      vertex 3.595000000000002 9.825 6.2733333333333405
    endloop
  endfacet
  facet normal 0.7071067811865319 -0.7071067811865632 -3.7955498598317555e-16
    outer loop
      vertex 3.625000000000001 9.855 4.61866666666667
      vertex 3.6550000000000016 9.885 4.61866666666667
      vertex 3.6250000000000018 9.855 6.2733333333333405
    endloop
  endfacet
  facet normal 0.7071067811865422 -0.7071067811865526 -1.8977749299159056e-16
    outer loop
      vertex 3.6550000000000016 9.885 4.61866666666667
      vertex 3.6850000000000014 9.915 4.61866666666667
      vertex 3.655000000000002 9.885 6.2733333333333405
    endloop
  endfacet
  facet normal 0.7071067811865632 -0.7071067811865318 -1.897774929915962e-16
    outer loop
      vertex 3.6850000000000014 9.915 4.61866666666667
      vertex 3.715000000000001 9.945 4.61866666666667
      vertex 3.685000000000002 9.915 6.2733333333333405
    endloop
  endfacet
  facet normal 0.7071067811865422 -0.7071067811865526 -1.8977749299159056e-16
    outer loop
      vertex 3.715000000000001 9.945 4.61866666666667
      vertex 3.745000000000001 9.975 4.61866666666667
      vertex 3.7150000000000016 9.945 6.2733333333333405
    endloop
  endfacet
  facet normal 0.7071067811865422 -0.7071067811865526 -3.7955498598318112e-16
    outer loop
      vertex 3.745000000000001 9.975 4.61866666666667
      vertex 3.775000000000001 10.004999999999999 4.61866666666667
      vertex 3.745000000000002 9.975 6.2733333333333405
    endloop
  endfacet
  facet normal 0.7071067811865579 -0.7071067811865369 -3.7955498598318956e-16
    outer loop
      vertex 3.775000000000001 10.004999999999999 4.61866666666667
      vertex 3.805000000000001 10.035 4.61866666666667
      vertex 3.7750000000000017 10.004999999999999 6.2733333333333405
    endloop
  endfacet
  facet normal 0.707106781186537 -0.7071067811865579 -1.8977749299158916e-16
    outer loop
      vertex 3.805000000000001 10.035 4.61866666666667
      vertex 3.8350000000000013 10.065 4.61866666666667
      vertex 3.8050000000000015 10.035 6.2733333333333405
    endloop
  endfacet
  facet normal -0.7071067811865266 -0.7071067811865684 -9.799188761762655e-15
    outer loop
      vertex 10.165000000000003 9.795 2.964000000000013
      vertex 10.135000000000002 9.825 2.964000000000013
      vertex 9.865000000000002 10.094999999999999 1.8100000000000023
    endloop
  endfacet
  facet normal -0.7071067811865684 -0.7071067811865266 9.802193343662958e-15
    outer loop
      vertex 10.135000000000002 9.825 2.964000000000013
      vertex 10.105000000000002 9.855 2.964000000000013
      vertex 9.865000000000002 10.094999999999999 1.8100000000000023
    endloop
  endfacet
  facet normal -0.7071067811865475 -0.7071067811865475 1.0903372610116883e-15
    outer loop
      vertex 9.985000000000003 9.975 2.964000000000013
      vertex 9.865000000000002 10.094999999999999 1.8100000000000023
      vertex 10.015000000000002 9.945 2.964000000000013
    endloop
  endfacet
  facet normal -0.7071067811865475 -0.7071067811865475 1.0946032004078376e-15
    outer loop
      vertex 10.105000000000002 9.855 2.964000000000013
      vertex 10.075000000000003 9.885 2.964000000000013
      vertex 9.865000000000002 10.094999999999999 1.8100000000000023
    endloop
  endfacet
  facet normal -0.7071067811865266 -0.7071067811865684 -6.534795562441972e-15
    outer loop
      vertex 10.045000000000002 9.915 2.964000000000013
      vertex 9.865000000000002 10.094999999999999 1.8100000000000023
      vertex 10.075000000000003 9.885 2.964000000000013
    endloop
  endfacet
  facet normal -0.7071067811865684 -0.7071067811865266 6.534795562441972e-15
    outer loop
      vertex 10.045000000000002 9.915 2.964000000000013
      vertex 10.015000000000002 9.945 2.964000000000013
      vertex 9.865000000000002 10.094999999999999 1.8100000000000023
    endloop
  endfacet
  facet normal -0.7071067811865684 -0.7071067811865266 3.267397781220986e-15
    outer loop
      vertex 9.955000000000002 10.004999999999999 2.964000000000013
      vertex 9.925000000000002 10.035 2.964000000000013
      vertex 9.865000000000002 10.094999999999999 1.8100000000000023
    endloop
  endfacet
  facet normal -0.7071067811865266 -0.7071067811865684 -3.2661789413934963e-15
    outer loop
      vertex 9.985000000000003 9.975 2.964000000000013
      vertex 9.955000000000002 10.004999999999999 2.964000000000013
      vertex 9.865000000000002 10.094999999999999 1.8100000000000023
    endloop
  endfacet
  facet normal -0.7071067811865475 -0.7071067811865475 1.088041306918072e-15
    outer loop
      vertex 9.925000000000002 10.035 2.964000000000013
      vertex 9.895000000000003 10.065 2.964000000000013
      vertex 9.865000000000002 10.094999999999999 1.8100000000000023
    endloop
  endfacet
  facet normal -0.7071067811865266 -0.7071067811865684 -2.7202123959773675e-14
    outer loop
      vertex 10.645000000000003 9.315 2.964000000000013
      vertex 10.615000000000002 9.344999999999999 2.964000000000013
      vertex 9.865000000000002 10.094999999999999 1.8100000000000023
    endloop
  endfacet
  facet normal -0.7071067811865475 -0.7071067811865475 1.0614677641679266e-15
    outer loop
      vertex 10.675000000000002 9.285 2.964000000000013
      vertex 10.645000000000003 9.315 2.964000000000013
      vertex 9.865000000000002 10.094999999999999 1.8100000000000023
    endloop
  endfacet
  facet normal -0.7071067811865684 -0.7071067811865266 3.047870555736912e-14
    outer loop
      vertex 10.705000000000002 9.254999999999999 2.964000000000013
      vertex 10.675000000000002 9.285 2.964000000000013
      vertex 9.865000000000002 10.094999999999999 1.8100000000000023
    endloop
  endfacet
  facet normal -0.7071067811865475 -0.7071067811865475 3.8549352682868384e-18
    outer loop
      vertex 10.945000000000002 9.014999999999999 2.964000000000013
      vertex 9.865000000000002 10.094999999999999 1.8100000000000023
      vertex 10.975000000000001 8.985 2.964000000000013
    endloop
  endfacet
  facet normal -0.7071067811865266 -0.7071067811865684 -3.704592792824432e-14
    outer loop
      vertex 10.915000000000003 9.045 2.964000000000013
      vertex 10.885000000000002 9.075 2.964000000000013
      vertex 9.865000000000002 10.094999999999999 1.8100000000000023
    endloop
  endfacet
  facet normal -0.7071067811865684 -0.7071067811865266 3.925412555427877e-14
    outer loop
      vertex 10.945000000000002 9.014999999999999 2.964000000000013
      vertex 10.915000000000003 9.045 2.964000000000013
      vertex 9.865000000000002 10.094999999999999 1.8100000000000023
    endloop
  endfacet
  facet normal -0.7071067811865924 -0.7071067811865027 8.96889400129975e-14
    outer loop
      vertex 11.005000000000003 8.955 2.964000000000013
      vertex 9.865000000000002 10.094999999999999 1.8100000000000023
      vertex 11.055000000000001 8.905 3
    endloop
  endfacet
  facet normal -0.7071067811865266 -0.7071067811865684 -4.030357499084552e-14
    outer loop
      vertex 11.005000000000003 8.955 2.964000000000013
      vertex 10.975000000000001 8.985 2.964000000000013
      vertex 9.865000000000002 10.094999999999999 1.8100000000000023
    endloop
  endfacet
  facet normal -0.7071067811865266 -0.7071067811865684 -3.374610333859011e-14
    outer loop
      vertex 10.795000000000002 9.165 2.964000000000013
      vertex 9.865000000000002 10.094999999999999 1.8100000000000023
      vertex 10.825000000000003 9.135 2.964000000000013
    endloop
  endfacet
  facet normal -0.7071067811865684 -0.7071067811865266 3.374610333859011e-14
    outer loop
      vertex 10.795000000000002 9.165 2.964000000000013
      vertex 10.765000000000002 9.195 2.964000000000013
      vertex 9.865000000000002 10.094999999999999 1.8100000000000023
    endloop
  endfacet
  facet normal -0.7071067811865684 -0.7071067811865266 3.6993432780326196e-14
    outer loop
      vertex 10.855000000000002 9.105 2.964000000000013
      vertex 9.865000000000002 10.094999999999999 1.8100000000000023
      vertex 10.885000000000002 9.075 2.964000000000013
    endloop
  endfacet
  facet normal -0.7071067811865475 -0.7071067811865475 1.1092009332252602e-15
    outer loop
      vertex 10.825000000000003 9.135 2.964000000000013
      vertex 9.865000000000002 10.094999999999999 1.8100000000000023
      vertex 10.855000000000002 9.105 2.964000000000013
    endloop
  endfacet
  facet normal -0.7071067811865475 -0.7071067811865475 1.0691776347045002e-15
    outer loop
      vertex 10.765000000000002 9.195 2.964000000000013
      vertex 10.735000000000003 9.225 2.964000000000013
      vertex 9.865000000000002 10.094999999999999 1.8100000000000023
    endloop
  endfacet
  facet normal -0.7071067811865266 -0.7071067811865684 -3.047870555736912e-14
    outer loop
      vertex 10.705000000000002 9.254999999999999 2.964000000000013
      vertex 9.865000000000002 10.094999999999999 1.8100000000000023
      vertex 10.735000000000003 9.225 2.964000000000013
    endloop
  endfacet
  facet normal -0.7071067811865266 -0.7071067811865684 -1.9607561339899775e-14
    outer loop
      vertex 10.435000000000002 9.525 2.964000000000013
      vertex 10.405000000000001 9.555 2.964000000000013
      vertex 9.865000000000002 10.094999999999999 1.8100000000000023
    endloop
  endfacet
  facet normal -0.7071067811865475 -0.7071067811865475 -1.1564805804860517e-17
    outer loop
      vertex 10.375000000000002 9.584999999999999 2.964000000000013
      vertex 9.865000000000002 10.094999999999999 1.8100000000000023
      vertex 10.405000000000001 9.555 2.964000000000013
    endloop
  endfacet
  facet normal -0.7071067811865475 -0.7071067811865475 7.709870536573677e-18
    outer loop
      vertex 10.525000000000002 9.434999999999999 2.964000000000013
      vertex 9.865000000000002 10.094999999999999 1.8100000000000023
      vertex 10.555000000000001 9.405 2.964000000000013
    endloop
  endfacet
  facet normal -0.7071067811865684 -0.7071067811865266 2.3943909994927154e-14
    outer loop
      vertex 10.525000000000002 9.434999999999999 2.964000000000013
      vertex 10.495000000000003 9.465 2.964000000000013
      vertex 9.865000000000002 10.094999999999999 1.8100000000000023
    endloop
  endfacet
  facet normal -0.7071067811865684 -0.7071067811865266 2.7220491592522605e-14
    outer loop
      vertex 10.585000000000003 9.375 2.964000000000013
      vertex 9.865000000000002 10.094999999999999 1.8100000000000023
      vertex 10.615000000000002 9.344999999999999 2.964000000000013
    endloop
  endfacet
  facet normal -0.7071067811865266 -0.7071067811865684 -2.506909757147085e-14
    outer loop
      vertex 10.585000000000003 9.375 2.964000000000013
      vertex 10.555000000000001 9.405 2.964000000000013
      vertex 9.865000000000002 10.094999999999999 1.8100000000000023
    endloop
  endfacet
  facet normal -0.7071067811865475 -0.7071067811865475 1.0691776347045002e-15
    outer loop
      vertex 10.465000000000003 9.495 2.964000000000013
      vertex 9.865000000000002 10.094999999999999 1.8100000000000023
      vertex 10.495000000000003 9.465 2.964000000000013
    endloop
  endfacet
  facet normal -0.7071067811865475 -0.7071067811865475 1.0680438302137912e-15
    outer loop
      vertex 10.465000000000003 9.495 2.964000000000013
      vertex 10.435000000000002 9.525 2.964000000000013
      vertex 9.865000000000002 10.094999999999999 1.8100000000000023
    endloop
  endfacet
  facet normal -0.7071067811865684 -0.7071067811865266 1.523935277868456e-14
    outer loop
      vertex 10.285000000000002 9.674999999999999 2.964000000000013
      vertex 10.255000000000003 9.705 2.964000000000013
      vertex 9.865000000000002 10.094999999999999 1.8100000000000023
    endloop
  endfacet
  facet normal -0.7071067811865684 -0.7071067811865266 1.8506750559905548e-14
    outer loop
      vertex 10.375000000000002 9.584999999999999 2.964000000000013
      vertex 10.345000000000002 9.615 2.964000000000013
      vertex 9.865000000000002 10.094999999999999 1.8100000000000023
    endloop
  endfacet
  facet normal -0.7071067811865266 -0.7071067811865684 -1.631448288696505e-14
    outer loop
      vertex 10.345000000000002 9.615 2.964000000000013
      vertex 10.315000000000001 9.645 2.964000000000013
      vertex 9.865000000000002 10.094999999999999 1.8100000000000023
    endloop
  endfacet
  facet normal -0.7071067811865475 -0.7071067811865475 3.117962349341119e-18
    outer loop
      vertex 10.315000000000001 9.645 2.964000000000013
      vertex 10.285000000000002 9.674999999999999 2.964000000000013
      vertex 9.865000000000002 10.094999999999999 1.8100000000000023
    endloop
  endfacet
  facet normal -0.7071067811865475 -0.7071067811865475 3.8549352682868384e-18
    outer loop
      vertex 10.195000000000002 9.764999999999999 2.964000000000013
      vertex 9.865000000000002 10.094999999999999 1.8100000000000023
      vertex 10.225000000000001 9.735 2.964000000000013
    endloop
  endfacet
  facet normal -0.7071067811865684 -0.7071067811865266 1.1971954997463577e-14
    outer loop
      vertex 10.195000000000002 9.764999999999999 2.964000000000013
      vertex 10.165000000000003 9.795 2.964000000000013
      vertex 9.865000000000002 10.094999999999999 1.8100000000000023
    endloop
  endfacet
  facet normal -0.7071067811865266 -0.7071067811865684 -1.3056835824363854e-14
    outer loop
      vertex 10.255000000000003 9.705 2.964000000000013
      vertex 10.225000000000001 9.735 2.964000000000013
      vertex 9.865000000000002 10.094999999999999 1.8100000000000023
    endloop
  endfacet
  facet normal -0.7071067811865266 -0.7071067811865686 0
    outer loop
      vertex 10.045000000000002 9.915 2.964000000000013
      vertex 10.075000000000003 9.885 2.964000000000013
      vertex 10.045000000000002 9.915 4.61866666666667
    endloop
  endfacet
  facet normal -0.7071067811865266 -0.7071067811865686 2.273376218232007e-19
    outer loop
      vertex 9.985000000000003 9.975 2.964000000000013
      vertex 9.955000000000002 10.004999999999999 4.61866666666667
      vertex 9.955000000000002 10.004999999999999 2.964000000000013
    endloop
  endfacet
  facet normal -0.7071067811865476 -0.7071067811865476 0
    outer loop
      vertex 9.985000000000003 9.975 2.964000000000013
      vertex 10.015000000000002 9.945 2.964000000000013
      vertex 9.985000000000003 9.975 4.61866666666667
    endloop
  endfacet
  facet normal -0.7071067811865686 -0.7071067811865266 2.273376218232007e-19
    outer loop
      vertex 10.045000000000002 9.915 2.964000000000013
      vertex 10.015000000000002 9.945 4.61866666666667
      vertex 10.015000000000002 9.945 2.964000000000013
    endloop
  endfacet
  facet normal -0.7071067811865476 -0.7071067811865476 -5.139807101914023e-19
    outer loop
      vertex 9.925000000000002 10.035 2.964000000000013
      vertex 9.895000000000003 10.065 4.61866666666667
      vertex 9.895000000000003 10.065 2.964000000000013
    endloop
  endfacet
  facet normal -0.7071067811865686 -0.7071067811865266 2.273376218232007e-19
    outer loop
      vertex 9.955000000000002 10.004999999999999 2.964000000000013
      vertex 9.925000000000002 10.035 4.61866666666667
      vertex 9.925000000000002 10.035 2.964000000000013
    endloop
  endfacet
  facet normal -0.7071067811865686 -0.7071067811865266 2.273376218232007e-19
    outer loop
      vertex 10.795000000000002 9.165 2.964000000000013
      vertex 10.765000000000002 9.195 4.61866666666667
      vertex 10.765000000000002 9.195 2.964000000000013
    endloop
  endfacet
  facet normal -0.7071067811865266 -0.7071067811865686 0
    outer loop
      vertex 10.705000000000002 9.254999999999999 2.964000000000013
      vertex 10.735000000000003 9.225 2.964000000000013
      vertex 10.705000000000002 9.254999999999999 4.61866666666667
    endloop
  endfacet
  facet normal -0.7071067811865476 -0.7071067811865476 -5.139807101914023e-19
    outer loop
      vertex 10.765000000000002 9.195 2.964000000000013
      vertex 10.735000000000003 9.225 4.61866666666667
      vertex 10.735000000000003 9.225 2.964000000000013
    endloop
  endfacet
  facet normal -0.7071067811865266 -0.7071067811865686 2.273376218232007e-19
    outer loop
      vertex 10.435000000000002 9.525 2.964000000000013
      vertex 10.405000000000001 9.555 4.61866666666667
      vertex 10.405000000000001 9.555 2.964000000000013
    endloop
  endfacet
  facet normal -0.7071067811865476 -0.7071067811865476 0
    outer loop
      vertex 10.375000000000002 9.584999999999999 2.964000000000013
      vertex 10.405000000000001 9.555 2.964000000000013
      vertex 10.375000000000002 9.584999999999999 4.61866666666667
    endloop
  endfacet
  facet normal -0.7071067811865686 -0.7071067811865266 0
    outer loop
      vertex 10.585000000000003 9.375 2.964000000000013
      vertex 10.615000000000002 9.344999999999999 2.964000000000013
      vertex 10.585000000000003 9.375 4.61866666666667
    endloop
  endfacet
  facet normal -0.7071067811865266 -0.7071067811865686 2.273376218232007e-19
    outer loop
      vertex 10.585000000000003 9.375 2.964000000000013
      vertex 10.555000000000001 9.405 4.61866666666667
      vertex 10.555000000000001 9.405 2.964000000000013
    endloop
  endfacet
  facet normal -0.7071067811865686 -0.7071067811865266 2.273376218232007e-19
    outer loop
      vertex 10.705000000000002 9.254999999999999 2.964000000000013
      vertex 10.675000000000002 9.285 4.61866666666667
      vertex 10.675000000000002 9.285 2.964000000000013
    endloop
  endfacet
  facet normal -0.7071067811865476 -0.7071067811865476 -5.139807101914023e-19
    outer loop
      vertex 10.675000000000002 9.285 2.964000000000013
      vertex 10.645000000000003 9.315 4.61866666666667
      vertex 10.645000000000003 9.315 2.964000000000013
    endloop
  endfacet
  facet normal -0.7071067811865266 -0.7071067811865686 2.273376218232007e-19
    outer loop
      vertex 10.645000000000003 9.315 2.964000000000013
      vertex 10.615000000000002 9.344999999999999 4.61866666666667
      vertex 10.615000000000002 9.344999999999999 2.964000000000013
    endloop
  endfacet
  facet normal -0.7071067811865686 -0.7071067811865266 2.273376218232007e-19
    outer loop
      vertex 10.525000000000002 9.434999999999999 2.964000000000013
      vertex 10.495000000000003 9.465 4.61866666666667
      vertex 10.495000000000003 9.465 2.964000000000013
    endloop
  endfacet
  facet normal -0.7071067811865476 -0.7071067811865476 0
    outer loop
      vertex 10.465000000000003 9.495 2.964000000000013
      vertex 10.495000000000003 9.465 2.964000000000013
      vertex 10.465000000000003 9.495 4.61866666666667
    endloop
  endfacet
  facet normal -0.7071067811865476 -0.7071067811865476 0
    outer loop
      vertex 10.525000000000002 9.434999999999999 2.964000000000013
      vertex 10.555000000000001 9.405 2.964000000000013
      vertex 10.525000000000002 9.434999999999999 4.61866666666667
    endloop
  endfacet
  facet normal -0.7071067811865476 -0.7071067811865476 -5.757572378704894e-19
    outer loop
      vertex 10.465000000000003 9.495 2.964000000000013
      vertex 10.435000000000002 9.525 4.61866666666667
      vertex 10.435000000000002 9.525 2.964000000000013
    endloop
  endfacet
  facet normal -0.7071067811865476 -0.7071067811865476 0
    outer loop
      vertex 10.945000000000002 9.014999999999999 2.964000000000013
      vertex 10.975000000000001 8.985 2.964000000000013
      vertex 10.945000000000002 9.014999999999999 4.61866666666667
    endloop
  endfacet
  facet normal -0.7071067811865266 -0.7071067811865686 2.273376218232007e-19
    outer loop
      vertex 10.915000000000003 9.045 2.964000000000013
      vertex 10.885000000000002 9.075 4.61866666666667
      vertex 10.885000000000002 9.075 2.964000000000013
    endloop
  endfacet
  facet normal -0.7071067811865686 -0.7071067811865266 2.273376218232007e-19
    outer loop
      vertex 10.945000000000002 9.014999999999999 2.964000000000013
      vertex 10.915000000000003 9.045 4.61866666666667
      vertex 10.915000000000003 9.045 2.964000000000013
    endloop
  endfacet
  facet normal -0.7071067811865601 -0.707106781186535 0
    outer loop
      vertex 11.005000000000003 8.955 2.964000000000013
      vertex 11.055000000000001 8.905 3
      vertex 11.005000000000003 8.955 4.61866666666667
    endloop
  endfacet
  facet normal -0.7071067811865266 -0.7071067811865686 2.273376218232007e-19
    outer loop
      vertex 11.005000000000003 8.955 2.964000000000013
      vertex 10.975000000000001 8.985 4.61866666666667
      vertex 10.975000000000001 8.985 2.964000000000013
    endloop
  endfacet
  facet normal -0.7071067811865686 -0.7071067811865266 0
    outer loop
      vertex 10.855000000000002 9.105 2.964000000000013
      vertex 10.885000000000002 9.075 2.964000000000013
      vertex 10.855000000000002 9.105 4.61866666666667
    endloop
  endfacet
  facet normal -0.7071067811865266 -0.7071067811865686 0
    outer loop
      vertex 10.795000000000002 9.165 2.964000000000013
      vertex 10.825000000000003 9.135 2.964000000000013
      vertex 10.795000000000002 9.165 4.61866666666667
    endloop
  endfacet
  facet normal -0.7071067811865476 -0.7071067811865476 0
    outer loop
      vertex 10.825000000000003 9.135 2.964000000000013
      vertex 10.855000000000002 9.105 2.964000000000013
      vertex 10.825000000000003 9.135 4.61866666666667
    endloop
  endfacet
  facet normal -0.7071067811865266 -0.7071067811865686 2.273376218232007e-19
    outer loop
      vertex 10.255000000000003 9.705 2.964000000000013
      vertex 10.225000000000001 9.735 4.61866666666667
      vertex 10.225000000000001 9.735 2.964000000000013
    endloop
  endfacet
  facet normal -0.7071067811865476 -0.7071067811865476 0
    outer loop
      vertex 10.195000000000002 9.764999999999999 2.964000000000013
      vertex 10.225000000000001 9.735 2.964000000000013
      vertex 10.195000000000002 9.764999999999999 4.61866666666667
    endloop
  endfacet
  facet normal -0.7071067811865266 -0.7071067811865686 2.273376218232007e-19
    outer loop
      vertex 10.345000000000002 9.615 2.964000000000013
      vertex 10.315000000000001 9.645 4.61866666666667
      vertex 10.315000000000001 9.645 2.964000000000013
    endloop
  endfacet
  facet normal -0.7071067811865476 -0.7071067811865476 -5.139807101914023e-19
    outer loop
      vertex 10.315000000000001 9.645 2.964000000000013
      vertex 10.285000000000002 9.674999999999999 4.61866666666667
      vertex 10.285000000000002 9.674999999999999 2.964000000000013
    endloop
  endfacet
  facet normal -0.7071067811865686 -0.7071067811865266 2.273376218232007e-19
    outer loop
      vertex 10.375000000000002 9.584999999999999 2.964000000000013
      vertex 10.345000000000002 9.615 4.61866666666667
      vertex 10.345000000000002 9.615 2.964000000000013
    endloop
  endfacet
  facet normal -0.7071067811865686 -0.7071067811865266 2.273376218232007e-19
    outer loop
      vertex 10.285000000000002 9.674999999999999 2.964000000000013
      vertex 10.255000000000003 9.705 4.61866666666667
      vertex 10.255000000000003 9.705 2.964000000000013
    endloop
  endfacet
  facet normal -0.7071067811865266 -0.7071067811865686 2.273376218232007e-19
    outer loop
      vertex 10.165000000000003 9.795 2.964000000000013
      vertex 10.135000000000002 9.825 4.61866666666667
      vertex 10.135000000000002 9.825 2.964000000000013
    endloop
  endfacet
  facet normal -0.7071067811865686 -0.7071067811865266 2.273376218232007e-19
    outer loop
      vertex 10.195000000000002 9.764999999999999 2.964000000000013
      vertex 10.165000000000003 9.795 4.61866666666667
      vertex 10.165000000000003 9.795 2.964000000000013
    endloop
  endfacet
  facet normal -0.7071067811865476 -0.7071067811865476 -5.139807101914023e-19
    outer loop
      vertex 10.105000000000002 9.855 2.964000000000013
      vertex 10.075000000000003 9.885 4.61866666666667
      vertex 10.075000000000003 9.885 2.964000000000013
    endloop
  endfacet
  facet normal -0.7071067811865686 -0.7071067811865266 2.273376218232007e-19
    outer loop
      vertex 10.135000000000002 9.825 2.964000000000013
      vertex 10.105000000000002 9.855 4.61866666666667
      vertex 10.105000000000002 9.855 2.964000000000013
    endloop
  endfacet
  facet normal -0.7071067811865686 -0.7071067811865266 0
    outer loop
      vertex 10.045000000000002 9.915 2.964000000000013
      vertex 10.045000000000002 9.915 4.61866666666667
      vertex 10.015000000000002 9.945 4.61866666666667
    endloop
  endfacet
  facet normal -0.7071067811865476 -0.7071067811865476 0
    outer loop
      vertex 10.015000000000002 9.945 2.964000000000013
      vertex 10.015000000000002 9.945 4.61866666666667
      vertex 9.985000000000003 9.975 4.61866666666667
    endloop
  endfacet
  facet normal -0.7071067811865266 -0.7071067811865686 0
    outer loop
      vertex 9.985000000000003 9.975 2.964000000000013
      vertex 9.985000000000003 9.975 4.61866666666667
      vertex 9.955000000000002 10.004999999999999 4.61866666666667
    endloop
  endfacet
  facet normal -0.7071067811865476 -0.7071067811865476 0
    outer loop
      vertex 9.925000000000002 10.035 2.964000000000013
      vertex 9.925000000000002 10.035 4.61866666666667
      vertex 9.895000000000003 10.065 4.61866666666667
    endloop
  endfacet
  facet normal -0.7071067811865686 -0.7071067811865266 0
    outer loop
      vertex 9.955000000000002 10.004999999999999 2.964000000000013
      vertex 9.955000000000002 10.004999999999999 4.61866666666667
      vertex 9.925000000000002 10.035 4.61866666666667
    endloop
  endfacet
  facet normal -0.7071067811865266 -0.7071067811865684 0
    outer loop
      vertex 10.045000000000002 9.915 4.61866666666667
      vertex 10.075000000000003 9.885 4.61866666666667
      vertex 10.045000000000002 9.915 6.2733333333333405
    endloop
  endfacet
  facet normal -0.7071067811865266 -0.7071067811865684 2.2733762182319874e-19
    outer loop
      vertex 9.985000000000003 9.975 4.61866666666667
      vertex 9.955000000000002 10.004999999999999 6.2733333333333405
      vertex 9.955000000000002 10.004999999999999 4.61866666666667
    endloop
  endfacet
  facet normal -0.7071067811865476 -0.7071067811865476 0
    outer loop
      vertex 9.985000000000003 9.975 4.61866666666667
      vertex 10.015000000000002 9.945 4.61866666666667
      vertex 9.985000000000003 9.975 6.2733333333333405
    endloop
  endfacet
  facet normal -0.7071067811865684 -0.7071067811865266 2.2733762182319874e-19
    outer loop
      vertex 10.045000000000002 9.915 4.61866666666667
      vertex 10.015000000000002 9.945 6.2733333333333405
      vertex 10.015000000000002 9.945 4.61866666666667
    endloop
  endfacet
  facet normal -0.7071067811865476 -0.7071067811865476 -5.139807101913979e-19
    outer loop
      vertex 9.925000000000002 10.035 4.61866666666667
      vertex 9.895000000000003 10.065 6.2733333333333405
      vertex 9.895000000000003 10.065 4.61866666666667
    endloop
  endfacet
  facet normal -0.7071067811865684 -0.7071067811865266 2.2733762182319874e-19
    outer loop
      vertex 9.955000000000002 10.004999999999999 4.61866666666667
      vertex 9.925000000000002 10.035 6.2733333333333405
      vertex 9.925000000000002 10.035 4.61866666666667
    endloop
  endfacet
  facet normal -0.7071067811865266 -0.7071067811865686 0
    outer loop
      vertex 10.735000000000003 9.225 2.964000000000013
      vertex 10.735000000000003 9.225 4.61866666666667
      vertex 10.705000000000002 9.254999999999999 4.61866666666667
    endloop
  endfacet
  facet normal -0.7071067811865476 -0.7071067811865476 0
    outer loop
      vertex 10.765000000000002 9.195 2.964000000000013
      vertex 10.765000000000002 9.195 4.61866666666667
      vertex 10.735000000000003 9.225 4.61866666666667
    endloop
  endfacet
  facet normal -0.7071067811865476 -0.7071067811865476 0
    outer loop
      vertex 10.405000000000001 9.555 2.964000000000013
      vertex 10.405000000000001 9.555 4.61866666666667
      vertex 10.375000000000002 9.584999999999999 4.61866666666667
    endloop
  endfacet
  facet normal -0.7071067811865476 -0.7071067811865476 -5.139807101914023e-19
    outer loop
      vertex 10.525000000000002 9.434999999999999 4.61866666666667
      vertex 10.555000000000001 9.405 2.964000000000013
      vertex 10.555000000000001 9.405 4.61866666666667
    endloop
  endfacet
  facet normal -0.7071067811865266 -0.7071067811865686 0
    outer loop
      vertex 10.585000000000003 9.375 2.964000000000013
      vertex 10.585000000000003 9.375 4.61866666666667
      vertex 10.555000000000001 9.405 4.61866666666667
    endloop
  endfacet
  facet normal -0.7071067811865266 -0.7071067811865686 0
    outer loop
      vertex 10.645000000000003 9.315 2.964000000000013
      vertex 10.645000000000003 9.315 4.61866666666667
      vertex 10.615000000000002 9.344999999999999 4.61866666666667
    endloop
  endfacet
  facet normal -0.7071067811865476 -0.7071067811865476 0
    outer loop
      vertex 10.675000000000002 9.285 2.964000000000013
      vertex 10.675000000000002 9.285 4.61866666666667
      vertex 10.645000000000003 9.315 4.61866666666667
    endloop
  endfacet
  facet normal -0.7071067811865686 -0.7071067811865266 0
    outer loop
      vertex 10.705000000000002 9.254999999999999 2.964000000000013
      vertex 10.705000000000002 9.254999999999999 4.61866666666667
      vertex 10.675000000000002 9.285 4.61866666666667
    endloop
  endfacet
  facet normal -0.7071067811865686 -0.7071067811865266 0
    outer loop
      vertex 10.615000000000002 9.344999999999999 2.964000000000013
      vertex 10.615000000000002 9.344999999999999 4.61866666666667
      vertex 10.585000000000003 9.375 4.61866666666667
    endloop
  endfacet
  facet normal -0.7071067811865476 -0.7071067811865476 0
    outer loop
      vertex 10.495000000000003 9.465 2.964000000000013
      vertex 10.495000000000003 9.465 4.61866666666667
      vertex 10.465000000000003 9.495 4.61866666666667
    endloop
  endfacet
  facet normal -0.7071067811865686 -0.7071067811865266 0
    outer loop
      vertex 10.525000000000002 9.434999999999999 2.964000000000013
      vertex 10.525000000000002 9.434999999999999 4.61866666666667
      vertex 10.495000000000003 9.465 4.61866666666667
    endloop
  endfacet
  facet normal -0.7071067811865476 -0.7071067811865476 0
    outer loop
      vertex 10.465000000000003 9.495 2.964000000000013
      vertex 10.465000000000003 9.495 4.61866666666667
      vertex 10.435000000000002 9.525 4.61866666666667
    endloop
  endfacet
  facet normal -0.7071067811865266 -0.7071067811865686 0
    outer loop
      vertex 10.435000000000002 9.525 2.964000000000013
      vertex 10.435000000000002 9.525 4.61866666666667
      vertex 10.405000000000001 9.555 4.61866666666667
    endloop
  endfacet
  facet normal -0.7071067811865686 -0.7071067811865266 0
    outer loop
      vertex 10.945000000000002 9.014999999999999 2.964000000000013
      vertex 10.945000000000002 9.014999999999999 4.61866666666667
      vertex 10.915000000000003 9.045 4.61866666666667
    endloop
  endfacet
  facet normal -0.7071067811865266 -0.7071067811865686 0
    outer loop
      vertex 10.915000000000003 9.045 2.964000000000013
      vertex 10.915000000000003 9.045 4.61866666666667
      vertex 10.885000000000002 9.075 4.61866666666667
    endloop
  endfacet
  facet normal -0.7071067811865684 -0.7071067811865267 -5.169573271902751e-16
    outer loop
      vertex 11.035000000000002 8.924999999999999 4.61866666666667
      vertex 11.005000000000003 8.955 4.61866666666667
      vertex 11.055000000000001 8.905 3
    endloop
  endfacet
  facet normal -0.7071067811865266 -0.7071067811865686 0
    outer loop
      vertex 11.005000000000003 8.955 2.964000000000013
      vertex 11.005000000000003 8.955 4.61866666666667
      vertex 10.975000000000001 8.985 4.61866666666667
    endloop
  endfacet
  facet normal -0.7071067811865476 -0.7071067811865476 0
    outer loop
      vertex 10.975000000000001 8.985 2.964000000000013
      vertex 10.975000000000001 8.985 4.61866666666667
      vertex 10.945000000000002 9.014999999999999 4.61866666666667
    endloop
  endfacet
  facet normal -0.7071067811865476 -0.7071067811865476 0
    outer loop
      vertex 10.855000000000002 9.105 2.964000000000013
      vertex 10.855000000000002 9.105 4.61866666666667
      vertex 10.825000000000003 9.135 4.61866666666667
    endloop
  endfacet
  facet normal -0.7071067811865266 -0.7071067811865686 0
    outer loop
      vertex 10.825000000000003 9.135 2.964000000000013
      vertex 10.825000000000003 9.135 4.61866666666667
      vertex 10.795000000000002 9.165 4.61866666666667
    endloop
  endfacet
  facet normal -0.7071067811865686 -0.7071067811865266 0
    outer loop
      vertex 10.885000000000002 9.075 2.964000000000013
      vertex 10.885000000000002 9.075 4.61866666666667
      vertex 10.855000000000002 9.105 4.61866666666667
    endloop
  endfacet
  facet normal -0.7071067811865686 -0.7071067811865266 0
    outer loop
      vertex 10.795000000000002 9.165 2.964000000000013
      vertex 10.795000000000002 9.165 4.61866666666667
      vertex 10.765000000000002 9.195 4.61866666666667
    endloop
  endfacet
  facet normal -0.7071067811865684 -0.7071067811865266 2.2733762182319874e-19
    outer loop
      vertex 10.795000000000002 9.165 4.61866666666667
      vertex 10.765000000000002 9.195 6.2733333333333405
      vertex 10.765000000000002 9.195 4.61866666666667
    endloop
  endfacet
  facet normal -0.7071067811865266 -0.7071067811865684 0
    outer loop
      vertex 10.705000000000002 9.254999999999999 4.61866666666667
      vertex 10.735000000000003 9.225 4.61866666666667
      vertex 10.705000000000002 9.254999999999999 6.2733333333333405
    endloop
  endfacet
  facet normal -0.7071067811865476 -0.7071067811865476 -5.139807101913979e-19
    outer loop
      vertex 10.765000000000002 9.195 4.61866666666667
      vertex 10.735000000000003 9.225 6.2733333333333405
      vertex 10.735000000000003 9.225 4.61866666666667
    endloop
  endfacet
  facet normal -0.7071067811865266 -0.7071067811865684 2.2733762182319874e-19
    outer loop
      vertex 10.435000000000002 9.525 4.61866666666667
      vertex 10.405000000000001 9.555 6.2733333333333405
      vertex 10.405000000000001 9.555 4.61866666666667
    endloop
  endfacet
  facet normal -0.7071067811865476 -0.7071067811865476 0
    outer loop
      vertex 10.375000000000002 9.584999999999999 4.61866666666667
      vertex 10.405000000000001 9.555 4.61866666666667
      vertex 10.375000000000002 9.584999999999999 6.2733333333333405
    endloop
  endfacet
  facet normal -0.7071067811865684 -0.7071067811865266 0
    outer loop
      vertex 10.585000000000003 9.375 4.61866666666667
      vertex 10.615000000000002 9.344999999999999 4.61866666666667
      vertex 10.585000000000003 9.375 6.2733333333333405
    endloop
  endfacet
  facet normal -0.7071067811865266 -0.7071067811865684 2.2733762182319874e-19
    outer loop
      vertex 10.585000000000003 9.375 4.61866666666667
      vertex 10.555000000000001 9.405 6.2733333333333405
      vertex 10.555000000000001 9.405 4.61866666666667
    endloop
  endfacet
  facet normal -0.7071067811865684 -0.7071067811865266 2.2733762182319874e-19
    outer loop
      vertex 10.705000000000002 9.254999999999999 4.61866666666667
      vertex 10.675000000000002 9.285 6.2733333333333405
      vertex 10.675000000000002 9.285 4.61866666666667
    endloop
  endfacet
  facet normal -0.7071067811865476 -0.7071067811865476 -5.139807101913979e-19
    outer loop
      vertex 10.675000000000002 9.285 4.61866666666667
      vertex 10.645000000000003 9.315 6.2733333333333405
      vertex 10.645000000000003 9.315 4.61866666666667
    endloop
  endfacet
  facet normal -0.7071067811865266 -0.7071067811865684 2.2733762182319874e-19
    outer loop
      vertex 10.645000000000003 9.315 4.61866666666667
      vertex 10.615000000000002 9.344999999999999 6.2733333333333405
      vertex 10.615000000000002 9.344999999999999 4.61866666666667
    endloop
  endfacet
  facet normal -0.7071067811865684 -0.7071067811865266 2.2733762182319874e-19
    outer loop
      vertex 10.525000000000002 9.434999999999999 4.61866666666667
      vertex 10.495000000000003 9.465 6.2733333333333405
      vertex 10.495000000000003 9.465 4.61866666666667
    endloop
  endfacet
  facet normal -0.7071067811865476 -0.7071067811865476 0
    outer loop
      vertex 10.465000000000003 9.495 4.61866666666667
      vertex 10.495000000000003 9.465 4.61866666666667
      vertex 10.465000000000003 9.495 6.2733333333333405
    endloop
  endfacet
  facet normal -0.7071067811865476 -0.7071067811865476 0
    outer loop
      vertex 10.525000000000002 9.434999999999999 4.61866666666667
      vertex 10.555000000000001 9.405 4.61866666666667
      vertex 10.525000000000002 9.434999999999999 6.2733333333333405
    endloop
  endfacet
  facet normal -0.7071067811865476 -0.7071067811865476 -5.757572378704846e-19
    outer loop
      vertex 10.465000000000003 9.495 4.61866666666667
      vertex 10.435000000000002 9.525 6.2733333333333405
      vertex 10.435000000000002 9.525 4.61866666666667
    endloop
  endfacet
  facet normal -0.7071067811865476 -0.7071067811865476 0
    outer loop
      vertex 11.035000000000002 8.924999999999999 4.61866666666667
      vertex 11.055000000000001 8.905 3
      vertex 11.035000000000002 8.924999999999999 6.2733333333333405
    endloop
  endfacet
  facet normal -0.7071067811865476 -0.7071067811865476 0
    outer loop
      vertex 10.945000000000002 9.014999999999999 4.61866666666667
      vertex 10.975000000000001 8.985 4.61866666666667
      vertex 10.945000000000002 9.014999999999999 6.2733333333333405
    endloop
  endfacet
  facet normal -0.7071067811865266 -0.7071067811865684 2.2733762182319874e-19
    outer loop
      vertex 10.915000000000003 9.045 4.61866666666667
      vertex 10.885000000000002 9.075 6.2733333333333405
      vertex 10.885000000000002 9.075 4.61866666666667
    endloop
  endfacet
  facet normal -0.7071067811865684 -0.7071067811865266 2.2733762182319874e-19
    outer loop
      vertex 10.945000000000002 9.014999999999999 4.61866666666667
      vertex 10.915000000000003 9.045 6.2733333333333405
      vertex 10.915000000000003 9.045 4.61866666666667
    endloop
  endfacet
  facet normal -0.7071067811865684 -0.7071067811865266 2.2733762182319874e-19
    outer loop
      vertex 11.035000000000002 8.924999999999999 4.61866666666667
      vertex 11.005000000000003 8.955 6.2733333333333405
      vertex 11.005000000000003 8.955 4.61866666666667
    endloop
  endfacet
  facet normal -0.7071067811865266 -0.7071067811865684 2.2733762182319874e-19
    outer loop
      vertex 11.005000000000003 8.955 4.61866666666667
      vertex 10.975000000000001 8.985 6.2733333333333405
      vertex 10.975000000000001 8.985 4.61866666666667
    endloop
  endfacet
  facet normal -0.7071067811865684 -0.7071067811865266 0
    outer loop
      vertex 10.855000000000002 9.105 4.61866666666667
      vertex 10.885000000000002 9.075 4.61866666666667
      vertex 10.855000000000002 9.105 6.2733333333333405
    endloop
  endfacet
  facet normal -0.7071067811865266 -0.7071067811865684 0
    outer loop
      vertex 10.795000000000002 9.165 4.61866666666667
      vertex 10.825000000000003 9.135 4.61866666666667
      vertex 10.795000000000002 9.165 6.2733333333333405
    endloop
  endfacet
  facet normal -0.7071067811865476 -0.7071067811865476 0
    outer loop
      vertex 10.825000000000003 9.135 4.61866666666667
      vertex 10.855000000000002 9.105 4.61866666666667
      vertex 10.825000000000003 9.135 6.2733333333333405
    endloop
  endfacet
  facet normal -0.7071067811865476 -0.7071067811865476 0
    outer loop
      vertex 10.225000000000001 9.735 2.964000000000013
      vertex 10.225000000000001 9.735 4.61866666666667
      vertex 10.195000000000002 9.764999999999999 4.61866666666667
    endloop
  endfacet
  facet normal -0.7071067811865476 -0.7071067811865476 0
    outer loop
      vertex 10.315000000000001 9.645 2.964000000000013
      vertex 10.315000000000001 9.645 4.61866666666667
      vertex 10.285000000000002 9.674999999999999 4.61866666666667
    endloop
  endfacet
  facet normal -0.7071067811865686 -0.7071067811865266 0
    outer loop
      vertex 10.375000000000002 9.584999999999999 2.964000000000013
      vertex 10.375000000000002 9.584999999999999 4.61866666666667
      vertex 10.345000000000002 9.615 4.61866666666667
    endloop
  endfacet
  facet normal -0.7071067811865266 -0.7071067811865686 0
    outer loop
      vertex 10.345000000000002 9.615 2.964000000000013
      vertex 10.345000000000002 9.615 4.61866666666667
      vertex 10.315000000000001 9.645 4.61866666666667
    endloop
  endfacet
  facet normal -0.7071067811865686 -0.7071067811865266 0
    outer loop
      vertex 10.285000000000002 9.674999999999999 2.964000000000013
      vertex 10.285000000000002 9.674999999999999 4.61866666666667
      vertex 10.255000000000003 9.705 4.61866666666667
    endloop
  endfacet
  facet normal -0.7071067811865266 -0.7071067811865686 0
    outer loop
      vertex 10.255000000000003 9.705 2.964000000000013
      vertex 10.255000000000003 9.705 4.61866666666667
      vertex 10.225000000000001 9.735 4.61866666666667
    endloop
  endfacet
  facet normal -0.7071067811865686 -0.7071067811865266 0
    outer loop
      vertex 10.135000000000002 9.825 2.964000000000013
      vertex 10.135000000000002 9.825 4.61866666666667
      vertex 10.105000000000002 9.855 4.61866666666667
    endloop
  endfacet
  facet normal -0.7071067811865686 -0.7071067811865266 0
    outer loop
      vertex 10.195000000000002 9.764999999999999 2.964000000000013
      vertex 10.195000000000002 9.764999999999999 4.61866666666667
      vertex 10.165000000000003 9.795 4.61866666666667
    endloop
  endfacet
  facet normal -0.7071067811865266 -0.7071067811865686 0
    outer loop
      vertex 10.165000000000003 9.795 2.964000000000013
      vertex 10.165000000000003 9.795 4.61866666666667
      vertex 10.135000000000002 9.825 4.61866666666667
    endloop
  endfacet
  facet normal -0.7071067811865476 -0.7071067811865476 0
    outer loop
      vertex 10.105000000000002 9.855 2.964000000000013
      vertex 10.105000000000002 9.855 4.61866666666667
      vertex 10.075000000000003 9.885 4.61866666666667
    endloop
  endfacet
  facet normal -0.7071067811865266 -0.7071067811865686 0
    outer loop
      vertex 10.075000000000003 9.885 2.964000000000013
      vertex 10.075000000000003 9.885 4.61866666666667
      vertex 10.045000000000002 9.915 4.61866666666667
    endloop
  endfacet
  facet normal -0.7071067811865266 -0.7071067811865684 2.2733762182319874e-19
    outer loop
      vertex 10.255000000000003 9.705 4.61866666666667
      vertex 10.225000000000001 9.735 6.2733333333333405
      vertex 10.225000000000001 9.735 4.61866666666667
    endloop
  endfacet
  facet normal -0.7071067811865476 -0.7071067811865476 0
    outer loop
      vertex 10.195000000000002 9.764999999999999 4.61866666666667
      vertex 10.225000000000001 9.735 4.61866666666667
      vertex 10.195000000000002 9.764999999999999 6.2733333333333405
    endloop
  endfacet
  facet normal -0.7071067811865266 -0.7071067811865684 2.2733762182319874e-19
    outer loop
      vertex 10.345000000000002 9.615 4.61866666666667
      vertex 10.315000000000001 9.645 6.2733333333333405
      vertex 10.315000000000001 9.645 4.61866666666667
    endloop
  endfacet
  facet normal -0.7071067811865476 -0.7071067811865476 -5.139807101913979e-19
    outer loop
      vertex 10.315000000000001 9.645 4.61866666666667
      vertex 10.285000000000002 9.674999999999999 6.2733333333333405
      vertex 10.285000000000002 9.674999999999999 4.61866666666667
    endloop
  endfacet
  facet normal -0.7071067811865684 -0.7071067811865266 2.2733762182319874e-19
    outer loop
      vertex 10.375000000000002 9.584999999999999 4.61866666666667
      vertex 10.345000000000002 9.615 6.2733333333333405
      vertex 10.345000000000002 9.615 4.61866666666667
    endloop
  endfacet
  facet normal -0.7071067811865684 -0.7071067811865266 2.2733762182319874e-19
    outer loop
      vertex 10.285000000000002 9.674999999999999 4.61866666666667
      vertex 10.255000000000003 9.705 6.2733333333333405
      vertex 10.255000000000003 9.705 4.61866666666667
    endloop
  endfacet
  facet normal -0.7071067811865266 -0.7071067811865684 2.2733762182319874e-19
    outer loop
      vertex 10.165000000000003 9.795 4.61866666666667
      vertex 10.135000000000002 9.825 6.2733333333333405
      vertex 10.135000000000002 9.825 4.61866666666667
    endloop
  endfacet
  facet normal -0.7071067811865684 -0.7071067811865266 2.2733762182319874e-19
    outer loop
      vertex 10.195000000000002 9.764999999999999 4.61866666666667
      vertex 10.165000000000003 9.795 6.2733333333333405
      vertex 10.165000000000003 9.795 4.61866666666667
    endloop
  endfacet
  facet normal -0.7071067811865476 -0.7071067811865476 -5.139807101913979e-19
    outer loop
      vertex 10.105000000000002 9.855 4.61866666666667
      vertex 10.075000000000003 9.885 6.2733333333333405
      vertex 10.075000000000003 9.885 4.61866666666667
    endloop
  endfacet
  facet normal -0.7071067811865684 -0.7071067811865266 2.2733762182319874e-19
    outer loop
      vertex 10.135000000000002 9.825 4.61866666666667
      vertex 10.105000000000002 9.855 6.2733333333333405
      vertex 10.105000000000002 9.855 4.61866666666667
    endloop
  endfacet
  facet normal 0.7071067811865684 -0.7071067811865266 -3.795549859831952e-16
    outer loop
      vertex 2.7250000000000005 8.955 4.61866666666667
      vertex 2.7250000000000014 8.955 6.2733333333333405
      vertex 2.695000000000002 8.924999999999999 6.2733333333333405
    endloop
  endfacet
  facet normal 0.707106781186537 -0.7071067811865579 -3.795549859831783e-16
    outer loop
      vertex 2.755000000000001 8.985 4.61866666666667
      vertex 2.7550000000000017 8.985 6.2733333333333405
      vertex 2.7250000000000014 8.955 6.2733333333333405
    endloop
  endfacet
  facet normal 0.707106781186537 -0.7071067811865579 -3.795549859831783e-16
    outer loop
      vertex 2.785000000000001 9.014999999999999 4.61866666666667
      vertex 2.785000000000002 9.014999999999999 6.2733333333333405
      vertex 2.7550000000000017 8.985 6.2733333333333405
    endloop
  endfacet
  facet normal 0.7071067811865579 -0.7071067811865369 -3.7955498598318956e-16
    outer loop
      vertex 2.8150000000000013 9.045 4.61866666666667
      vertex 2.815000000000002 9.045 6.2733333333333405
      vertex 2.785000000000002 9.014999999999999 6.2733333333333405
    endloop
  endfacet
  facet normal 0.7071067811865476 -0.7071067811865476 -3.7955498598318394e-16
    outer loop
      vertex 2.8450000000000006 9.075 4.61866666666667
      vertex 2.8450000000000015 9.075 6.2733333333333405
      vertex 2.815000000000002 9.045 6.2733333333333405
    endloop
  endfacet
  facet normal 0.7071067811865528 -0.7071067811865422 -3.7955498598318675e-16
    outer loop
      vertex 2.8750000000000013 9.105 4.61866666666667
      vertex 2.875000000000002 9.105 6.2733333333333405
      vertex 2.8450000000000015 9.075 6.2733333333333405
    endloop
  endfacet
  facet normal 0.7071067811865539 -0.707106781186541 3.4940690379382505e-17
    outer loop
      vertex 2.695000000000001 8.924999999999999 4.61866666666667
      vertex 2.6750000000000016 8.905 12
      vertex 2.675000000000002 8.905 3
    endloop
  endfacet
  facet normal 0.7071067811865684 -0.7071067811865266 0
    outer loop
      vertex 2.695000000000002 8.924999999999999 6.2733333333333405
      vertex 2.7250000000000014 8.955 6.2733333333333405
      vertex 2.695000000000002 8.924999999999999 7.9280000000000115
    endloop
  endfacet
  facet normal 0.707106781186537 -0.7071067811865579 0
    outer loop
      vertex 2.7250000000000014 8.955 6.2733333333333405
      vertex 2.7550000000000017 8.985 6.2733333333333405
      vertex 2.7250000000000014 8.955 7.9280000000000115
    endloop
  endfacet
  facet normal 0.707106781186537 -0.7071067811865579 0
    outer loop
      vertex 2.7550000000000017 8.985 6.2733333333333405
      vertex 2.785000000000002 9.014999999999999 6.2733333333333405
      vertex 2.7550000000000017 8.985 7.9280000000000115
    endloop
  endfacet
  facet normal 0.7071067811865579 -0.7071067811865369 0
    outer loop
      vertex 2.785000000000002 9.014999999999999 6.2733333333333405
      vertex 2.815000000000002 9.045 6.2733333333333405
      vertex 2.785000000000002 9.014999999999999 7.9280000000000115
    endloop
  endfacet
  facet normal 0.7071067811865476 -0.7071067811865476 0
    outer loop
      vertex 2.815000000000002 9.045 6.2733333333333405
      vertex 2.8450000000000015 9.075 6.2733333333333405
      vertex 2.815000000000002 9.045 7.9280000000000115
    endloop
  endfacet
  facet normal 0.7071067811865528 -0.7071067811865422 0
    outer loop
      vertex 2.8450000000000015 9.075 6.2733333333333405
      vertex 2.875000000000002 9.105 6.2733333333333405
      vertex 2.8450000000000015 9.075 7.9280000000000115
    endloop
  endfacet
  facet normal 0.7071067811865684 -0.7071067811865266 0
    outer loop
      vertex 2.7250000000000014 8.955 6.2733333333333405
      vertex 2.7250000000000014 8.955 7.9280000000000115
      vertex 2.695000000000002 8.924999999999999 7.9280000000000115
    endloop
  endfacet
  facet normal 0.707106781186537 -0.7071067811865579 0
    outer loop
      vertex 2.7550000000000017 8.985 6.2733333333333405
      vertex 2.7550000000000017 8.985 7.9280000000000115
      vertex 2.7250000000000014 8.955 7.9280000000000115
    endloop
  endfacet
  facet normal 0.707106781186537 -0.7071067811865579 0
    outer loop
      vertex 2.785000000000002 9.014999999999999 6.2733333333333405
      vertex 2.785000000000002 9.014999999999999 7.9280000000000115
      vertex 2.7550000000000017 8.985 7.9280000000000115
    endloop
  endfacet
  facet normal 0.7071067811865579 -0.7071067811865369 0
    outer loop
      vertex 2.815000000000002 9.045 6.2733333333333405
      vertex 2.815000000000002 9.045 7.9280000000000115
      vertex 2.785000000000002 9.014999999999999 7.9280000000000115
    endloop
  endfacet
  facet normal 0.7071067811865476 -0.7071067811865476 0
    outer loop
      vertex 2.8450000000000015 9.075 6.2733333333333405
      vertex 2.8450000000000015 9.075 7.9280000000000115
      vertex 2.815000000000002 9.045 7.9280000000000115
    endloop
  endfacet
  facet normal 0.7071067811865528 -0.7071067811865422 0
    outer loop
      vertex 2.875000000000002 9.105 6.2733333333333405
      vertex 2.875000000000002 9.105 7.9280000000000115
      vertex 2.8450000000000015 9.075 7.9280000000000115
    endloop
  endfacet
  facet normal 0.7071067811864774 -0.7071067811866175 -3.7955498598314637e-16
    outer loop
      vertex 2.695000000000001 8.924999999999999 4.61866666666667
      vertex 2.695000000000002 8.924999999999999 6.2733333333333405
      vertex 2.6750000000000016 8.905 12
    endloop
  endfacet
  facet normal 0.7071067811865422 -0.7071067811865526 -3.7955498598318112e-16
    outer loop
      vertex 2.905000000000001 9.135 4.61866666666667
      vertex 2.905000000000002 9.135 6.2733333333333405
      vertex 2.875000000000002 9.105 6.2733333333333405
    endloop
  endfacet
  facet normal 0.7071067811865422 -0.7071067811865526 -3.7955498598318112e-16
    outer loop
      vertex 2.935000000000001 9.165 4.61866666666667
      vertex 2.935000000000002 9.165 6.2733333333333405
      vertex 2.905000000000002 9.135 6.2733333333333405
    endloop
  endfacet
  facet normal 0.7071067811865632 -0.7071067811865318 -3.79967653188008e-16
    outer loop
      vertex 2.935000000000002 9.165 6.2733333333333405
      vertex 2.9650000000000007 9.195 4.61866666666667
      vertex 2.9650000000000016 9.195 6.2733333333333405
    endloop
  endfacet
  facet normal 0.7071067811865422 -0.7071067811865526 -3.7955498598318112e-16
    outer loop
      vertex 2.9950000000000006 9.225 4.61866666666667
      vertex 2.9950000000000014 9.225 6.2733333333333405
      vertex 2.9650000000000016 9.195 6.2733333333333405
    endloop
  endfacet
  facet normal 0.7071067811865319 -0.7071067811865632 -3.7955498598317555e-16
    outer loop
      vertex 3.0250000000000012 9.254999999999999 4.61866666666667
      vertex 3.025000000000002 9.254999999999999 6.2733333333333405
      vertex 2.9950000000000014 9.225 6.2733333333333405
    endloop
  endfacet
  facet normal 0.7071067811865632 -0.7071067811865318 -3.795549859831924e-16
    outer loop
      vertex 3.055000000000001 9.285 4.61866666666667
      vertex 3.055000000000002 9.285 6.2733333333333405
      vertex 3.025000000000002 9.254999999999999 6.2733333333333405
    endloop
  endfacet
  facet normal 0.7071067811865422 -0.7071067811865526 -3.7955498598318112e-16
    outer loop
      vertex 3.085000000000001 9.315 4.61866666666667
      vertex 3.0850000000000017 9.315 6.2733333333333405
      vertex 3.055000000000002 9.285 6.2733333333333405
    endloop
  endfacet
  facet normal 0.7071067811865422 -0.7071067811865526 -3.7955498598318112e-16
    outer loop
      vertex 3.1150000000000007 9.344999999999999 4.61866666666667
      vertex 3.1150000000000015 9.344999999999999 6.2733333333333405
      vertex 3.0850000000000017 9.315 6.2733333333333405
    endloop
  endfacet
  facet normal 0.7071067811865579 -0.7071067811865369 -1.8977749299159478e-16
    outer loop
      vertex 3.1450000000000014 9.375 4.61866666666667
      vertex 3.145000000000002 9.375 6.2733333333333405
      vertex 3.1150000000000015 9.344999999999999 6.2733333333333405
    endloop
  endfacet
  facet normal 0.707106781186537 -0.7071067811865579 -3.795549859831783e-16
    outer loop
      vertex 3.175000000000001 9.405 4.61866666666667
      vertex 3.175000000000002 9.405 6.2733333333333405
      vertex 3.145000000000002 9.375 6.2733333333333405
    endloop
  endfacet
  facet normal 0.7071067811865422 -0.7071067811865526 -3.7955498598318112e-16
    outer loop
      vertex 3.205000000000001 9.434999999999999 4.61866666666667
      vertex 3.205000000000002 9.434999999999999 6.2733333333333405
      vertex 3.175000000000002 9.405 6.2733333333333405
    endloop
  endfacet
  facet normal 0.7071067811865632 -0.7071067811865318 -3.795549859831924e-16
    outer loop
      vertex 3.2350000000000008 9.465 4.61866666666667
      vertex 3.2350000000000017 9.465 6.2733333333333405
      vertex 3.205000000000002 9.434999999999999 6.2733333333333405
    endloop
  endfacet
  facet normal 0.7071067811865422 -0.7071067811865526 -1.8977749299159056e-16
    outer loop
      vertex 3.265000000000001 9.495 4.61866666666667
      vertex 3.2650000000000015 9.495 6.2733333333333405
      vertex 3.2350000000000017 9.465 6.2733333333333405
    endloop
  endfacet
  facet normal 0.7071067811865528 -0.7071067811865422 -3.7955498598318675e-16
    outer loop
      vertex 3.2950000000000013 9.525 4.61866666666667
      vertex 3.295000000000002 9.525 6.2733333333333405
      vertex 3.2650000000000015 9.495 6.2733333333333405
    endloop
  endfacet
  facet normal 0.7071067811865422 -0.7071067811865526 -3.7955498598318112e-16
    outer loop
      vertex 3.325000000000001 9.555 4.61866666666667
      vertex 3.325000000000002 9.555 6.2733333333333405
      vertex 3.295000000000002 9.525 6.2733333333333405
    endloop
  endfacet
  facet normal 0.7071067811865422 -0.7071067811865526 -3.7955498598318112e-16
    outer loop
      vertex 3.355000000000001 9.584999999999999 4.61866666666667
      vertex 3.3550000000000018 9.584999999999999 6.2733333333333405
      vertex 3.325000000000002 9.555 6.2733333333333405
    endloop
  endfacet
  facet normal 0.7071067811865579 -0.7071067811865369 -1.8977749299159478e-16
    outer loop
      vertex 3.3850000000000016 9.615 4.61866666666667
      vertex 3.385000000000002 9.615 6.2733333333333405
      vertex 3.3550000000000018 9.584999999999999 6.2733333333333405
    endloop
  endfacet
  facet normal 0.7071067811865422 -0.7071067811865526 -1.8977749299159056e-16
    outer loop
      vertex 3.4150000000000014 9.645 4.61866666666667
      vertex 3.415000000000002 9.645 6.2733333333333405
      vertex 3.385000000000002 9.615 6.2733333333333405
    endloop
  endfacet
  facet normal 0.707106781186537 -0.7071067811865579 -3.795549859831783e-16
    outer loop
      vertex 3.445000000000001 9.674999999999999 4.61866666666667
      vertex 3.445000000000002 9.674999999999999 6.2733333333333405
      vertex 3.415000000000002 9.645 6.2733333333333405
    endloop
  endfacet
  facet normal 0.7071067811865632 -0.7071067811865318 -3.795549859831924e-16
    outer loop
      vertex 3.475000000000001 9.705 4.61866666666667
      vertex 3.475000000000002 9.705 6.2733333333333405
      vertex 3.445000000000002 9.674999999999999 6.2733333333333405
    endloop
  endfacet
  facet normal 0.7071067811865422 -0.7071067811865526 -3.7955498598318112e-16
    outer loop
      vertex 3.505000000000001 9.735 4.61866666666667
      vertex 3.5050000000000017 9.735 6.2733333333333405
      vertex 3.475000000000002 9.705 6.2733333333333405
    endloop
  endfacet
  facet normal 0.7071067811865422 -0.7071067811865526 -1.8977749299159056e-16
    outer loop
      vertex 3.535000000000001 9.764999999999999 4.61866666666667
      vertex 3.5350000000000015 9.764999999999999 6.2733333333333405
      vertex 3.5050000000000017 9.735 6.2733333333333405
    endloop
  endfacet
  facet normal 0.7071067811865579 -0.7071067811865369 -1.8977749299159478e-16
    outer loop
      vertex 3.5650000000000013 9.795 4.61866666666667
      vertex 3.5650000000000017 9.795 6.2733333333333405
      vertex 3.5350000000000015 9.764999999999999 6.2733333333333405
    endloop
  endfacet
  facet normal 0.707106781186537 -0.7071067811865579 -3.795549859831783e-16
    outer loop
      vertex 3.595000000000001 9.825 4.61866666666667
      vertex 3.595000000000002 9.825 6.2733333333333405
      vertex 3.5650000000000017 9.795 6.2733333333333405
    endloop
  endfacet
  facet normal 0.7071067811865632 -0.7071067811865318 -3.795549859831924e-16
    outer loop
      vertex 3.625000000000001 9.855 4.61866666666667
      vertex 3.6250000000000018 9.855 6.2733333333333405
      vertex 3.595000000000002 9.825 6.2733333333333405
    endloop
  endfacet
  facet normal 0.707106781186537 -0.7071067811865579 -1.8977749299158916e-16
    outer loop
      vertex 3.6550000000000016 9.885 4.61866666666667
      vertex 3.655000000000002 9.885 6.2733333333333405
      vertex 3.6250000000000018 9.855 6.2733333333333405
    endloop
  endfacet
  facet normal 0.7071067811865422 -0.7071067811865526 -1.8977749299159056e-16
    outer loop
      vertex 3.6850000000000014 9.915 4.61866666666667
      vertex 3.685000000000002 9.915 6.2733333333333405
      vertex 3.655000000000002 9.885 6.2733333333333405
    endloop
  endfacet
  facet normal 0.707106781186537 -0.7071067811865579 2.3272755817135913e-20
    outer loop
      vertex 3.8350000000000017 10.065 2.964000000000013
      vertex 3.865000000000002 10.094999999999999 1.8100000000000023
      vertex 3.865000000000002 10.094999999999999 12
    endloop
  endfacet
  facet normal 0.7071067811865632 -0.7071067811865318 -1.897774929915962e-16
    outer loop
      vertex 3.715000000000001 9.945 4.61866666666667
      vertex 3.7150000000000016 9.945 6.2733333333333405
      vertex 3.685000000000002 9.915 6.2733333333333405
    endloop
  endfacet
  facet normal 0.707106781186537 -0.7071067811865579 -3.795549859831783e-16
    outer loop
      vertex 3.745000000000001 9.975 4.61866666666667
      vertex 3.745000000000002 9.975 6.2733333333333405
      vertex 3.7150000000000016 9.945 6.2733333333333405
    endloop
  endfacet
  facet normal 0.7071067811865422 -0.7071067811865526 -3.7955498598318112e-16
    outer loop
      vertex 3.775000000000001 10.004999999999999 4.61866666666667
      vertex 3.7750000000000017 10.004999999999999 6.2733333333333405
      vertex 3.745000000000002 9.975 6.2733333333333405
    endloop
  endfacet
  facet normal 0.7071067811865632 -0.7071067811865318 -1.897774929915962e-16
    outer loop
      vertex 3.805000000000001 10.035 4.61866666666667
      vertex 3.8050000000000015 10.035 6.2733333333333405
      vertex 3.7750000000000017 10.004999999999999 6.2733333333333405
    endloop
  endfacet
  facet normal 0.707106781186537 -0.7071067811865579 -1.8977749299158916e-16
    outer loop
      vertex 3.8350000000000013 10.065 4.61866666666667
      vertex 3.8350000000000017 10.065 6.2733333333333405
      vertex 3.8050000000000015 10.035 6.2733333333333405
    endloop
  endfacet
  facet normal 0.7071067811865422 -0.7071067811865526 0
    outer loop
      vertex 2.875000000000002 9.105 6.2733333333333405
      vertex 2.905000000000002 9.135 6.2733333333333405
      vertex 2.875000000000002 9.105 7.9280000000000115
    endloop
  endfacet
  facet normal 0.7071067811865422 -0.7071067811865526 0
    outer loop
      vertex 2.905000000000002 9.135 6.2733333333333405
      vertex 2.935000000000002 9.165 6.2733333333333405
      vertex 2.905000000000002 9.135 7.9280000000000115
    endloop
  endfacet
  facet normal 0.7071067811865632 -0.7071067811865318 0
    outer loop
      vertex 2.935000000000002 9.165 6.2733333333333405
      vertex 2.9650000000000016 9.195 6.2733333333333405
      vertex 2.935000000000002 9.165 7.9280000000000115
    endloop
  endfacet
  facet normal 0.7071067811865422 -0.7071067811865526 0
    outer loop
      vertex 2.9650000000000016 9.195 6.2733333333333405
      vertex 2.9950000000000014 9.225 6.2733333333333405
      vertex 2.9650000000000016 9.195 7.9280000000000115
    endloop
  endfacet
  facet normal 0.7071067811865319 -0.7071067811865632 0
    outer loop
      vertex 2.9950000000000014 9.225 6.2733333333333405
      vertex 3.025000000000002 9.254999999999999 6.2733333333333405
      vertex 2.9950000000000014 9.225 7.9280000000000115
    endloop
  endfacet
  facet normal 0.7071067811865632 -0.7071067811865318 0
    outer loop
      vertex 3.025000000000002 9.254999999999999 6.2733333333333405
      vertex 3.055000000000002 9.285 6.2733333333333405
      vertex 3.025000000000002 9.254999999999999 7.9280000000000115
    endloop
  endfacet
  facet normal 0.7071067811865422 -0.7071067811865526 0
    outer loop
      vertex 3.055000000000002 9.285 6.2733333333333405
      vertex 3.0850000000000017 9.315 6.2733333333333405
      vertex 3.055000000000002 9.285 7.9280000000000115
    endloop
  endfacet
  facet normal 0.7071067811865422 -0.7071067811865526 0
    outer loop
      vertex 3.0850000000000017 9.315 6.2733333333333405
      vertex 3.1150000000000015 9.344999999999999 6.2733333333333405
      vertex 3.0850000000000017 9.315 7.9280000000000115
    endloop
  endfacet
  facet normal 0.7071067811865579 -0.7071067811865369 0
    outer loop
      vertex 3.1150000000000015 9.344999999999999 6.2733333333333405
      vertex 3.145000000000002 9.375 6.2733333333333405
      vertex 3.1150000000000015 9.344999999999999 7.9280000000000115
    endloop
  endfacet
  facet normal 0.707106781186537 -0.7071067811865579 0
    outer loop
      vertex 3.145000000000002 9.375 6.2733333333333405
      vertex 3.175000000000002 9.405 6.2733333333333405
      vertex 3.145000000000002 9.375 7.9280000000000115
    endloop
  endfacet
  facet normal 0.7071067811865422 -0.7071067811865526 0
    outer loop
      vertex 3.175000000000002 9.405 6.2733333333333405
      vertex 3.205000000000002 9.434999999999999 6.2733333333333405
      vertex 3.175000000000002 9.405 7.9280000000000115
    endloop
  endfacet
  facet normal 0.7071067811865632 -0.7071067811865318 0
    outer loop
      vertex 3.205000000000002 9.434999999999999 6.2733333333333405
      vertex 3.2350000000000017 9.465 6.2733333333333405
      vertex 3.205000000000002 9.434999999999999 7.9280000000000115
    endloop
  endfacet
  facet normal 0.7071067811865422 -0.7071067811865526 0
    outer loop
      vertex 3.2350000000000017 9.465 6.2733333333333405
      vertex 3.2650000000000015 9.495 6.2733333333333405
      vertex 3.2350000000000017 9.465 7.9280000000000115
    endloop
  endfacet
  facet normal 0.7071067811865528 -0.7071067811865422 0
    outer loop
      vertex 3.2650000000000015 9.495 6.2733333333333405
      vertex 3.295000000000002 9.525 6.2733333333333405
      vertex 3.2650000000000015 9.495 7.9280000000000115
    endloop
  endfacet
  facet normal 0.7071067811865422 -0.7071067811865526 0
    outer loop
      vertex 3.295000000000002 9.525 6.2733333333333405
      vertex 3.325000000000002 9.555 6.2733333333333405
      vertex 3.295000000000002 9.525 7.9280000000000115
    endloop
  endfacet
  facet normal 0.7071067811865422 -0.7071067811865526 0
    outer loop
      vertex 3.325000000000002 9.555 6.2733333333333405
      vertex 3.3550000000000018 9.584999999999999 6.2733333333333405
      vertex 3.325000000000002 9.555 7.9280000000000115
    endloop
  endfacet
  facet normal 0.7071067811865422 -0.7071067811865526 0
    outer loop
      vertex 2.905000000000002 9.135 6.2733333333333405
      vertex 2.905000000000002 9.135 7.9280000000000115
      vertex 2.875000000000002 9.105 7.9280000000000115
    endloop
  endfacet
  facet normal 0.7071067811865422 -0.7071067811865526 0
    outer loop
      vertex 2.935000000000002 9.165 6.2733333333333405
      vertex 2.935000000000002 9.165 7.9280000000000115
      vertex 2.905000000000002 9.135 7.9280000000000115
    endloop
  endfacet
  facet normal 0.7071067811865632 -0.7071067811865318 0
    outer loop
      vertex 2.9650000000000016 9.195 6.2733333333333405
      vertex 2.9650000000000016 9.195 7.9280000000000115
      vertex 2.935000000000002 9.165 7.9280000000000115
    endloop
  endfacet
  facet normal 0.7071067811865422 -0.7071067811865526 0
    outer loop
      vertex 2.9950000000000014 9.225 6.2733333333333405
      vertex 2.9950000000000014 9.225 7.9280000000000115
      vertex 2.9650000000000016 9.195 7.9280000000000115
    endloop
  endfacet
  facet normal 0.7071067811865319 -0.7071067811865632 0
    outer loop
      vertex 3.025000000000002 9.254999999999999 6.2733333333333405
      vertex 3.025000000000002 9.254999999999999 7.9280000000000115
      vertex 2.9950000000000014 9.225 7.9280000000000115
    endloop
  endfacet
  facet normal 0.7071067811865632 -0.7071067811865318 0
    outer loop
      vertex 3.055000000000002 9.285 6.2733333333333405
      vertex 3.055000000000002 9.285 7.9280000000000115
      vertex 3.025000000000002 9.254999999999999 7.9280000000000115
    endloop
  endfacet
  facet normal 0.7071067811865422 -0.7071067811865526 0
    outer loop
      vertex 3.0850000000000017 9.315 6.2733333333333405
      vertex 3.0850000000000017 9.315 7.9280000000000115
      vertex 3.055000000000002 9.285 7.9280000000000115
    endloop
  endfacet
  facet normal 0.7071067811865422 -0.7071067811865526 0
    outer loop
      vertex 3.1150000000000015 9.344999999999999 6.2733333333333405
      vertex 3.1150000000000015 9.344999999999999 7.9280000000000115
      vertex 3.0850000000000017 9.315 7.9280000000000115
    endloop
  endfacet
  facet normal 0.7071067811865579 -0.7071067811865369 0
    outer loop
      vertex 3.145000000000002 9.375 6.2733333333333405
      vertex 3.145000000000002 9.375 7.9280000000000115
      vertex 3.1150000000000015 9.344999999999999 7.9280000000000115
    endloop
  endfacet
  facet normal 0.707106781186537 -0.7071067811865579 0
    outer loop
      vertex 3.175000000000002 9.405 6.2733333333333405
      vertex 3.175000000000002 9.405 7.9280000000000115
      vertex 3.145000000000002 9.375 7.9280000000000115
    endloop
  endfacet
  facet normal 0.7071067811865422 -0.7071067811865526 0
    outer loop
      vertex 3.205000000000002 9.434999999999999 6.2733333333333405
      vertex 3.205000000000002 9.434999999999999 7.9280000000000115
      vertex 3.175000000000002 9.405 7.9280000000000115
    endloop
  endfacet
  facet normal 0.7071067811865632 -0.7071067811865318 0
    outer loop
      vertex 3.2350000000000017 9.465 6.2733333333333405
      vertex 3.2350000000000017 9.465 7.9280000000000115
      vertex 3.205000000000002 9.434999999999999 7.9280000000000115
    endloop
  endfacet
  facet normal 0.7071067811865422 -0.7071067811865526 0
    outer loop
      vertex 3.2650000000000015 9.495 6.2733333333333405
      vertex 3.2650000000000015 9.495 7.9280000000000115
      vertex 3.2350000000000017 9.465 7.9280000000000115
    endloop
  endfacet
  facet normal 0.7071067811865528 -0.7071067811865422 0
    outer loop
      vertex 3.295000000000002 9.525 6.2733333333333405
      vertex 3.295000000000002 9.525 7.9280000000000115
      vertex 3.2650000000000015 9.495 7.9280000000000115
    endloop
  endfacet
  facet normal 0.7071067811865422 -0.7071067811865526 0
    outer loop
      vertex 3.325000000000002 9.555 6.2733333333333405
      vertex 3.325000000000002 9.555 7.9280000000000115
      vertex 3.295000000000002 9.525 7.9280000000000115
    endloop
  endfacet
  facet normal 0.7071067811865422 -0.7071067811865526 0
    outer loop
      vertex 3.3550000000000018 9.584999999999999 6.2733333333333405
      vertex 3.3550000000000018 9.584999999999999 7.9280000000000115
      vertex 3.325000000000002 9.555 7.9280000000000115
    endloop
  endfacet
  facet normal 0.7071067811865579 -0.7071067811865369 0
    outer loop
      vertex 3.3550000000000018 9.584999999999999 6.2733333333333405
      vertex 3.385000000000002 9.615 6.2733333333333405
      vertex 3.3550000000000018 9.584999999999999 7.9280000000000115
    endloop
  endfacet
  facet normal 0.7071067811865422 -0.7071067811865526 0
    outer loop
      vertex 3.385000000000002 9.615 6.2733333333333405
      vertex 3.415000000000002 9.645 6.2733333333333405
      vertex 3.385000000000002 9.615 7.9280000000000115
    endloop
  endfacet
  facet normal 0.707106781186537 -0.7071067811865579 0
    outer loop
      vertex 3.415000000000002 9.645 6.2733333333333405
      vertex 3.445000000000002 9.674999999999999 6.2733333333333405
      vertex 3.415000000000002 9.645 7.9280000000000115
    endloop
  endfacet
  facet normal 0.7071067811865632 -0.7071067811865318 0
    outer loop
      vertex 3.445000000000002 9.674999999999999 6.2733333333333405
      vertex 3.475000000000002 9.705 6.2733333333333405
      vertex 3.445000000000002 9.674999999999999 7.9280000000000115
    endloop
  endfacet
  facet normal 0.7071067811865422 -0.7071067811865526 0
    outer loop
      vertex 3.475000000000002 9.705 6.2733333333333405
      vertex 3.5050000000000017 9.735 6.2733333333333405
      vertex 3.475000000000002 9.705 7.9280000000000115
    endloop
  endfacet
  facet normal 0.7071067811865422 -0.7071067811865526 0
    outer loop
      vertex 3.5050000000000017 9.735 6.2733333333333405
      vertex 3.5350000000000015 9.764999999999999 6.2733333333333405
      vertex 3.5050000000000017 9.735 7.9280000000000115
    endloop
  endfacet
  facet normal 0.7071067811865579 -0.7071067811865369 0
    outer loop
      vertex 3.5350000000000015 9.764999999999999 6.2733333333333405
      vertex 3.5650000000000017 9.795 6.2733333333333405
      vertex 3.5350000000000015 9.764999999999999 7.9280000000000115
    endloop
  endfacet
  facet normal 0.707106781186537 -0.7071067811865579 0
    outer loop
      vertex 3.5650000000000017 9.795 6.2733333333333405
      vertex 3.595000000000002 9.825 6.2733333333333405
      vertex 3.5650000000000017 9.795 7.9280000000000115
    endloop
  endfacet
  facet normal 0.7071067811865632 -0.7071067811865318 0
    outer loop
      vertex 3.595000000000002 9.825 6.2733333333333405
      vertex 3.6250000000000018 9.855 6.2733333333333405
      vertex 3.595000000000002 9.825 7.9280000000000115
    endloop
  endfacet
  facet normal 0.707106781186537 -0.7071067811865579 0
    outer loop
      vertex 3.6250000000000018 9.855 6.2733333333333405
      vertex 3.655000000000002 9.885 6.2733333333333405
      vertex 3.6250000000000018 9.855 7.9280000000000115
    endloop
  endfacet
  facet normal 0.7071067811865422 -0.7071067811865526 0
    outer loop
      vertex 3.655000000000002 9.885 6.2733333333333405
      vertex 3.685000000000002 9.915 6.2733333333333405
      vertex 3.655000000000002 9.885 7.9280000000000115
    endloop
  endfacet
  facet normal 0.7071067811865632 -0.7071067811865318 0
    outer loop
      vertex 3.685000000000002 9.915 6.2733333333333405
      vertex 3.7150000000000016 9.945 6.2733333333333405
      vertex 3.685000000000002 9.915 7.9280000000000115
    endloop
  endfacet
  facet normal 0.7071067811865086 -0.7071067811865867 1.8977749299158317e-16
    outer loop
      vertex 3.8350000000000017 10.065 2.964000000000013
      vertex 3.865000000000002 10.094999999999999 12
      vertex 3.8350000000000013 10.065 4.61866666666667
    endloop
  endfacet
  facet normal 0.707106781186537 -0.7071067811865579 0
    outer loop
      vertex 3.7150000000000016 9.945 6.2733333333333405
      vertex 3.745000000000002 9.975 6.2733333333333405
      vertex 3.7150000000000016 9.945 7.9280000000000115
    endloop
  endfacet
  facet normal 0.7071067811865422 -0.7071067811865526 0
    outer loop
      vertex 3.745000000000002 9.975 6.2733333333333405
      vertex 3.7750000000000017 10.004999999999999 6.2733333333333405
      vertex 3.745000000000002 9.975 7.9280000000000115
    endloop
  endfacet
  facet normal 0.7071067811865632 -0.7071067811865318 0
    outer loop
      vertex 3.7750000000000017 10.004999999999999 6.2733333333333405
      vertex 3.8050000000000015 10.035 6.2733333333333405
      vertex 3.7750000000000017 10.004999999999999 7.9280000000000115
    endloop
  endfacet
  facet normal 0.707106781186537 -0.7071067811865579 0
    outer loop
      vertex 3.8050000000000015 10.035 6.2733333333333405
      vertex 3.8350000000000017 10.065 6.2733333333333405
      vertex 3.8050000000000015 10.035 7.9280000000000115
    endloop
  endfacet
  facet normal 0.7071067811865579 -0.7071067811865369 0
    outer loop
      vertex 3.385000000000002 9.615 6.2733333333333405
      vertex 3.385000000000002 9.615 7.9280000000000115
      vertex 3.3550000000000018 9.584999999999999 7.9280000000000115
    endloop
  endfacet
  facet normal 0.7071067811865422 -0.7071067811865526 0
    outer loop
      vertex 3.415000000000002 9.645 6.2733333333333405
      vertex 3.415000000000002 9.645 7.9280000000000115
      vertex 3.385000000000002 9.615 7.9280000000000115
    endloop
  endfacet
  facet normal 0.707106781186537 -0.7071067811865579 0
    outer loop
      vertex 3.445000000000002 9.674999999999999 6.2733333333333405
      vertex 3.445000000000002 9.674999999999999 7.9280000000000115
      vertex 3.415000000000002 9.645 7.9280000000000115
    endloop
  endfacet
  facet normal 0.7071067811865632 -0.7071067811865318 0
    outer loop
      vertex 3.475000000000002 9.705 6.2733333333333405
      vertex 3.475000000000002 9.705 7.9280000000000115
      vertex 3.445000000000002 9.674999999999999 7.9280000000000115
    endloop
  endfacet
  facet normal 0.7071067811865422 -0.7071067811865526 0
    outer loop
      vertex 3.5050000000000017 9.735 6.2733333333333405
      vertex 3.5050000000000017 9.735 7.9280000000000115
      vertex 3.475000000000002 9.705 7.9280000000000115
    endloop
  endfacet
  facet normal 0.7071067811865422 -0.7071067811865526 0
    outer loop
      vertex 3.5350000000000015 9.764999999999999 6.2733333333333405
      vertex 3.5350000000000015 9.764999999999999 7.9280000000000115
      vertex 3.5050000000000017 9.735 7.9280000000000115
    endloop
  endfacet
  facet normal 0.7071067811865579 -0.7071067811865369 0
    outer loop
      vertex 3.5650000000000017 9.795 6.2733333333333405
      vertex 3.5650000000000017 9.795 7.9280000000000115
      vertex 3.5350000000000015 9.764999999999999 7.9280000000000115
    endloop
  endfacet
  facet normal 0.707106781186537 -0.7071067811865579 0
    outer loop
      vertex 3.595000000000002 9.825 6.2733333333333405
      vertex 3.595000000000002 9.825 7.9280000000000115
      vertex 3.5650000000000017 9.795 7.9280000000000115
    endloop
  endfacet
  facet normal 0.7071067811865632 -0.7071067811865318 0
    outer loop
      vertex 3.6250000000000018 9.855 6.2733333333333405
      vertex 3.6250000000000018 9.855 7.9280000000000115
      vertex 3.595000000000002 9.825 7.9280000000000115
    endloop
  endfacet
  facet normal 0.707106781186537 -0.7071067811865579 0
    outer loop
      vertex 3.655000000000002 9.885 6.2733333333333405
      vertex 3.655000000000002 9.885 7.9280000000000115
      vertex 3.6250000000000018 9.855 7.9280000000000115
    endloop
  endfacet
  facet normal 0.7071067811865422 -0.7071067811865526 0
    outer loop
      vertex 3.685000000000002 9.915 6.2733333333333405
      vertex 3.685000000000002 9.915 7.9280000000000115
      vertex 3.655000000000002 9.885 7.9280000000000115
    endloop
  endfacet
  facet normal 0.7071067811865632 -0.7071067811865318 0
    outer loop
      vertex 3.7150000000000016 9.945 6.2733333333333405
      vertex 3.7150000000000016 9.945 7.9280000000000115
      vertex 3.685000000000002 9.915 7.9280000000000115
    endloop
  endfacet
  facet normal 0.707106781186537 -0.7071067811865579 0
    outer loop
      vertex 3.745000000000002 9.975 6.2733333333333405
      vertex 3.745000000000002 9.975 7.9280000000000115
      vertex 3.7150000000000016 9.945 7.9280000000000115
    endloop
  endfacet
  facet normal 0.7071067811865422 -0.7071067811865526 0
    outer loop
      vertex 3.7750000000000017 10.004999999999999 6.2733333333333405
      vertex 3.7750000000000017 10.004999999999999 7.9280000000000115
      vertex 3.745000000000002 9.975 7.9280000000000115
    endloop
  endfacet
  facet normal 0.7071067811865632 -0.7071067811865318 0
    outer loop
      vertex 3.8050000000000015 10.035 6.2733333333333405
      vertex 3.8050000000000015 10.035 7.9280000000000115
      vertex 3.7750000000000017 10.004999999999999 7.9280000000000115
    endloop
  endfacet
  facet normal 0.707106781186537 -0.7071067811865579 0
    outer loop
      vertex 3.8350000000000017 10.065 6.2733333333333405
      vertex 3.8350000000000017 10.065 7.9280000000000115
      vertex 3.8050000000000015 10.035 7.9280000000000115
    endloop
  endfacet
  facet normal 0.7071067811865552 -0.7071067811865399 -1.8977749299159404e-16
    outer loop
      vertex 3.8350000000000013 10.065 4.61866666666667
      vertex 3.865000000000002 10.094999999999999 12
      vertex 3.8350000000000017 10.065 6.2733333333333405
    endloop
  endfacet
  facet normal 0.7071067811865684 -0.7071067811865266 0
    outer loop
      vertex 2.695000000000002 8.924999999999999 7.9280000000000115
      vertex 2.7250000000000014 8.955 7.9280000000000115
      vertex 2.695000000000002 8.924999999999999 9.582666666666682
    endloop
  endfacet
  facet normal 0.707106781186537 -0.7071067811865579 0
    outer loop
      vertex 2.7250000000000014 8.955 7.9280000000000115
      vertex 2.7550000000000017 8.985 7.9280000000000115
      vertex 2.7250000000000014 8.955 9.582666666666682
    endloop
  endfacet
  facet normal 0.707106781186537 -0.7071067811865579 0
    outer loop
      vertex 2.7550000000000017 8.985 7.9280000000000115
      vertex 2.785000000000002 9.014999999999999 7.9280000000000115
      vertex 2.7550000000000017 8.985 9.582666666666682
    endloop
  endfacet
  facet normal 0.7071067811865579 -0.7071067811865369 0
    outer loop
      vertex 2.785000000000002 9.014999999999999 7.9280000000000115
      vertex 2.815000000000002 9.045 7.9280000000000115
      vertex 2.785000000000002 9.014999999999999 9.582666666666682
    endloop
  endfacet
  facet normal 0.7071067811865476 -0.7071067811865476 0
    outer loop
      vertex 2.815000000000002 9.045 7.9280000000000115
      vertex 2.8450000000000015 9.075 7.9280000000000115
      vertex 2.815000000000002 9.045 9.582666666666682
    endloop
  endfacet
  facet normal 0.7071067811865318 -0.7071067811865632 0
    outer loop
      vertex 2.695000000000002 8.924999999999999 6.2733333333333405
      vertex 2.695000000000002 8.924999999999999 7.9280000000000115
      vertex 2.6750000000000016 8.905 12
    endloop
  endfacet
  facet normal 0.7071067811865528 -0.7071067811865422 0
    outer loop
      vertex 2.8450000000000015 9.075 7.9280000000000115
      vertex 2.875000000000002 9.105 7.9280000000000115
      vertex 2.8450000000000015 9.075 9.582666666666682
    endloop
  endfacet
  facet normal 0.7071067811865684 -0.7071067811865266 0
    outer loop
      vertex 2.7250000000000014 8.955 7.9280000000000115
      vertex 2.7250000000000014 8.955 9.582666666666682
      vertex 2.695000000000002 8.924999999999999 9.582666666666682
    endloop
  endfacet
  facet normal 0.707106781186537 -0.7071067811865579 0
    outer loop
      vertex 2.7550000000000017 8.985 7.9280000000000115
      vertex 2.7550000000000017 8.985 9.582666666666682
      vertex 2.7250000000000014 8.955 9.582666666666682
    endloop
  endfacet
  facet normal 0.707106781186537 -0.7071067811865579 0
    outer loop
      vertex 2.785000000000002 9.014999999999999 7.9280000000000115
      vertex 2.785000000000002 9.014999999999999 9.582666666666682
      vertex 2.7550000000000017 8.985 9.582666666666682
    endloop
  endfacet
  facet normal 0.7071067811865579 -0.7071067811865369 0
    outer loop
      vertex 2.815000000000002 9.045 7.9280000000000115
      vertex 2.815000000000002 9.045 9.582666666666682
      vertex 2.785000000000002 9.014999999999999 9.582666666666682
    endloop
  endfacet
  facet normal 0.7071067811865476 -0.7071067811865476 0
    outer loop
      vertex 2.8450000000000015 9.075 7.9280000000000115
      vertex 2.8450000000000015 9.075 9.582666666666682
      vertex 2.815000000000002 9.045 9.582666666666682
    endloop
  endfacet
  facet normal 0.7071067811865528 -0.7071067811865422 0
    outer loop
      vertex 2.875000000000002 9.105 7.9280000000000115
      vertex 2.875000000000002 9.105 9.582666666666682
      vertex 2.8450000000000015 9.075 9.582666666666682
    endloop
  endfacet
  facet normal 0.7071067811865318 -0.7071067811865632 0
    outer loop
      vertex 2.695000000000002 8.924999999999999 7.9280000000000115
      vertex 2.695000000000002 8.924999999999999 9.582666666666682
      vertex 2.6750000000000016 8.905 12
    endloop
  endfacet
  facet normal 0.7071067811865686 -0.7071067811865266 0
    outer loop
      vertex 2.695000000000002 8.924999999999999 9.582666666666682
      vertex 2.7250000000000014 8.955 9.582666666666682
      vertex 2.695000000000002 8.924999999999999 11.23733333333334
    endloop
  endfacet
  facet normal 0.7071067811865371 -0.707106781186558 0
    outer loop
      vertex 2.7250000000000014 8.955 9.582666666666682
      vertex 2.7550000000000017 8.985 9.582666666666682
      vertex 2.7250000000000014 8.955 11.23733333333334
    endloop
  endfacet
  facet normal 0.7071067811865371 -0.707106781186558 0
    outer loop
      vertex 2.7550000000000017 8.985 9.582666666666682
      vertex 2.785000000000002 9.014999999999999 9.582666666666682
      vertex 2.7550000000000017 8.985 11.23733333333334
    endloop
  endfacet
  facet normal 0.707106781186558 -0.707106781186537 0
    outer loop
      vertex 2.785000000000002 9.014999999999999 9.582666666666682
      vertex 2.815000000000002 9.045 9.582666666666682
      vertex 2.785000000000002 9.014999999999999 11.23733333333334
    endloop
  endfacet
  facet normal 0.7071067811865476 -0.7071067811865476 0
    outer loop
      vertex 2.815000000000002 9.045 9.582666666666682
      vertex 2.8450000000000015 9.075 9.582666666666682
      vertex 2.815000000000002 9.045 11.23733333333334
    endloop
  endfacet
  facet normal 0.7071067811865527 -0.7071067811865422 0
    outer loop
      vertex 2.8450000000000015 9.075 9.582666666666682
      vertex 2.875000000000002 9.105 9.582666666666682
      vertex 2.8450000000000015 9.075 11.23733333333334
    endloop
  endfacet
  facet normal 0.7071067811865422 -0.7071067811865526 0
    outer loop
      vertex 2.875000000000002 9.105 7.9280000000000115
      vertex 2.905000000000002 9.135 7.9280000000000115
      vertex 2.875000000000002 9.105 9.582666666666682
    endloop
  endfacet
  facet normal 0.7071067811865422 -0.7071067811865526 0
    outer loop
      vertex 2.905000000000002 9.135 7.9280000000000115
      vertex 2.935000000000002 9.165 7.9280000000000115
      vertex 2.905000000000002 9.135 9.582666666666682
    endloop
  endfacet
  facet normal 0.7071067811865632 -0.7071067811865318 0
    outer loop
      vertex 2.935000000000002 9.165 7.9280000000000115
      vertex 2.9650000000000016 9.195 7.9280000000000115
      vertex 2.935000000000002 9.165 9.582666666666682
    endloop
  endfacet
  facet normal 0.7071067811865422 -0.7071067811865526 0
    outer loop
      vertex 2.9650000000000016 9.195 7.9280000000000115
      vertex 2.9950000000000014 9.225 7.9280000000000115
      vertex 2.9650000000000016 9.195 9.582666666666682
    endloop
  endfacet
  facet normal 0.7071067811865319 -0.7071067811865632 0
    outer loop
      vertex 2.9950000000000014 9.225 7.9280000000000115
      vertex 3.025000000000002 9.254999999999999 7.9280000000000115
      vertex 2.9950000000000014 9.225 9.582666666666682
    endloop
  endfacet
  facet normal 0.7071067811865422 -0.7071067811865526 0
    outer loop
      vertex 2.905000000000002 9.135 7.9280000000000115
      vertex 2.905000000000002 9.135 9.582666666666682
      vertex 2.875000000000002 9.105 9.582666666666682
    endloop
  endfacet
  facet normal 0.7071067811865422 -0.7071067811865526 0
    outer loop
      vertex 2.935000000000002 9.165 7.9280000000000115
      vertex 2.935000000000002 9.165 9.582666666666682
      vertex 2.905000000000002 9.135 9.582666666666682
    endloop
  endfacet
  facet normal 0.7071067811865632 -0.7071067811865318 -4.12667204815604e-19
    outer loop
      vertex 2.935000000000002 9.165 9.582666666666682
      vertex 2.9650000000000016 9.195 7.9280000000000115
      vertex 2.9650000000000016 9.195 9.582666666666682
    endloop
  endfacet
  facet normal 0.7071067811865422 -0.7071067811865526 0
    outer loop
      vertex 2.9950000000000014 9.225 7.9280000000000115
      vertex 2.9950000000000014 9.225 9.582666666666682
      vertex 2.9650000000000016 9.195 9.582666666666682
    endloop
  endfacet
  facet normal 0.7071067811865319 -0.7071067811865632 0
    outer loop
      vertex 3.025000000000002 9.254999999999999 7.9280000000000115
      vertex 3.025000000000002 9.254999999999999 9.582666666666682
      vertex 2.9950000000000014 9.225 9.582666666666682
    endloop
  endfacet
  facet normal 0.7071067811865632 -0.7071067811865318 0
    outer loop
      vertex 3.025000000000002 9.254999999999999 7.9280000000000115
      vertex 3.055000000000002 9.285 7.9280000000000115
      vertex 3.025000000000002 9.254999999999999 9.582666666666682
    endloop
  endfacet
  facet normal 0.7071067811865422 -0.7071067811865526 0
    outer loop
      vertex 3.055000000000002 9.285 7.9280000000000115
      vertex 3.0850000000000017 9.315 7.9280000000000115
      vertex 3.055000000000002 9.285 9.582666666666682
    endloop
  endfacet
  facet normal 0.7071067811865422 -0.7071067811865526 0
    outer loop
      vertex 3.0850000000000017 9.315 7.9280000000000115
      vertex 3.1150000000000015 9.344999999999999 7.9280000000000115
      vertex 3.0850000000000017 9.315 9.582666666666682
    endloop
  endfacet
  facet normal 0.7071067811865579 -0.7071067811865369 0
    outer loop
      vertex 3.1150000000000015 9.344999999999999 7.9280000000000115
      vertex 3.145000000000002 9.375 7.9280000000000115
      vertex 3.1150000000000015 9.344999999999999 9.582666666666682
    endloop
  endfacet
  facet normal 0.707106781186537 -0.7071067811865579 0
    outer loop
      vertex 3.145000000000002 9.375 7.9280000000000115
      vertex 3.175000000000002 9.405 7.9280000000000115
      vertex 3.145000000000002 9.375 9.582666666666682
    endloop
  endfacet
  facet normal 0.7071067811865422 -0.7071067811865526 0
    outer loop
      vertex 3.175000000000002 9.405 7.9280000000000115
      vertex 3.205000000000002 9.434999999999999 7.9280000000000115
      vertex 3.175000000000002 9.405 9.582666666666682
    endloop
  endfacet
  facet normal 0.7071067811865632 -0.7071067811865318 0
    outer loop
      vertex 3.205000000000002 9.434999999999999 7.9280000000000115
      vertex 3.2350000000000017 9.465 7.9280000000000115
      vertex 3.205000000000002 9.434999999999999 9.582666666666682
    endloop
  endfacet
  facet normal 0.7071067811865422 -0.7071067811865526 0
    outer loop
      vertex 3.2350000000000017 9.465 7.9280000000000115
      vertex 3.2650000000000015 9.495 7.9280000000000115
      vertex 3.2350000000000017 9.465 9.582666666666682
    endloop
  endfacet
  facet normal 0.7071067811865528 -0.7071067811865422 0
    outer loop
      vertex 3.2650000000000015 9.495 7.9280000000000115
      vertex 3.295000000000002 9.525 7.9280000000000115
      vertex 3.2650000000000015 9.495 9.582666666666682
    endloop
  endfacet
  facet normal 0.7071067811865422 -0.7071067811865526 0
    outer loop
      vertex 3.295000000000002 9.525 7.9280000000000115
      vertex 3.325000000000002 9.555 7.9280000000000115
      vertex 3.295000000000002 9.525 9.582666666666682
    endloop
  endfacet
  facet normal 0.7071067811865422 -0.7071067811865526 0
    outer loop
      vertex 3.325000000000002 9.555 7.9280000000000115
      vertex 3.3550000000000018 9.584999999999999 7.9280000000000115
      vertex 3.325000000000002 9.555 9.582666666666682
    endloop
  endfacet
  facet normal 0.7071067811865632 -0.7071067811865318 0
    outer loop
      vertex 3.055000000000002 9.285 7.9280000000000115
      vertex 3.055000000000002 9.285 9.582666666666682
      vertex 3.025000000000002 9.254999999999999 9.582666666666682
    endloop
  endfacet
  facet normal 0.7071067811865422 -0.7071067811865526 0
    outer loop
      vertex 3.0850000000000017 9.315 7.9280000000000115
      vertex 3.0850000000000017 9.315 9.582666666666682
      vertex 3.055000000000002 9.285 9.582666666666682
    endloop
  endfacet
  facet normal 0.7071067811865422 -0.7071067811865526 0
    outer loop
      vertex 3.1150000000000015 9.344999999999999 7.9280000000000115
      vertex 3.1150000000000015 9.344999999999999 9.582666666666682
      vertex 3.0850000000000017 9.315 9.582666666666682
    endloop
  endfacet
  facet normal 0.7071067811865579 -0.7071067811865369 0
    outer loop
      vertex 3.145000000000002 9.375 7.9280000000000115
      vertex 3.145000000000002 9.375 9.582666666666682
      vertex 3.1150000000000015 9.344999999999999 9.582666666666682
    endloop
  endfacet
  facet normal 0.707106781186537 -0.7071067811865579 0
    outer loop
      vertex 3.175000000000002 9.405 7.9280000000000115
      vertex 3.175000000000002 9.405 9.582666666666682
      vertex 3.145000000000002 9.375 9.582666666666682
    endloop
  endfacet
  facet normal 0.7071067811865422 -0.7071067811865526 0
    outer loop
      vertex 3.205000000000002 9.434999999999999 7.9280000000000115
      vertex 3.205000000000002 9.434999999999999 9.582666666666682
      vertex 3.175000000000002 9.405 9.582666666666682
    endloop
  endfacet
  facet normal 0.7071067811865632 -0.7071067811865318 0
    outer loop
      vertex 3.2350000000000017 9.465 7.9280000000000115
      vertex 3.2350000000000017 9.465 9.582666666666682
      vertex 3.205000000000002 9.434999999999999 9.582666666666682
    endloop
  endfacet
  facet normal 0.7071067811865422 -0.7071067811865526 0
    outer loop
      vertex 3.2650000000000015 9.495 7.9280000000000115
      vertex 3.2650000000000015 9.495 9.582666666666682
      vertex 3.2350000000000017 9.465 9.582666666666682
    endloop
  endfacet
  facet normal 0.7071067811865528 -0.7071067811865422 0
    outer loop
      vertex 3.295000000000002 9.525 7.9280000000000115
      vertex 3.295000000000002 9.525 9.582666666666682
      vertex 3.2650000000000015 9.495 9.582666666666682
    endloop
  endfacet
  facet normal 0.7071067811865422 -0.7071067811865526 0
    outer loop
      vertex 3.325000000000002 9.555 7.9280000000000115
      vertex 3.325000000000002 9.555 9.582666666666682
      vertex 3.295000000000002 9.525 9.582666666666682
    endloop
  endfacet
  facet normal 0.7071067811865422 -0.7071067811865526 0
    outer loop
      vertex 3.3550000000000018 9.584999999999999 7.9280000000000115
      vertex 3.3550000000000018 9.584999999999999 9.582666666666682
      vertex 3.325000000000002 9.555 9.582666666666682
    endloop
  endfacet
  facet normal 0.7071067811865579 -0.7071067811865369 0
    outer loop
      vertex 3.3550000000000018 9.584999999999999 7.9280000000000115
      vertex 3.385000000000002 9.615 7.9280000000000115
      vertex 3.3550000000000018 9.584999999999999 9.582666666666682
    endloop
  endfacet
  facet normal 0.7071067811865422 -0.7071067811865526 0
    outer loop
      vertex 3.385000000000002 9.615 7.9280000000000115
      vertex 3.415000000000002 9.645 7.9280000000000115
      vertex 3.385000000000002 9.615 9.582666666666682
    endloop
  endfacet
  facet normal 0.707106781186537 -0.7071067811865579 0
    outer loop
      vertex 3.415000000000002 9.645 7.9280000000000115
      vertex 3.445000000000002 9.674999999999999 7.9280000000000115
      vertex 3.415000000000002 9.645 9.582666666666682
    endloop
  endfacet
  facet normal 0.7071067811865632 -0.7071067811865318 0
    outer loop
      vertex 3.445000000000002 9.674999999999999 7.9280000000000115
      vertex 3.475000000000002 9.705 7.9280000000000115
      vertex 3.445000000000002 9.674999999999999 9.582666666666682
    endloop
  endfacet
  facet normal 0.7071067811865422 -0.7071067811865526 0
    outer loop
      vertex 3.475000000000002 9.705 7.9280000000000115
      vertex 3.5050000000000017 9.735 7.9280000000000115
      vertex 3.475000000000002 9.705 9.582666666666682
    endloop
  endfacet
  facet normal 0.7071067811865422 -0.7071067811865526 0
    outer loop
      vertex 3.5050000000000017 9.735 7.9280000000000115
      vertex 3.5350000000000015 9.764999999999999 7.9280000000000115
      vertex 3.5050000000000017 9.735 9.582666666666682
    endloop
  endfacet
  facet normal 0.7071067811865579 -0.7071067811865369 0
    outer loop
      vertex 3.5350000000000015 9.764999999999999 7.9280000000000115
      vertex 3.5650000000000017 9.795 7.9280000000000115
      vertex 3.5350000000000015 9.764999999999999 9.582666666666682
    endloop
  endfacet
  facet normal 0.707106781186537 -0.7071067811865579 0
    outer loop
      vertex 3.5650000000000017 9.795 7.9280000000000115
      vertex 3.595000000000002 9.825 7.9280000000000115
      vertex 3.5650000000000017 9.795 9.582666666666682
    endloop
  endfacet
  facet normal 0.7071067811865579 -0.7071067811865369 0
    outer loop
      vertex 3.385000000000002 9.615 7.9280000000000115
      vertex 3.385000000000002 9.615 9.582666666666682
      vertex 3.3550000000000018 9.584999999999999 9.582666666666682
    endloop
  endfacet
  facet normal 0.7071067811865422 -0.7071067811865526 0
    outer loop
      vertex 3.415000000000002 9.645 7.9280000000000115
      vertex 3.415000000000002 9.645 9.582666666666682
      vertex 3.385000000000002 9.615 9.582666666666682
    endloop
  endfacet
  facet normal 0.707106781186537 -0.7071067811865579 0
    outer loop
      vertex 3.445000000000002 9.674999999999999 7.9280000000000115
      vertex 3.445000000000002 9.674999999999999 9.582666666666682
      vertex 3.415000000000002 9.645 9.582666666666682
    endloop
  endfacet
  facet normal 0.7071067811865632 -0.7071067811865318 0
    outer loop
      vertex 3.475000000000002 9.705 7.9280000000000115
      vertex 3.475000000000002 9.705 9.582666666666682
      vertex 3.445000000000002 9.674999999999999 9.582666666666682
    endloop
  endfacet
  facet normal 0.7071067811865422 -0.7071067811865526 0
    outer loop
      vertex 3.5050000000000017 9.735 7.9280000000000115
      vertex 3.5050000000000017 9.735 9.582666666666682
      vertex 3.475000000000002 9.705 9.582666666666682
    endloop
  endfacet
  facet normal 0.7071067811865422 -0.7071067811865526 0
    outer loop
      vertex 3.5350000000000015 9.764999999999999 7.9280000000000115
      vertex 3.5350000000000015 9.764999999999999 9.582666666666682
      vertex 3.5050000000000017 9.735 9.582666666666682
    endloop
  endfacet
  facet normal 0.7071067811865579 -0.7071067811865369 0
    outer loop
      vertex 3.5650000000000017 9.795 7.9280000000000115
      vertex 3.5650000000000017 9.795 9.582666666666682
      vertex 3.5350000000000015 9.764999999999999 9.582666666666682
    endloop
  endfacet
  facet normal 0.707106781186537 -0.7071067811865579 0
    outer loop
      vertex 3.595000000000002 9.825 7.9280000000000115
      vertex 3.595000000000002 9.825 9.582666666666682
      vertex 3.5650000000000017 9.795 9.582666666666682
    endloop
  endfacet
  facet normal 0.7071067811865632 -0.7071067811865318 0
    outer loop
      vertex 3.595000000000002 9.825 7.9280000000000115
      vertex 3.6250000000000018 9.855 7.9280000000000115
      vertex 3.595000000000002 9.825 9.582666666666682
    endloop
  endfacet
  facet normal 0.707106781186537 -0.7071067811865579 0
    outer loop
      vertex 3.6250000000000018 9.855 7.9280000000000115
      vertex 3.655000000000002 9.885 7.9280000000000115
      vertex 3.6250000000000018 9.855 9.582666666666682
    endloop
  endfacet
  facet normal 0.7071067811865422 -0.7071067811865526 0
    outer loop
      vertex 3.655000000000002 9.885 7.9280000000000115
      vertex 3.685000000000002 9.915 7.9280000000000115
      vertex 3.655000000000002 9.885 9.582666666666682
    endloop
  endfacet
  facet normal 0.7071067811865632 -0.7071067811865318 0
    outer loop
      vertex 3.685000000000002 9.915 7.9280000000000115
      vertex 3.7150000000000016 9.945 7.9280000000000115
      vertex 3.685000000000002 9.915 9.582666666666682
    endloop
  endfacet
  facet normal 0.7071067811865632 -0.7071067811865318 0
    outer loop
      vertex 3.6250000000000018 9.855 7.9280000000000115
      vertex 3.6250000000000018 9.855 9.582666666666682
      vertex 3.595000000000002 9.825 9.582666666666682
    endloop
  endfacet
  facet normal 0.707106781186537 -0.7071067811865579 0
    outer loop
      vertex 3.655000000000002 9.885 7.9280000000000115
      vertex 3.655000000000002 9.885 9.582666666666682
      vertex 3.6250000000000018 9.855 9.582666666666682
    endloop
  endfacet
  facet normal 0.7071067811865422 -0.7071067811865526 0
    outer loop
      vertex 3.685000000000002 9.915 7.9280000000000115
      vertex 3.685000000000002 9.915 9.582666666666682
      vertex 3.655000000000002 9.885 9.582666666666682
    endloop
  endfacet
  facet normal 0.707106781186537 -0.7071067811865579 0
    outer loop
      vertex 3.7150000000000016 9.945 7.9280000000000115
      vertex 3.745000000000002 9.975 7.9280000000000115
      vertex 3.7150000000000016 9.945 9.582666666666682
    endloop
  endfacet
  facet normal 0.7071067811865422 -0.7071067811865526 0
    outer loop
      vertex 3.745000000000002 9.975 7.9280000000000115
      vertex 3.7750000000000017 10.004999999999999 7.9280000000000115
      vertex 3.745000000000002 9.975 9.582666666666682
    endloop
  endfacet
  facet normal 0.7071067811865632 -0.7071067811865318 0
    outer loop
      vertex 3.7750000000000017 10.004999999999999 7.9280000000000115
      vertex 3.8050000000000015 10.035 7.9280000000000115
      vertex 3.7750000000000017 10.004999999999999 9.582666666666682
    endloop
  endfacet
  facet normal 0.707106781186537 -0.7071067811865579 0
    outer loop
      vertex 3.8050000000000015 10.035 7.9280000000000115
      vertex 3.8350000000000017 10.065 7.9280000000000115
      vertex 3.8050000000000015 10.035 9.582666666666682
    endloop
  endfacet
  facet normal 0.707106781186537 -0.7071067811865579 0
    outer loop
      vertex 3.8350000000000017 10.065 6.2733333333333405
      vertex 3.865000000000002 10.094999999999999 12
      vertex 3.8350000000000017 10.065 7.9280000000000115
    endloop
  endfacet
  facet normal 0.7071067811865632 -0.7071067811865318 0
    outer loop
      vertex 3.7150000000000016 9.945 7.9280000000000115
      vertex 3.7150000000000016 9.945 9.582666666666682
      vertex 3.685000000000002 9.915 9.582666666666682
    endloop
  endfacet
  facet normal 0.707106781186537 -0.7071067811865579 0
    outer loop
      vertex 3.745000000000002 9.975 7.9280000000000115
      vertex 3.745000000000002 9.975 9.582666666666682
      vertex 3.7150000000000016 9.945 9.582666666666682
    endloop
  endfacet
  facet normal 0.7071067811865422 -0.7071067811865526 0
    outer loop
      vertex 3.7750000000000017 10.004999999999999 7.9280000000000115
      vertex 3.7750000000000017 10.004999999999999 9.582666666666682
      vertex 3.745000000000002 9.975 9.582666666666682
    endloop
  endfacet
  facet normal 0.7071067811865632 -0.7071067811865318 0
    outer loop
      vertex 3.8050000000000015 10.035 7.9280000000000115
      vertex 3.8050000000000015 10.035 9.582666666666682
      vertex 3.7750000000000017 10.004999999999999 9.582666666666682
    endloop
  endfacet
  facet normal 0.707106781186537 -0.7071067811865579 0
    outer loop
      vertex 3.8350000000000017 10.065 7.9280000000000115
      vertex 3.8350000000000017 10.065 9.582666666666682
      vertex 3.8050000000000015 10.035 9.582666666666682
    endloop
  endfacet
  facet normal 0.7071067811865422 -0.7071067811865528 0
    outer loop
      vertex 2.875000000000002 9.105 9.582666666666682
      vertex 2.905000000000002 9.135 9.582666666666682
      vertex 2.875000000000002 9.105 11.23733333333334
    endloop
  endfacet
  facet normal 0.7071067811865422 -0.7071067811865528 0
    outer loop
      vertex 2.905000000000002 9.135 9.582666666666682
      vertex 2.935000000000002 9.165 9.582666666666682
      vertex 2.905000000000002 9.135 11.23733333333334
    endloop
  endfacet
  facet normal 0.7071067811865632 -0.7071067811865318 0
    outer loop
      vertex 2.935000000000002 9.165 9.582666666666682
      vertex 2.9650000000000016 9.195 9.582666666666682
      vertex 2.935000000000002 9.165 11.23733333333334
    endloop
  endfacet
  facet normal 0.7071067811865422 -0.7071067811865528 0
    outer loop
      vertex 2.9650000000000016 9.195 9.582666666666682
      vertex 2.9950000000000014 9.225 9.582666666666682
      vertex 2.9650000000000016 9.195 11.23733333333334
    endloop
  endfacet
  facet normal 0.7071067811865318 -0.7071067811865632 0
    outer loop
      vertex 2.9950000000000014 9.225 9.582666666666682
      vertex 3.025000000000002 9.254999999999999 9.582666666666682
      vertex 2.9950000000000014 9.225 11.23733333333334
    endloop
  endfacet
  facet normal 0.7071067811865632 -0.7071067811865318 0
    outer loop
      vertex 3.025000000000002 9.254999999999999 9.582666666666682
      vertex 3.055000000000002 9.285 9.582666666666682
      vertex 3.025000000000002 9.254999999999999 11.23733333333334
    endloop
  endfacet
  facet normal 0.7071067811865422 -0.7071067811865528 0
    outer loop
      vertex 3.055000000000002 9.285 9.582666666666682
      vertex 3.0850000000000017 9.315 9.582666666666682
      vertex 3.055000000000002 9.285 11.23733333333334
    endloop
  endfacet
  facet normal 0.7071067811865422 -0.7071067811865528 0
    outer loop
      vertex 3.0850000000000017 9.315 9.582666666666682
      vertex 3.1150000000000015 9.344999999999999 9.582666666666682
      vertex 3.0850000000000017 9.315 11.23733333333334
    endloop
  endfacet
  facet normal 0.707106781186558 -0.707106781186537 0
    outer loop
      vertex 3.1150000000000015 9.344999999999999 9.582666666666682
      vertex 3.145000000000002 9.375 9.582666666666682
      vertex 3.1150000000000015 9.344999999999999 11.23733333333334
    endloop
  endfacet
  facet normal 0.7071067811865371 -0.707106781186558 0
    outer loop
      vertex 3.145000000000002 9.375 9.582666666666682
      vertex 3.175000000000002 9.405 9.582666666666682
      vertex 3.145000000000002 9.375 11.23733333333334
    endloop
  endfacet
  facet normal 0.7071067811865422 -0.7071067811865528 0
    outer loop
      vertex 3.175000000000002 9.405 9.582666666666682
      vertex 3.205000000000002 9.434999999999999 9.582666666666682
      vertex 3.175000000000002 9.405 11.23733333333334
    endloop
  endfacet
  facet normal 0.7071067811865632 -0.7071067811865318 0
    outer loop
      vertex 3.205000000000002 9.434999999999999 9.582666666666682
      vertex 3.2350000000000017 9.465 9.582666666666682
      vertex 3.205000000000002 9.434999999999999 11.23733333333334
    endloop
  endfacet
  facet normal 0.7071067811865422 -0.7071067811865528 0
    outer loop
      vertex 3.2350000000000017 9.465 9.582666666666682
      vertex 3.2650000000000015 9.495 9.582666666666682
      vertex 3.2350000000000017 9.465 11.23733333333334
    endloop
  endfacet
  facet normal 0.7071067811865527 -0.7071067811865422 0
    outer loop
      vertex 3.2650000000000015 9.495 9.582666666666682
      vertex 3.295000000000002 9.525 9.582666666666682
      vertex 3.2650000000000015 9.495 11.23733333333334
    endloop
  endfacet
  facet normal 0.7071067811865422 -0.7071067811865528 0
    outer loop
      vertex 3.295000000000002 9.525 9.582666666666682
      vertex 3.325000000000002 9.555 9.582666666666682
      vertex 3.295000000000002 9.525 11.23733333333334
    endloop
  endfacet
  facet normal 0.7071067811865422 -0.7071067811865528 0
    outer loop
      vertex 3.325000000000002 9.555 9.582666666666682
      vertex 3.3550000000000018 9.584999999999999 9.582666666666682
      vertex 3.325000000000002 9.555 11.23733333333334
    endloop
  endfacet
  facet normal 0.707106781186558 -0.707106781186537 0
    outer loop
      vertex 3.3550000000000018 9.584999999999999 9.582666666666682
      vertex 3.385000000000002 9.615 9.582666666666682
      vertex 3.3550000000000018 9.584999999999999 11.23733333333334
    endloop
  endfacet
  facet normal 0.7071067811865422 -0.7071067811865528 0
    outer loop
      vertex 3.385000000000002 9.615 9.582666666666682
      vertex 3.415000000000002 9.645 9.582666666666682
      vertex 3.385000000000002 9.615 11.23733333333334
    endloop
  endfacet
  facet normal 0.7071067811865371 -0.707106781186558 0
    outer loop
      vertex 3.415000000000002 9.645 9.582666666666682
      vertex 3.445000000000002 9.674999999999999 9.582666666666682
      vertex 3.415000000000002 9.645 11.23733333333334
    endloop
  endfacet
  facet normal 0.7071067811865632 -0.7071067811865318 0
    outer loop
      vertex 3.445000000000002 9.674999999999999 9.582666666666682
      vertex 3.475000000000002 9.705 9.582666666666682
      vertex 3.445000000000002 9.674999999999999 11.23733333333334
    endloop
  endfacet
  facet normal 0.7071067811865422 -0.7071067811865528 0
    outer loop
      vertex 3.475000000000002 9.705 9.582666666666682
      vertex 3.5050000000000017 9.735 9.582666666666682
      vertex 3.475000000000002 9.705 11.23733333333334
    endloop
  endfacet
  facet normal 0.7071067811865422 -0.7071067811865528 0
    outer loop
      vertex 3.5050000000000017 9.735 9.582666666666682
      vertex 3.5350000000000015 9.764999999999999 9.582666666666682
      vertex 3.5050000000000017 9.735 11.23733333333334
    endloop
  endfacet
  facet normal 0.707106781186558 -0.707106781186537 0
    outer loop
      vertex 3.5350000000000015 9.764999999999999 9.582666666666682
      vertex 3.5650000000000017 9.795 9.582666666666682
      vertex 3.5350000000000015 9.764999999999999 11.23733333333334
    endloop
  endfacet
  facet normal 0.7071067811865371 -0.707106781186558 0
    outer loop
      vertex 3.5650000000000017 9.795 9.582666666666682
      vertex 3.595000000000002 9.825 9.582666666666682
      vertex 3.5650000000000017 9.795 11.23733333333334
    endloop
  endfacet
  facet normal 0.7071067811865632 -0.7071067811865318 0
    outer loop
      vertex 3.595000000000002 9.825 9.582666666666682
      vertex 3.6250000000000018 9.855 9.582666666666682
      vertex 3.595000000000002 9.825 11.23733333333334
    endloop
  endfacet
  facet normal 0.7071067811865371 -0.707106781186558 0
    outer loop
      vertex 3.6250000000000018 9.855 9.582666666666682
      vertex 3.655000000000002 9.885 9.582666666666682
      vertex 3.6250000000000018 9.855 11.23733333333334
    endloop
  endfacet
  facet normal 0.7071067811865422 -0.7071067811865528 0
    outer loop
      vertex 3.655000000000002 9.885 9.582666666666682
      vertex 3.685000000000002 9.915 9.582666666666682
      vertex 3.655000000000002 9.885 11.23733333333334
    endloop
  endfacet
  facet normal 0.7071067811865632 -0.7071067811865318 0
    outer loop
      vertex 3.685000000000002 9.915 9.582666666666682
      vertex 3.7150000000000016 9.945 9.582666666666682
      vertex 3.685000000000002 9.915 11.23733333333334
    endloop
  endfacet
  facet normal 0.707106781186537 -0.7071067811865579 0
    outer loop
      vertex 3.8350000000000017 10.065 7.9280000000000115
      vertex 3.865000000000002 10.094999999999999 12
      vertex 3.8350000000000017 10.065 9.582666666666682
    endloop
  endfacet
  facet normal 0.7071067811865371 -0.707106781186558 0
    outer loop
      vertex 3.7150000000000016 9.945 9.582666666666682
      vertex 3.745000000000002 9.975 9.582666666666682
      vertex 3.7150000000000016 9.945 11.23733333333334
    endloop
  endfacet
  facet normal 0.7071067811865422 -0.7071067811865528 0
    outer loop
      vertex 3.745000000000002 9.975 9.582666666666682
      vertex 3.7750000000000017 10.004999999999999 9.582666666666682
      vertex 3.745000000000002 9.975 11.23733333333334
    endloop
  endfacet
  facet normal 0.7071067811865632 -0.7071067811865318 0
    outer loop
      vertex 3.7750000000000017 10.004999999999999 9.582666666666682
      vertex 3.8050000000000015 10.035 9.582666666666682
      vertex 3.7750000000000017 10.004999999999999 11.23733333333334
    endloop
  endfacet
  facet normal 0.7071067811865371 -0.707106781186558 0
    outer loop
      vertex 3.8050000000000015 10.035 9.582666666666682
      vertex 3.8350000000000017 10.065 9.582666666666682
      vertex 3.8050000000000015 10.035 11.23733333333334
    endloop
  endfacet
  facet normal -0.7071067811865684 -0.7071067811865266 0
    outer loop
      vertex 10.045000000000002 9.915 4.61866666666667
      vertex 10.045000000000002 9.915 6.2733333333333405
      vertex 10.015000000000002 9.945 6.2733333333333405
    endloop
  endfacet
  facet normal -0.7071067811865266 -0.7071067811865684 3.691540578116983e-20
    outer loop
      vertex 9.895000000000003 10.065 2.964000000000013
      vertex 9.865000000000002 10.094999999999999 12
      vertex 9.865000000000002 10.094999999999999 1.8100000000000023
    endloop
  endfacet
  facet normal -0.7071067811865476 -0.7071067811865476 0
    outer loop
      vertex 10.015000000000002 9.945 4.61866666666667
      vertex 10.015000000000002 9.945 6.2733333333333405
      vertex 9.985000000000003 9.975 6.2733333333333405
    endloop
  endfacet
  facet normal -0.7071067811865266 -0.7071067811865684 0
    outer loop
      vertex 9.985000000000003 9.975 4.61866666666667
      vertex 9.985000000000003 9.975 6.2733333333333405
      vertex 9.955000000000002 10.004999999999999 6.2733333333333405
    endloop
  endfacet
  facet normal -0.7071067811865476 -0.7071067811865476 0
    outer loop
      vertex 9.925000000000002 10.035 4.61866666666667
      vertex 9.925000000000002 10.035 6.2733333333333405
      vertex 9.895000000000003 10.065 6.2733333333333405
    endloop
  endfacet
  facet normal -0.7071067811865684 -0.7071067811865266 0
    outer loop
      vertex 9.955000000000002 10.004999999999999 4.61866666666667
      vertex 9.955000000000002 10.004999999999999 6.2733333333333405
      vertex 9.925000000000002 10.035 6.2733333333333405
    endloop
  endfacet
  facet normal -0.7071067811865266 -0.7071067811865684 0
    outer loop
      vertex 10.735000000000003 9.225 4.61866666666667
      vertex 10.735000000000003 9.225 6.2733333333333405
      vertex 10.705000000000002 9.254999999999999 6.2733333333333405
    endloop
  endfacet
  facet normal -0.7071067811865476 -0.7071067811865476 0
    outer loop
      vertex 10.765000000000002 9.195 4.61866666666667
      vertex 10.765000000000002 9.195 6.2733333333333405
      vertex 10.735000000000003 9.225 6.2733333333333405
    endloop
  endfacet
  facet normal -0.7071067811865476 -0.7071067811865476 0
    outer loop
      vertex 10.405000000000001 9.555 4.61866666666667
      vertex 10.405000000000001 9.555 6.2733333333333405
      vertex 10.375000000000002 9.584999999999999 6.2733333333333405
    endloop
  endfacet
  facet normal -0.7071067811865476 -0.7071067811865476 -5.139807101913979e-19
    outer loop
      vertex 10.525000000000002 9.434999999999999 6.2733333333333405
      vertex 10.555000000000001 9.405 4.61866666666667
      vertex 10.555000000000001 9.405 6.2733333333333405
    endloop
  endfacet
  facet normal -0.7071067811865266 -0.7071067811865684 0
    outer loop
      vertex 10.585000000000003 9.375 4.61866666666667
      vertex 10.585000000000003 9.375 6.2733333333333405
      vertex 10.555000000000001 9.405 6.2733333333333405
    endloop
  endfacet
  facet normal -0.7071067811865266 -0.7071067811865684 0
    outer loop
      vertex 10.645000000000003 9.315 4.61866666666667
      vertex 10.645000000000003 9.315 6.2733333333333405
      vertex 10.615000000000002 9.344999999999999 6.2733333333333405
    endloop
  endfacet
  facet normal -0.7071067811865476 -0.7071067811865476 0
    outer loop
      vertex 10.675000000000002 9.285 4.61866666666667
      vertex 10.675000000000002 9.285 6.2733333333333405
      vertex 10.645000000000003 9.315 6.2733333333333405
    endloop
  endfacet
  facet normal -0.7071067811865684 -0.7071067811865266 0
    outer loop
      vertex 10.705000000000002 9.254999999999999 4.61866666666667
      vertex 10.705000000000002 9.254999999999999 6.2733333333333405
      vertex 10.675000000000002 9.285 6.2733333333333405
    endloop
  endfacet
  facet normal -0.7071067811865684 -0.7071067811865266 0
    outer loop
      vertex 10.615000000000002 9.344999999999999 4.61866666666667
      vertex 10.615000000000002 9.344999999999999 6.2733333333333405
      vertex 10.585000000000003 9.375 6.2733333333333405
    endloop
  endfacet
  facet normal -0.7071067811865476 -0.7071067811865476 0
    outer loop
      vertex 10.495000000000003 9.465 4.61866666666667
      vertex 10.495000000000003 9.465 6.2733333333333405
      vertex 10.465000000000003 9.495 6.2733333333333405
    endloop
  endfacet
  facet normal -0.7071067811865684 -0.7071067811865266 0
    outer loop
      vertex 10.525000000000002 9.434999999999999 4.61866666666667
      vertex 10.525000000000002 9.434999999999999 6.2733333333333405
      vertex 10.495000000000003 9.465 6.2733333333333405
    endloop
  endfacet
  facet normal -0.7071067811865476 -0.7071067811865476 0
    outer loop
      vertex 10.465000000000003 9.495 4.61866666666667
      vertex 10.465000000000003 9.495 6.2733333333333405
      vertex 10.435000000000002 9.525 6.2733333333333405
    endloop
  endfacet
  facet normal -0.7071067811865266 -0.7071067811865684 0
    outer loop
      vertex 10.435000000000002 9.525 4.61866666666667
      vertex 10.435000000000002 9.525 6.2733333333333405
      vertex 10.405000000000001 9.555 6.2733333333333405
    endloop
  endfacet
  facet normal -0.7071067811865684 -0.7071067811865266 0
    outer loop
      vertex 10.945000000000002 9.014999999999999 4.61866666666667
      vertex 10.945000000000002 9.014999999999999 6.2733333333333405
      vertex 10.915000000000003 9.045 6.2733333333333405
    endloop
  endfacet
  facet normal -0.7071067811865266 -0.7071067811865684 0
    outer loop
      vertex 10.915000000000003 9.045 4.61866666666667
      vertex 10.915000000000003 9.045 6.2733333333333405
      vertex 10.885000000000002 9.075 6.2733333333333405
    endloop
  endfacet
  facet normal -0.7071067811865684 -0.7071067811865266 0
    outer loop
      vertex 11.035000000000002 8.924999999999999 4.61866666666667
      vertex 11.035000000000002 8.924999999999999 6.2733333333333405
      vertex 11.005000000000003 8.955 6.2733333333333405
    endloop
  endfacet
  facet normal -0.7071067811865476 -0.7071067811865476 0
    outer loop
      vertex 11.035000000000002 8.924999999999999 6.2733333333333405
      vertex 11.055000000000001 8.905 3
      vertex 11.035000000000002 8.924999999999999 7.9280000000000115
    endloop
  endfacet
  facet normal -0.7071067811865266 -0.7071067811865684 0
    outer loop
      vertex 11.005000000000003 8.955 4.61866666666667
      vertex 11.005000000000003 8.955 6.2733333333333405
      vertex 10.975000000000001 8.985 6.2733333333333405
    endloop
  endfacet
  facet normal -0.7071067811865476 -0.7071067811865476 0
    outer loop
      vertex 10.975000000000001 8.985 4.61866666666667
      vertex 10.975000000000001 8.985 6.2733333333333405
      vertex 10.945000000000002 9.014999999999999 6.2733333333333405
    endloop
  endfacet
  facet normal -0.7071067811865476 -0.7071067811865476 0
    outer loop
      vertex 10.855000000000002 9.105 4.61866666666667
      vertex 10.855000000000002 9.105 6.2733333333333405
      vertex 10.825000000000003 9.135 6.2733333333333405
    endloop
  endfacet
  facet normal -0.7071067811865266 -0.7071067811865684 0
    outer loop
      vertex 10.825000000000003 9.135 4.61866666666667
      vertex 10.825000000000003 9.135 6.2733333333333405
      vertex 10.795000000000002 9.165 6.2733333333333405
    endloop
  endfacet
  facet normal -0.7071067811865684 -0.7071067811865266 0
    outer loop
      vertex 10.885000000000002 9.075 4.61866666666667
      vertex 10.885000000000002 9.075 6.2733333333333405
      vertex 10.855000000000002 9.105 6.2733333333333405
    endloop
  endfacet
  facet normal -0.7071067811865684 -0.7071067811865266 0
    outer loop
      vertex 10.795000000000002 9.165 4.61866666666667
      vertex 10.795000000000002 9.165 6.2733333333333405
      vertex 10.765000000000002 9.195 6.2733333333333405
    endloop
  endfacet
  facet normal -0.7071067811865477 -0.7071067811865476 -3.048435961728714e-20
    outer loop
      vertex 11.035000000000002 8.924999999999999 7.9280000000000115
      vertex 11.055000000000001 8.905 3
      vertex 11.055000000000001 8.905 7.6273891304347785
    endloop
  endfacet
  facet normal -0.7071067811865476 -0.7071067811865476 0
    outer loop
      vertex 10.225000000000001 9.735 4.61866666666667
      vertex 10.225000000000001 9.735 6.2733333333333405
      vertex 10.195000000000002 9.764999999999999 6.2733333333333405
    endloop
  endfacet
  facet normal -0.7071067811865476 -0.7071067811865476 0
    outer loop
      vertex 10.315000000000001 9.645 4.61866666666667
      vertex 10.315000000000001 9.645 6.2733333333333405
      vertex 10.285000000000002 9.674999999999999 6.2733333333333405
    endloop
  endfacet
  facet normal -0.7071067811865684 -0.7071067811865266 0
    outer loop
      vertex 10.375000000000002 9.584999999999999 4.61866666666667
      vertex 10.375000000000002 9.584999999999999 6.2733333333333405
      vertex 10.345000000000002 9.615 6.2733333333333405
    endloop
  endfacet
  facet normal -0.7071067811865266 -0.7071067811865684 0
    outer loop
      vertex 10.345000000000002 9.615 4.61866666666667
      vertex 10.345000000000002 9.615 6.2733333333333405
      vertex 10.315000000000001 9.645 6.2733333333333405
    endloop
  endfacet
  facet normal -0.7071067811865684 -0.7071067811865266 0
    outer loop
      vertex 10.285000000000002 9.674999999999999 4.61866666666667
      vertex 10.285000000000002 9.674999999999999 6.2733333333333405
      vertex 10.255000000000003 9.705 6.2733333333333405
    endloop
  endfacet
  facet normal -0.7071067811865266 -0.7071067811865684 0
    outer loop
      vertex 10.255000000000003 9.705 4.61866666666667
      vertex 10.255000000000003 9.705 6.2733333333333405
      vertex 10.225000000000001 9.735 6.2733333333333405
    endloop
  endfacet
  facet normal -0.7071067811865684 -0.7071067811865266 0
    outer loop
      vertex 10.135000000000002 9.825 4.61866666666667
      vertex 10.135000000000002 9.825 6.2733333333333405
      vertex 10.105000000000002 9.855 6.2733333333333405
    endloop
  endfacet
  facet normal -0.7071067811865684 -0.7071067811865266 0
    outer loop
      vertex 10.195000000000002 9.764999999999999 4.61866666666667
      vertex 10.195000000000002 9.764999999999999 6.2733333333333405
      vertex 10.165000000000003 9.795 6.2733333333333405
    endloop
  endfacet
  facet normal -0.7071067811865266 -0.7071067811865684 0
    outer loop
      vertex 10.165000000000003 9.795 4.61866666666667
      vertex 10.165000000000003 9.795 6.2733333333333405
      vertex 10.135000000000002 9.825 6.2733333333333405
    endloop
  endfacet
  facet normal -0.7071067811865476 -0.7071067811865476 0
    outer loop
      vertex 10.105000000000002 9.855 4.61866666666667
      vertex 10.105000000000002 9.855 6.2733333333333405
      vertex 10.075000000000003 9.885 6.2733333333333405
    endloop
  endfacet
  facet normal -0.7071067811865266 -0.7071067811865684 0
    outer loop
      vertex 10.075000000000003 9.885 4.61866666666667
      vertex 10.075000000000003 9.885 6.2733333333333405
      vertex 10.045000000000002 9.915 6.2733333333333405
    endloop
  endfacet
  facet normal -0.7071067811865266 -0.7071067811865684 0
    outer loop
      vertex 10.045000000000002 9.915 6.2733333333333405
      vertex 10.075000000000003 9.885 6.2733333333333405
      vertex 10.045000000000002 9.915 7.9280000000000115
    endloop
  endfacet
  facet normal -0.7071067811865266 -0.7071067811865686 0
    outer loop
      vertex 9.895000000000003 10.065 2.964000000000013
      vertex 9.895000000000003 10.065 4.61866666666667
      vertex 9.865000000000002 10.094999999999999 12
    endloop
  endfacet
  facet normal -0.7071067811865266 -0.7071067811865684 2.2733762182319874e-19
    outer loop
      vertex 9.985000000000003 9.975 6.2733333333333405
      vertex 9.955000000000002 10.004999999999999 7.9280000000000115
      vertex 9.955000000000002 10.004999999999999 6.2733333333333405
    endloop
  endfacet
  facet normal -0.7071067811865476 -0.7071067811865476 0
    outer loop
      vertex 9.985000000000003 9.975 6.2733333333333405
      vertex 10.015000000000002 9.945 6.2733333333333405
      vertex 9.985000000000003 9.975 7.9280000000000115
    endloop
  endfacet
  facet normal -0.7071067811865684 -0.7071067811865266 2.2733762182319874e-19
    outer loop
      vertex 10.045000000000002 9.915 6.2733333333333405
      vertex 10.015000000000002 9.945 7.9280000000000115
      vertex 10.015000000000002 9.945 6.2733333333333405
    endloop
  endfacet
  facet normal -0.7071067811865476 -0.7071067811865476 -5.139807101913979e-19
    outer loop
      vertex 9.925000000000002 10.035 6.2733333333333405
      vertex 9.895000000000003 10.065 7.9280000000000115
      vertex 9.895000000000003 10.065 6.2733333333333405
    endloop
  endfacet
  facet normal -0.7071067811865684 -0.7071067811865266 2.2733762182319874e-19
    outer loop
      vertex 9.955000000000002 10.004999999999999 6.2733333333333405
      vertex 9.925000000000002 10.035 7.9280000000000115
      vertex 9.925000000000002 10.035 6.2733333333333405
    endloop
  endfacet
  facet normal -0.7071067811865684 -0.7071067811865266 0
    outer loop
      vertex 10.045000000000002 9.915 6.2733333333333405
      vertex 10.045000000000002 9.915 7.9280000000000115
      vertex 10.015000000000002 9.945 7.9280000000000115
    endloop
  endfacet
  facet normal -0.7071067811865476 -0.7071067811865476 0
    outer loop
      vertex 10.015000000000002 9.945 6.2733333333333405
      vertex 10.015000000000002 9.945 7.9280000000000115
      vertex 9.985000000000003 9.975 7.9280000000000115
    endloop
  endfacet
  facet normal -0.7071067811865266 -0.7071067811865684 0
    outer loop
      vertex 9.985000000000003 9.975 6.2733333333333405
      vertex 9.985000000000003 9.975 7.9280000000000115
      vertex 9.955000000000002 10.004999999999999 7.9280000000000115
    endloop
  endfacet
  facet normal -0.7071067811865476 -0.7071067811865476 0
    outer loop
      vertex 9.925000000000002 10.035 6.2733333333333405
      vertex 9.925000000000002 10.035 7.9280000000000115
      vertex 9.895000000000003 10.065 7.9280000000000115
    endloop
  endfacet
  facet normal -0.7071067811865684 -0.7071067811865266 0
    outer loop
      vertex 9.955000000000002 10.004999999999999 6.2733333333333405
      vertex 9.955000000000002 10.004999999999999 7.9280000000000115
      vertex 9.925000000000002 10.035 7.9280000000000115
    endloop
  endfacet
  facet normal -0.7071067811865266 -0.7071067811865684 0
    outer loop
      vertex 9.895000000000003 10.065 4.61866666666667
      vertex 9.895000000000003 10.065 6.2733333333333405
      vertex 9.865000000000002 10.094999999999999 12
    endloop
  endfacet
  facet normal -0.7071067811865684 -0.7071067811865266 2.2733762182319874e-19
    outer loop
      vertex 10.795000000000002 9.165 6.2733333333333405
      vertex 10.765000000000002 9.195 7.9280000000000115
      vertex 10.765000000000002 9.195 6.2733333333333405
    endloop
  endfacet
  facet normal -0.7071067811865266 -0.7071067811865684 0
    outer loop
      vertex 10.705000000000002 9.254999999999999 6.2733333333333405
      vertex 10.735000000000003 9.225 6.2733333333333405
      vertex 10.705000000000002 9.254999999999999 7.9280000000000115
    endloop
  endfacet
  facet normal -0.7071067811865476 -0.7071067811865476 -5.139807101913979e-19
    outer loop
      vertex 10.765000000000002 9.195 6.2733333333333405
      vertex 10.735000000000003 9.225 7.9280000000000115
      vertex 10.735000000000003 9.225 6.2733333333333405
    endloop
  endfacet
  facet normal -0.7071067811865266 -0.7071067811865684 2.2733762182319874e-19
    outer loop
      vertex 10.435000000000002 9.525 6.2733333333333405
      vertex 10.405000000000001 9.555 7.9280000000000115
      vertex 10.405000000000001 9.555 6.2733333333333405
    endloop
  endfacet
  facet normal -0.7071067811865476 -0.7071067811865476 0
    outer loop
      vertex 10.375000000000002 9.584999999999999 6.2733333333333405
      vertex 10.405000000000001 9.555 6.2733333333333405
      vertex 10.375000000000002 9.584999999999999 7.9280000000000115
    endloop
  endfacet
  facet normal -0.7071067811865684 -0.7071067811865266 0
    outer loop
      vertex 10.585000000000003 9.375 6.2733333333333405
      vertex 10.615000000000002 9.344999999999999 6.2733333333333405
      vertex 10.585000000000003 9.375 7.9280000000000115
    endloop
  endfacet
  facet normal -0.7071067811865266 -0.7071067811865684 2.2733762182319874e-19
    outer loop
      vertex 10.585000000000003 9.375 6.2733333333333405
      vertex 10.555000000000001 9.405 7.9280000000000115
      vertex 10.555000000000001 9.405 6.2733333333333405
    endloop
  endfacet
  facet normal -0.7071067811865684 -0.7071067811865266 2.2733762182319874e-19
    outer loop
      vertex 10.705000000000002 9.254999999999999 6.2733333333333405
      vertex 10.675000000000002 9.285 7.9280000000000115
      vertex 10.675000000000002 9.285 6.2733333333333405
    endloop
  endfacet
  facet normal -0.7071067811865476 -0.7071067811865476 -5.139807101913979e-19
    outer loop
      vertex 10.675000000000002 9.285 6.2733333333333405
      vertex 10.645000000000003 9.315 7.9280000000000115
      vertex 10.645000000000003 9.315 6.2733333333333405
    endloop
  endfacet
  facet normal -0.7071067811865266 -0.7071067811865684 2.2733762182319874e-19
    outer loop
      vertex 10.645000000000003 9.315 6.2733333333333405
      vertex 10.615000000000002 9.344999999999999 7.9280000000000115
      vertex 10.615000000000002 9.344999999999999 6.2733333333333405
    endloop
  endfacet
  facet normal -0.7071067811865684 -0.7071067811865266 2.2733762182319874e-19
    outer loop
      vertex 10.525000000000002 9.434999999999999 6.2733333333333405
      vertex 10.495000000000003 9.465 7.9280000000000115
      vertex 10.495000000000003 9.465 6.2733333333333405
    endloop
  endfacet
  facet normal -0.7071067811865476 -0.7071067811865476 0
    outer loop
      vertex 10.465000000000003 9.495 6.2733333333333405
      vertex 10.495000000000003 9.465 6.2733333333333405
      vertex 10.465000000000003 9.495 7.9280000000000115
    endloop
  endfacet
  facet normal -0.7071067811865476 -0.7071067811865476 0
    outer loop
      vertex 10.525000000000002 9.434999999999999 6.2733333333333405
      vertex 10.555000000000001 9.405 6.2733333333333405
      vertex 10.525000000000002 9.434999999999999 7.9280000000000115
    endloop
  endfacet
  facet normal -0.7071067811865476 -0.7071067811865476 -5.757572378704846e-19
    outer loop
      vertex 10.465000000000003 9.495 6.2733333333333405
      vertex 10.435000000000002 9.525 7.9280000000000115
      vertex 10.435000000000002 9.525 6.2733333333333405
    endloop
  endfacet
  facet normal -0.7071067811865476 -0.7071067811865476 0
    outer loop
      vertex 10.945000000000002 9.014999999999999 6.2733333333333405
      vertex 10.975000000000001 8.985 6.2733333333333405
      vertex 10.945000000000002 9.014999999999999 7.9280000000000115
    endloop
  endfacet
  facet normal -0.7071067811865266 -0.7071067811865684 2.2733762182319874e-19
    outer loop
      vertex 10.915000000000003 9.045 6.2733333333333405
      vertex 10.885000000000002 9.075 7.9280000000000115
      vertex 10.885000000000002 9.075 6.2733333333333405
    endloop
  endfacet
  facet normal -0.7071067811865684 -0.7071067811865266 2.2733762182319874e-19
    outer loop
      vertex 10.945000000000002 9.014999999999999 6.2733333333333405
      vertex 10.915000000000003 9.045 7.9280000000000115
      vertex 10.915000000000003 9.045 6.2733333333333405
    endloop
  endfacet
  facet normal -0.7071067811865684 -0.7071067811865266 2.2733762182319874e-19
    outer loop
      vertex 11.035000000000002 8.924999999999999 6.2733333333333405
      vertex 11.005000000000003 8.955 7.9280000000000115
      vertex 11.005000000000003 8.955 6.2733333333333405
    endloop
  endfacet
  facet normal -0.7071067811865266 -0.7071067811865684 2.2733762182319874e-19
    outer loop
      vertex 11.005000000000003 8.955 6.2733333333333405
      vertex 10.975000000000001 8.985 7.9280000000000115
      vertex 10.975000000000001 8.985 6.2733333333333405
    endloop
  endfacet
  facet normal -0.7071067811865684 -0.7071067811865266 0
    outer loop
      vertex 10.855000000000002 9.105 6.2733333333333405
      vertex 10.885000000000002 9.075 6.2733333333333405
      vertex 10.855000000000002 9.105 7.9280000000000115
    endloop
  endfacet
  facet normal -0.7071067811865266 -0.7071067811865684 0
    outer loop
      vertex 10.795000000000002 9.165 6.2733333333333405
      vertex 10.825000000000003 9.135 6.2733333333333405
      vertex 10.795000000000002 9.165 7.9280000000000115
    endloop
  endfacet
  facet normal -0.7071067811865476 -0.7071067811865476 0
    outer loop
      vertex 10.825000000000003 9.135 6.2733333333333405
      vertex 10.855000000000002 9.105 6.2733333333333405
      vertex 10.825000000000003 9.135 7.9280000000000115
    endloop
  endfacet
  facet normal -0.7071067811865266 -0.7071067811865684 0
    outer loop
      vertex 10.735000000000003 9.225 6.2733333333333405
      vertex 10.735000000000003 9.225 7.9280000000000115
      vertex 10.705000000000002 9.254999999999999 7.9280000000000115
    endloop
  endfacet
  facet normal -0.7071067811865476 -0.7071067811865476 0
    outer loop
      vertex 10.765000000000002 9.195 6.2733333333333405
      vertex 10.765000000000002 9.195 7.9280000000000115
      vertex 10.735000000000003 9.225 7.9280000000000115
    endloop
  endfacet
  facet normal -0.7071067811865476 -0.7071067811865476 0
    outer loop
      vertex 10.405000000000001 9.555 6.2733333333333405
      vertex 10.405000000000001 9.555 7.9280000000000115
      vertex 10.375000000000002 9.584999999999999 7.9280000000000115
    endloop
  endfacet
  facet normal -0.7071067811865476 -0.7071067811865476 -5.139807101913979e-19
    outer loop
      vertex 10.525000000000002 9.434999999999999 7.9280000000000115
      vertex 10.555000000000001 9.405 6.2733333333333405
      vertex 10.555000000000001 9.405 7.9280000000000115
    endloop
  endfacet
  facet normal -0.7071067811865266 -0.7071067811865684 0
    outer loop
      vertex 10.585000000000003 9.375 6.2733333333333405
      vertex 10.585000000000003 9.375 7.9280000000000115
      vertex 10.555000000000001 9.405 7.9280000000000115
    endloop
  endfacet
  facet normal -0.7071067811865266 -0.7071067811865684 0
    outer loop
      vertex 10.645000000000003 9.315 6.2733333333333405
      vertex 10.645000000000003 9.315 7.9280000000000115
      vertex 10.615000000000002 9.344999999999999 7.9280000000000115
    endloop
  endfacet
  facet normal -0.7071067811865476 -0.7071067811865476 0
    outer loop
      vertex 10.675000000000002 9.285 6.2733333333333405
      vertex 10.675000000000002 9.285 7.9280000000000115
      vertex 10.645000000000003 9.315 7.9280000000000115
    endloop
  endfacet
  facet normal -0.7071067811865684 -0.7071067811865266 0
    outer loop
      vertex 10.705000000000002 9.254999999999999 6.2733333333333405
      vertex 10.705000000000002 9.254999999999999 7.9280000000000115
      vertex 10.675000000000002 9.285 7.9280000000000115
    endloop
  endfacet
  facet normal -0.7071067811865684 -0.7071067811865266 0
    outer loop
      vertex 10.615000000000002 9.344999999999999 6.2733333333333405
      vertex 10.615000000000002 9.344999999999999 7.9280000000000115
      vertex 10.585000000000003 9.375 7.9280000000000115
    endloop
  endfacet
  facet normal -0.7071067811865476 -0.7071067811865476 0
    outer loop
      vertex 10.495000000000003 9.465 6.2733333333333405
      vertex 10.495000000000003 9.465 7.9280000000000115
      vertex 10.465000000000003 9.495 7.9280000000000115
    endloop
  endfacet
  facet normal -0.7071067811865684 -0.7071067811865266 0
    outer loop
      vertex 10.525000000000002 9.434999999999999 6.2733333333333405
      vertex 10.525000000000002 9.434999999999999 7.9280000000000115
      vertex 10.495000000000003 9.465 7.9280000000000115
    endloop
  endfacet
  facet normal -0.7071067811865476 -0.7071067811865476 0
    outer loop
      vertex 10.465000000000003 9.495 6.2733333333333405
      vertex 10.465000000000003 9.495 7.9280000000000115
      vertex 10.435000000000002 9.525 7.9280000000000115
    endloop
  endfacet
  facet normal -0.7071067811865266 -0.7071067811865684 0
    outer loop
      vertex 10.435000000000002 9.525 6.2733333333333405
      vertex 10.435000000000002 9.525 7.9280000000000115
      vertex 10.405000000000001 9.555 7.9280000000000115
    endloop
  endfacet
  facet normal -0.7071067811865684 -0.7071067811865266 0
    outer loop
      vertex 10.945000000000002 9.014999999999999 6.2733333333333405
      vertex 10.945000000000002 9.014999999999999 7.9280000000000115
      vertex 10.915000000000003 9.045 7.9280000000000115
    endloop
  endfacet
  facet normal -0.7071067811865266 -0.7071067811865684 0
    outer loop
      vertex 10.915000000000003 9.045 6.2733333333333405
      vertex 10.915000000000003 9.045 7.9280000000000115
      vertex 10.885000000000002 9.075 7.9280000000000115
    endloop
  endfacet
  facet normal -0.7071067811865684 -0.7071067811865266 0
    outer loop
      vertex 11.035000000000002 8.924999999999999 6.2733333333333405
      vertex 11.035000000000002 8.924999999999999 7.9280000000000115
      vertex 11.005000000000003 8.955 7.9280000000000115
    endloop
  endfacet
  facet normal -0.7071067811865266 -0.7071067811865684 0
    outer loop
      vertex 11.005000000000003 8.955 6.2733333333333405
      vertex 11.005000000000003 8.955 7.9280000000000115
      vertex 10.975000000000001 8.985 7.9280000000000115
    endloop
  endfacet
  facet normal -0.7071067811865476 -0.7071067811865476 0
    outer loop
      vertex 10.975000000000001 8.985 6.2733333333333405
      vertex 10.975000000000001 8.985 7.9280000000000115
      vertex 10.945000000000002 9.014999999999999 7.9280000000000115
    endloop
  endfacet
  facet normal -0.7071067811865476 -0.7071067811865476 0
    outer loop
      vertex 10.855000000000002 9.105 6.2733333333333405
      vertex 10.855000000000002 9.105 7.9280000000000115
      vertex 10.825000000000003 9.135 7.9280000000000115
    endloop
  endfacet
  facet normal -0.7071067811865266 -0.7071067811865684 0
    outer loop
      vertex 10.825000000000003 9.135 6.2733333333333405
      vertex 10.825000000000003 9.135 7.9280000000000115
      vertex 10.795000000000002 9.165 7.9280000000000115
    endloop
  endfacet
  facet normal -0.7071067811865684 -0.7071067811865266 0
    outer loop
      vertex 10.885000000000002 9.075 6.2733333333333405
      vertex 10.885000000000002 9.075 7.9280000000000115
      vertex 10.855000000000002 9.105 7.9280000000000115
    endloop
  endfacet
  facet normal -0.7071067811865684 -0.7071067811865266 0
    outer loop
      vertex 10.795000000000002 9.165 6.2733333333333405
      vertex 10.795000000000002 9.165 7.9280000000000115
      vertex 10.765000000000002 9.195 7.9280000000000115
    endloop
  endfacet
  facet normal -0.7071067811865266 -0.7071067811865684 2.2733762182319874e-19
    outer loop
      vertex 10.255000000000003 9.705 6.2733333333333405
      vertex 10.225000000000001 9.735 7.9280000000000115
      vertex 10.225000000000001 9.735 6.2733333333333405
    endloop
  endfacet
  facet normal -0.7071067811865476 -0.7071067811865476 0
    outer loop
      vertex 10.195000000000002 9.764999999999999 6.2733333333333405
      vertex 10.225000000000001 9.735 6.2733333333333405
      vertex 10.195000000000002 9.764999999999999 7.9280000000000115
    endloop
  endfacet
  facet normal -0.7071067811865266 -0.7071067811865684 2.2733762182319874e-19
    outer loop
      vertex 10.345000000000002 9.615 6.2733333333333405
      vertex 10.315000000000001 9.645 7.9280000000000115
      vertex 10.315000000000001 9.645 6.2733333333333405
    endloop
  endfacet
  facet normal -0.7071067811865476 -0.7071067811865476 -5.139807101913979e-19
    outer loop
      vertex 10.315000000000001 9.645 6.2733333333333405
      vertex 10.285000000000002 9.674999999999999 7.9280000000000115
      vertex 10.285000000000002 9.674999999999999 6.2733333333333405
    endloop
  endfacet
  facet normal -0.7071067811865684 -0.7071067811865266 2.2733762182319874e-19
    outer loop
      vertex 10.375000000000002 9.584999999999999 6.2733333333333405
      vertex 10.345000000000002 9.615 7.9280000000000115
      vertex 10.345000000000002 9.615 6.2733333333333405
    endloop
  endfacet
  facet normal -0.7071067811865684 -0.7071067811865266 2.2733762182319874e-19
    outer loop
      vertex 10.285000000000002 9.674999999999999 6.2733333333333405
      vertex 10.255000000000003 9.705 7.9280000000000115
      vertex 10.255000000000003 9.705 6.2733333333333405
    endloop
  endfacet
  facet normal -0.7071067811865266 -0.7071067811865684 2.2733762182319874e-19
    outer loop
      vertex 10.165000000000003 9.795 6.2733333333333405
      vertex 10.135000000000002 9.825 7.9280000000000115
      vertex 10.135000000000002 9.825 6.2733333333333405
    endloop
  endfacet
  facet normal -0.7071067811865684 -0.7071067811865266 2.2733762182319874e-19
    outer loop
      vertex 10.195000000000002 9.764999999999999 6.2733333333333405
      vertex 10.165000000000003 9.795 7.9280000000000115
      vertex 10.165000000000003 9.795 6.2733333333333405
    endloop
  endfacet
  facet normal -0.7071067811865476 -0.7071067811865476 -5.139807101913979e-19
    outer loop
      vertex 10.105000000000002 9.855 6.2733333333333405
      vertex 10.075000000000003 9.885 7.9280000000000115
      vertex 10.075000000000003 9.885 6.2733333333333405
    endloop
  endfacet
  facet normal -0.7071067811865684 -0.7071067811865266 2.2733762182319874e-19
    outer loop
      vertex 10.135000000000002 9.825 6.2733333333333405
      vertex 10.105000000000002 9.855 7.9280000000000115
      vertex 10.105000000000002 9.855 6.2733333333333405
    endloop
  endfacet
  facet normal -0.7071067811865476 -0.7071067811865476 0
    outer loop
      vertex 10.225000000000001 9.735 6.2733333333333405
      vertex 10.225000000000001 9.735 7.9280000000000115
      vertex 10.195000000000002 9.764999999999999 7.9280000000000115
    endloop
  endfacet
  facet normal -0.7071067811865476 -0.7071067811865476 0
    outer loop
      vertex 10.315000000000001 9.645 6.2733333333333405
      vertex 10.315000000000001 9.645 7.9280000000000115
      vertex 10.285000000000002 9.674999999999999 7.9280000000000115
    endloop
  endfacet
  facet normal -0.7071067811865684 -0.7071067811865266 0
    outer loop
      vertex 10.375000000000002 9.584999999999999 6.2733333333333405
      vertex 10.375000000000002 9.584999999999999 7.9280000000000115
      vertex 10.345000000000002 9.615 7.9280000000000115
    endloop
  endfacet
  facet normal -0.7071067811865266 -0.7071067811865684 0
    outer loop
      vertex 10.345000000000002 9.615 6.2733333333333405
      vertex 10.345000000000002 9.615 7.9280000000000115
      vertex 10.315000000000001 9.645 7.9280000000000115
    endloop
  endfacet
  facet normal -0.7071067811865684 -0.7071067811865266 0
    outer loop
      vertex 10.285000000000002 9.674999999999999 6.2733333333333405
      vertex 10.285000000000002 9.674999999999999 7.9280000000000115
      vertex 10.255000000000003 9.705 7.9280000000000115
    endloop
  endfacet
  facet normal -0.7071067811865266 -0.7071067811865684 0
    outer loop
      vertex 10.255000000000003 9.705 6.2733333333333405
      vertex 10.255000000000003 9.705 7.9280000000000115
      vertex 10.225000000000001 9.735 7.9280000000000115
    endloop
  endfacet
  facet normal -0.7071067811865684 -0.7071067811865266 0
    outer loop
      vertex 10.135000000000002 9.825 6.2733333333333405
      vertex 10.135000000000002 9.825 7.9280000000000115
      vertex 10.105000000000002 9.855 7.9280000000000115
    endloop
  endfacet
  facet normal -0.7071067811865684 -0.7071067811865266 0
    outer loop
      vertex 10.195000000000002 9.764999999999999 6.2733333333333405
      vertex 10.195000000000002 9.764999999999999 7.9280000000000115
      vertex 10.165000000000003 9.795 7.9280000000000115
    endloop
  endfacet
  facet normal -0.7071067811865266 -0.7071067811865684 0
    outer loop
      vertex 10.165000000000003 9.795 6.2733333333333405
      vertex 10.165000000000003 9.795 7.9280000000000115
      vertex 10.135000000000002 9.825 7.9280000000000115
    endloop
  endfacet
  facet normal -0.7071067811865476 -0.7071067811865476 0
    outer loop
      vertex 10.105000000000002 9.855 6.2733333333333405
      vertex 10.105000000000002 9.855 7.9280000000000115
      vertex 10.075000000000003 9.885 7.9280000000000115
    endloop
  endfacet
  facet normal -0.7071067811865266 -0.7071067811865684 0
    outer loop
      vertex 10.075000000000003 9.885 6.2733333333333405
      vertex 10.075000000000003 9.885 7.9280000000000115
      vertex 10.045000000000002 9.915 7.9280000000000115
    endloop
  endfacet
  facet normal -0.7071067811865266 -0.7071067811865684 0
    outer loop
      vertex 10.045000000000002 9.915 7.9280000000000115
      vertex 10.075000000000003 9.885 7.9280000000000115
      vertex 10.045000000000002 9.915 9.582666666666682
    endloop
  endfacet
  facet normal -0.7071067811865684 -0.7071067811865266 0
    outer loop
      vertex 10.045000000000002 9.915 7.9280000000000115
      vertex 10.045000000000002 9.915 9.582666666666682
      vertex 10.015000000000002 9.945 9.582666666666682
    endloop
  endfacet
  facet normal -0.7071067811865266 -0.7071067811865684 2.2733762182319874e-19
    outer loop
      vertex 9.985000000000003 9.975 7.9280000000000115
      vertex 9.955000000000002 10.004999999999999 9.582666666666682
      vertex 9.955000000000002 10.004999999999999 7.9280000000000115
    endloop
  endfacet
  facet normal -0.7071067811865476 -0.7071067811865476 0
    outer loop
      vertex 9.985000000000003 9.975 7.9280000000000115
      vertex 10.015000000000002 9.945 7.9280000000000115
      vertex 9.985000000000003 9.975 9.582666666666682
    endloop
  endfacet
  facet normal -0.7071067811865684 -0.7071067811865266 2.2733762182319874e-19
    outer loop
      vertex 10.045000000000002 9.915 7.9280000000000115
      vertex 10.015000000000002 9.945 9.582666666666682
      vertex 10.015000000000002 9.945 7.9280000000000115
    endloop
  endfacet
  facet normal -0.7071067811865476 -0.7071067811865476 -5.139807101913979e-19
    outer loop
      vertex 9.925000000000002 10.035 7.9280000000000115
      vertex 9.895000000000003 10.065 9.582666666666682
      vertex 9.895000000000003 10.065 7.9280000000000115
    endloop
  endfacet
  facet normal -0.7071067811865684 -0.7071067811865266 2.2733762182319874e-19
    outer loop
      vertex 9.955000000000002 10.004999999999999 7.9280000000000115
      vertex 9.925000000000002 10.035 9.582666666666682
      vertex 9.925000000000002 10.035 7.9280000000000115
    endloop
  endfacet
  facet normal -0.7071067811865266 -0.7071067811865684 0
    outer loop
      vertex 9.895000000000003 10.065 6.2733333333333405
      vertex 9.895000000000003 10.065 7.9280000000000115
      vertex 9.865000000000002 10.094999999999999 12
    endloop
  endfacet
  facet normal -0.7071067811865476 -0.7071067811865476 0
    outer loop
      vertex 10.015000000000002 9.945 7.9280000000000115
      vertex 10.015000000000002 9.945 9.582666666666682
      vertex 9.985000000000003 9.975 9.582666666666682
    endloop
  endfacet
  facet normal -0.7071067811865266 -0.7071067811865684 0
    outer loop
      vertex 9.985000000000003 9.975 7.9280000000000115
      vertex 9.985000000000003 9.975 9.582666666666682
      vertex 9.955000000000002 10.004999999999999 9.582666666666682
    endloop
  endfacet
  facet normal -0.7071067811865476 -0.7071067811865476 0
    outer loop
      vertex 9.925000000000002 10.035 7.9280000000000115
      vertex 9.925000000000002 10.035 9.582666666666682
      vertex 9.895000000000003 10.065 9.582666666666682
    endloop
  endfacet
  facet normal -0.7071067811865684 -0.7071067811865266 0
    outer loop
      vertex 9.955000000000002 10.004999999999999 7.9280000000000115
      vertex 9.955000000000002 10.004999999999999 9.582666666666682
      vertex 9.925000000000002 10.035 9.582666666666682
    endloop
  endfacet
  facet normal -0.7071067811865476 -0.7071067811865476 0
    outer loop
      vertex 11.035000000000002 8.924999999999999 7.9280000000000115
      vertex 11.055000000000001 8.905 7.6273891304347785
      vertex 11.035000000000002 8.924999999999999 9.582666666666682
    endloop
  endfacet
  facet normal -0.7071067811865684 -0.7071067811865266 2.2733762182319874e-19
    outer loop
      vertex 10.795000000000002 9.165 7.9280000000000115
      vertex 10.765000000000002 9.195 9.582666666666682
      vertex 10.765000000000002 9.195 7.9280000000000115
    endloop
  endfacet
  facet normal -0.7071067811865266 -0.7071067811865684 0
    outer loop
      vertex 10.705000000000002 9.254999999999999 7.9280000000000115
      vertex 10.735000000000003 9.225 7.9280000000000115
      vertex 10.705000000000002 9.254999999999999 9.582666666666682
    endloop
  endfacet
  facet normal -0.7071067811865476 -0.7071067811865476 -5.139807101913979e-19
    outer loop
      vertex 10.765000000000002 9.195 7.9280000000000115
      vertex 10.735000000000003 9.225 9.582666666666682
      vertex 10.735000000000003 9.225 7.9280000000000115
    endloop
  endfacet
  facet normal -0.7071067811865266 -0.7071067811865684 0
    outer loop
      vertex 10.735000000000003 9.225 7.9280000000000115
      vertex 10.735000000000003 9.225 9.582666666666682
      vertex 10.705000000000002 9.254999999999999 9.582666666666682
    endloop
  endfacet
  facet normal -0.7071067811865476 -0.7071067811865476 0
    outer loop
      vertex 10.765000000000002 9.195 7.9280000000000115
      vertex 10.765000000000002 9.195 9.582666666666682
      vertex 10.735000000000003 9.225 9.582666666666682
    endloop
  endfacet
  facet normal -0.7071067811865266 -0.7071067811865684 2.2733762182319874e-19
    outer loop
      vertex 10.435000000000002 9.525 7.9280000000000115
      vertex 10.405000000000001 9.555 9.582666666666682
      vertex 10.405000000000001 9.555 7.9280000000000115
    endloop
  endfacet
  facet normal -0.7071067811865476 -0.7071067811865476 0
    outer loop
      vertex 10.375000000000002 9.584999999999999 7.9280000000000115
      vertex 10.405000000000001 9.555 7.9280000000000115
      vertex 10.375000000000002 9.584999999999999 9.582666666666682
    endloop
  endfacet
  facet normal -0.7071067811865684 -0.7071067811865266 0
    outer loop
      vertex 10.585000000000003 9.375 7.9280000000000115
      vertex 10.615000000000002 9.344999999999999 7.9280000000000115
      vertex 10.585000000000003 9.375 9.582666666666682
    endloop
  endfacet
  facet normal -0.7071067811865266 -0.7071067811865684 2.2733762182319874e-19
    outer loop
      vertex 10.585000000000003 9.375 7.9280000000000115
      vertex 10.555000000000001 9.405 9.582666666666682
      vertex 10.555000000000001 9.405 7.9280000000000115
    endloop
  endfacet
  facet normal -0.7071067811865684 -0.7071067811865266 2.2733762182319874e-19
    outer loop
      vertex 10.705000000000002 9.254999999999999 7.9280000000000115
      vertex 10.675000000000002 9.285 9.582666666666682
      vertex 10.675000000000002 9.285 7.9280000000000115
    endloop
  endfacet
  facet normal -0.7071067811865476 -0.7071067811865476 -5.139807101913979e-19
    outer loop
      vertex 10.675000000000002 9.285 7.9280000000000115
      vertex 10.645000000000003 9.315 9.582666666666682
      vertex 10.645000000000003 9.315 7.9280000000000115
    endloop
  endfacet
  facet normal -0.7071067811865266 -0.7071067811865684 2.2733762182319874e-19
    outer loop
      vertex 10.645000000000003 9.315 7.9280000000000115
      vertex 10.615000000000002 9.344999999999999 9.582666666666682
      vertex 10.615000000000002 9.344999999999999 7.9280000000000115
    endloop
  endfacet
  facet normal -0.7071067811865684 -0.7071067811865266 2.2733762182319874e-19
    outer loop
      vertex 10.525000000000002 9.434999999999999 7.9280000000000115
      vertex 10.495000000000003 9.465 9.582666666666682
      vertex 10.495000000000003 9.465 7.9280000000000115
    endloop
  endfacet
  facet normal -0.7071067811865476 -0.7071067811865476 0
    outer loop
      vertex 10.465000000000003 9.495 7.9280000000000115
      vertex 10.495000000000003 9.465 7.9280000000000115
      vertex 10.465000000000003 9.495 9.582666666666682
    endloop
  endfacet
  facet normal -0.7071067811865476 -0.7071067811865476 0
    outer loop
      vertex 10.525000000000002 9.434999999999999 7.9280000000000115
      vertex 10.555000000000001 9.405 7.9280000000000115
      vertex 10.525000000000002 9.434999999999999 9.582666666666682
    endloop
  endfacet
  facet normal -0.7071067811865476 -0.7071067811865476 -5.757572378704846e-19
    outer loop
      vertex 10.465000000000003 9.495 7.9280000000000115
      vertex 10.435000000000002 9.525 9.582666666666682
      vertex 10.435000000000002 9.525 7.9280000000000115
    endloop
  endfacet
  facet normal -0.7071067811865476 -0.7071067811865476 0
    outer loop
      vertex 10.405000000000001 9.555 7.9280000000000115
      vertex 10.405000000000001 9.555 9.582666666666682
      vertex 10.375000000000002 9.584999999999999 9.582666666666682
    endloop
  endfacet
  facet normal -0.7071067811865476 -0.7071067811865476 -5.139807101913979e-19
    outer loop
      vertex 10.525000000000002 9.434999999999999 9.582666666666682
      vertex 10.555000000000001 9.405 7.9280000000000115
      vertex 10.555000000000001 9.405 9.582666666666682
    endloop
  endfacet
  facet normal -0.7071067811865266 -0.7071067811865684 0
    outer loop
      vertex 10.585000000000003 9.375 7.9280000000000115
      vertex 10.585000000000003 9.375 9.582666666666682
      vertex 10.555000000000001 9.405 9.582666666666682
    endloop
  endfacet
  facet normal -0.7071067811865266 -0.7071067811865684 0
    outer loop
      vertex 10.645000000000003 9.315 7.9280000000000115
      vertex 10.645000000000003 9.315 9.582666666666682
      vertex 10.615000000000002 9.344999999999999 9.582666666666682
    endloop
  endfacet
  facet normal -0.7071067811865476 -0.7071067811865476 0
    outer loop
      vertex 10.675000000000002 9.285 7.9280000000000115
      vertex 10.675000000000002 9.285 9.582666666666682
      vertex 10.645000000000003 9.315 9.582666666666682
    endloop
  endfacet
  facet normal -0.7071067811865684 -0.7071067811865266 0
    outer loop
      vertex 10.705000000000002 9.254999999999999 7.9280000000000115
      vertex 10.705000000000002 9.254999999999999 9.582666666666682
      vertex 10.675000000000002 9.285 9.582666666666682
    endloop
  endfacet
  facet normal -0.7071067811865684 -0.7071067811865266 0
    outer loop
      vertex 10.615000000000002 9.344999999999999 7.9280000000000115
      vertex 10.615000000000002 9.344999999999999 9.582666666666682
      vertex 10.585000000000003 9.375 9.582666666666682
    endloop
  endfacet
  facet normal -0.7071067811865476 -0.7071067811865476 0
    outer loop
      vertex 10.495000000000003 9.465 7.9280000000000115
      vertex 10.495000000000003 9.465 9.582666666666682
      vertex 10.465000000000003 9.495 9.582666666666682
    endloop
  endfacet
  facet normal -0.7071067811865684 -0.7071067811865266 0
    outer loop
      vertex 10.525000000000002 9.434999999999999 7.9280000000000115
      vertex 10.525000000000002 9.434999999999999 9.582666666666682
      vertex 10.495000000000003 9.465 9.582666666666682
    endloop
  endfacet
  facet normal -0.7071067811865476 -0.7071067811865476 0
    outer loop
      vertex 10.465000000000003 9.495 7.9280000000000115
      vertex 10.465000000000003 9.495 9.582666666666682
      vertex 10.435000000000002 9.525 9.582666666666682
    endloop
  endfacet
  facet normal -0.7071067811865266 -0.7071067811865684 0
    outer loop
      vertex 10.435000000000002 9.525 7.9280000000000115
      vertex 10.435000000000002 9.525 9.582666666666682
      vertex 10.405000000000001 9.555 9.582666666666682
    endloop
  endfacet
  facet normal -0.7071067811865476 -0.7071067811865476 0
    outer loop
      vertex 10.945000000000002 9.014999999999999 7.9280000000000115
      vertex 10.975000000000001 8.985 7.9280000000000115
      vertex 10.945000000000002 9.014999999999999 9.582666666666682
    endloop
  endfacet
  facet normal -0.7071067811865266 -0.7071067811865684 2.2733762182319874e-19
    outer loop
      vertex 10.915000000000003 9.045 7.9280000000000115
      vertex 10.885000000000002 9.075 9.582666666666682
      vertex 10.885000000000002 9.075 7.9280000000000115
    endloop
  endfacet
  facet normal -0.7071067811865684 -0.7071067811865266 2.2733762182319874e-19
    outer loop
      vertex 10.945000000000002 9.014999999999999 7.9280000000000115
      vertex 10.915000000000003 9.045 9.582666666666682
      vertex 10.915000000000003 9.045 7.9280000000000115
    endloop
  endfacet
  facet normal -0.7071067811865684 -0.7071067811865266 2.2733762182319874e-19
    outer loop
      vertex 11.035000000000002 8.924999999999999 7.9280000000000115
      vertex 11.005000000000003 8.955 9.582666666666682
      vertex 11.005000000000003 8.955 7.9280000000000115
    endloop
  endfacet
  facet normal -0.7071067811865266 -0.7071067811865684 2.2733762182319874e-19
    outer loop
      vertex 11.005000000000003 8.955 7.9280000000000115
      vertex 10.975000000000001 8.985 9.582666666666682
      vertex 10.975000000000001 8.985 7.9280000000000115
    endloop
  endfacet
  facet normal -0.7071067811865684 -0.7071067811865266 0
    outer loop
      vertex 10.855000000000002 9.105 7.9280000000000115
      vertex 10.885000000000002 9.075 7.9280000000000115
      vertex 10.855000000000002 9.105 9.582666666666682
    endloop
  endfacet
  facet normal -0.7071067811865266 -0.7071067811865684 0
    outer loop
      vertex 10.795000000000002 9.165 7.9280000000000115
      vertex 10.825000000000003 9.135 7.9280000000000115
      vertex 10.795000000000002 9.165 9.582666666666682
    endloop
  endfacet
  facet normal -0.7071067811865476 -0.7071067811865476 0
    outer loop
      vertex 10.825000000000003 9.135 7.9280000000000115
      vertex 10.855000000000002 9.105 7.9280000000000115
      vertex 10.825000000000003 9.135 9.582666666666682
    endloop
  endfacet
  facet normal -0.7071067811865684 -0.7071067811865266 0
    outer loop
      vertex 10.945000000000002 9.014999999999999 7.9280000000000115
      vertex 10.945000000000002 9.014999999999999 9.582666666666682
      vertex 10.915000000000003 9.045 9.582666666666682
    endloop
  endfacet
  facet normal -0.7071067811865266 -0.7071067811865684 0
    outer loop
      vertex 10.915000000000003 9.045 7.9280000000000115
      vertex 10.915000000000003 9.045 9.582666666666682
      vertex 10.885000000000002 9.075 9.582666666666682
    endloop
  endfacet
  facet normal -0.7071067811865684 -0.7071067811865266 0
    outer loop
      vertex 11.035000000000002 8.924999999999999 7.9280000000000115
      vertex 11.035000000000002 8.924999999999999 9.582666666666682
      vertex 11.005000000000003 8.955 9.582666666666682
    endloop
  endfacet
  facet normal -0.7071067811865266 -0.7071067811865684 0
    outer loop
      vertex 11.005000000000003 8.955 7.9280000000000115
      vertex 11.005000000000003 8.955 9.582666666666682
      vertex 10.975000000000001 8.985 9.582666666666682
    endloop
  endfacet
  facet normal -0.7071067811865476 -0.7071067811865476 0
    outer loop
      vertex 10.975000000000001 8.985 7.9280000000000115
      vertex 10.975000000000001 8.985 9.582666666666682
      vertex 10.945000000000002 9.014999999999999 9.582666666666682
    endloop
  endfacet
  facet normal -0.7071067811865476 -0.7071067811865476 0
    outer loop
      vertex 10.855000000000002 9.105 7.9280000000000115
      vertex 10.855000000000002 9.105 9.582666666666682
      vertex 10.825000000000003 9.135 9.582666666666682
    endloop
  endfacet
  facet normal -0.7071067811865266 -0.7071067811865684 0
    outer loop
      vertex 10.825000000000003 9.135 7.9280000000000115
      vertex 10.825000000000003 9.135 9.582666666666682
      vertex 10.795000000000002 9.165 9.582666666666682
    endloop
  endfacet
  facet normal -0.7071067811865684 -0.7071067811865266 0
    outer loop
      vertex 10.885000000000002 9.075 7.9280000000000115
      vertex 10.885000000000002 9.075 9.582666666666682
      vertex 10.855000000000002 9.105 9.582666666666682
    endloop
  endfacet
  facet normal -0.7071067811865684 -0.7071067811865266 0
    outer loop
      vertex 10.795000000000002 9.165 7.9280000000000115
      vertex 10.795000000000002 9.165 9.582666666666682
      vertex 10.765000000000002 9.195 9.582666666666682
    endloop
  endfacet
  facet normal -0.7071067811865266 -0.7071067811865684 2.2733762182319874e-19
    outer loop
      vertex 10.255000000000003 9.705 7.9280000000000115
      vertex 10.225000000000001 9.735 9.582666666666682
      vertex 10.225000000000001 9.735 7.9280000000000115
    endloop
  endfacet
  facet normal -0.7071067811865476 -0.7071067811865476 0
    outer loop
      vertex 10.195000000000002 9.764999999999999 7.9280000000000115
      vertex 10.225000000000001 9.735 7.9280000000000115
      vertex 10.195000000000002 9.764999999999999 9.582666666666682
    endloop
  endfacet
  facet normal -0.7071067811865266 -0.7071067811865684 2.2733762182319874e-19
    outer loop
      vertex 10.345000000000002 9.615 7.9280000000000115
      vertex 10.315000000000001 9.645 9.582666666666682
      vertex 10.315000000000001 9.645 7.9280000000000115
    endloop
  endfacet
  facet normal -0.7071067811865476 -0.7071067811865476 -5.139807101913979e-19
    outer loop
      vertex 10.315000000000001 9.645 7.9280000000000115
      vertex 10.285000000000002 9.674999999999999 9.582666666666682
      vertex 10.285000000000002 9.674999999999999 7.9280000000000115
    endloop
  endfacet
  facet normal -0.7071067811865684 -0.7071067811865266 2.2733762182319874e-19
    outer loop
      vertex 10.375000000000002 9.584999999999999 7.9280000000000115
      vertex 10.345000000000002 9.615 9.582666666666682
      vertex 10.345000000000002 9.615 7.9280000000000115
    endloop
  endfacet
  facet normal -0.7071067811865684 -0.7071067811865266 2.2733762182319874e-19
    outer loop
      vertex 10.285000000000002 9.674999999999999 7.9280000000000115
      vertex 10.255000000000003 9.705 9.582666666666682
      vertex 10.255000000000003 9.705 7.9280000000000115
    endloop
  endfacet
  facet normal -0.7071067811865266 -0.7071067811865684 2.2733762182319874e-19
    outer loop
      vertex 10.165000000000003 9.795 7.9280000000000115
      vertex 10.135000000000002 9.825 9.582666666666682
      vertex 10.135000000000002 9.825 7.9280000000000115
    endloop
  endfacet
  facet normal -0.7071067811865684 -0.7071067811865266 2.2733762182319874e-19
    outer loop
      vertex 10.195000000000002 9.764999999999999 7.9280000000000115
      vertex 10.165000000000003 9.795 9.582666666666682
      vertex 10.165000000000003 9.795 7.9280000000000115
    endloop
  endfacet
  facet normal -0.7071067811865476 -0.7071067811865476 -5.139807101913979e-19
    outer loop
      vertex 10.105000000000002 9.855 7.9280000000000115
      vertex 10.075000000000003 9.885 9.582666666666682
      vertex 10.075000000000003 9.885 7.9280000000000115
    endloop
  endfacet
  facet normal -0.7071067811865684 -0.7071067811865266 2.2733762182319874e-19
    outer loop
      vertex 10.135000000000002 9.825 7.9280000000000115
      vertex 10.105000000000002 9.855 9.582666666666682
      vertex 10.105000000000002 9.855 7.9280000000000115
    endloop
  endfacet
  facet normal -0.7071067811865476 -0.7071067811865476 0
    outer loop
      vertex 10.225000000000001 9.735 7.9280000000000115
      vertex 10.225000000000001 9.735 9.582666666666682
      vertex 10.195000000000002 9.764999999999999 9.582666666666682
    endloop
  endfacet
  facet normal -0.7071067811865476 -0.7071067811865476 0
    outer loop
      vertex 10.315000000000001 9.645 7.9280000000000115
      vertex 10.315000000000001 9.645 9.582666666666682
      vertex 10.285000000000002 9.674999999999999 9.582666666666682
    endloop
  endfacet
  facet normal -0.7071067811865684 -0.7071067811865266 0
    outer loop
      vertex 10.375000000000002 9.584999999999999 7.9280000000000115
      vertex 10.375000000000002 9.584999999999999 9.582666666666682
      vertex 10.345000000000002 9.615 9.582666666666682
    endloop
  endfacet
  facet normal -0.7071067811865266 -0.7071067811865684 0
    outer loop
      vertex 10.345000000000002 9.615 7.9280000000000115
      vertex 10.345000000000002 9.615 9.582666666666682
      vertex 10.315000000000001 9.645 9.582666666666682
    endloop
  endfacet
  facet normal -0.7071067811865684 -0.7071067811865266 0
    outer loop
      vertex 10.285000000000002 9.674999999999999 7.9280000000000115
      vertex 10.285000000000002 9.674999999999999 9.582666666666682
      vertex 10.255000000000003 9.705 9.582666666666682
    endloop
  endfacet
  facet normal -0.7071067811865266 -0.7071067811865684 0
    outer loop
      vertex 10.255000000000003 9.705 7.9280000000000115
      vertex 10.255000000000003 9.705 9.582666666666682
      vertex 10.225000000000001 9.735 9.582666666666682
    endloop
  endfacet
  facet normal -0.7071067811865684 -0.7071067811865266 0
    outer loop
      vertex 10.135000000000002 9.825 7.9280000000000115
      vertex 10.135000000000002 9.825 9.582666666666682
      vertex 10.105000000000002 9.855 9.582666666666682
    endloop
  endfacet
  facet normal -0.7071067811865684 -0.7071067811865266 0
    outer loop
      vertex 10.195000000000002 9.764999999999999 7.9280000000000115
      vertex 10.195000000000002 9.764999999999999 9.582666666666682
      vertex 10.165000000000003 9.795 9.582666666666682
    endloop
  endfacet
  facet normal -0.7071067811865266 -0.7071067811865684 0
    outer loop
      vertex 10.165000000000003 9.795 7.9280000000000115
      vertex 10.165000000000003 9.795 9.582666666666682
      vertex 10.135000000000002 9.825 9.582666666666682
    endloop
  endfacet
  facet normal -0.7071067811865476 -0.7071067811865476 0
    outer loop
      vertex 10.105000000000002 9.855 7.9280000000000115
      vertex 10.105000000000002 9.855 9.582666666666682
      vertex 10.075000000000003 9.885 9.582666666666682
    endloop
  endfacet
  facet normal -0.7071067811865266 -0.7071067811865684 0
    outer loop
      vertex 10.075000000000003 9.885 7.9280000000000115
      vertex 10.075000000000003 9.885 9.582666666666682
      vertex 10.045000000000002 9.915 9.582666666666682
    endloop
  endfacet
  facet normal -0.7071067811865266 -0.7071067811865686 0
    outer loop
      vertex 10.045000000000002 9.915 9.582666666666682
      vertex 10.075000000000003 9.885 9.582666666666682
      vertex 10.045000000000002 9.915 11.23733333333334
    endloop
  endfacet
  facet normal -0.7071067811865266 -0.7071067811865684 0
    outer loop
      vertex 9.895000000000003 10.065 7.9280000000000115
      vertex 9.895000000000003 10.065 9.582666666666682
      vertex 9.865000000000002 10.094999999999999 12
    endloop
  endfacet
  facet normal -0.7071067811865266 -0.7071067811865686 2.273376218232007e-19
    outer loop
      vertex 9.985000000000003 9.975 9.582666666666682
      vertex 9.955000000000002 10.004999999999999 11.23733333333334
      vertex 9.955000000000002 10.004999999999999 9.582666666666682
    endloop
  endfacet
  facet normal -0.7071067811865476 -0.7071067811865476 0
    outer loop
      vertex 9.985000000000003 9.975 9.582666666666682
      vertex 10.015000000000002 9.945 9.582666666666682
      vertex 9.985000000000003 9.975 11.23733333333334
    endloop
  endfacet
  facet normal -0.7071067811865686 -0.7071067811865266 2.273376218232007e-19
    outer loop
      vertex 10.045000000000002 9.915 9.582666666666682
      vertex 10.015000000000002 9.945 11.23733333333334
      vertex 10.015000000000002 9.945 9.582666666666682
    endloop
  endfacet
  facet normal -0.7071067811865476 -0.7071067811865476 -5.139807101914023e-19
    outer loop
      vertex 9.925000000000002 10.035 9.582666666666682
      vertex 9.895000000000003 10.065 11.23733333333334
      vertex 9.895000000000003 10.065 9.582666666666682
    endloop
  endfacet
  facet normal -0.7071067811865686 -0.7071067811865266 2.273376218232007e-19
    outer loop
      vertex 9.955000000000002 10.004999999999999 9.582666666666682
      vertex 9.925000000000002 10.035 11.23733333333334
      vertex 9.925000000000002 10.035 9.582666666666682
    endloop
  endfacet
  facet normal -0.7071067811865476 -0.7071067811865476 0
    outer loop
      vertex 11.035000000000002 8.924999999999999 9.582666666666682
      vertex 11.055000000000001 8.905 7.6273891304347785
      vertex 11.035000000000002 8.924999999999999 11.23733333333334
    endloop
  endfacet
  facet normal -0.7071067811865686 -0.7071067811865266 2.273376218232007e-19
    outer loop
      vertex 10.795000000000002 9.165 9.582666666666682
      vertex 10.765000000000002 9.195 11.23733333333334
      vertex 10.765000000000002 9.195 9.582666666666682
    endloop
  endfacet
  facet normal -0.7071067811865266 -0.7071067811865686 0
    outer loop
      vertex 10.705000000000002 9.254999999999999 9.582666666666682
      vertex 10.735000000000003 9.225 9.582666666666682
      vertex 10.705000000000002 9.254999999999999 11.23733333333334
    endloop
  endfacet
  facet normal -0.7071067811865476 -0.7071067811865476 -5.139807101914023e-19
    outer loop
      vertex 10.765000000000002 9.195 9.582666666666682
      vertex 10.735000000000003 9.225 11.23733333333334
      vertex 10.735000000000003 9.225 9.582666666666682
    endloop
  endfacet
  facet normal -0.7071067811865266 -0.7071067811865686 2.273376218232007e-19
    outer loop
      vertex 10.435000000000002 9.525 9.582666666666682
      vertex 10.405000000000001 9.555 11.23733333333334
      vertex 10.405000000000001 9.555 9.582666666666682
    endloop
  endfacet
  facet normal -0.7071067811865476 -0.7071067811865476 0
    outer loop
      vertex 10.375000000000002 9.584999999999999 9.582666666666682
      vertex 10.405000000000001 9.555 9.582666666666682
      vertex 10.375000000000002 9.584999999999999 11.23733333333334
    endloop
  endfacet
  facet normal -0.7071067811865686 -0.7071067811865266 0
    outer loop
      vertex 10.585000000000003 9.375 9.582666666666682
      vertex 10.615000000000002 9.344999999999999 9.582666666666682
      vertex 10.585000000000003 9.375 11.23733333333334
    endloop
  endfacet
  facet normal -0.7071067811865266 -0.7071067811865686 2.273376218232007e-19
    outer loop
      vertex 10.585000000000003 9.375 9.582666666666682
      vertex 10.555000000000001 9.405 11.23733333333334
      vertex 10.555000000000001 9.405 9.582666666666682
    endloop
  endfacet
  facet normal -0.7071067811865686 -0.7071067811865266 2.273376218232007e-19
    outer loop
      vertex 10.705000000000002 9.254999999999999 9.582666666666682
      vertex 10.675000000000002 9.285 11.23733333333334
      vertex 10.675000000000002 9.285 9.582666666666682
    endloop
  endfacet
  facet normal -0.7071067811865476 -0.7071067811865476 -5.139807101914023e-19
    outer loop
      vertex 10.675000000000002 9.285 9.582666666666682
      vertex 10.645000000000003 9.315 11.23733333333334
      vertex 10.645000000000003 9.315 9.582666666666682
    endloop
  endfacet
  facet normal -0.7071067811865266 -0.7071067811865686 2.273376218232007e-19
    outer loop
      vertex 10.645000000000003 9.315 9.582666666666682
      vertex 10.615000000000002 9.344999999999999 11.23733333333334
      vertex 10.615000000000002 9.344999999999999 9.582666666666682
    endloop
  endfacet
  facet normal -0.7071067811865686 -0.7071067811865266 2.273376218232007e-19
    outer loop
      vertex 10.525000000000002 9.434999999999999 9.582666666666682
      vertex 10.495000000000003 9.465 11.23733333333334
      vertex 10.495000000000003 9.465 9.582666666666682
    endloop
  endfacet
  facet normal -0.7071067811865476 -0.7071067811865476 0
    outer loop
      vertex 10.465000000000003 9.495 9.582666666666682
      vertex 10.495000000000003 9.465 9.582666666666682
      vertex 10.465000000000003 9.495 11.23733333333334
    endloop
  endfacet
  facet normal -0.7071067811865476 -0.7071067811865476 0
    outer loop
      vertex 10.525000000000002 9.434999999999999 9.582666666666682
      vertex 10.555000000000001 9.405 9.582666666666682
      vertex 10.525000000000002 9.434999999999999 11.23733333333334
    endloop
  endfacet
  facet normal -0.7071067811865476 -0.7071067811865476 -5.757572378704894e-19
    outer loop
      vertex 10.465000000000003 9.495 9.582666666666682
      vertex 10.435000000000002 9.525 11.23733333333334
      vertex 10.435000000000002 9.525 9.582666666666682
    endloop
  endfacet
  facet normal -0.7071067811865476 -0.7071067811865476 0
    outer loop
      vertex 10.945000000000002 9.014999999999999 9.582666666666682
      vertex 10.975000000000001 8.985 9.582666666666682
      vertex 10.945000000000002 9.014999999999999 11.23733333333334
    endloop
  endfacet
  facet normal -0.7071067811865266 -0.7071067811865686 2.273376218232007e-19
    outer loop
      vertex 10.915000000000003 9.045 9.582666666666682
      vertex 10.885000000000002 9.075 11.23733333333334
      vertex 10.885000000000002 9.075 9.582666666666682
    endloop
  endfacet
  facet normal -0.7071067811865686 -0.7071067811865266 2.273376218232007e-19
    outer loop
      vertex 10.945000000000002 9.014999999999999 9.582666666666682
      vertex 10.915000000000003 9.045 11.23733333333334
      vertex 10.915000000000003 9.045 9.582666666666682
    endloop
  endfacet
  facet normal -0.7071067811865686 -0.7071067811865266 2.273376218232007e-19
    outer loop
      vertex 11.035000000000002 8.924999999999999 9.582666666666682
      vertex 11.005000000000003 8.955 11.23733333333334
      vertex 11.005000000000003 8.955 9.582666666666682
    endloop
  endfacet
  facet normal -0.7071067811865266 -0.7071067811865686 2.273376218232007e-19
    outer loop
      vertex 11.005000000000003 8.955 9.582666666666682
      vertex 10.975000000000001 8.985 11.23733333333334
      vertex 10.975000000000001 8.985 9.582666666666682
    endloop
  endfacet
  facet normal -0.7071067811865475 -0.7071067811865475 -3.226058722104526e-20
    outer loop
      vertex 11.035000000000002 8.924999999999999 11.23733333333334
      vertex 11.055000000000001 8.905 7.6273891304347785
      vertex 11.055000000000001 8.905 12
    endloop
  endfacet
  facet normal -0.7071067811865686 -0.7071067811865266 0
    outer loop
      vertex 10.855000000000002 9.105 9.582666666666682
      vertex 10.885000000000002 9.075 9.582666666666682
      vertex 10.855000000000002 9.105 11.23733333333334
    endloop
  endfacet
  facet normal -0.7071067811865266 -0.7071067811865686 0
    outer loop
      vertex 10.795000000000002 9.165 9.582666666666682
      vertex 10.825000000000003 9.135 9.582666666666682
      vertex 10.795000000000002 9.165 11.23733333333334
    endloop
  endfacet
  facet normal -0.7071067811865476 -0.7071067811865476 0
    outer loop
      vertex 10.825000000000003 9.135 9.582666666666682
      vertex 10.855000000000002 9.105 9.582666666666682
      vertex 10.825000000000003 9.135 11.23733333333334
    endloop
  endfacet
  facet normal -0.7071067811865266 -0.7071067811865686 2.273376218232007e-19
    outer loop
      vertex 10.255000000000003 9.705 9.582666666666682
      vertex 10.225000000000001 9.735 11.23733333333334
      vertex 10.225000000000001 9.735 9.582666666666682
    endloop
  endfacet
  facet normal -0.7071067811865476 -0.7071067811865476 0
    outer loop
      vertex 10.195000000000002 9.764999999999999 9.582666666666682
      vertex 10.225000000000001 9.735 9.582666666666682
      vertex 10.195000000000002 9.764999999999999 11.23733333333334
    endloop
  endfacet
  facet normal -0.7071067811865266 -0.7071067811865686 2.273376218232007e-19
    outer loop
      vertex 10.345000000000002 9.615 9.582666666666682
      vertex 10.315000000000001 9.645 11.23733333333334
      vertex 10.315000000000001 9.645 9.582666666666682
    endloop
  endfacet
  facet normal -0.7071067811865476 -0.7071067811865476 -5.139807101914023e-19
    outer loop
      vertex 10.315000000000001 9.645 9.582666666666682
      vertex 10.285000000000002 9.674999999999999 11.23733333333334
      vertex 10.285000000000002 9.674999999999999 9.582666666666682
    endloop
  endfacet
  facet normal -0.7071067811865686 -0.7071067811865266 2.273376218232007e-19
    outer loop
      vertex 10.375000000000002 9.584999999999999 9.582666666666682
      vertex 10.345000000000002 9.615 11.23733333333334
      vertex 10.345000000000002 9.615 9.582666666666682
    endloop
  endfacet
  facet normal -0.7071067811865686 -0.7071067811865266 2.273376218232007e-19
    outer loop
      vertex 10.285000000000002 9.674999999999999 9.582666666666682
      vertex 10.255000000000003 9.705 11.23733333333334
      vertex 10.255000000000003 9.705 9.582666666666682
    endloop
  endfacet
  facet normal -0.7071067811865266 -0.7071067811865686 2.273376218232007e-19
    outer loop
      vertex 10.165000000000003 9.795 9.582666666666682
      vertex 10.135000000000002 9.825 11.23733333333334
      vertex 10.135000000000002 9.825 9.582666666666682
    endloop
  endfacet
  facet normal -0.7071067811865686 -0.7071067811865266 2.273376218232007e-19
    outer loop
      vertex 10.195000000000002 9.764999999999999 9.582666666666682
      vertex 10.165000000000003 9.795 11.23733333333334
      vertex 10.165000000000003 9.795 9.582666666666682
    endloop
  endfacet
  facet normal -0.7071067811865476 -0.7071067811865476 -5.139807101914023e-19
    outer loop
      vertex 10.105000000000002 9.855 9.582666666666682
      vertex 10.075000000000003 9.885 11.23733333333334
      vertex 10.075000000000003 9.885 9.582666666666682
    endloop
  endfacet
  facet normal -0.7071067811865686 -0.7071067811865266 2.273376218232007e-19
    outer loop
      vertex 10.135000000000002 9.825 9.582666666666682
      vertex 10.105000000000002 9.855 11.23733333333334
      vertex 10.105000000000002 9.855 9.582666666666682
    endloop
  endfacet
  facet normal 0.7071067811865686 -0.7071067811865266 0
    outer loop
      vertex 2.7250000000000014 8.955 9.582666666666682
      vertex 2.7250000000000014 8.955 11.23733333333334
      vertex 2.695000000000002 8.924999999999999 11.23733333333334
    endloop
  endfacet
  facet normal 0.7071067811865371 -0.707106781186558 0
    outer loop
      vertex 2.7550000000000017 8.985 9.582666666666682
      vertex 2.7550000000000017 8.985 11.23733333333334
      vertex 2.7250000000000014 8.955 11.23733333333334
    endloop
  endfacet
  facet normal 0.7071067811865371 -0.707106781186558 0
    outer loop
      vertex 2.785000000000002 9.014999999999999 9.582666666666682
      vertex 2.785000000000002 9.014999999999999 11.23733333333334
      vertex 2.7550000000000017 8.985 11.23733333333334
    endloop
  endfacet
  facet normal 0.707106781186558 -0.707106781186537 0
    outer loop
      vertex 2.815000000000002 9.045 9.582666666666682
      vertex 2.815000000000002 9.045 11.23733333333334
      vertex 2.785000000000002 9.014999999999999 11.23733333333334
    endloop
  endfacet
  facet normal 0.7071067811865476 -0.7071067811865476 0
    outer loop
      vertex 2.8450000000000015 9.075 9.582666666666682
      vertex 2.8450000000000015 9.075 11.23733333333334
      vertex 2.815000000000002 9.045 11.23733333333334
    endloop
  endfacet
  facet normal 0.7071067811865527 -0.7071067811865422 0
    outer loop
      vertex 2.875000000000002 9.105 9.582666666666682
      vertex 2.875000000000002 9.105 11.23733333333334
      vertex 2.8450000000000015 9.075 11.23733333333334
    endloop
  endfacet
  facet normal 0.7071067811865318 -0.7071067811865632 0
    outer loop
      vertex 2.695000000000002 8.924999999999999 9.582666666666682
      vertex 2.695000000000002 8.924999999999999 11.23733333333334
      vertex 2.6750000000000016 8.905 12
    endloop
  endfacet
  facet normal 0.7071067811865422 -0.7071067811865528 0
    outer loop
      vertex 2.905000000000002 9.135 9.582666666666682
      vertex 2.905000000000002 9.135 11.23733333333334
      vertex 2.875000000000002 9.105 11.23733333333334
    endloop
  endfacet
  facet normal 0.7071067811865422 -0.7071067811865528 0
    outer loop
      vertex 2.935000000000002 9.165 9.582666666666682
      vertex 2.935000000000002 9.165 11.23733333333334
      vertex 2.905000000000002 9.135 11.23733333333334
    endloop
  endfacet
  facet normal 0.7071067811865632 -0.7071067811865318 0
    outer loop
      vertex 2.9650000000000016 9.195 9.582666666666682
      vertex 2.9650000000000016 9.195 11.23733333333334
      vertex 2.935000000000002 9.165 11.23733333333334
    endloop
  endfacet
  facet normal 0.7071067811865422 -0.7071067811865528 0
    outer loop
      vertex 2.9950000000000014 9.225 9.582666666666682
      vertex 2.9950000000000014 9.225 11.23733333333334
      vertex 2.9650000000000016 9.195 11.23733333333334
    endloop
  endfacet
  facet normal 0.7071067811865318 -0.7071067811865632 0
    outer loop
      vertex 3.025000000000002 9.254999999999999 9.582666666666682
      vertex 3.025000000000002 9.254999999999999 11.23733333333334
      vertex 2.9950000000000014 9.225 11.23733333333334
    endloop
  endfacet
  facet normal 0.7071067811865632 -0.7071067811865318 0
    outer loop
      vertex 3.055000000000002 9.285 9.582666666666682
      vertex 3.055000000000002 9.285 11.23733333333334
      vertex 3.025000000000002 9.254999999999999 11.23733333333334
    endloop
  endfacet
  facet normal 0.7071067811865422 -0.7071067811865528 0
    outer loop
      vertex 3.0850000000000017 9.315 9.582666666666682
      vertex 3.0850000000000017 9.315 11.23733333333334
      vertex 3.055000000000002 9.285 11.23733333333334
    endloop
  endfacet
  facet normal 0.7071067811865422 -0.7071067811865528 0
    outer loop
      vertex 3.1150000000000015 9.344999999999999 9.582666666666682
      vertex 3.1150000000000015 9.344999999999999 11.23733333333334
      vertex 3.0850000000000017 9.315 11.23733333333334
    endloop
  endfacet
  facet normal 0.707106781186558 -0.707106781186537 0
    outer loop
      vertex 3.145000000000002 9.375 9.582666666666682
      vertex 3.145000000000002 9.375 11.23733333333334
      vertex 3.1150000000000015 9.344999999999999 11.23733333333334
    endloop
  endfacet
  facet normal 0.7071067811865371 -0.707106781186558 0
    outer loop
      vertex 3.175000000000002 9.405 9.582666666666682
      vertex 3.175000000000002 9.405 11.23733333333334
      vertex 3.145000000000002 9.375 11.23733333333334
    endloop
  endfacet
  facet normal 0.7071067811865422 -0.7071067811865528 0
    outer loop
      vertex 3.205000000000002 9.434999999999999 9.582666666666682
      vertex 3.205000000000002 9.434999999999999 11.23733333333334
      vertex 3.175000000000002 9.405 11.23733333333334
    endloop
  endfacet
  facet normal 0.7071067811865632 -0.7071067811865318 0
    outer loop
      vertex 3.2350000000000017 9.465 9.582666666666682
      vertex 3.2350000000000017 9.465 11.23733333333334
      vertex 3.205000000000002 9.434999999999999 11.23733333333334
    endloop
  endfacet
  facet normal 0.7071067811865422 -0.7071067811865528 0
    outer loop
      vertex 3.2650000000000015 9.495 9.582666666666682
      vertex 3.2650000000000015 9.495 11.23733333333334
      vertex 3.2350000000000017 9.465 11.23733333333334
    endloop
  endfacet
  facet normal 0.7071067811865527 -0.7071067811865422 0
    outer loop
      vertex 3.295000000000002 9.525 9.582666666666682
      vertex 3.295000000000002 9.525 11.23733333333334
      vertex 3.2650000000000015 9.495 11.23733333333334
    endloop
  endfacet
  facet normal 0.7071067811865422 -0.7071067811865528 0
    outer loop
      vertex 3.325000000000002 9.555 9.582666666666682
      vertex 3.325000000000002 9.555 11.23733333333334
      vertex 3.295000000000002 9.525 11.23733333333334
    endloop
  endfacet
  facet normal 0.7071067811865422 -0.7071067811865528 0
    outer loop
      vertex 3.3550000000000018 9.584999999999999 9.582666666666682
      vertex 3.3550000000000018 9.584999999999999 11.23733333333334
      vertex 3.325000000000002 9.555 11.23733333333334
    endloop
  endfacet
  facet normal 0.7071067811865683 -0.7071067811865266 -6.412537582786886e-14
    outer loop
      vertex 2.695000000000002 8.924999999999999 11.23733333333334
      vertex 2.7250000000000014 8.955 11.23733333333334
      vertex 3.865000000000002 10.094999999999999 12
    endloop
  endfacet
  facet normal 0.707106781186537 -0.7071067811865579 2.9691765953815786e-14
    outer loop
      vertex 2.7250000000000014 8.955 11.23733333333334
      vertex 2.7550000000000017 8.985 11.23733333333334
      vertex 3.865000000000002 10.094999999999999 12
    endloop
  endfacet
  facet normal 0.707106781186537 -0.7071067811865579 2.956412731862559e-14
    outer loop
      vertex 2.7550000000000017 8.985 11.23733333333334
      vertex 2.785000000000002 9.014999999999999 11.23733333333334
      vertex 3.865000000000002 10.094999999999999 12
    endloop
  endfacet
  facet normal 0.7071067811865579 -0.707106781186537 -2.9750781666859847e-14
    outer loop
      vertex 2.785000000000002 9.014999999999999 11.23733333333334
      vertex 2.815000000000002 9.045 11.23733333333334
      vertex 3.865000000000002 10.094999999999999 12
    endloop
  endfacet
  facet normal 0.7071067811865475 -0.7071067811865475 -7.308341208471243e-16
    outer loop
      vertex 2.815000000000002 9.045 11.23733333333334
      vertex 2.8450000000000015 9.075 11.23733333333334
      vertex 3.865000000000002 10.094999999999999 12
    endloop
  endfacet
  facet normal 0.7071067811865528 -0.7071067811865424 -1.4866126738940213e-14
    outer loop
      vertex 2.8450000000000015 9.075 11.23733333333334
      vertex 2.875000000000002 9.105 11.23733333333334
      vertex 3.865000000000002 10.094999999999999 12
    endloop
  endfacet
  facet normal 0.7071067811865424 -0.7071067811865528 1.2386780561832218e-14
    outer loop
      vertex 2.875000000000002 9.105 11.23733333333334
      vertex 2.905000000000002 9.135 11.23733333333334
      vertex 3.865000000000002 10.094999999999999 12
    endloop
  endfacet
  facet normal 0.7071067811865424 -0.7071067811865528 1.2349209511957678e-14
    outer loop
      vertex 2.905000000000002 9.135 11.23733333333334
      vertex 2.935000000000002 9.165 11.23733333333334
      vertex 3.865000000000002 10.094999999999999 12
    endloop
  endfacet
  facet normal 0.7071067811865632 -0.7071067811865318 -3.87266598834613e-14
    outer loop
      vertex 2.935000000000002 9.165 11.23733333333334
      vertex 2.9650000000000016 9.195 11.23733333333334
      vertex 3.865000000000002 10.094999999999999 12
    endloop
  endfacet
  facet normal 0.7071067811865424 -0.7071067811865528 1.0734340596574083e-14
    outer loop
      vertex 2.9650000000000016 9.195 11.23733333333334
      vertex 2.9950000000000014 9.225 11.23733333333334
      vertex 3.865000000000002 10.094999999999999 12
    endloop
  endfacet
  facet normal 0.7071067811865319 -0.7071067811865633 3.4577546453253446e-14
    outer loop
      vertex 2.9950000000000014 9.225 11.23733333333334
      vertex 3.025000000000002 9.254999999999999 11.23733333333334
      vertex 3.865000000000002 10.094999999999999 12
    endloop
  endfacet
  facet normal 0.7071067811865632 -0.7071067811865318 -3.4589040792712285e-14
    outer loop
      vertex 3.025000000000002 9.254999999999999 11.23733333333334
      vertex 3.055000000000002 9.285 11.23733333333334
      vertex 3.865000000000002 10.094999999999999 12
    endloop
  endfacet
  facet normal 0.7071067811865424 -0.7071067811865528 9.832463842279853e-15
    outer loop
      vertex 3.055000000000002 9.285 11.23733333333334
      vertex 3.0850000000000017 9.315 11.23733333333334
      vertex 3.865000000000002 10.094999999999999 12
    endloop
  endfacet
  facet normal 0.7071067811865424 -0.7071067811865528 9.902116108257299e-15
    outer loop
      vertex 3.0850000000000017 9.315 11.23733333333334
      vertex 3.1150000000000015 9.344999999999999 11.23733333333334
      vertex 3.865000000000002 10.094999999999999 12
    endloop
  endfacet
  facet normal 0.707106781186558 -0.707106781186537 0
    outer loop
      vertex 3.385000000000002 9.615 9.582666666666682
      vertex 3.385000000000002 9.615 11.23733333333334
      vertex 3.3550000000000018 9.584999999999999 11.23733333333334
    endloop
  endfacet
  facet normal 0.7071067811865422 -0.7071067811865528 0
    outer loop
      vertex 3.415000000000002 9.645 9.582666666666682
      vertex 3.415000000000002 9.645 11.23733333333334
      vertex 3.385000000000002 9.615 11.23733333333334
    endloop
  endfacet
  facet normal 0.7071067811865371 -0.707106781186558 0
    outer loop
      vertex 3.445000000000002 9.674999999999999 9.582666666666682
      vertex 3.445000000000002 9.674999999999999 11.23733333333334
      vertex 3.415000000000002 9.645 11.23733333333334
    endloop
  endfacet
  facet normal 0.7071067811865632 -0.7071067811865318 0
    outer loop
      vertex 3.475000000000002 9.705 9.582666666666682
      vertex 3.475000000000002 9.705 11.23733333333334
      vertex 3.445000000000002 9.674999999999999 11.23733333333334
    endloop
  endfacet
  facet normal 0.7071067811865422 -0.7071067811865528 0
    outer loop
      vertex 3.5050000000000017 9.735 9.582666666666682
      vertex 3.5050000000000017 9.735 11.23733333333334
      vertex 3.475000000000002 9.705 11.23733333333334
    endloop
  endfacet
  facet normal 0.7071067811865422 -0.7071067811865528 0
    outer loop
      vertex 3.5350000000000015 9.764999999999999 9.582666666666682
      vertex 3.5350000000000015 9.764999999999999 11.23733333333334
      vertex 3.5050000000000017 9.735 11.23733333333334
    endloop
  endfacet
  facet normal 0.707106781186558 -0.707106781186537 0
    outer loop
      vertex 3.5650000000000017 9.795 9.582666666666682
      vertex 3.5650000000000017 9.795 11.23733333333334
      vertex 3.5350000000000015 9.764999999999999 11.23733333333334
    endloop
  endfacet
  facet normal 0.7071067811865371 -0.707106781186558 0
    outer loop
      vertex 3.595000000000002 9.825 9.582666666666682
      vertex 3.595000000000002 9.825 11.23733333333334
      vertex 3.5650000000000017 9.795 11.23733333333334
    endloop
  endfacet
  facet normal 0.7071067811865632 -0.7071067811865318 0
    outer loop
      vertex 3.6250000000000018 9.855 9.582666666666682
      vertex 3.6250000000000018 9.855 11.23733333333334
      vertex 3.595000000000002 9.825 11.23733333333334
    endloop
  endfacet
  facet normal 0.7071067811865371 -0.707106781186558 0
    outer loop
      vertex 3.655000000000002 9.885 9.582666666666682
      vertex 3.655000000000002 9.885 11.23733333333334
      vertex 3.6250000000000018 9.855 11.23733333333334
    endloop
  endfacet
  facet normal 0.7071067811865422 -0.7071067811865528 0
    outer loop
      vertex 3.685000000000002 9.915 9.582666666666682
      vertex 3.685000000000002 9.915 11.23733333333334
      vertex 3.655000000000002 9.885 11.23733333333334
    endloop
  endfacet
  facet normal 0.7071067811865632 -0.7071067811865318 0
    outer loop
      vertex 3.7150000000000016 9.945 9.582666666666682
      vertex 3.7150000000000016 9.945 11.23733333333334
      vertex 3.685000000000002 9.915 11.23733333333334
    endloop
  endfacet
  facet normal 0.7071067811865371 -0.707106781186558 0
    outer loop
      vertex 3.745000000000002 9.975 9.582666666666682
      vertex 3.745000000000002 9.975 11.23733333333334
      vertex 3.7150000000000016 9.945 11.23733333333334
    endloop
  endfacet
  facet normal 0.7071067811865422 -0.7071067811865528 0
    outer loop
      vertex 3.7750000000000017 10.004999999999999 9.582666666666682
      vertex 3.7750000000000017 10.004999999999999 11.23733333333334
      vertex 3.745000000000002 9.975 11.23733333333334
    endloop
  endfacet
  facet normal 0.7071067811865632 -0.7071067811865318 0
    outer loop
      vertex 3.8050000000000015 10.035 9.582666666666682
      vertex 3.8050000000000015 10.035 11.23733333333334
      vertex 3.7750000000000017 10.004999999999999 11.23733333333334
    endloop
  endfacet
  facet normal 0.7071067811865371 -0.707106781186558 0
    outer loop
      vertex 3.8350000000000017 10.065 9.582666666666682
      vertex 3.8350000000000017 10.065 11.23733333333334
      vertex 3.8050000000000015 10.035 11.23733333333334
    endloop
  endfacet
  facet normal 0.7071067811865371 -0.707106781186558 0
    outer loop
      vertex 3.8350000000000017 10.065 9.582666666666682
      vertex 3.865000000000002 10.094999999999999 12
      vertex 3.8350000000000017 10.065 11.23733333333334
    endloop
  endfacet
  facet normal 0.7071067811865579 -0.707106781186537 -2.1015769906988578e-14
    outer loop
      vertex 3.1150000000000015 9.344999999999999 11.23733333333334
      vertex 3.145000000000002 9.375 11.23733333333334
      vertex 3.865000000000002 10.094999999999999 12
    endloop
  endfacet
  facet normal 0.707106781186537 -0.7071067811865579 1.8490617929348587e-14
    outer loop
      vertex 3.145000000000002 9.375 11.23733333333334
      vertex 3.175000000000002 9.405 11.23733333333334
      vertex 3.865000000000002 10.094999999999999 12
    endloop
  endfacet
  facet normal 0.7071067811865424 -0.7071067811865528 9.107462669815056e-15
    outer loop
      vertex 3.175000000000002 9.405 11.23733333333334
      vertex 3.205000000000002 9.434999999999999 11.23733333333334
      vertex 3.865000000000002 10.094999999999999 12
    endloop
  endfacet
  facet normal 0.7071067811865632 -0.7071067811865318 -2.7171589138030123e-14
    outer loop
      vertex 3.205000000000002 9.434999999999999 11.23733333333334
      vertex 3.2350000000000017 9.465 11.23733333333334
      vertex 3.865000000000002 10.094999999999999 12
    endloop
  endfacet
  facet normal 0.7071067811865424 -0.7071067811865528 7.385370438579474e-15
    outer loop
      vertex 3.2350000000000017 9.465 11.23733333333334
      vertex 3.2650000000000015 9.495 11.23733333333334
      vertex 3.865000000000002 10.094999999999999 12
    endloop
  endfacet
  facet normal 0.7071067811865528 -0.7071067811865424 -9.100257262989404e-15
    outer loop
      vertex 3.2650000000000015 9.495 11.23733333333334
      vertex 3.295000000000002 9.525 11.23733333333334
      vertex 3.865000000000002 10.094999999999999 12
    endloop
  endfacet
  facet normal 0.7071067811865424 -0.7071067811865528 6.6282880500117704e-15
    outer loop
      vertex 3.295000000000002 9.525 11.23733333333334
      vertex 3.325000000000002 9.555 11.23733333333334
      vertex 3.865000000000002 10.094999999999999 12
    endloop
  endfacet
  facet normal 0.7071067811865424 -0.7071067811865528 6.590717000137231e-15
    outer loop
      vertex 3.325000000000002 9.555 11.23733333333334
      vertex 3.3550000000000018 9.584999999999999 11.23733333333334
      vertex 3.865000000000002 10.094999999999999 12
    endloop
  endfacet
  facet normal 0.7071067811865579 -0.707106781186537 -1.4432601428287577e-14
    outer loop
      vertex 3.3550000000000018 9.584999999999999 11.23733333333334
      vertex 3.385000000000002 9.615 11.23733333333334
      vertex 3.865000000000002 10.094999999999999 12
    endloop
  endfacet
  facet normal 0.7071067811865424 -0.7071067811865528 5.351129690235588e-15
    outer loop
      vertex 3.385000000000002 9.615 11.23733333333334
      vertex 3.415000000000002 9.645 11.23733333333334
      vertex 3.865000000000002 10.094999999999999 12
    endloop
  endfacet
  facet normal 0.707106781186537 -0.7071067811865579 1.1543233291361368e-14
    outer loop
      vertex 3.415000000000002 9.645 11.23733333333334
      vertex 3.445000000000002 9.674999999999999 11.23733333333334
      vertex 3.865000000000002 10.094999999999999 12
    endloop
  endfacet
  facet normal 0.7071067811865632 -0.7071067811865318 -1.7294520396356143e-14
    outer loop
      vertex 3.445000000000002 9.674999999999999 11.23733333333334
      vertex 3.475000000000002 9.705 11.23733333333334
      vertex 3.865000000000002 10.094999999999999 12
    endloop
  endfacet
  facet normal 0.7071067811865424 -0.7071067811865528 4.127582988385398e-15
    outer loop
      vertex 3.475000000000002 9.705 11.23733333333334
      vertex 3.5050000000000017 9.735 11.23733333333334
      vertex 3.865000000000002 10.094999999999999 12
    endloop
  endfacet
  facet normal 0.7071067811865424 -0.7071067811865528 4.143623596436852e-15
    outer loop
      vertex 3.5050000000000017 9.735 11.23733333333334
      vertex 3.5350000000000015 9.764999999999999 11.23733333333334
      vertex 3.865000000000002 10.094999999999999 12
    endloop
  endfacet
  facet normal 0.7071067811865579 -0.707106781186537 -9.485574970835146e-15
    outer loop
      vertex 3.5350000000000015 9.764999999999999 11.23733333333334
      vertex 3.5650000000000017 9.795 11.23733333333334
      vertex 3.865000000000002 10.094999999999999 12
    endloop
  endfacet
  facet normal 0.707106781186537 -0.7071067811865579 7.021411615251424e-15
    outer loop
      vertex 3.5650000000000017 9.795 11.23733333333334
      vertex 3.595000000000002 9.825 11.23733333333334
      vertex 3.865000000000002 10.094999999999999 12
    endloop
  endfacet
  facet normal 0.7071067811865632 -0.7071067811865318 -1.1555070745431176e-14
    outer loop
      vertex 3.595000000000002 9.825 11.23733333333334
      vertex 3.6250000000000018 9.855 11.23733333333334
      vertex 3.865000000000002 10.094999999999999 12
    endloop
  endfacet
  facet normal 0.707106781186537 -0.7071067811865579 4.931543410643537e-15
    outer loop
      vertex 3.6250000000000018 9.855 11.23733333333334
      vertex 3.655000000000002 9.885 11.23733333333334
      vertex 3.865000000000002 10.094999999999999 12
    endloop
  endfacet
  facet normal 0.7071067811865424 -0.7071067811865528 2.0557711901669727e-15
    outer loop
      vertex 3.655000000000002 9.885 11.23733333333334
      vertex 3.685000000000002 9.915 11.23733333333334
      vertex 3.865000000000002 10.094999999999999 12
    endloop
  endfacet
  facet normal 0.7071067811865632 -0.7071067811865318 -7.819539089127098e-15
    outer loop
      vertex 3.685000000000002 9.915 11.23733333333334
      vertex 3.7150000000000016 9.945 11.23733333333334
      vertex 3.865000000000002 10.094999999999999 12
    endloop
  endfacet
  facet normal 0.707106781186537 -0.7071067811865579 2.4727841101784837e-15
    outer loop
      vertex 3.7150000000000016 9.945 11.23733333333334
      vertex 3.745000000000002 9.975 11.23733333333334
      vertex 3.865000000000002 10.094999999999999 12
    endloop
  endfacet
  facet normal 0.7071067811865424 -0.7071067811865528 8.188215738352849e-16
    outer loop
      vertex 3.745000000000002 9.975 11.23733333333334
      vertex 3.7750000000000017 10.004999999999999 11.23733333333334
      vertex 3.865000000000002 10.094999999999999 12
    endloop
  endfacet
  facet normal 0.7071067811865632 -0.7071067811865318 -4.110813261786018e-15
    outer loop
      vertex 3.7750000000000017 10.004999999999999 11.23733333333334
      vertex 3.8050000000000015 10.035 11.23733333333334
      vertex 3.865000000000002 10.094999999999999 12
    endloop
  endfacet
  facet normal 0.707106781186537 -0.7071067811865579 6.218952319316872e-19
    outer loop
      vertex 3.8050000000000015 10.035 11.23733333333334
      vertex 3.8350000000000017 10.065 11.23733333333334
      vertex 3.865000000000002 10.094999999999999 12
    endloop
  endfacet
  facet normal 0.7071067811865472 -0.7071067811865478 8.0922860110796e-16
    outer loop
      vertex 2.695000000000002 8.924999999999999 11.23733333333334
      vertex 3.865000000000002 10.094999999999999 12
      vertex 2.6750000000000016 8.905 12
    endloop
  endfacet
  facet normal -0.7071067811865686 -0.7071067811865266 0
    outer loop
      vertex 10.045000000000002 9.915 9.582666666666682
      vertex 10.045000000000002 9.915 11.23733333333334
      vertex 10.015000000000002 9.945 11.23733333333334
    endloop
  endfacet
  facet normal -0.7071067811865476 -0.7071067811865476 0
    outer loop
      vertex 10.015000000000002 9.945 9.582666666666682
      vertex 10.015000000000002 9.945 11.23733333333334
      vertex 9.985000000000003 9.975 11.23733333333334
    endloop
  endfacet
  facet normal -0.7071067811865266 -0.7071067811865686 0
    outer loop
      vertex 9.985000000000003 9.975 9.582666666666682
      vertex 9.985000000000003 9.975 11.23733333333334
      vertex 9.955000000000002 10.004999999999999 11.23733333333334
    endloop
  endfacet
  facet normal -0.7071067811865476 -0.7071067811865476 0
    outer loop
      vertex 9.925000000000002 10.035 9.582666666666682
      vertex 9.925000000000002 10.035 11.23733333333334
      vertex 9.895000000000003 10.065 11.23733333333334
    endloop
  endfacet
  facet normal -0.7071067811865686 -0.7071067811865266 0
    outer loop
      vertex 9.955000000000002 10.004999999999999 9.582666666666682
      vertex 9.955000000000002 10.004999999999999 11.23733333333334
      vertex 9.925000000000002 10.035 11.23733333333334
    endloop
  endfacet
  facet normal -0.7071067811865266 -0.7071067811865686 0
    outer loop
      vertex 9.895000000000003 10.065 9.582666666666682
      vertex 9.895000000000003 10.065 11.23733333333334
      vertex 9.865000000000002 10.094999999999999 12
    endloop
  endfacet
  facet normal -0.7071067811865266 -0.7071067811865686 0
    outer loop
      vertex 10.735000000000003 9.225 9.582666666666682
      vertex 10.735000000000003 9.225 11.23733333333334
      vertex 10.705000000000002 9.254999999999999 11.23733333333334
    endloop
  endfacet
  facet normal -0.7071067811865476 -0.7071067811865476 0
    outer loop
      vertex 10.765000000000002 9.195 9.582666666666682
      vertex 10.765000000000002 9.195 11.23733333333334
      vertex 10.735000000000003 9.225 11.23733333333334
    endloop
  endfacet
  facet normal -0.7071067811865476 -0.7071067811865476 0
    outer loop
      vertex 10.405000000000001 9.555 9.582666666666682
      vertex 10.405000000000001 9.555 11.23733333333334
      vertex 10.375000000000002 9.584999999999999 11.23733333333334
    endloop
  endfacet
  facet normal -0.7071067811865476 -0.7071067811865476 0
    outer loop
      vertex 10.555000000000001 9.405 9.582666666666682
      vertex 10.555000000000001 9.405 11.23733333333334
      vertex 10.525000000000002 9.434999999999999 11.23733333333334
    endloop
  endfacet
  facet normal -0.7071067811865266 -0.7071067811865686 0
    outer loop
      vertex 10.585000000000003 9.375 9.582666666666682
      vertex 10.585000000000003 9.375 11.23733333333334
      vertex 10.555000000000001 9.405 11.23733333333334
    endloop
  endfacet
  facet normal -0.7071067811865266 -0.7071067811865686 0
    outer loop
      vertex 10.645000000000003 9.315 9.582666666666682
      vertex 10.645000000000003 9.315 11.23733333333334
      vertex 10.615000000000002 9.344999999999999 11.23733333333334
    endloop
  endfacet
  facet normal -0.7071067811865476 -0.7071067811865476 0
    outer loop
      vertex 10.675000000000002 9.285 9.582666666666682
      vertex 10.675000000000002 9.285 11.23733333333334
      vertex 10.645000000000003 9.315 11.23733333333334
    endloop
  endfacet
  facet normal -0.7071067811865686 -0.7071067811865266 0
    outer loop
      vertex 10.705000000000002 9.254999999999999 9.582666666666682
      vertex 10.705000000000002 9.254999999999999 11.23733333333334
      vertex 10.675000000000002 9.285 11.23733333333334
    endloop
  endfacet
  facet normal -0.7071067811865686 -0.7071067811865266 0
    outer loop
      vertex 10.615000000000002 9.344999999999999 9.582666666666682
      vertex 10.615000000000002 9.344999999999999 11.23733333333334
      vertex 10.585000000000003 9.375 11.23733333333334
    endloop
  endfacet
  facet normal -0.7071067811865476 -0.7071067811865476 0
    outer loop
      vertex 10.495000000000003 9.465 9.582666666666682
      vertex 10.495000000000003 9.465 11.23733333333334
      vertex 10.465000000000003 9.495 11.23733333333334
    endloop
  endfacet
  facet normal -0.7071067811865686 -0.7071067811865266 0
    outer loop
      vertex 10.525000000000002 9.434999999999999 9.582666666666682
      vertex 10.525000000000002 9.434999999999999 11.23733333333334
      vertex 10.495000000000003 9.465 11.23733333333334
    endloop
  endfacet
  facet normal -0.7071067811865476 -0.7071067811865476 0
    outer loop
      vertex 10.465000000000003 9.495 9.582666666666682
      vertex 10.465000000000003 9.495 11.23733333333334
      vertex 10.435000000000002 9.525 11.23733333333334
    endloop
  endfacet
  facet normal -0.7071067811865266 -0.7071067811865686 0
    outer loop
      vertex 10.435000000000002 9.525 9.582666666666682
      vertex 10.435000000000002 9.525 11.23733333333334
      vertex 10.405000000000001 9.555 11.23733333333334
    endloop
  endfacet
  facet normal -0.7071067811865686 -0.7071067811865266 0
    outer loop
      vertex 10.945000000000002 9.014999999999999 9.582666666666682
      vertex 10.945000000000002 9.014999999999999 11.23733333333334
      vertex 10.915000000000003 9.045 11.23733333333334
    endloop
  endfacet
  facet normal -0.7071067811865266 -0.7071067811865686 0
    outer loop
      vertex 10.915000000000003 9.045 9.582666666666682
      vertex 10.915000000000003 9.045 11.23733333333334
      vertex 10.885000000000002 9.075 11.23733333333334
    endloop
  endfacet
  facet normal -0.7071067811865686 -0.7071067811865266 0
    outer loop
      vertex 11.035000000000002 8.924999999999999 9.582666666666682
      vertex 11.035000000000002 8.924999999999999 11.23733333333334
      vertex 11.005000000000003 8.955 11.23733333333334
    endloop
  endfacet
  facet normal -0.7071067811865266 -0.7071067811865686 0
    outer loop
      vertex 11.005000000000003 8.955 9.582666666666682
      vertex 11.005000000000003 8.955 11.23733333333334
      vertex 10.975000000000001 8.985 11.23733333333334
    endloop
  endfacet
  facet normal -0.7071067811865476 -0.7071067811865476 0
    outer loop
      vertex 10.975000000000001 8.985 9.582666666666682
      vertex 10.975000000000001 8.985 11.23733333333334
      vertex 10.945000000000002 9.014999999999999 11.23733333333334
    endloop
  endfacet
  facet normal -0.7071067811865476 -0.7071067811865476 0
    outer loop
      vertex 10.855000000000002 9.105 9.582666666666682
      vertex 10.855000000000002 9.105 11.23733333333334
      vertex 10.825000000000003 9.135 11.23733333333334
    endloop
  endfacet
  facet normal -0.7071067811865266 -0.7071067811865686 0
    outer loop
      vertex 10.825000000000003 9.135 9.582666666666682
      vertex 10.825000000000003 9.135 11.23733333333334
      vertex 10.795000000000002 9.165 11.23733333333334
    endloop
  endfacet
  facet normal -0.7071067811865686 -0.7071067811865266 0
    outer loop
      vertex 10.885000000000002 9.075 9.582666666666682
      vertex 10.885000000000002 9.075 11.23733333333334
      vertex 10.855000000000002 9.105 11.23733333333334
    endloop
  endfacet
  facet normal -0.7071067811865686 -0.7071067811865266 0
    outer loop
      vertex 10.795000000000002 9.165 9.582666666666682
      vertex 10.795000000000002 9.165 11.23733333333334
      vertex 10.765000000000002 9.195 11.23733333333334
    endloop
  endfacet
  facet normal -0.7071067811865266 -0.7071067811865683 -2.4152180563638414e-14
    outer loop
      vertex 10.645000000000003 9.315 11.23733333333334
      vertex 11.055000000000001 8.905 12
      vertex 10.615000000000002 9.344999999999999 11.23733333333334
    endloop
  endfacet
  facet normal -0.7071067811865266 -0.7071067811865683 -2.7435272716373496e-14
    outer loop
      vertex 10.585000000000003 9.375 11.23733333333334
      vertex 11.055000000000001 8.905 12
      vertex 10.555000000000001 9.405 11.23733333333334
    endloop
  endfacet
  facet normal -0.7071067811865683 -0.7071067811865266 2.4179972847107292e-14
    outer loop
      vertex 10.585000000000003 9.375 11.23733333333334
      vertex 10.615000000000002 9.344999999999999 11.23733333333334
      vertex 11.055000000000001 8.905 12
    endloop
  endfacet
  facet normal -0.7071067811865475 -0.7071067811865475 -1.6666792216032766e-15
    outer loop
      vertex 10.105000000000002 9.855 11.23733333333334
      vertex 11.055000000000001 8.905 12
      vertex 10.075000000000003 9.885 11.23733333333334
    endloop
  endfacet
  facet normal -0.7071067811865266 -0.7071067811865683 -5.542982224823098e-14
    outer loop
      vertex 10.045000000000002 9.915 11.23733333333334
      vertex 10.075000000000003 9.885 11.23733333333334
      vertex 11.055000000000001 8.905 12
    endloop
  endfacet
  facet normal -0.7071067811865683 -0.7071067811865266 3.7307537853497393e-14
    outer loop
      vertex 10.375000000000002 9.584999999999999 11.23733333333334
      vertex 11.055000000000001 8.905 12
      vertex 10.345000000000002 9.615 11.23733333333334
    endloop
  endfacet
  facet normal -0.7071067811865475 -0.7071067811865475 1.7498845147040113e-17
    outer loop
      vertex 10.315000000000001 9.645 11.23733333333334
      vertex 11.055000000000001 8.905 12
      vertex 10.285000000000002 9.674999999999999 11.23733333333334
    endloop
  endfacet
  facet normal -0.7071067811865266 -0.7071067811865683 -4.0606241721020507e-14
    outer loop
      vertex 10.345000000000002 9.615 11.23733333333334
      vertex 11.055000000000001 8.905 12
      vertex 10.315000000000001 9.645 11.23733333333334
    endloop
  endfacet
  facet normal -0.7071067811865475 -0.7071067811865475 -1.5966838410151161e-15
    outer loop
      vertex 10.465000000000003 9.495 11.23733333333334
      vertex 10.495000000000003 9.465 11.23733333333334
      vertex 11.055000000000001 8.905 12
    endloop
  endfacet
  facet normal -0.7071067811865266 -0.7071067811865683 -3.566230329506454e-14
    outer loop
      vertex 10.435000000000002 9.525 11.23733333333334
      vertex 11.055000000000001 8.905 12
      vertex 10.405000000000001 9.555 11.23733333333334
    endloop
  endfacet
  facet normal -0.7071067811865475 -0.7071067811865475 -1.6500381629830318e-15
    outer loop
      vertex 10.465000000000003 9.495 11.23733333333334
      vertex 11.055000000000001 8.905 12
      vertex 10.435000000000002 9.525 11.23733333333334
    endloop
  endfacet
  facet normal -0.7071067811865475 -0.7071067811865475 5.249653544112034e-17
    outer loop
      vertex 10.525000000000002 9.434999999999999 11.23733333333334
      vertex 10.555000000000001 9.405 11.23733333333334
      vertex 11.055000000000001 8.905 12
    endloop
  endfacet
  facet normal -0.7071067811865683 -0.7071067811865266 2.9043622454153256e-14
    outer loop
      vertex 10.525000000000002 9.434999999999999 11.23733333333334
      vertex 11.055000000000001 8.905 12
      vertex 10.495000000000003 9.465 11.23733333333334
    endloop
  endfacet
  facet normal -0.7071067811865475 -0.7071067811865475 2.333179352938682e-17
    outer loop
      vertex 10.375000000000002 9.584999999999999 11.23733333333334
      vertex 10.405000000000001 9.555 11.23733333333334
      vertex 11.055000000000001 8.905 12
    endloop
  endfacet
  facet normal -0.7071067811865266 -0.7071067811865683 -4.5550180146976466e-14
    outer loop
      vertex 10.255000000000003 9.705 11.23733333333334
      vertex 11.055000000000001 8.905 12
      vertex 10.225000000000001 9.735 11.23733333333334
    endloop
  endfacet
  facet normal -0.7071067811865475 -0.7071067811865475 4.666358705877364e-17
    outer loop
      vertex 10.195000000000002 9.764999999999999 11.23733333333334
      vertex 10.225000000000001 9.735 11.23733333333334
      vertex 11.055000000000001 8.905 12
    endloop
  endfacet
  facet normal -0.7071067811865683 -0.7071067811865266 4.716590684888685e-14
    outer loop
      vertex 10.195000000000002 9.764999999999999 11.23733333333334
      vertex 11.055000000000001 8.905 12
      vertex 10.165000000000003 9.795 11.23733333333334
    endloop
  endfacet
  facet normal -0.7071067811865683 -0.7071067811865266 4.223672235119212e-14
    outer loop
      vertex 10.285000000000002 9.674999999999999 11.23733333333334
      vertex 11.055000000000001 8.905 12
      vertex 10.255000000000003 9.705 11.23733333333334
    endloop
  endfacet
  facet normal -0.7071067811865266 -0.7071067811865683 -5.049411857293243e-14
    outer loop
      vertex 10.165000000000003 9.795 11.23733333333334
      vertex 11.055000000000001 8.905 12
      vertex 10.135000000000002 9.825 11.23733333333334
    endloop
  endfacet
  facet normal -0.7071067811865683 -0.7071067811865266 5.050063775053625e-14
    outer loop
      vertex 10.135000000000002 9.825 11.23733333333334
      vertex 11.055000000000001 8.905 12
      vertex 10.105000000000002 9.855 11.23733333333334
    endloop
  endfacet
  facet normal -0.7071067811865266 -0.7071067811865683 -9.320365285770526e-15
    outer loop
      vertex 10.915000000000003 9.045 11.23733333333334
      vertex 11.055000000000001 8.905 12
      vertex 10.885000000000002 9.075 11.23733333333334
    endloop
  endfacet
  facet normal -0.7071067811865683 -0.7071067811865266 9.321351740276409e-15
    outer loop
      vertex 10.855000000000002 9.105 11.23733333333334
      vertex 10.885000000000002 9.075 11.23733333333334
      vertex 11.055000000000001 8.905 12
    endloop
  endfacet
  facet normal -0.7071067811865475 -0.7071067811865475 -1.6433474280738896e-15
    outer loop
      vertex 10.825000000000003 9.135 11.23733333333334
      vertex 10.855000000000002 9.105 11.23733333333334
      vertex 11.055000000000001 8.905 12
    endloop
  endfacet
  facet normal -0.7071067811865266 -0.7071067811865683 -1.428287479003207e-14
    outer loop
      vertex 10.795000000000002 9.165 11.23733333333334
      vertex 10.825000000000003 9.135 11.23733333333334
      vertex 11.055000000000001 8.905 12
    endloop
  endfacet
  facet normal -0.7071067811865683 -0.7071067811865266 1.0964763502339599e-15
    outer loop
      vertex 11.035000000000002 8.924999999999999 11.23733333333334
      vertex 11.055000000000001 8.905 12
      vertex 11.005000000000003 8.955 11.23733333333334
    endloop
  endfacet
  facet normal -0.7071067811865475 -0.7071067811865475 6.454843614278401e-18
    outer loop
      vertex 10.945000000000002 9.014999999999999 11.23733333333334
      vertex 10.975000000000001 8.985 11.23733333333334
      vertex 11.055000000000001 8.905 12
    endloop
  endfacet
  facet normal -0.7071067811865683 -0.7071067811865266 6.032362305169437e-15
    outer loop
      vertex 10.945000000000002 9.014999999999999 11.23733333333334
      vertex 11.055000000000001 8.905 12
      vertex 10.915000000000003 9.045 11.23733333333334
    endloop
  endfacet
  facet normal -0.7071067811865266 -0.7071067811865683 -4.3898297742960606e-15
    outer loop
      vertex 11.005000000000003 8.955 11.23733333333334
      vertex 11.055000000000001 8.905 12
      vertex 10.975000000000001 8.985 11.23733333333334
    endloop
  endfacet
  facet normal -0.7071067811865475 -0.7071067811865475 -1.6247334604419763e-15
    outer loop
      vertex 10.765000000000002 9.195 11.23733333333334
      vertex 11.055000000000001 8.905 12
      vertex 10.735000000000003 9.225 11.23733333333334
    endloop
  endfacet
  facet normal -0.7071067811865683 -0.7071067811865266 1.9238865116689796e-14
    outer loop
      vertex 10.705000000000002 9.254999999999999 11.23733333333334
      vertex 11.055000000000001 8.905 12
      vertex 10.675000000000002 9.285 11.23733333333334
    endloop
  endfacet
  facet normal -0.7071067811865266 -0.7071067811865683 -1.9238865116689796e-14
    outer loop
      vertex 10.705000000000002 9.254999999999999 11.23733333333334
      vertex 10.735000000000003 9.225 11.23733333333334
      vertex 11.055000000000001 8.905 12
    endloop
  endfacet
  facet normal -0.7071067811865683 -0.7071067811865266 1.428287479003207e-14
    outer loop
      vertex 10.795000000000002 9.165 11.23733333333334
      vertex 11.055000000000001 8.905 12
      vertex 10.765000000000002 9.195 11.23733333333334
    endloop
  endfacet
  facet normal -0.7071067811865475 -0.7071067811865475 -1.6363993572066696e-15
    outer loop
      vertex 10.675000000000002 9.285 11.23733333333334
      vertex 11.055000000000001 8.905 12
      vertex 10.645000000000003 9.315 11.23733333333334
    endloop
  endfacet
  facet normal -0.7071067811865476 -0.7071067811865476 0
    outer loop
      vertex 10.225000000000001 9.735 9.582666666666682
      vertex 10.225000000000001 9.735 11.23733333333334
      vertex 10.195000000000002 9.764999999999999 11.23733333333334
    endloop
  endfacet
  facet normal -0.7071067811865476 -0.7071067811865476 0
    outer loop
      vertex 10.315000000000001 9.645 9.582666666666682
      vertex 10.315000000000001 9.645 11.23733333333334
      vertex 10.285000000000002 9.674999999999999 11.23733333333334
    endloop
  endfacet
  facet normal -0.7071067811865686 -0.7071067811865266 0
    outer loop
      vertex 10.375000000000002 9.584999999999999 9.582666666666682
      vertex 10.375000000000002 9.584999999999999 11.23733333333334
      vertex 10.345000000000002 9.615 11.23733333333334
    endloop
  endfacet
  facet normal -0.7071067811865266 -0.7071067811865686 0
    outer loop
      vertex 10.345000000000002 9.615 9.582666666666682
      vertex 10.345000000000002 9.615 11.23733333333334
      vertex 10.315000000000001 9.645 11.23733333333334
    endloop
  endfacet
  facet normal -0.7071067811865686 -0.7071067811865266 0
    outer loop
      vertex 10.285000000000002 9.674999999999999 9.582666666666682
      vertex 10.285000000000002 9.674999999999999 11.23733333333334
      vertex 10.255000000000003 9.705 11.23733333333334
    endloop
  endfacet
  facet normal -0.7071067811865266 -0.7071067811865686 0
    outer loop
      vertex 10.255000000000003 9.705 9.582666666666682
      vertex 10.255000000000003 9.705 11.23733333333334
      vertex 10.225000000000001 9.735 11.23733333333334
    endloop
  endfacet
  facet normal -0.7071067811865686 -0.7071067811865266 0
    outer loop
      vertex 10.135000000000002 9.825 9.582666666666682
      vertex 10.135000000000002 9.825 11.23733333333334
      vertex 10.105000000000002 9.855 11.23733333333334
    endloop
  endfacet
  facet normal -0.7071067811865686 -0.7071067811865266 0
    outer loop
      vertex 10.195000000000002 9.764999999999999 9.582666666666682
      vertex 10.195000000000002 9.764999999999999 11.23733333333334
      vertex 10.165000000000003 9.795 11.23733333333334
    endloop
  endfacet
  facet normal -0.7071067811865266 -0.7071067811865686 0
    outer loop
      vertex 10.165000000000003 9.795 9.582666666666682
      vertex 10.165000000000003 9.795 11.23733333333334
      vertex 10.135000000000002 9.825 11.23733333333334
    endloop
  endfacet
  facet normal -0.7071067811865476 -0.7071067811865476 0
    outer loop
      vertex 10.105000000000002 9.855 9.582666666666682
      vertex 10.105000000000002 9.855 11.23733333333334
      vertex 10.075000000000003 9.885 11.23733333333334
    endloop
  endfacet
  facet normal -0.7071067811865266 -0.7071067811865686 0
    outer loop
      vertex 10.075000000000003 9.885 9.582666666666682
      vertex 10.075000000000003 9.885 11.23733333333334
      vertex 10.045000000000002 9.915 11.23733333333334
    endloop
  endfacet
  facet normal -0.7071067811865266 -0.7071067811865683 -6.038199542484435e-14
    outer loop
      vertex 9.985000000000003 9.975 11.23733333333334
      vertex 11.055000000000001 8.905 12
      vertex 9.955000000000002 10.004999999999999 11.23733333333334
    endloop
  endfacet
  facet normal -0.7071067811865683 -0.7071067811865266 6.03590067459257e-14
    outer loop
      vertex 9.955000000000002 10.004999999999999 11.23733333333334
      vertex 11.055000000000001 8.905 12
      vertex 9.925000000000002 10.035 11.23733333333334
    endloop
  endfacet
  facet normal -0.7071067811865475 -0.7071067811865475 -1.582787699280676e-15
    outer loop
      vertex 9.925000000000002 10.035 11.23733333333334
      vertex 11.055000000000001 8.905 12
      vertex 9.895000000000003 10.065 11.23733333333334
    endloop
  endfacet
  facet normal -0.7071067811865683 -0.7071067811865266 5.542982224823098e-14
    outer loop
      vertex 10.045000000000002 9.915 11.23733333333334
      vertex 11.055000000000001 8.905 12
      vertex 10.015000000000002 9.945 11.23733333333334
    endloop
  endfacet
  facet normal -0.7071067811865475 -0.7071067811865475 -1.7389048471611835e-15
    outer loop
      vertex 9.985000000000003 9.975 11.23733333333334
      vertex 10.015000000000002 9.945 11.23733333333334
      vertex 11.055000000000001 8.905 12
    endloop
  endfacet
  facet normal -0.7071067811865476 -0.7071067811865476 -1.6468722819529639e-15
    outer loop
      vertex 9.895000000000003 10.065 11.23733333333334
      vertex 11.055000000000001 8.905 12
      vertex 9.865000000000002 10.094999999999999 12
    endloop
  endfacet
  facet normal 0 1 0
    outer loop
      vertex 2.4650000000000016 19.73 5.099999999999994
      vertex 2.4650000000000016 19.73 6.8999999999999915
      vertex 11.265000000000002 19.73 6.8999999999999915
    endloop
  endfacet
  facet normal 0 1 0
    outer loop
      vertex 2.4650000000000016 19.73 5.099999999999994
      vertex 11.265000000000002 19.73 6.8999999999999915
      vertex 11.265000000000002 19.73 5.099999999999994
    endloop
  endfacet
  facet normal 0 0 1
    outer loop
      vertex 2.2152312673450525 20.003473635522663 5.099999999999994
      vertex 2.4650000000000016 20.0425 5.099999999999994
      vertex 2.4650000000000016 21.73 5.099999999999994
    endloop
  endfacet
  facet normal 0 0 1
    outer loop
      vertex 2.4650000000000016 19.73 5.099999999999994
      vertex 11.265000000000002 19.73 5.099999999999994
      vertex 2.4650000000000016 20.0425 5.099999999999994
    endloop
  endfacet
  facet normal 0 0 1
    outer loop
      vertex 2.4650000000000016 20.0425 5.099999999999994
      vertex 13.265000000000002 21.73 5.099999999999994
      vertex 2.4650000000000016 21.73 5.099999999999994
    endloop
  endfacet
  facet normal 0 0 1
    outer loop
      vertex 2.4650000000000016 20.0425 5.099999999999994
      vertex 11.265000000000002 19.73 5.099999999999994
      vertex 13.265000000000002 21.73 5.099999999999994
    endloop
  endfacet
  facet normal 0 0 -1
    outer loop
      vertex 2.4650000000000016 19.73 6.8999999999999915
      vertex 2.4650000000000016 21.73 6.8999999999999915
      vertex 11.514768732654952 20.003473635522663 6.8999999999999915
    endloop
  endfacet
  facet normal 0 0 -1
    outer loop
      vertex 2.4650000000000016 19.73 6.8999999999999915
      vertex 11.514768732654952 20.003473635522663 6.8999999999999915
      vertex 11.265000000000002 19.73 6.8999999999999915
    endloop
  endfacet
  facet normal 0 -1 0
    outer loop
      vertex 2.4650000000000016 21.73 5.099999999999994
      vertex 13.265000000000002 21.73 5.099999999999994
      vertex 2.4650000000000016 21.73 6.8999999999999915
    endloop
  endfacet
  facet normal 0 0 -1
    outer loop
      vertex 2.4650000000000016 21.73 6.8999999999999915
      vertex 13.265000000000002 21.73 6.8999999999999915
      vertex 11.514768732654952 20.003473635522663 6.8999999999999915
    endloop
  endfacet
  facet normal 0 0 -1
    outer loop
      vertex 11.265000000000002 19.73 6.8999999999999915
      vertex 11.514768732654952 20.003473635522663 6.8999999999999915
      vertex 11.554330922242317 19.73 6.8999999999999915
    endloop
  endfacet
  facet normal 0 -1 0
    outer loop
      vertex 2.4650000000000016 21.73 6.8999999999999915
      vertex 13.265000000000002 21.73 5.099999999999994
      vertex 13.265000000000002 21.73 6.8999999999999915
    endloop
  endfacet
  facet normal 0 0 1
    outer loop
      vertex 11.265000000000002 19.73 5.099999999999994
      vertex 13.265000000000002 19.73 5.099999999999994
      vertex 13.265000000000002 21.73 5.099999999999994
    endloop
  endfacet
  facet normal -1 0 0
    outer loop
      vertex 13.265000000000002 19.73 5.099999999999994
      vertex 13.265000000000002 19.73 6.130198915009032
      vertex 13.265000000000002 21.73 5.099999999999994
    endloop
  endfacet
  facet normal -1 0 0
    outer loop
      vertex 13.265000000000002 19.73 6.8999999999999915
      vertex 13.265000000000002 21.73 6.8999999999999915
      vertex 13.265000000000002 21.73 5.099999999999994
    endloop
  endfacet
  facet normal 0 0 -1
    outer loop
      vertex 11.514768732654952 20.003473635522663 6.8999999999999915
      vertex 13.265000000000002 21.73 6.8999999999999915
      vertex 13.265000000000002 19.73 6.8999999999999915
    endloop
  endfacet
  facet normal 0.38268343236508395 0.9238795325112892 -7.584728914799862e-19
    outer loop
      vertex -18.52532889043741 23.61320392229824 12.820000000000007
      vertex -18.77178384955723 23.715288908879774 12.820000000000007
      vertex -18.77178384955723 23.715288908879774 20.820000000000007
    endloop
  endfacet
  facet normal 0.5224985647159461 0.8526401643540937 0
    outer loop
      vertex -18.999234928897206 23.854671109562588 12.820000000000007
      vertex -18.999234928897206 23.854671109562588 20.820000000000007
      vertex -18.77178384955723 23.715288908879774 12.820000000000007
    endloop
  endfacet
  facet normal 0.07845909572784047 0.9969173337331283 1.1892857068444852e-19
    outer loop
      vertex -18 23.53 12.820000000000007
      vertex -18.265938590568393 23.550929820988266 12.820000000000007
      vertex -18.265938590568393 23.550929820988266 20.820000000000007
    endloop
  endfacet
  facet normal 0.23344536385590905 0.9723699203976757 0
    outer loop
      vertex -18.52532889043741 23.61320392229824 12.820000000000007
      vertex -18.52532889043741 23.61320392229824 20.820000000000007
      vertex -18.265938590568393 23.550929820988266 12.820000000000007
    endloop
  endfacet
  facet normal -0.07845909572784047 0.9969173337331283 0
    outer loop
      vertex -18 23.53 12.820000000000007
      vertex -18 23.53 20.820000000000007
      vertex -17.734061409431607 23.550929820988266 12.820000000000007
    endloop
  endfacet
  facet normal -0.23344536385590905 0.9723699203976757 0
    outer loop
      vertex -17.734061409431607 23.550929820988266 12.820000000000007
      vertex -17.734061409431607 23.550929820988266 20.820000000000007
      vertex -17.47467110956259 23.61320392229824 12.820000000000007
    endloop
  endfacet
  facet normal -0.38268343236508395 0.9238795325112892 0
    outer loop
      vertex -17.47467110956259 23.61320392229824 12.820000000000007
      vertex -17.47467110956259 23.61320392229824 20.820000000000007
      vertex -17.22821615044277 23.715288908879774 12.820000000000007
    endloop
  endfacet
  facet normal 0.852640164354088 0.5224985647159558 0
    outer loop
      vertex -19.514711091120226 24.45821615044277 12.820000000000007
      vertex -19.514711091120226 24.45821615044277 20.820000000000007
      vertex -19.37532889043741 24.230765071102795 12.820000000000007
    endloop
  endfacet
  facet normal 0.6494480483301854 0.7604059656000295 4.098990170548436e-19
    outer loop
      vertex -18.999234928897206 23.854671109562588 12.820000000000007
      vertex -19.202081528017132 24.02791847198287 12.820000000000007
      vertex -19.202081528017132 24.02791847198287 20.820000000000007
    endloop
  endfacet
  facet normal 0.760405965600036 0.6494480483301777 -5.356776179795295e-20
    outer loop
      vertex -19.202081528017132 24.02791847198287 12.820000000000007
      vertex -19.37532889043741 24.230765071102795 12.820000000000007
      vertex -19.37532889043741 24.230765071102795 20.820000000000007
    endloop
  endfacet
  facet normal 0.9238795325112892 0.38268343236508395 -7.584728914799862e-19
    outer loop
      vertex -19.514711091120226 24.45821615044277 12.820000000000007
      vertex -19.61679607770176 24.70467110956259 12.820000000000007
      vertex -19.61679607770176 24.70467110956259 20.820000000000007
    endloop
  endfacet
  facet normal 0.9723699203976757 0.23344536385590905 5.890865694036504e-19
    outer loop
      vertex -19.61679607770176 24.70467110956259 12.820000000000007
      vertex -19.679070179011735 24.964061409431608 12.820000000000007
      vertex -19.679070179011735 24.964061409431608 20.820000000000007
    endloop
  endfacet
  facet normal 0.9969173337331283 0.07845909572784047 1.1892857068444852e-19
    outer loop
      vertex -19.679070179011735 24.964061409431608 12.820000000000007
      vertex -19.7 25.23 12.820000000000007
      vertex -19.7 25.23 20.820000000000007
    endloop
  endfacet
  facet normal -0.5224985647159461 0.8526401643540937 0
    outer loop
      vertex -17.22821615044277 23.715288908879774 12.820000000000007
      vertex -17.22821615044277 23.715288908879774 20.820000000000007
      vertex -17.000765071102794 23.854671109562588 12.820000000000007
    endloop
  endfacet
  facet normal -0.6494480483301854 0.7604059656000295 0
    outer loop
      vertex -17.000765071102794 23.854671109562588 12.820000000000007
      vertex -17.000765071102794 23.854671109562588 20.820000000000007
      vertex -16.797918471982868 24.02791847198287 12.820000000000007
    endloop
  endfacet
  facet normal -0.760405965600036 0.6494480483301777 0
    outer loop
      vertex -16.797918471982868 24.02791847198287 12.820000000000007
      vertex -16.797918471982868 24.02791847198287 20.820000000000007
      vertex -16.62467110956259 24.230765071102795 12.820000000000007
    endloop
  endfacet
  facet normal -0.852640164354088 0.5224985647159558 0
    outer loop
      vertex -16.62467110956259 24.230765071102795 12.820000000000007
      vertex -16.62467110956259 24.230765071102795 20.820000000000007
      vertex -16.485288908879774 24.45821615044277 12.820000000000007
    endloop
  endfacet
  facet normal -0.9238795325112892 0.38268343236508395 0
    outer loop
      vertex -16.485288908879774 24.45821615044277 12.820000000000007
      vertex -16.485288908879774 24.45821615044277 20.820000000000007
      vertex -16.38320392229824 24.70467110956259 12.820000000000007
    endloop
  endfacet
  facet normal -0.9723699203976757 0.23344536385590905 0
    outer loop
      vertex -16.38320392229824 24.70467110956259 12.820000000000007
      vertex -16.38320392229824 24.70467110956259 20.820000000000007
      vertex -16.320929820988265 24.964061409431608 12.820000000000007
    endloop
  endfacet
  facet normal -0.9969173337331283 0.07845909572784047 0
    outer loop
      vertex -16.320929820988265 24.964061409431608 12.820000000000007
      vertex -16.320929820988265 24.964061409431608 20.820000000000007
      vertex -16.3 25.23 12.820000000000007
    endloop
  endfacet
  facet normal 0.5224985647159461 0.8526401643540937 0
    outer loop
      vertex -18.77178384955723 23.715288908879774 12.820000000000007
      vertex -18.999234928897206 23.854671109562588 20.820000000000007
      vertex -18.77178384955723 23.715288908879774 20.820000000000007
    endloop
  endfacet
  facet normal 0.07845909572784047 0.9969173337331283 0
    outer loop
      vertex -18 23.53 12.820000000000007
      vertex -18.265938590568393 23.550929820988266 20.820000000000007
      vertex -18 23.53 20.820000000000007
    endloop
  endfacet
  facet normal 0.38268343236508395 0.9238795325112892 0
    outer loop
      vertex -18.52532889043741 23.61320392229824 12.820000000000007
      vertex -18.77178384955723 23.715288908879774 20.820000000000007
      vertex -18.52532889043741 23.61320392229824 20.820000000000007
    endloop
  endfacet
  facet normal 0.23344536385590905 0.9723699203976757 0
    outer loop
      vertex -18.265938590568393 23.550929820988266 12.820000000000007
      vertex -18.52532889043741 23.61320392229824 20.820000000000007
      vertex -18.265938590568393 23.550929820988266 20.820000000000007
    endloop
  endfacet
  facet normal -0.07845909572784047 0.9969173337331283 0
    outer loop
      vertex -17.734061409431607 23.550929820988266 12.820000000000007
      vertex -18 23.53 20.820000000000007
      vertex -17.734061409431607 23.550929820988266 20.820000000000007
    endloop
  endfacet
  facet normal -0.23344536385590905 0.9723699203976757 0
    outer loop
      vertex -17.47467110956259 23.61320392229824 12.820000000000007
      vertex -17.734061409431607 23.550929820988266 20.820000000000007
      vertex -17.47467110956259 23.61320392229824 20.820000000000007
    endloop
  endfacet
  facet normal -0.38268343236508395 0.9238795325112892 0
    outer loop
      vertex -17.22821615044277 23.715288908879774 12.820000000000007
      vertex -17.47467110956259 23.61320392229824 20.820000000000007
      vertex -17.22821615044277 23.715288908879774 20.820000000000007
    endloop
  endfacet
  facet normal 0.852640164354088 0.5224985647159558 0
    outer loop
      vertex -19.37532889043741 24.230765071102795 12.820000000000007
      vertex -19.514711091120226 24.45821615044277 20.820000000000007
      vertex -19.37532889043741 24.230765071102795 20.820000000000007
    endloop
  endfacet
  facet normal 0.9238795325112892 0.38268343236508395 0
    outer loop
      vertex -19.514711091120226 24.45821615044277 12.820000000000007
      vertex -19.61679607770176 24.70467110956259 20.820000000000007
      vertex -19.514711091120226 24.45821615044277 20.820000000000007
    endloop
  endfacet
  facet normal 0.6494480483301854 0.7604059656000295 0
    outer loop
      vertex -18.999234928897206 23.854671109562588 12.820000000000007
      vertex -19.202081528017132 24.02791847198287 20.820000000000007
      vertex -18.999234928897206 23.854671109562588 20.820000000000007
    endloop
  endfacet
  facet normal 0.760405965600036 0.6494480483301777 0
    outer loop
      vertex -19.202081528017132 24.02791847198287 12.820000000000007
      vertex -19.37532889043741 24.230765071102795 20.820000000000007
      vertex -19.202081528017132 24.02791847198287 20.820000000000007
    endloop
  endfacet
  facet normal 0.9723699203976757 0.23344536385590905 0
    outer loop
      vertex -19.61679607770176 24.70467110956259 12.820000000000007
      vertex -19.679070179011735 24.964061409431608 20.820000000000007
      vertex -19.61679607770176 24.70467110956259 20.820000000000007
    endloop
  endfacet
  facet normal 0.9969173337331283 0.07845909572784047 0
    outer loop
      vertex -19.679070179011735 24.964061409431608 12.820000000000007
      vertex -19.7 25.23 20.820000000000007
      vertex -19.679070179011735 24.964061409431608 20.820000000000007
    endloop
  endfacet
  facet normal -0.5224985647159461 0.8526401643540937 0
    outer loop
      vertex -17.000765071102794 23.854671109562588 12.820000000000007
      vertex -17.22821615044277 23.715288908879774 20.820000000000007
      vertex -17.000765071102794 23.854671109562588 20.820000000000007
    endloop
  endfacet
  facet normal -0.6494480483301854 0.7604059656000295 0
    outer loop
      vertex -16.797918471982868 24.02791847198287 12.820000000000007
      vertex -17.000765071102794 23.854671109562588 20.820000000000007
      vertex -16.797918471982868 24.02791847198287 20.820000000000007
    endloop
  endfacet
  facet normal -0.760405965600036 0.6494480483301777 0
    outer loop
      vertex -16.62467110956259 24.230765071102795 12.820000000000007
      vertex -16.797918471982868 24.02791847198287 20.820000000000007
      vertex -16.62467110956259 24.230765071102795 20.820000000000007
    endloop
  endfacet
  facet normal -0.852640164354088 0.5224985647159558 0
    outer loop
      vertex -16.485288908879774 24.45821615044277 12.820000000000007
      vertex -16.62467110956259 24.230765071102795 20.820000000000007
      vertex -16.485288908879774 24.45821615044277 20.820000000000007
    endloop
  endfacet
  facet normal -0.9238795325112892 0.38268343236508395 0
    outer loop
      vertex -16.38320392229824 24.70467110956259 12.820000000000007
      vertex -16.485288908879774 24.45821615044277 20.820000000000007
      vertex -16.38320392229824 24.70467110956259 20.820000000000007
    endloop
  endfacet
  facet normal -0.9723699203976757 0.23344536385590905 0
    outer loop
      vertex -16.320929820988265 24.964061409431608 12.820000000000007
      vertex -16.38320392229824 24.70467110956259 20.820000000000007
      vertex -16.320929820988265 24.964061409431608 20.820000000000007
    endloop
  endfacet
  facet normal -0.9969173337331283 0.07845909572784047 0
    outer loop
      vertex -16.3 25.23 12.820000000000007
      vertex -16.320929820988265 24.964061409431608 20.820000000000007
      vertex -16.3 25.23 20.820000000000007
    endloop
  endfacet
  facet normal 0.9969173337331283 -0.07845909572784047 -1.1892857068444852e-19
    outer loop
      vertex -19.7 25.23 12.820000000000007
      vertex -19.679070179011735 25.495938590568393 12.820000000000007
      vertex -19.679070179011735 25.495938590568393 20.820000000000007
    endloop
  endfacet
  facet normal 0.9723699203976757 -0.23344536385590905 -5.890865694036504e-19
    outer loop
      vertex -19.679070179011735 25.495938590568393 12.820000000000007
      vertex -19.61679607770176 25.75532889043741 12.820000000000007
      vertex -19.61679607770176 25.75532889043741 20.820000000000007
    endloop
  endfacet
  facet normal 0.9238795325112892 -0.38268343236508395 7.584728914799862e-19
    outer loop
      vertex -19.61679607770176 25.75532889043741 12.820000000000007
      vertex -19.514711091120226 26.00178384955723 12.820000000000007
      vertex -19.514711091120226 26.00178384955723 20.820000000000007
    endloop
  endfacet
  facet normal 0.852640164354088 -0.5224985647159558 -9.058507647081963e-19
    outer loop
      vertex -19.514711091120226 26.00178384955723 12.820000000000007
      vertex -19.37532889043741 26.229234928897206 12.820000000000007
      vertex -19.37532889043741 26.229234928897206 20.820000000000007
    endloop
  endfacet
  facet normal 0.760405965600036 -0.6494480483301777 5.356776179795295e-20
    outer loop
      vertex -19.37532889043741 26.229234928897206 12.820000000000007
      vertex -19.202081528017132 26.432081528017132 12.820000000000007
      vertex -19.202081528017132 26.432081528017132 20.820000000000007
    endloop
  endfacet
  facet normal 0.6494480483301854 -0.7604059656000295 -4.098990170548436e-19
    outer loop
      vertex -19.202081528017132 26.432081528017132 12.820000000000007
      vertex -18.999234928897206 26.605328890437413 12.820000000000007
      vertex -18.999234928897206 26.605328890437413 20.820000000000007
    endloop
  endfacet
  facet normal 0.5224985647159461 -0.8526401643540937 8.663474692297491e-19
    outer loop
      vertex -18.999234928897206 26.605328890437413 12.820000000000007
      vertex -18.77178384955723 26.744711091120227 12.820000000000007
      vertex -18.77178384955723 26.744711091120227 20.820000000000007
    endloop
  endfacet
  facet normal 0.38268343236508395 -0.9238795325112892 7.584728914799862e-19
    outer loop
      vertex -18.77178384955723 26.744711091120227 12.820000000000007
      vertex -18.52532889043741 26.84679607770176 12.820000000000007
      vertex -18.52532889043741 26.84679607770176 20.820000000000007
    endloop
  endfacet
  facet normal 0.23344536385590905 -0.9723699203976757 -5.890865694036504e-19
    outer loop
      vertex -18.52532889043741 26.84679607770176 12.820000000000007
      vertex -18.265938590568393 26.909070179011735 12.820000000000007
      vertex -18.265938590568393 26.909070179011735 20.820000000000007
    endloop
  endfacet
  facet normal 0.07845909572784047 -0.9969173337331283 -1.1892857068444852e-19
    outer loop
      vertex -18.265938590568393 26.909070179011735 12.820000000000007
      vertex -18 26.93 12.820000000000007
      vertex -18 26.93 20.820000000000007
    endloop
  endfacet
  facet normal -0.07845909572784047 -0.9969173337331283 1.1892857068444852e-19
    outer loop
      vertex -18 26.93 12.820000000000007
      vertex -17.734061409431607 26.909070179011735 12.820000000000007
      vertex -17.734061409431607 26.909070179011735 20.820000000000007
    endloop
  endfacet
  facet normal -0.38268343236508395 -0.9238795325112892 -7.584728914799862e-19
    outer loop
      vertex -17.47467110956259 26.84679607770176 12.820000000000007
      vertex -17.22821615044277 26.744711091120227 12.820000000000007
      vertex -17.22821615044277 26.744711091120227 20.820000000000007
    endloop
  endfacet
  facet normal -0.23344536385590905 -0.9723699203976757 0
    outer loop
      vertex -17.47467110956259 26.84679607770176 12.820000000000007
      vertex -17.47467110956259 26.84679607770176 20.820000000000007
      vertex -17.734061409431607 26.909070179011735 12.820000000000007
    endloop
  endfacet
  facet normal -0.9969173337331283 -0.07845909572784047 0
    outer loop
      vertex -16.3 25.23 12.820000000000007
      vertex -16.3 25.23 20.820000000000007
      vertex -16.320929820988265 25.495938590568393 12.820000000000007
    endloop
  endfacet
  facet normal -0.9723699203976757 -0.23344536385590905 0
    outer loop
      vertex -16.320929820988265 25.495938590568393 12.820000000000007
      vertex -16.320929820988265 25.495938590568393 20.820000000000007
      vertex -16.38320392229824 25.75532889043741 12.820000000000007
    endloop
  endfacet
  facet normal -0.9238795325112892 -0.38268343236508395 0
    outer loop
      vertex -16.38320392229824 25.75532889043741 12.820000000000007
      vertex -16.38320392229824 25.75532889043741 20.820000000000007
      vertex -16.485288908879774 26.00178384955723 12.820000000000007
    endloop
  endfacet
  facet normal -0.852640164354088 -0.5224985647159558 0
    outer loop
      vertex -16.485288908879774 26.00178384955723 12.820000000000007
      vertex -16.485288908879774 26.00178384955723 20.820000000000007
      vertex -16.62467110956259 26.229234928897206 12.820000000000007
    endloop
  endfacet
  facet normal -0.760405965600036 -0.6494480483301777 0
    outer loop
      vertex -16.62467110956259 26.229234928897206 12.820000000000007
      vertex -16.62467110956259 26.229234928897206 20.820000000000007
      vertex -16.797918471982868 26.432081528017132 12.820000000000007
    endloop
  endfacet
  facet normal -0.6494480483301854 -0.7604059656000295 4.098990170548436e-19
    outer loop
      vertex -17.000765071102794 26.605328890437413 12.820000000000007
      vertex -16.797918471982868 26.432081528017132 12.820000000000007
      vertex -16.797918471982868 26.432081528017132 20.820000000000007
    endloop
  endfacet
  facet normal -0.5224985647159461 -0.8526401643540937 -8.663474692297491e-19
    outer loop
      vertex -17.22821615044277 26.744711091120227 12.820000000000007
      vertex -17.000765071102794 26.605328890437413 12.820000000000007
      vertex -17.000765071102794 26.605328890437413 20.820000000000007
    endloop
  endfacet
  facet normal 0.9969173337331283 -0.07845909572784047 0
    outer loop
      vertex -19.7 25.23 12.820000000000007
      vertex -19.679070179011735 25.495938590568393 20.820000000000007
      vertex -19.7 25.23 20.820000000000007
    endloop
  endfacet
  facet normal 0.9723699203976757 -0.23344536385590905 0
    outer loop
      vertex -19.679070179011735 25.495938590568393 12.820000000000007
      vertex -19.61679607770176 25.75532889043741 20.820000000000007
      vertex -19.679070179011735 25.495938590568393 20.820000000000007
    endloop
  endfacet
  facet normal 0.9238795325112892 -0.38268343236508395 0
    outer loop
      vertex -19.61679607770176 25.75532889043741 12.820000000000007
      vertex -19.514711091120226 26.00178384955723 20.820000000000007
      vertex -19.61679607770176 25.75532889043741 20.820000000000007
    endloop
  endfacet
  facet normal 0.852640164354088 -0.5224985647159558 0
    outer loop
      vertex -19.514711091120226 26.00178384955723 12.820000000000007
      vertex -19.37532889043741 26.229234928897206 20.820000000000007
      vertex -19.514711091120226 26.00178384955723 20.820000000000007
    endloop
  endfacet
  facet normal 0.760405965600036 -0.6494480483301777 0
    outer loop
      vertex -19.37532889043741 26.229234928897206 12.820000000000007
      vertex -19.202081528017132 26.432081528017132 20.820000000000007
      vertex -19.37532889043741 26.229234928897206 20.820000000000007
    endloop
  endfacet
  facet normal 0.6494480483301854 -0.7604059656000295 0
    outer loop
      vertex -19.202081528017132 26.432081528017132 12.820000000000007
      vertex -18.999234928897206 26.605328890437413 20.820000000000007
      vertex -19.202081528017132 26.432081528017132 20.820000000000007
    endloop
  endfacet
  facet normal 0.5224985647159461 -0.8526401643540937 0
    outer loop
      vertex -18.999234928897206 26.605328890437413 12.820000000000007
      vertex -18.77178384955723 26.744711091120227 20.820000000000007
      vertex -18.999234928897206 26.605328890437413 20.820000000000007
    endloop
  endfacet
  facet normal 0.38268343236508395 -0.9238795325112892 0
    outer loop
      vertex -18.77178384955723 26.744711091120227 12.820000000000007
      vertex -18.52532889043741 26.84679607770176 20.820000000000007
      vertex -18.77178384955723 26.744711091120227 20.820000000000007
    endloop
  endfacet
  facet normal 0.23344536385590905 -0.9723699203976757 0
    outer loop
      vertex -18.52532889043741 26.84679607770176 12.820000000000007
      vertex -18.265938590568393 26.909070179011735 20.820000000000007
      vertex -18.52532889043741 26.84679607770176 20.820000000000007
    endloop
  endfacet
  facet normal 0.07845909572784047 -0.9969173337331283 0
    outer loop
      vertex -18.265938590568393 26.909070179011735 12.820000000000007
      vertex -18 26.93 20.820000000000007
      vertex -18.265938590568393 26.909070179011735 20.820000000000007
    endloop
  endfacet
  facet normal -0.07845909572784047 -0.9969173337331283 0
    outer loop
      vertex -18 26.93 12.820000000000007
      vertex -17.734061409431607 26.909070179011735 20.820000000000007
      vertex -18 26.93 20.820000000000007
    endloop
  endfacet
  facet normal -0.23344536385590905 -0.9723699203976757 0
    outer loop
      vertex -17.734061409431607 26.909070179011735 12.820000000000007
      vertex -17.47467110956259 26.84679607770176 20.820000000000007
      vertex -17.734061409431607 26.909070179011735 20.820000000000007
    endloop
  endfacet
  facet normal -0.38268343236508395 -0.9238795325112892 0
    outer loop
      vertex -17.47467110956259 26.84679607770176 12.820000000000007
      vertex -17.22821615044277 26.744711091120227 20.820000000000007
      vertex -17.47467110956259 26.84679607770176 20.820000000000007
    endloop
  endfacet
  facet normal -0.9969173337331283 -0.07845909572784047 0
    outer loop
      vertex -16.320929820988265 25.495938590568393 12.820000000000007
      vertex -16.3 25.23 20.820000000000007
      vertex -16.320929820988265 25.495938590568393 20.820000000000007
    endloop
  endfacet
  facet normal -0.9723699203976757 -0.23344536385590905 0
    outer loop
      vertex -16.38320392229824 25.75532889043741 12.820000000000007
      vertex -16.320929820988265 25.495938590568393 20.820000000000007
      vertex -16.38320392229824 25.75532889043741 20.820000000000007
    endloop
  endfacet
  facet normal -0.9238795325112892 -0.38268343236508395 0
    outer loop
      vertex -16.485288908879774 26.00178384955723 12.820000000000007
      vertex -16.38320392229824 25.75532889043741 20.820000000000007
      vertex -16.485288908879774 26.00178384955723 20.820000000000007
    endloop
  endfacet
  facet normal -0.852640164354088 -0.5224985647159558 0
    outer loop
      vertex -16.62467110956259 26.229234928897206 12.820000000000007
      vertex -16.485288908879774 26.00178384955723 20.820000000000007
      vertex -16.62467110956259 26.229234928897206 20.820000000000007
    endloop
  endfacet
  facet normal -0.6494480483301854 -0.7604059656000295 0
    outer loop
      vertex -17.000765071102794 26.605328890437413 12.820000000000007
      vertex -16.797918471982868 26.432081528017132 20.820000000000007
      vertex -17.000765071102794 26.605328890437413 20.820000000000007
    endloop
  endfacet
  facet normal -0.760405965600036 -0.6494480483301777 0
    outer loop
      vertex -16.797918471982868 26.432081528017132 12.820000000000007
      vertex -16.62467110956259 26.229234928897206 20.820000000000007
      vertex -16.797918471982868 26.432081528017132 20.820000000000007
    endloop
  endfacet
  facet normal -0.5224985647159461 -0.8526401643540937 0
    outer loop
      vertex -17.22821615044277 26.744711091120227 12.820000000000007
      vertex -17.000765071102794 26.605328890437413 20.820000000000007
      vertex -17.22821615044277 26.744711091120227 20.820000000000007
    endloop
  endfacet
  facet normal 0.38268343236508234 0.9238795325112897 0
    outer loop
      vertex -19.407370549192596 22.46787977501606 12.820000000000007
      vertex -18.957952682562336 22.281724799485026 0
      vertex -19.407370549192596 22.46787977501606 0
    endloop
  endfacet
  facet normal 0.23344536385591036 0.9723699203976754 0
    outer loop
      vertex -18.957952682562336 22.281724799485026 12.820000000000007
      vertex -18.484946841624716 22.168166144155073 0
      vertex -18.957952682562336 22.281724799485026 0
    endloop
  endfacet
  facet normal 0.07845909572784696 0.9969173337331277 0
    outer loop
      vertex -18.484946841624716 22.168166144155073 12.820000000000007
      vertex -18 22.13 0
      vertex -18.484946841624716 22.168166144155073 0
    endloop
  endfacet
  facet normal -0.07845909572784696 0.9969173337331277 0
    outer loop
      vertex -18 22.13 12.820000000000007
      vertex -17.515053158375284 22.168166144155073 0
      vertex -18 22.13 0
    endloop
  endfacet
  facet normal -0.23344536385591036 0.9723699203976754 0
    outer loop
      vertex -17.515053158375284 22.168166144155073 12.820000000000007
      vertex -17.042047317437664 22.281724799485026 0
      vertex -17.515053158375284 22.168166144155073 0
    endloop
  endfacet
  facet normal 0.7604059656000294 0.6494480483301854 0
    outer loop
      vertex -20.507952682562337 23.407865717893333 12.820000000000007
      vertex -20.192031021678297 23.037968978321704 0
      vertex -20.507952682562337 23.407865717893333 0
    endloop
  endfacet
  facet normal 0.8526401643540904 0.5224985647159519 0
    outer loop
      vertex -20.762120224983942 23.822629450807405 12.820000000000007
      vertex -20.507952682562337 23.407865717893333 0
      vertex -20.762120224983942 23.822629450807405 0
    endloop
  endfacet
  facet normal 0.9238795325112873 0.38268343236508867 0
    outer loop
      vertex -20.948275200514978 24.272047317437664 12.820000000000007
      vertex -20.762120224983942 23.822629450807405 0
      vertex -20.948275200514978 24.272047317437664 0
    endloop
  endfacet
  facet normal 0.972369920397677 0.23344536385590345 0
    outer loop
      vertex -21.061833855844927 24.745053158375285 12.820000000000007
      vertex -20.948275200514978 24.272047317437664 0
      vertex -21.061833855844927 24.745053158375285 0
    endloop
  endfacet
  facet normal 0.9969173337331277 0.07845909572784696 0
    outer loop
      vertex -21.1 25.23 12.820000000000007
      vertex -21.061833855844927 24.745053158375285 0
      vertex -21.1 25.23 0
    endloop
  endfacet
  facet normal 0.5224985647159519 0.8526401643540904 0
    outer loop
      vertex -19.822134282106667 22.722047317437664 12.820000000000007
      vertex -19.407370549192596 22.46787977501606 0
      vertex -19.822134282106667 22.722047317437664 0
    endloop
  endfacet
  facet normal 0.6494480483301854 0.7604059656000294 0
    outer loop
      vertex -20.192031021678297 23.037968978321704 12.820000000000007
      vertex -19.822134282106667 22.722047317437664 0
      vertex -20.192031021678297 23.037968978321704 0
    endloop
  endfacet
  facet normal -0.38268343236508234 0.9238795325112897 0
    outer loop
      vertex -17.042047317437664 22.281724799485026 12.820000000000007
      vertex -16.592629450807404 22.46787977501606 0
      vertex -17.042047317437664 22.281724799485026 0
    endloop
  endfacet
  facet normal -0.5224985647159519 0.8526401643540904 0
    outer loop
      vertex -16.592629450807404 22.46787977501606 12.820000000000007
      vertex -16.177865717893333 22.722047317437664 0
      vertex -16.592629450807404 22.46787977501606 0
    endloop
  endfacet
  facet normal -0.6494480483301854 0.7604059656000294 0
    outer loop
      vertex -16.177865717893333 22.722047317437664 12.820000000000007
      vertex -15.807968978321703 23.037968978321704 0
      vertex -16.177865717893333 22.722047317437664 0
    endloop
  endfacet
  facet normal -0.7604059656000294 0.6494480483301854 0
    outer loop
      vertex -15.807968978321703 23.037968978321704 12.820000000000007
      vertex -15.492047317437663 23.407865717893333 0
      vertex -15.807968978321703 23.037968978321704 0
    endloop
  endfacet
  facet normal -0.852640164354092 0.5224985647159492 0
    outer loop
      vertex -15.492047317437663 23.407865717893333 12.820000000000007
      vertex -15.23787977501606 23.822629450807405 0
      vertex -15.492047317437663 23.407865717893333 0
    endloop
  endfacet
  facet normal -0.9238795325112873 0.38268343236508867 0
    outer loop
      vertex -15.23787977501606 23.822629450807405 12.820000000000007
      vertex -15.051724799485024 24.272047317437664 0
      vertex -15.23787977501606 23.822629450807405 0
    endloop
  endfacet
  facet normal -0.9723699203976762 0.2334453638559069 0
    outer loop
      vertex -15.051724799485024 24.272047317437664 12.820000000000007
      vertex -14.938166144155073 24.745053158375285 0
      vertex -15.051724799485024 24.272047317437664 0
    endloop
  endfacet
  facet normal -0.9969173337331281 0.07845909572784333 0
    outer loop
      vertex -14.938166144155073 24.745053158375285 12.820000000000007
      vertex -14.9 25.23 0
      vertex -14.938166144155073 24.745053158375285 0
    endloop
  endfacet
  facet normal 0.38268343236508234 0.9238795325112897 -7.735678827855358e-19
    outer loop
      vertex -19.407370549192596 22.46787977501606 12.820000000000007
      vertex -18.957952682562336 22.281724799485026 12.820000000000007
      vertex -18.957952682562336 22.281724799485026 0
    endloop
  endfacet
  facet normal 0.07845909572784696 0.9969173337331277 -2.73852196863551e-20
    outer loop
      vertex -18.484946841624716 22.168166144155073 12.820000000000007
      vertex -18 22.13 12.820000000000007
      vertex -18 22.13 0
    endloop
  endfacet
  facet normal 0.23344536385591036 0.9723699203976754 0
    outer loop
      vertex -18.484946841624716 22.168166144155073 12.820000000000007
      vertex -18.484946841624716 22.168166144155073 0
      vertex -18.957952682562336 22.281724799485026 12.820000000000007
    endloop
  endfacet
  facet normal -0.07845909572784696 0.9969173337331277 2.73852196863551e-20
    outer loop
      vertex -18 22.13 12.820000000000007
      vertex -17.515053158375284 22.168166144155073 12.820000000000007
      vertex -17.515053158375284 22.168166144155073 0
    endloop
  endfacet
  facet normal 0.7604059656000294 0.6494480483301854 0
    outer loop
      vertex -20.192031021678297 23.037968978321704 12.820000000000007
      vertex -20.192031021678297 23.037968978321704 0
      vertex -20.507952682562337 23.407865717893333 12.820000000000007
    endloop
  endfacet
  facet normal 0.8526401643540904 0.5224985647159519 0
    outer loop
      vertex -20.507952682562337 23.407865717893333 12.820000000000007
      vertex -20.507952682562337 23.407865717893333 0
      vertex -20.762120224983942 23.822629450807405 12.820000000000007
    endloop
  endfacet
  facet normal 0.972369920397677 0.23344536385590345 0
    outer loop
      vertex -20.948275200514978 24.272047317437664 12.820000000000007
      vertex -20.948275200514978 24.272047317437664 0
      vertex -21.061833855844927 24.745053158375285 12.820000000000007
    endloop
  endfacet
  facet normal 0.9238795325112873 0.38268343236508867 0
    outer loop
      vertex -20.762120224983942 23.822629450807405 12.820000000000007
      vertex -20.762120224983942 23.822629450807405 0
      vertex -20.948275200514978 24.272047317437664 12.820000000000007
    endloop
  endfacet
  facet normal 0.9969173337331277 0.07845909572784696 0
    outer loop
      vertex -21.061833855844927 24.745053158375285 12.820000000000007
      vertex -21.061833855844927 24.745053158375285 0
      vertex -21.1 25.23 12.820000000000007
    endloop
  endfacet
  facet normal 0.6494480483301854 0.7604059656000294 0
    outer loop
      vertex -19.822134282106667 22.722047317437664 12.820000000000007
      vertex -19.822134282106667 22.722047317437664 0
      vertex -20.192031021678297 23.037968978321704 12.820000000000007
    endloop
  endfacet
  facet normal 0.5224985647159519 0.8526401643540904 -6.131975936790665e-19
    outer loop
      vertex -19.822134282106667 22.722047317437664 12.820000000000007
      vertex -19.407370549192596 22.46787977501606 12.820000000000007
      vertex -19.407370549192596 22.46787977501606 0
    endloop
  endfacet
  facet normal -0.23344536385591036 0.9723699203976754 -4.758590999796364e-19
    outer loop
      vertex -17.515053158375284 22.168166144155073 12.820000000000007
      vertex -17.042047317437664 22.281724799485026 12.820000000000007
      vertex -17.042047317437664 22.281724799485026 0
    endloop
  endfacet
  facet normal -0.38268343236508234 0.9238795325112897 7.735678827855358e-19
    outer loop
      vertex -17.042047317437664 22.281724799485026 12.820000000000007
      vertex -16.592629450807404 22.46787977501606 12.820000000000007
      vertex -16.592629450807404 22.46787977501606 0
    endloop
  endfacet
  facet normal -0.5224985647159519 0.8526401643540904 6.131975936790665e-19
    outer loop
      vertex -16.592629450807404 22.46787977501606 12.820000000000007
      vertex -16.177865717893333 22.722047317437664 12.820000000000007
      vertex -16.177865717893333 22.722047317437664 0
    endloop
  endfacet
  facet normal -0.6494480483301854 0.7604059656000294 1.0870363893991687e-18
    outer loop
      vertex -16.177865717893333 22.722047317437664 12.820000000000007
      vertex -15.807968978321703 23.037968978321704 12.820000000000007
      vertex -15.807968978321703 23.037968978321704 0
    endloop
  endfacet
  facet normal -0.7604059656000294 0.6494480483301854 1.0870363893991687e-18
    outer loop
      vertex -15.807968978321703 23.037968978321704 12.820000000000007
      vertex -15.492047317437663 23.407865717893333 12.820000000000007
      vertex -15.492047317437663 23.407865717893333 0
    endloop
  endfacet
  facet normal -0.852640164354092 0.5224985647159492 4.134555486855873e-19
    outer loop
      vertex -15.492047317437663 23.407865717893333 12.820000000000007
      vertex -15.23787977501606 23.822629450807405 12.820000000000007
      vertex -15.23787977501606 23.822629450807405 0
    endloop
  endfacet
  facet normal -0.9238795325112873 0.38268343236508867 8.870022699118463e-19
    outer loop
      vertex -15.23787977501606 23.822629450807405 12.820000000000007
      vertex -15.051724799485024 24.272047317437664 12.820000000000007
      vertex -15.051724799485024 24.272047317437664 0
    endloop
  endfacet
  facet normal -0.9723699203976762 0.2334453638559069 5.372341821647119e-19
    outer loop
      vertex -15.051724799485024 24.272047317437664 12.820000000000007
      vertex -14.938166144155073 24.745053158375285 12.820000000000007
      vertex -14.938166144155073 24.745053158375285 0
    endloop
  endfacet
  facet normal -0.9969173337331281 0.07845909572784333 -1.3550048239785842e-19
    outer loop
      vertex -14.938166144155073 24.745053158375285 12.820000000000007
      vertex -14.9 25.23 12.820000000000007
      vertex -14.9 25.23 0
    endloop
  endfacet
  facet normal 0.9969173337331277 -0.07845909572784696 0
    outer loop
      vertex -21.061833855844927 25.714946841624716 12.820000000000007
      vertex -21.1 25.23 0
      vertex -21.061833855844927 25.714946841624716 0
    endloop
  endfacet
  facet normal 0.972369920397677 -0.23344536385590345 0
    outer loop
      vertex -20.948275200514978 26.187952682562337 12.820000000000007
      vertex -21.061833855844927 25.714946841624716 0
      vertex -20.948275200514978 26.187952682562337 0
    endloop
  endfacet
  facet normal 0.9238795325112873 -0.38268343236508867 0
    outer loop
      vertex -20.762120224983942 26.637370549192596 12.820000000000007
      vertex -20.948275200514978 26.187952682562337 0
      vertex -20.762120224983942 26.637370549192596 0
    endloop
  endfacet
  facet normal 0.8526401643540904 -0.5224985647159519 0
    outer loop
      vertex -20.507952682562337 27.052134282106667 12.820000000000007
      vertex -20.762120224983942 26.637370549192596 0
      vertex -20.507952682562337 27.052134282106667 0
    endloop
  endfacet
  facet normal 0.7604059656000294 -0.6494480483301854 0
    outer loop
      vertex -20.192031021678297 27.422031021678297 12.820000000000007
      vertex -20.507952682562337 27.052134282106667 0
      vertex -20.192031021678297 27.422031021678297 0
    endloop
  endfacet
  facet normal 0.6494480483301854 -0.7604059656000294 0
    outer loop
      vertex -19.822134282106667 27.737952682562337 12.820000000000007
      vertex -20.192031021678297 27.422031021678297 0
      vertex -19.822134282106667 27.737952682562337 0
    endloop
  endfacet
  facet normal 0.5224985647159519 -0.8526401643540904 0
    outer loop
      vertex -19.407370549192596 27.992120224983942 12.820000000000007
      vertex -19.822134282106667 27.737952682562337 0
      vertex -19.407370549192596 27.992120224983942 0
    endloop
  endfacet
  facet normal 0.38268343236508234 -0.9238795325112897 0
    outer loop
      vertex -18.957952682562336 28.178275200514975 12.820000000000007
      vertex -19.407370549192596 27.992120224983942 0
      vertex -18.957952682562336 28.178275200514975 0
    endloop
  endfacet
  facet normal 0.23344536385591036 -0.9723699203976754 0
    outer loop
      vertex -18.484946841624716 28.291833855844928 12.820000000000007
      vertex -18.957952682562336 28.178275200514975 0
      vertex -18.484946841624716 28.291833855844928 0
    endloop
  endfacet
  facet normal 0.07845909572784696 -0.9969173337331277 0
    outer loop
      vertex -18 28.330000000000002 12.820000000000007
      vertex -18.484946841624716 28.291833855844928 0
      vertex -18 28.330000000000002 0
    endloop
  endfacet
  facet normal -0.07845909572784696 -0.9969173337331277 0
    outer loop
      vertex -17.515053158375284 28.291833855844928 12.820000000000007
      vertex -18 28.330000000000002 0
      vertex -17.515053158375284 28.291833855844928 0
    endloop
  endfacet
  facet normal -0.9969173337331281 -0.07845909572784333 0
    outer loop
      vertex -14.9 25.23 12.820000000000007
      vertex -14.938166144155073 25.714946841624716 0
      vertex -14.9 25.23 0
    endloop
  endfacet
  facet normal -0.9723699203976762 -0.2334453638559069 0
    outer loop
      vertex -14.938166144155073 25.714946841624716 12.820000000000007
      vertex -15.051724799485024 26.187952682562337 0
      vertex -14.938166144155073 25.714946841624716 0
    endloop
  endfacet
  facet normal -0.9238795325112873 -0.38268343236508867 0
    outer loop
      vertex -15.051724799485024 26.187952682562337 12.820000000000007
      vertex -15.23787977501606 26.637370549192596 0
      vertex -15.051724799485024 26.187952682562337 0
    endloop
  endfacet
  facet normal -0.6494480483301854 -0.7604059656000294 0
    outer loop
      vertex -15.807968978321703 27.422031021678297 12.820000000000007
      vertex -16.177865717893333 27.737952682562337 0
      vertex -15.807968978321703 27.422031021678297 0
    endloop
  endfacet
  facet normal -0.5224985647159519 -0.8526401643540904 0
    outer loop
      vertex -16.177865717893333 27.737952682562337 12.820000000000007
      vertex -16.592629450807404 27.992120224983942 0
      vertex -16.177865717893333 27.737952682562337 0
    endloop
  endfacet
  facet normal -0.852640164354092 -0.5224985647159492 0
    outer loop
      vertex -15.23787977501606 26.637370549192596 12.820000000000007
      vertex -15.492047317437663 27.052134282106667 0
      vertex -15.23787977501606 26.637370549192596 0
    endloop
  endfacet
  facet normal -0.7604059656000294 -0.6494480483301854 0
    outer loop
      vertex -15.492047317437663 27.052134282106667 12.820000000000007
      vertex -15.807968978321703 27.422031021678297 0
      vertex -15.492047317437663 27.052134282106667 0
    endloop
  endfacet
  facet normal -0.23344536385591036 -0.9723699203976754 0
    outer loop
      vertex -17.042047317437664 28.178275200514975 12.820000000000007
      vertex -17.515053158375284 28.291833855844928 0
      vertex -17.042047317437664 28.178275200514975 0
    endloop
  endfacet
  facet normal -0.38268343236508234 -0.9238795325112897 0
    outer loop
      vertex -16.592629450807404 27.992120224983942 12.820000000000007
      vertex -17.042047317437664 28.178275200514975 0
      vertex -16.592629450807404 27.992120224983942 0
    endloop
  endfacet
  facet normal 0.9969173337331277 -0.07845909572784696 0
    outer loop
      vertex -21.1 25.23 12.820000000000007
      vertex -21.1 25.23 0
      vertex -21.061833855844927 25.714946841624716 12.820000000000007
    endloop
  endfacet
  facet normal 0.972369920397677 -0.23344536385590345 0
    outer loop
      vertex -21.061833855844927 25.714946841624716 12.820000000000007
      vertex -21.061833855844927 25.714946841624716 0
      vertex -20.948275200514978 26.187952682562337 12.820000000000007
    endloop
  endfacet
  facet normal 0.9238795325112873 -0.38268343236508867 0
    outer loop
      vertex -20.948275200514978 26.187952682562337 12.820000000000007
      vertex -20.948275200514978 26.187952682562337 0
      vertex -20.762120224983942 26.637370549192596 12.820000000000007
    endloop
  endfacet
  facet normal 0.8526401643540904 -0.5224985647159519 0
    outer loop
      vertex -20.762120224983942 26.637370549192596 12.820000000000007
      vertex -20.762120224983942 26.637370549192596 0
      vertex -20.507952682562337 27.052134282106667 12.820000000000007
    endloop
  endfacet
  facet normal 0.7604059656000294 -0.6494480483301854 0
    outer loop
      vertex -20.507952682562337 27.052134282106667 12.820000000000007
      vertex -20.507952682562337 27.052134282106667 0
      vertex -20.192031021678297 27.422031021678297 12.820000000000007
    endloop
  endfacet
  facet normal 0.6494480483301854 -0.7604059656000294 0
    outer loop
      vertex -20.192031021678297 27.422031021678297 12.820000000000007
      vertex -20.192031021678297 27.422031021678297 0
      vertex -19.822134282106667 27.737952682562337 12.820000000000007
    endloop
  endfacet
  facet normal 0.5224985647159519 -0.8526401643540904 0
    outer loop
      vertex -19.822134282106667 27.737952682562337 12.820000000000007
      vertex -19.822134282106667 27.737952682562337 0
      vertex -19.407370549192596 27.992120224983942 12.820000000000007
    endloop
  endfacet
  facet normal 0.38268343236508234 -0.9238795325112897 0
    outer loop
      vertex -19.407370549192596 27.992120224983942 12.820000000000007
      vertex -19.407370549192596 27.992120224983942 0
      vertex -18.957952682562336 28.178275200514975 12.820000000000007
    endloop
  endfacet
  facet normal 0.23344536385591036 -0.9723699203976754 0
    outer loop
      vertex -18.957952682562336 28.178275200514975 12.820000000000007
      vertex -18.957952682562336 28.178275200514975 0
      vertex -18.484946841624716 28.291833855844928 12.820000000000007
    endloop
  endfacet
  facet normal 0.07845909572784696 -0.9969173337331277 0
    outer loop
      vertex -18.484946841624716 28.291833855844928 12.820000000000007
      vertex -18.484946841624716 28.291833855844928 0
      vertex -18 28.330000000000002 12.820000000000007
    endloop
  endfacet
  facet normal -0.07845909572784696 -0.9969173337331277 0
    outer loop
      vertex -18 28.330000000000002 12.820000000000007
      vertex -18 28.330000000000002 0
      vertex -17.515053158375284 28.291833855844928 12.820000000000007
    endloop
  endfacet
  facet normal -0.23344536385591036 -0.9723699203976754 0
    outer loop
      vertex -17.515053158375284 28.291833855844928 12.820000000000007
      vertex -17.515053158375284 28.291833855844928 0
      vertex -17.042047317437664 28.178275200514975 12.820000000000007
    endloop
  endfacet
  facet normal -0.9969173337331281 -0.07845909572784333 1.3550048239785842e-19
    outer loop
      vertex -14.9 25.23 12.820000000000007
      vertex -14.938166144155073 25.714946841624716 12.820000000000007
      vertex -14.938166144155073 25.714946841624716 0
    endloop
  endfacet
  facet normal -0.9238795325112873 -0.38268343236508867 -8.870022699118463e-19
    outer loop
      vertex -15.051724799485024 26.187952682562337 12.820000000000007
      vertex -15.23787977501606 26.637370549192596 12.820000000000007
      vertex -15.23787977501606 26.637370549192596 0
    endloop
  endfacet
  facet normal -0.9723699203976762 -0.2334453638559069 -5.372341821647119e-19
    outer loop
      vertex -14.938166144155073 25.714946841624716 12.820000000000007
      vertex -15.051724799485024 26.187952682562337 12.820000000000007
      vertex -15.051724799485024 26.187952682562337 0
    endloop
  endfacet
  facet normal -0.6494480483301854 -0.7604059656000294 0
    outer loop
      vertex -16.177865717893333 27.737952682562337 12.820000000000007
      vertex -16.177865717893333 27.737952682562337 0
      vertex -15.807968978321703 27.422031021678297 12.820000000000007
    endloop
  endfacet
  facet normal -0.5224985647159519 -0.8526401643540904 0
    outer loop
      vertex -16.592629450807404 27.992120224983942 12.820000000000007
      vertex -16.592629450807404 27.992120224983942 0
      vertex -16.177865717893333 27.737952682562337 12.820000000000007
    endloop
  endfacet
  facet normal -0.852640164354092 -0.5224985647159492 -4.134555486855873e-19
    outer loop
      vertex -15.23787977501606 26.637370549192596 12.820000000000007
      vertex -15.492047317437663 27.052134282106667 12.820000000000007
      vertex -15.492047317437663 27.052134282106667 0
    endloop
  endfacet
  facet normal -0.7604059656000294 -0.6494480483301854 -1.0870363893991687e-18
    outer loop
      vertex -15.492047317437663 27.052134282106667 12.820000000000007
      vertex -15.807968978321703 27.422031021678297 12.820000000000007
      vertex -15.807968978321703 27.422031021678297 0
    endloop
  endfacet
  facet normal -0.38268343236508234 -0.9238795325112897 -7.735678827855358e-19
    outer loop
      vertex -16.592629450807404 27.992120224983942 12.820000000000007
      vertex -17.042047317437664 28.178275200514975 12.820000000000007
      vertex -17.042047317437664 28.178275200514975 0
    endloop
  endfacet
  facet normal 0 0 -1
    outer loop
      vertex -20.192031021678297 23.037968978321704 12.820000000000007
      vertex -20.507952682562337 23.407865717893333 12.820000000000007
      vertex -20.507952682562337 27.052134282106667 12.820000000000007
    endloop
  endfacet
  facet normal 0 0 -1
    outer loop
      vertex -20.762120224983942 23.822629450807405 12.820000000000007
      vertex -20.948275200514978 24.272047317437664 12.820000000000007
      vertex -20.948275200514978 26.187952682562337 12.820000000000007
    endloop
  endfacet
  facet normal 0 0 -1
    outer loop
      vertex -20.948275200514978 24.272047317437664 12.820000000000007
      vertex -21.061833855844927 24.745053158375285 12.820000000000007
      vertex -21.061833855844927 25.714946841624716 12.820000000000007
    endloop
  endfacet
  facet normal 0 0 -1
    outer loop
      vertex -21.061833855844927 24.745053158375285 12.820000000000007
      vertex -21.1 25.23 12.820000000000007
      vertex -21.061833855844927 25.714946841624716 12.820000000000007
    endloop
  endfacet
  facet normal 0 0 -1
    outer loop
      vertex -20.507952682562337 23.407865717893333 12.820000000000007
      vertex -20.762120224983942 23.822629450807405 12.820000000000007
      vertex -20.762120224983942 26.637370549192596 12.820000000000007
    endloop
  endfacet
  facet normal 0 0 -1
    outer loop
      vertex -19.822134282106667 22.722047317437664 12.820000000000007
      vertex -19.514711091120226 24.45821615044277 12.820000000000007
      vertex -19.407370549192596 22.46787977501606 12.820000000000007
    endloop
  endfacet
  facet normal 0 0 -1
    outer loop
      vertex -19.407370549192596 22.46787977501606 12.820000000000007
      vertex -18.999234928897206 23.854671109562588 12.820000000000007
      vertex -18.957952682562336 22.281724799485026 12.820000000000007
    endloop
  endfacet
  facet normal 0 0 -1
    outer loop
      vertex -18.957952682562336 22.281724799485026 12.820000000000007
      vertex -18.77178384955723 23.715288908879774 12.820000000000007
      vertex -18.52532889043741 23.61320392229824 12.820000000000007
    endloop
  endfacet
  facet normal 0 0 -1
    outer loop
      vertex -19.407370549192596 22.46787977501606 12.820000000000007
      vertex -19.514711091120226 24.45821615044277 12.820000000000007
      vertex -19.37532889043741 24.230765071102795 12.820000000000007
    endloop
  endfacet
  facet normal 0 0 -1
    outer loop
      vertex -19.407370549192596 22.46787977501606 12.820000000000007
      vertex -19.202081528017132 24.02791847198287 12.820000000000007
      vertex -18.999234928897206 23.854671109562588 12.820000000000007
    endloop
  endfacet
  facet normal 0 0 -1
    outer loop
      vertex -18.957952682562336 22.281724799485026 12.820000000000007
      vertex -18.999234928897206 23.854671109562588 12.820000000000007
      vertex -18.77178384955723 23.715288908879774 12.820000000000007
    endloop
  endfacet
  facet normal 0 0 -1
    outer loop
      vertex -19.407370549192596 22.46787977501606 12.820000000000007
      vertex -19.37532889043741 24.230765071102795 12.820000000000007
      vertex -19.202081528017132 24.02791847198287 12.820000000000007
    endloop
  endfacet
  facet normal 0 0 -1
    outer loop
      vertex -18.484946841624716 22.168166144155073 12.820000000000007
      vertex -18.957952682562336 22.281724799485026 12.820000000000007
      vertex -18.52532889043741 23.61320392229824 12.820000000000007
    endloop
  endfacet
  facet normal 0 0 -1
    outer loop
      vertex -18.484946841624716 22.168166144155073 12.820000000000007
      vertex -18 23.53 12.820000000000007
      vertex -18 22.13 12.820000000000007
    endloop
  endfacet
  facet normal 0 0 -1
    outer loop
      vertex -18.484946841624716 22.168166144155073 12.820000000000007
      vertex -18.52532889043741 23.61320392229824 12.820000000000007
      vertex -18.265938590568393 23.550929820988266 12.820000000000007
    endloop
  endfacet
  facet normal 0 0 -1
    outer loop
      vertex -18.484946841624716 22.168166144155073 12.820000000000007
      vertex -18.265938590568393 23.550929820988266 12.820000000000007
      vertex -18 23.53 12.820000000000007
    endloop
  endfacet
  facet normal 0 0 -1
    outer loop
      vertex -18 22.13 12.820000000000007
      vertex -17.734061409431607 23.550929820988266 12.820000000000007
      vertex -17.515053158375284 22.168166144155073 12.820000000000007
    endloop
  endfacet
  facet normal 0 0 -1
    outer loop
      vertex -17.515053158375284 22.168166144155073 12.820000000000007
      vertex -17.47467110956259 23.61320392229824 12.820000000000007
      vertex -17.042047317437664 22.281724799485026 12.820000000000007
    endloop
  endfacet
  facet normal 0 0 -1
    outer loop
      vertex -18 22.13 12.820000000000007
      vertex -18 23.53 12.820000000000007
      vertex -17.734061409431607 23.550929820988266 12.820000000000007
    endloop
  endfacet
  facet normal 0 0 -1
    outer loop
      vertex -17.515053158375284 22.168166144155073 12.820000000000007
      vertex -17.734061409431607 23.550929820988266 12.820000000000007
      vertex -17.47467110956259 23.61320392229824 12.820000000000007
    endloop
  endfacet
  facet normal 0 0 -1
    outer loop
      vertex -19.822134282106667 22.722047317437664 12.820000000000007
      vertex -19.61679607770176 24.70467110956259 12.820000000000007
      vertex -19.514711091120226 24.45821615044277 12.820000000000007
    endloop
  endfacet
  facet normal 0 0 -1
    outer loop
      vertex -19.822134282106667 22.722047317437664 12.820000000000007
      vertex -19.679070179011735 24.964061409431608 12.820000000000007
      vertex -19.61679607770176 24.70467110956259 12.820000000000007
    endloop
  endfacet
  facet normal 0 0 -1
    outer loop
      vertex -19.822134282106667 22.722047317437664 12.820000000000007
      vertex -20.192031021678297 23.037968978321704 12.820000000000007
      vertex -20.192031021678297 27.422031021678297 12.820000000000007
    endloop
  endfacet
  facet normal 0 0 -1
    outer loop
      vertex -19.822134282106667 22.722047317437664 12.820000000000007
      vertex -19.7 25.23 12.820000000000007
      vertex -19.679070179011735 24.964061409431608 12.820000000000007
    endloop
  endfacet
  facet normal 0 0 -1
    outer loop
      vertex -19.822134282106667 22.722047317437664 12.820000000000007
      vertex -19.822134282106667 27.737952682562337 12.820000000000007
      vertex -19.7 25.23 12.820000000000007
    endloop
  endfacet
  facet normal 0 0 -1
    outer loop
      vertex -17.042047317437664 22.281724799485026 12.820000000000007
      vertex -17.000765071102794 23.854671109562588 12.820000000000007
      vertex -16.592629450807404 22.46787977501606 12.820000000000007
    endloop
  endfacet
  facet normal 0 0 -1
    outer loop
      vertex -17.042047317437664 22.281724799485026 12.820000000000007
      vertex -17.47467110956259 23.61320392229824 12.820000000000007
      vertex -17.22821615044277 23.715288908879774 12.820000000000007
    endloop
  endfacet
  facet normal 0 0 -1
    outer loop
      vertex -16.592629450807404 22.46787977501606 12.820000000000007
      vertex -16.485288908879774 24.45821615044277 12.820000000000007
      vertex -16.177865717893333 22.722047317437664 12.820000000000007
    endloop
  endfacet
  facet normal 0 0 -1
    outer loop
      vertex -17.042047317437664 22.281724799485026 12.820000000000007
      vertex -17.22821615044277 23.715288908879774 12.820000000000007
      vertex -17.000765071102794 23.854671109562588 12.820000000000007
    endloop
  endfacet
  facet normal 0 0 -1
    outer loop
      vertex -16.592629450807404 22.46787977501606 12.820000000000007
      vertex -17.000765071102794 23.854671109562588 12.820000000000007
      vertex -16.797918471982868 24.02791847198287 12.820000000000007
    endloop
  endfacet
  facet normal 0 0 -1
    outer loop
      vertex -16.592629450807404 22.46787977501606 12.820000000000007
      vertex -16.797918471982868 24.02791847198287 12.820000000000007
      vertex -16.62467110956259 24.230765071102795 12.820000000000007
    endloop
  endfacet
  facet normal 0 0 -1
    outer loop
      vertex -16.592629450807404 22.46787977501606 12.820000000000007
      vertex -16.62467110956259 24.230765071102795 12.820000000000007
      vertex -16.485288908879774 24.45821615044277 12.820000000000007
    endloop
  endfacet
  facet normal 0 0 -1
    outer loop
      vertex -16.177865717893333 22.722047317437664 12.820000000000007
      vertex -16.485288908879774 24.45821615044277 12.820000000000007
      vertex -16.38320392229824 24.70467110956259 12.820000000000007
    endloop
  endfacet
  facet normal 0 0 -1
    outer loop
      vertex -16.177865717893333 22.722047317437664 12.820000000000007
      vertex -16.38320392229824 24.70467110956259 12.820000000000007
      vertex -16.320929820988265 24.964061409431608 12.820000000000007
    endloop
  endfacet
  facet normal 0 0 -1
    outer loop
      vertex -16.177865717893333 22.722047317437664 12.820000000000007
      vertex -16.320929820988265 24.964061409431608 12.820000000000007
      vertex -16.3 25.23 12.820000000000007
    endloop
  endfacet
  facet normal 0 0 -1
    outer loop
      vertex -16.177865717893333 22.722047317437664 12.820000000000007
      vertex -16.177865717893333 27.737952682562337 12.820000000000007
      vertex -15.807968978321703 23.037968978321704 12.820000000000007
    endloop
  endfacet
  facet normal 0 0 -1
    outer loop
      vertex -16.177865717893333 22.722047317437664 12.820000000000007
      vertex -16.3 25.23 12.820000000000007
      vertex -16.177865717893333 27.737952682562337 12.820000000000007
    endloop
  endfacet
  facet normal 0 0 -1
    outer loop
      vertex -15.807968978321703 23.037968978321704 12.820000000000007
      vertex -15.807968978321703 27.422031021678297 12.820000000000007
      vertex -15.492047317437663 23.407865717893333 12.820000000000007
    endloop
  endfacet
  facet normal 0 0 -1
    outer loop
      vertex -15.492047317437663 23.407865717893333 12.820000000000007
      vertex -15.492047317437663 27.052134282106667 12.820000000000007
      vertex -15.23787977501606 23.822629450807405 12.820000000000007
    endloop
  endfacet
  facet normal 0 0 -1
    outer loop
      vertex -15.23787977501606 23.822629450807405 12.820000000000007
      vertex -15.23787977501606 26.637370549192596 12.820000000000007
      vertex -15.051724799485024 24.272047317437664 12.820000000000007
    endloop
  endfacet
  facet normal 0 0 -1
    outer loop
      vertex -15.051724799485024 24.272047317437664 12.820000000000007
      vertex -15.051724799485024 26.187952682562337 12.820000000000007
      vertex -14.938166144155073 24.745053158375285 12.820000000000007
    endloop
  endfacet
  facet normal 0 0 -1
    outer loop
      vertex -14.938166144155073 24.745053158375285 12.820000000000007
      vertex -14.938166144155073 25.714946841624716 12.820000000000007
      vertex -14.9 25.23 12.820000000000007
    endloop
  endfacet
  facet normal 0 0 -1
    outer loop
      vertex -20.948275200514978 24.272047317437664 12.820000000000007
      vertex -21.061833855844927 25.714946841624716 12.820000000000007
      vertex -20.948275200514978 26.187952682562337 12.820000000000007
    endloop
  endfacet
  facet normal 0 0 -1
    outer loop
      vertex -20.762120224983942 23.822629450807405 12.820000000000007
      vertex -20.948275200514978 26.187952682562337 12.820000000000007
      vertex -20.762120224983942 26.637370549192596 12.820000000000007
    endloop
  endfacet
  facet normal 0 0 -1
    outer loop
      vertex -20.507952682562337 23.407865717893333 12.820000000000007
      vertex -20.762120224983942 26.637370549192596 12.820000000000007
      vertex -20.507952682562337 27.052134282106667 12.820000000000007
    endloop
  endfacet
  facet normal 0 0 -1
    outer loop
      vertex -20.192031021678297 23.037968978321704 12.820000000000007
      vertex -20.507952682562337 27.052134282106667 12.820000000000007
      vertex -20.192031021678297 27.422031021678297 12.820000000000007
    endloop
  endfacet
  facet normal 0 0 -1
    outer loop
      vertex -19.822134282106667 22.722047317437664 12.820000000000007
      vertex -20.192031021678297 27.422031021678297 12.820000000000007
      vertex -19.822134282106667 27.737952682562337 12.820000000000007
    endloop
  endfacet
  facet normal 0 0 -1
    outer loop
      vertex -19.7 25.23 12.820000000000007
      vertex -19.822134282106667 27.737952682562337 12.820000000000007
      vertex -19.679070179011735 25.495938590568393 12.820000000000007
    endloop
  endfacet
  facet normal 0 0 -1
    outer loop
      vertex -19.679070179011735 25.495938590568393 12.820000000000007
      vertex -19.822134282106667 27.737952682562337 12.820000000000007
      vertex -19.61679607770176 25.75532889043741 12.820000000000007
    endloop
  endfacet
  facet normal 0 0 -1
    outer loop
      vertex -19.61679607770176 25.75532889043741 12.820000000000007
      vertex -19.822134282106667 27.737952682562337 12.820000000000007
      vertex -19.514711091120226 26.00178384955723 12.820000000000007
    endloop
  endfacet
  facet normal 0 0 -1
    outer loop
      vertex -19.514711091120226 26.00178384955723 12.820000000000007
      vertex -19.407370549192596 27.992120224983942 12.820000000000007
      vertex -19.37532889043741 26.229234928897206 12.820000000000007
    endloop
  endfacet
  facet normal 0 0 -1
    outer loop
      vertex -19.514711091120226 26.00178384955723 12.820000000000007
      vertex -19.822134282106667 27.737952682562337 12.820000000000007
      vertex -19.407370549192596 27.992120224983942 12.820000000000007
    endloop
  endfacet
  facet normal 0 0 -1
    outer loop
      vertex -19.37532889043741 26.229234928897206 12.820000000000007
      vertex -19.407370549192596 27.992120224983942 12.820000000000007
      vertex -19.202081528017132 26.432081528017132 12.820000000000007
    endloop
  endfacet
  facet normal 0 0 -1
    outer loop
      vertex -19.202081528017132 26.432081528017132 12.820000000000007
      vertex -19.407370549192596 27.992120224983942 12.820000000000007
      vertex -18.999234928897206 26.605328890437413 12.820000000000007
    endloop
  endfacet
  facet normal 0 0 -1
    outer loop
      vertex -18.999234928897206 26.605328890437413 12.820000000000007
      vertex -18.957952682562336 28.178275200514975 12.820000000000007
      vertex -18.77178384955723 26.744711091120227 12.820000000000007
    endloop
  endfacet
  facet normal 0 0 -1
    outer loop
      vertex -18.77178384955723 26.744711091120227 12.820000000000007
      vertex -18.957952682562336 28.178275200514975 12.820000000000007
      vertex -18.52532889043741 26.84679607770176 12.820000000000007
    endloop
  endfacet
  facet normal 0 0 -1
    outer loop
      vertex -18.999234928897206 26.605328890437413 12.820000000000007
      vertex -19.407370549192596 27.992120224983942 12.820000000000007
      vertex -18.957952682562336 28.178275200514975 12.820000000000007
    endloop
  endfacet
  facet normal 0 0 -1
    outer loop
      vertex -18.52532889043741 26.84679607770176 12.820000000000007
      vertex -18.484946841624716 28.291833855844928 12.820000000000007
      vertex -18.265938590568393 26.909070179011735 12.820000000000007
    endloop
  endfacet
  facet normal 0 0 -1
    outer loop
      vertex -18.265938590568393 26.909070179011735 12.820000000000007
      vertex -18 28.330000000000002 12.820000000000007
      vertex -18 26.93 12.820000000000007
    endloop
  endfacet
  facet normal 0 0 -1
    outer loop
      vertex -18.52532889043741 26.84679607770176 12.820000000000007
      vertex -18.957952682562336 28.178275200514975 12.820000000000007
      vertex -18.484946841624716 28.291833855844928 12.820000000000007
    endloop
  endfacet
  facet normal 0 0 -1
    outer loop
      vertex -18.484946841624716 28.291833855844928 12.820000000000007
      vertex -18 28.330000000000002 12.820000000000007
      vertex -18.265938590568393 26.909070179011735 12.820000000000007
    endloop
  endfacet
  facet normal 0 0 -1
    outer loop
      vertex -18 26.93 12.820000000000007
      vertex -17.515053158375284 28.291833855844928 12.820000000000007
      vertex -17.734061409431607 26.909070179011735 12.820000000000007
    endloop
  endfacet
  facet normal 0 0 -1
    outer loop
      vertex -17.47467110956259 26.84679607770176 12.820000000000007
      vertex -17.734061409431607 26.909070179011735 12.820000000000007
      vertex -17.515053158375284 28.291833855844928 12.820000000000007
    endloop
  endfacet
  facet normal 0 0 -1
    outer loop
      vertex -18 26.93 12.820000000000007
      vertex -18 28.330000000000002 12.820000000000007
      vertex -17.515053158375284 28.291833855844928 12.820000000000007
    endloop
  endfacet
  facet normal 0 0 -1
    outer loop
      vertex -17.47467110956259 26.84679607770176 12.820000000000007
      vertex -17.515053158375284 28.291833855844928 12.820000000000007
      vertex -17.042047317437664 28.178275200514975 12.820000000000007
    endloop
  endfacet
  facet normal 0 0 -1
    outer loop
      vertex -16.3 25.23 12.820000000000007
      vertex -16.320929820988265 25.495938590568393 12.820000000000007
      vertex -16.177865717893333 27.737952682562337 12.820000000000007
    endloop
  endfacet
  facet normal 0 0 -1
    outer loop
      vertex -15.807968978321703 23.037968978321704 12.820000000000007
      vertex -16.177865717893333 27.737952682562337 12.820000000000007
      vertex -15.807968978321703 27.422031021678297 12.820000000000007
    endloop
  endfacet
  facet normal 0 0 -1
    outer loop
      vertex -16.320929820988265 25.495938590568393 12.820000000000007
      vertex -16.38320392229824 25.75532889043741 12.820000000000007
      vertex -16.177865717893333 27.737952682562337 12.820000000000007
    endloop
  endfacet
  facet normal 0 0 -1
    outer loop
      vertex -16.38320392229824 25.75532889043741 12.820000000000007
      vertex -16.485288908879774 26.00178384955723 12.820000000000007
      vertex -16.177865717893333 27.737952682562337 12.820000000000007
    endloop
  endfacet
  facet normal 0 0 -1
    outer loop
      vertex -15.051724799485024 24.272047317437664 12.820000000000007
      vertex -15.23787977501606 26.637370549192596 12.820000000000007
      vertex -15.051724799485024 26.187952682562337 12.820000000000007
    endloop
  endfacet
  facet normal 0 0 -1
    outer loop
      vertex -15.23787977501606 23.822629450807405 12.820000000000007
      vertex -15.492047317437663 27.052134282106667 12.820000000000007
      vertex -15.23787977501606 26.637370549192596 12.820000000000007
    endloop
  endfacet
  facet normal 0 0 -1
    outer loop
      vertex -14.938166144155073 24.745053158375285 12.820000000000007
      vertex -15.051724799485024 26.187952682562337 12.820000000000007
      vertex -14.938166144155073 25.714946841624716 12.820000000000007
    endloop
  endfacet
  facet normal 0 0 -1
    outer loop
      vertex -15.492047317437663 23.407865717893333 12.820000000000007
      vertex -15.807968978321703 27.422031021678297 12.820000000000007
      vertex -15.492047317437663 27.052134282106667 12.820000000000007
    endloop
  endfacet
  facet normal 0 0 -1
    outer loop
      vertex -16.485288908879774 26.00178384955723 12.820000000000007
      vertex -16.62467110956259 26.229234928897206 12.820000000000007
      vertex -16.592629450807404 27.992120224983942 12.820000000000007
    endloop
  endfacet
  facet normal 0 0 -1
    outer loop
      vertex -16.62467110956259 26.229234928897206 12.820000000000007
      vertex -16.797918471982868 26.432081528017132 12.820000000000007
      vertex -16.592629450807404 27.992120224983942 12.820000000000007
    endloop
  endfacet
  facet normal 0 0 -1
    outer loop
      vertex -17.22821615044277 26.744711091120227 12.820000000000007
      vertex -17.042047317437664 28.178275200514975 12.820000000000007
      vertex -17.000765071102794 26.605328890437413 12.820000000000007
    endloop
  endfacet
  facet normal 0 0 -1
    outer loop
      vertex -17.47467110956259 26.84679607770176 12.820000000000007
      vertex -17.042047317437664 28.178275200514975 12.820000000000007
      vertex -17.22821615044277 26.744711091120227 12.820000000000007
    endloop
  endfacet
  facet normal 0 0 -1
    outer loop
      vertex -17.000765071102794 26.605328890437413 12.820000000000007
      vertex -16.592629450807404 27.992120224983942 12.820000000000007
      vertex -16.797918471982868 26.432081528017132 12.820000000000007
    endloop
  endfacet
  facet normal 0 0 -1
    outer loop
      vertex -16.485288908879774 26.00178384955723 12.820000000000007
      vertex -16.592629450807404 27.992120224983942 12.820000000000007
      vertex -16.177865717893333 27.737952682562337 12.820000000000007
    endloop
  endfacet
  facet normal 0 0 -1
    outer loop
      vertex -17.000765071102794 26.605328890437413 12.820000000000007
      vertex -17.042047317437664 28.178275200514975 12.820000000000007
      vertex -16.592629450807404 27.992120224983942 12.820000000000007
    endloop
  endfacet
  facet normal 0.5224985647159461 0.8526401643540937 0
    outer loop
      vertex 17.000765071102794 23.854671109562588 12.820000000000007
      vertex 17.000765071102794 23.854671109562588 20.820000000000007
      vertex 17.22821615044277 23.715288908879774 12.820000000000007
    endloop
  endfacet
  facet normal 0.6494480483301854 0.7604059656000295 4.098990170548436e-19
    outer loop
      vertex 17.000765071102794 23.854671109562588 12.820000000000007
      vertex 16.797918471982868 24.02791847198287 12.820000000000007
      vertex 16.797918471982868 24.02791847198287 20.820000000000007
    endloop
  endfacet
  facet normal 0.760405965600036 0.6494480483301777 -5.356776179795295e-20
    outer loop
      vertex 16.797918471982868 24.02791847198287 12.820000000000007
      vertex 16.62467110956259 24.230765071102795 12.820000000000007
      vertex 16.62467110956259 24.230765071102795 20.820000000000007
    endloop
  endfacet
  facet normal 0.852640164354088 0.5224985647159558 9.058507647081963e-19
    outer loop
      vertex 16.62467110956259 24.230765071102795 12.820000000000007
      vertex 16.485288908879774 24.45821615044277 12.820000000000007
      vertex 16.485288908879774 24.45821615044277 20.820000000000007
    endloop
  endfacet
  facet normal 0.9238795325112892 0.38268343236508395 -7.584728914799862e-19
    outer loop
      vertex 16.485288908879774 24.45821615044277 12.820000000000007
      vertex 16.38320392229824 24.70467110956259 12.820000000000007
      vertex 16.38320392229824 24.70467110956259 20.820000000000007
    endloop
  endfacet
  facet normal 0.9723699203976757 0.23344536385590905 5.890865694036504e-19
    outer loop
      vertex 16.38320392229824 24.70467110956259 12.820000000000007
      vertex 16.320929820988265 24.964061409431608 12.820000000000007
      vertex 16.320929820988265 24.964061409431608 20.820000000000007
    endloop
  endfacet
  facet normal 0.9969173337331283 0.07845909572784047 1.1892857068444852e-19
    outer loop
      vertex 16.320929820988265 24.964061409431608 12.820000000000007
      vertex 16.3 25.23 12.820000000000007
      vertex 16.3 25.23 20.820000000000007
    endloop
  endfacet
  facet normal 0.07845909572784047 0.9969173337331283 0
    outer loop
      vertex 17.734061409431607 23.550929820988266 12.820000000000007
      vertex 17.734061409431607 23.550929820988266 20.820000000000007
      vertex 18 23.53 12.820000000000007
    endloop
  endfacet
  facet normal 0.38268343236508395 0.9238795325112892 0
    outer loop
      vertex 17.22821615044277 23.715288908879774 12.820000000000007
      vertex 17.22821615044277 23.715288908879774 20.820000000000007
      vertex 17.47467110956259 23.61320392229824 12.820000000000007
    endloop
  endfacet
  facet normal 0.23344536385590905 0.9723699203976757 0
    outer loop
      vertex 17.47467110956259 23.61320392229824 12.820000000000007
      vertex 17.47467110956259 23.61320392229824 20.820000000000007
      vertex 17.734061409431607 23.550929820988266 12.820000000000007
    endloop
  endfacet
  facet normal -0.07845909572784047 0.9969173337331283 0
    outer loop
      vertex 18 23.53 12.820000000000007
      vertex 18 23.53 20.820000000000007
      vertex 18.265938590568393 23.550929820988266 12.820000000000007
    endloop
  endfacet
  facet normal -0.23344536385590905 0.9723699203976757 0
    outer loop
      vertex 18.265938590568393 23.550929820988266 12.820000000000007
      vertex 18.265938590568393 23.550929820988266 20.820000000000007
      vertex 18.52532889043741 23.61320392229824 12.820000000000007
    endloop
  endfacet
  facet normal -0.38268343236508395 0.9238795325112892 0
    outer loop
      vertex 18.52532889043741 23.61320392229824 12.820000000000007
      vertex 18.52532889043741 23.61320392229824 20.820000000000007
      vertex 18.77178384955723 23.715288908879774 12.820000000000007
    endloop
  endfacet
  facet normal -0.5224985647159461 0.8526401643540937 0
    outer loop
      vertex 18.77178384955723 23.715288908879774 12.820000000000007
      vertex 18.77178384955723 23.715288908879774 20.820000000000007
      vertex 18.999234928897206 23.854671109562588 12.820000000000007
    endloop
  endfacet
  facet normal -0.6494480483301854 0.7604059656000295 0
    outer loop
      vertex 18.999234928897206 23.854671109562588 12.820000000000007
      vertex 18.999234928897206 23.854671109562588 20.820000000000007
      vertex 19.202081528017132 24.02791847198287 12.820000000000007
    endloop
  endfacet
  facet normal -0.760405965600036 0.6494480483301777 0
    outer loop
      vertex 19.202081528017132 24.02791847198287 12.820000000000007
      vertex 19.202081528017132 24.02791847198287 20.820000000000007
      vertex 19.37532889043741 24.230765071102795 12.820000000000007
    endloop
  endfacet
  facet normal -0.852640164354088 0.5224985647159558 0
    outer loop
      vertex 19.37532889043741 24.230765071102795 12.820000000000007
      vertex 19.37532889043741 24.230765071102795 20.820000000000007
      vertex 19.514711091120226 24.45821615044277 12.820000000000007
    endloop
  endfacet
  facet normal -0.9238795325112892 0.38268343236508395 0
    outer loop
      vertex 19.514711091120226 24.45821615044277 12.820000000000007
      vertex 19.514711091120226 24.45821615044277 20.820000000000007
      vertex 19.61679607770176 24.70467110956259 12.820000000000007
    endloop
  endfacet
  facet normal -0.9723699203976757 0.23344536385590905 0
    outer loop
      vertex 19.61679607770176 24.70467110956259 12.820000000000007
      vertex 19.61679607770176 24.70467110956259 20.820000000000007
      vertex 19.679070179011735 24.964061409431608 12.820000000000007
    endloop
  endfacet
  facet normal -0.9969173337331283 0.07845909572784047 0
    outer loop
      vertex 19.679070179011735 24.964061409431608 12.820000000000007
      vertex 19.679070179011735 24.964061409431608 20.820000000000007
      vertex 19.7 25.23 12.820000000000007
    endloop
  endfacet
  facet normal 0.5224985647159461 0.8526401643540937 0
    outer loop
      vertex 17.22821615044277 23.715288908879774 12.820000000000007
      vertex 17.000765071102794 23.854671109562588 20.820000000000007
      vertex 17.22821615044277 23.715288908879774 20.820000000000007
    endloop
  endfacet
  facet normal 0.9238795325112892 0.38268343236508395 0
    outer loop
      vertex 16.485288908879774 24.45821615044277 12.820000000000007
      vertex 16.38320392229824 24.70467110956259 20.820000000000007
      vertex 16.485288908879774 24.45821615044277 20.820000000000007
    endloop
  endfacet
  facet normal 0.760405965600036 0.6494480483301777 0
    outer loop
      vertex 16.797918471982868 24.02791847198287 12.820000000000007
      vertex 16.62467110956259 24.230765071102795 20.820000000000007
      vertex 16.797918471982868 24.02791847198287 20.820000000000007
    endloop
  endfacet
  facet normal 0.6494480483301854 0.7604059656000295 0
    outer loop
      vertex 17.000765071102794 23.854671109562588 12.820000000000007
      vertex 16.797918471982868 24.02791847198287 20.820000000000007
      vertex 17.000765071102794 23.854671109562588 20.820000000000007
    endloop
  endfacet
  facet normal 0.852640164354088 0.5224985647159558 0
    outer loop
      vertex 16.62467110956259 24.230765071102795 12.820000000000007
      vertex 16.485288908879774 24.45821615044277 20.820000000000007
      vertex 16.62467110956259 24.230765071102795 20.820000000000007
    endloop
  endfacet
  facet normal 0.9723699203976757 0.23344536385590905 0
    outer loop
      vertex 16.38320392229824 24.70467110956259 12.820000000000007
      vertex 16.320929820988265 24.964061409431608 20.820000000000007
      vertex 16.38320392229824 24.70467110956259 20.820000000000007
    endloop
  endfacet
  facet normal 0.9969173337331283 0.07845909572784047 0
    outer loop
      vertex 16.320929820988265 24.964061409431608 12.820000000000007
      vertex 16.3 25.23 20.820000000000007
      vertex 16.320929820988265 24.964061409431608 20.820000000000007
    endloop
  endfacet
  facet normal 0.07845909572784047 0.9969173337331283 0
    outer loop
      vertex 18 23.53 12.820000000000007
      vertex 17.734061409431607 23.550929820988266 20.820000000000007
      vertex 18 23.53 20.820000000000007
    endloop
  endfacet
  facet normal 0.38268343236508395 0.9238795325112892 0
    outer loop
      vertex 17.47467110956259 23.61320392229824 12.820000000000007
      vertex 17.22821615044277 23.715288908879774 20.820000000000007
      vertex 17.47467110956259 23.61320392229824 20.820000000000007
    endloop
  endfacet
  facet normal 0.23344536385590905 0.9723699203976757 0
    outer loop
      vertex 17.734061409431607 23.550929820988266 12.820000000000007
      vertex 17.47467110956259 23.61320392229824 20.820000000000007
      vertex 17.734061409431607 23.550929820988266 20.820000000000007
    endloop
  endfacet
  facet normal -0.07845909572784047 0.9969173337331283 0
    outer loop
      vertex 18.265938590568393 23.550929820988266 12.820000000000007
      vertex 18 23.53 20.820000000000007
      vertex 18.265938590568393 23.550929820988266 20.820000000000007
    endloop
  endfacet
  facet normal -0.23344536385590905 0.9723699203976757 0
    outer loop
      vertex 18.52532889043741 23.61320392229824 12.820000000000007
      vertex 18.265938590568393 23.550929820988266 20.820000000000007
      vertex 18.52532889043741 23.61320392229824 20.820000000000007
    endloop
  endfacet
  facet normal -0.38268343236508395 0.9238795325112892 0
    outer loop
      vertex 18.77178384955723 23.715288908879774 12.820000000000007
      vertex 18.52532889043741 23.61320392229824 20.820000000000007
      vertex 18.77178384955723 23.715288908879774 20.820000000000007
    endloop
  endfacet
  facet normal -0.5224985647159461 0.8526401643540937 0
    outer loop
      vertex 18.999234928897206 23.854671109562588 12.820000000000007
      vertex 18.77178384955723 23.715288908879774 20.820000000000007
      vertex 18.999234928897206 23.854671109562588 20.820000000000007
    endloop
  endfacet
  facet normal -0.6494480483301854 0.7604059656000295 0
    outer loop
      vertex 19.202081528017132 24.02791847198287 12.820000000000007
      vertex 18.999234928897206 23.854671109562588 20.820000000000007
      vertex 19.202081528017132 24.02791847198287 20.820000000000007
    endloop
  endfacet
  facet normal -0.760405965600036 0.6494480483301777 0
    outer loop
      vertex 19.37532889043741 24.230765071102795 12.820000000000007
      vertex 19.202081528017132 24.02791847198287 20.820000000000007
      vertex 19.37532889043741 24.230765071102795 20.820000000000007
    endloop
  endfacet
  facet normal -0.852640164354088 0.5224985647159558 0
    outer loop
      vertex 19.514711091120226 24.45821615044277 12.820000000000007
      vertex 19.37532889043741 24.230765071102795 20.820000000000007
      vertex 19.514711091120226 24.45821615044277 20.820000000000007
    endloop
  endfacet
  facet normal -0.9238795325112892 0.38268343236508395 0
    outer loop
      vertex 19.61679607770176 24.70467110956259 12.820000000000007
      vertex 19.514711091120226 24.45821615044277 20.820000000000007
      vertex 19.61679607770176 24.70467110956259 20.820000000000007
    endloop
  endfacet
  facet normal -0.9723699203976757 0.23344536385590905 0
    outer loop
      vertex 19.679070179011735 24.964061409431608 12.820000000000007
      vertex 19.61679607770176 24.70467110956259 20.820000000000007
      vertex 19.679070179011735 24.964061409431608 20.820000000000007
    endloop
  endfacet
  facet normal -0.9969173337331283 0.07845909572784047 0
    outer loop
      vertex 19.7 25.23 12.820000000000007
      vertex 19.679070179011735 24.964061409431608 20.820000000000007
      vertex 19.7 25.23 20.820000000000007
    endloop
  endfacet
  facet normal 0.9969173337331283 -0.07845909572784047 -1.1892857068444852e-19
    outer loop
      vertex 16.3 25.23 12.820000000000007
      vertex 16.320929820988265 25.495938590568393 12.820000000000007
      vertex 16.320929820988265 25.495938590568393 20.820000000000007
    endloop
  endfacet
  facet normal 0.9723699203976757 -0.23344536385590905 -5.890865694036504e-19
    outer loop
      vertex 16.320929820988265 25.495938590568393 12.820000000000007
      vertex 16.38320392229824 25.75532889043741 12.820000000000007
      vertex 16.38320392229824 25.75532889043741 20.820000000000007
    endloop
  endfacet
  facet normal 0.9238795325112892 -0.38268343236508395 7.584728914799862e-19
    outer loop
      vertex 16.38320392229824 25.75532889043741 12.820000000000007
      vertex 16.485288908879774 26.00178384955723 12.820000000000007
      vertex 16.485288908879774 26.00178384955723 20.820000000000007
    endloop
  endfacet
  facet normal 0.852640164354088 -0.5224985647159558 -9.058507647081963e-19
    outer loop
      vertex 16.485288908879774 26.00178384955723 12.820000000000007
      vertex 16.62467110956259 26.229234928897206 12.820000000000007
      vertex 16.62467110956259 26.229234928897206 20.820000000000007
    endloop
  endfacet
  facet normal 0.760405965600036 -0.6494480483301777 5.356776179795295e-20
    outer loop
      vertex 16.62467110956259 26.229234928897206 12.820000000000007
      vertex 16.797918471982868 26.432081528017132 12.820000000000007
      vertex 16.797918471982868 26.432081528017132 20.820000000000007
    endloop
  endfacet
  facet normal 0.6494480483301854 -0.7604059656000295 -4.098990170548436e-19
    outer loop
      vertex 16.797918471982868 26.432081528017132 12.820000000000007
      vertex 17.000765071102794 26.605328890437413 12.820000000000007
      vertex 17.000765071102794 26.605328890437413 20.820000000000007
    endloop
  endfacet
  facet normal 0.5224985647159461 -0.8526401643540937 8.663474692297491e-19
    outer loop
      vertex 17.000765071102794 26.605328890437413 12.820000000000007
      vertex 17.22821615044277 26.744711091120227 12.820000000000007
      vertex 17.22821615044277 26.744711091120227 20.820000000000007
    endloop
  endfacet
  facet normal -0.9969173337331283 -0.07845909572784047 0
    outer loop
      vertex 19.7 25.23 12.820000000000007
      vertex 19.7 25.23 20.820000000000007
      vertex 19.679070179011735 25.495938590568393 12.820000000000007
    endloop
  endfacet
  facet normal -0.9723699203976757 -0.23344536385590905 0
    outer loop
      vertex 19.679070179011735 25.495938590568393 12.820000000000007
      vertex 19.679070179011735 25.495938590568393 20.820000000000007
      vertex 19.61679607770176 25.75532889043741 12.820000000000007
    endloop
  endfacet
  facet normal -0.9238795325112892 -0.38268343236508395 0
    outer loop
      vertex 19.61679607770176 25.75532889043741 12.820000000000007
      vertex 19.61679607770176 25.75532889043741 20.820000000000007
      vertex 19.514711091120226 26.00178384955723 12.820000000000007
    endloop
  endfacet
  facet normal -0.760405965600036 -0.6494480483301777 0
    outer loop
      vertex 19.37532889043741 26.229234928897206 12.820000000000007
      vertex 19.37532889043741 26.229234928897206 20.820000000000007
      vertex 19.202081528017132 26.432081528017132 12.820000000000007
    endloop
  endfacet
  facet normal -0.6494480483301854 -0.7604059656000295 4.098990170548436e-19
    outer loop
      vertex 18.999234928897206 26.605328890437413 12.820000000000007
      vertex 19.202081528017132 26.432081528017132 12.820000000000007
      vertex 19.202081528017132 26.432081528017132 20.820000000000007
    endloop
  endfacet
  facet normal -0.852640164354088 -0.5224985647159558 0
    outer loop
      vertex 19.514711091120226 26.00178384955723 12.820000000000007
      vertex 19.514711091120226 26.00178384955723 20.820000000000007
      vertex 19.37532889043741 26.229234928897206 12.820000000000007
    endloop
  endfacet
  facet normal 0.38268343236508395 -0.9238795325112892 7.584728914799862e-19
    outer loop
      vertex 17.22821615044277 26.744711091120227 12.820000000000007
      vertex 17.47467110956259 26.84679607770176 12.820000000000007
      vertex 17.47467110956259 26.84679607770176 20.820000000000007
    endloop
  endfacet
  facet normal 0.23344536385590905 -0.9723699203976757 -5.890865694036504e-19
    outer loop
      vertex 17.47467110956259 26.84679607770176 12.820000000000007
      vertex 17.734061409431607 26.909070179011735 12.820000000000007
      vertex 17.734061409431607 26.909070179011735 20.820000000000007
    endloop
  endfacet
  facet normal 0.07845909572784047 -0.9969173337331283 -1.1892857068444852e-19
    outer loop
      vertex 17.734061409431607 26.909070179011735 12.820000000000007
      vertex 18 26.93 12.820000000000007
      vertex 18 26.93 20.820000000000007
    endloop
  endfacet
  facet normal -0.07845909572784047 -0.9969173337331283 1.1892857068444852e-19
    outer loop
      vertex 18 26.93 12.820000000000007
      vertex 18.265938590568393 26.909070179011735 12.820000000000007
      vertex 18.265938590568393 26.909070179011735 20.820000000000007
    endloop
  endfacet
  facet normal -0.23344536385590905 -0.9723699203976757 5.890865694036504e-19
    outer loop
      vertex 18.265938590568393 26.909070179011735 12.820000000000007
      vertex 18.52532889043741 26.84679607770176 12.820000000000007
      vertex 18.52532889043741 26.84679607770176 20.820000000000007
    endloop
  endfacet
  facet normal -0.38268343236508395 -0.9238795325112892 -7.584728914799862e-19
    outer loop
      vertex 18.52532889043741 26.84679607770176 12.820000000000007
      vertex 18.77178384955723 26.744711091120227 12.820000000000007
      vertex 18.77178384955723 26.744711091120227 20.820000000000007
    endloop
  endfacet
  facet normal -0.5224985647159461 -0.8526401643540937 0
    outer loop
      vertex 18.999234928897206 26.605328890437413 12.820000000000007
      vertex 18.999234928897206 26.605328890437413 20.820000000000007
      vertex 18.77178384955723 26.744711091120227 12.820000000000007
    endloop
  endfacet
  facet normal 0.9969173337331283 -0.07845909572784047 0
    outer loop
      vertex 16.3 25.23 12.820000000000007
      vertex 16.320929820988265 25.495938590568393 20.820000000000007
      vertex 16.3 25.23 20.820000000000007
    endloop
  endfacet
  facet normal 0.9723699203976757 -0.23344536385590905 0
    outer loop
      vertex 16.320929820988265 25.495938590568393 12.820000000000007
      vertex 16.38320392229824 25.75532889043741 20.820000000000007
      vertex 16.320929820988265 25.495938590568393 20.820000000000007
    endloop
  endfacet
  facet normal 0.9238795325112892 -0.38268343236508395 0
    outer loop
      vertex 16.38320392229824 25.75532889043741 12.820000000000007
      vertex 16.485288908879774 26.00178384955723 20.820000000000007
      vertex 16.38320392229824 25.75532889043741 20.820000000000007
    endloop
  endfacet
  facet normal 0.852640164354088 -0.5224985647159558 0
    outer loop
      vertex 16.485288908879774 26.00178384955723 12.820000000000007
      vertex 16.62467110956259 26.229234928897206 20.820000000000007
      vertex 16.485288908879774 26.00178384955723 20.820000000000007
    endloop
  endfacet
  facet normal 0.760405965600036 -0.6494480483301777 0
    outer loop
      vertex 16.62467110956259 26.229234928897206 12.820000000000007
      vertex 16.797918471982868 26.432081528017132 20.820000000000007
      vertex 16.62467110956259 26.229234928897206 20.820000000000007
    endloop
  endfacet
  facet normal 0.6494480483301854 -0.7604059656000295 0
    outer loop
      vertex 16.797918471982868 26.432081528017132 12.820000000000007
      vertex 17.000765071102794 26.605328890437413 20.820000000000007
      vertex 16.797918471982868 26.432081528017132 20.820000000000007
    endloop
  endfacet
  facet normal 0.5224985647159461 -0.8526401643540937 0
    outer loop
      vertex 17.000765071102794 26.605328890437413 12.820000000000007
      vertex 17.22821615044277 26.744711091120227 20.820000000000007
      vertex 17.000765071102794 26.605328890437413 20.820000000000007
    endloop
  endfacet
  facet normal -0.9969173337331283 -0.07845909572784047 0
    outer loop
      vertex 19.679070179011735 25.495938590568393 12.820000000000007
      vertex 19.7 25.23 20.820000000000007
      vertex 19.679070179011735 25.495938590568393 20.820000000000007
    endloop
  endfacet
  facet normal -0.9723699203976757 -0.23344536385590905 0
    outer loop
      vertex 19.61679607770176 25.75532889043741 12.820000000000007
      vertex 19.679070179011735 25.495938590568393 20.820000000000007
      vertex 19.61679607770176 25.75532889043741 20.820000000000007
    endloop
  endfacet
  facet normal -0.9238795325112892 -0.38268343236508395 0
    outer loop
      vertex 19.514711091120226 26.00178384955723 12.820000000000007
      vertex 19.61679607770176 25.75532889043741 20.820000000000007
      vertex 19.514711091120226 26.00178384955723 20.820000000000007
    endloop
  endfacet
  facet normal -0.760405965600036 -0.6494480483301777 0
    outer loop
      vertex 19.202081528017132 26.432081528017132 12.820000000000007
      vertex 19.37532889043741 26.229234928897206 20.820000000000007
      vertex 19.202081528017132 26.432081528017132 20.820000000000007
    endloop
  endfacet
  facet normal -0.6494480483301854 -0.7604059656000295 0
    outer loop
      vertex 18.999234928897206 26.605328890437413 12.820000000000007
      vertex 19.202081528017132 26.432081528017132 20.820000000000007
      vertex 18.999234928897206 26.605328890437413 20.820000000000007
    endloop
  endfacet
  facet normal -0.852640164354088 -0.5224985647159558 0
    outer loop
      vertex 19.37532889043741 26.229234928897206 12.820000000000007
      vertex 19.514711091120226 26.00178384955723 20.820000000000007
      vertex 19.37532889043741 26.229234928897206 20.820000000000007
    endloop
  endfacet
  facet normal 0.38268343236508395 -0.9238795325112892 0
    outer loop
      vertex 17.22821615044277 26.744711091120227 12.820000000000007
      vertex 17.47467110956259 26.84679607770176 20.820000000000007
      vertex 17.22821615044277 26.744711091120227 20.820000000000007
    endloop
  endfacet
  facet normal 0.23344536385590905 -0.9723699203976757 0
    outer loop
      vertex 17.47467110956259 26.84679607770176 12.820000000000007
      vertex 17.734061409431607 26.909070179011735 20.820000000000007
      vertex 17.47467110956259 26.84679607770176 20.820000000000007
    endloop
  endfacet
  facet normal 0.07845909572784047 -0.9969173337331283 0
    outer loop
      vertex 17.734061409431607 26.909070179011735 12.820000000000007
      vertex 18 26.93 20.820000000000007
      vertex 17.734061409431607 26.909070179011735 20.820000000000007
    endloop
  endfacet
  facet normal -0.07845909572784047 -0.9969173337331283 0
    outer loop
      vertex 18 26.93 12.820000000000007
      vertex 18.265938590568393 26.909070179011735 20.820000000000007
      vertex 18 26.93 20.820000000000007
    endloop
  endfacet
  facet normal -0.23344536385590905 -0.9723699203976757 0
    outer loop
      vertex 18.265938590568393 26.909070179011735 12.820000000000007
      vertex 18.52532889043741 26.84679607770176 20.820000000000007
      vertex 18.265938590568393 26.909070179011735 20.820000000000007
    endloop
  endfacet
  facet normal -0.38268343236508395 -0.9238795325112892 0
    outer loop
      vertex 18.52532889043741 26.84679607770176 12.820000000000007
      vertex 18.77178384955723 26.744711091120227 20.820000000000007
      vertex 18.52532889043741 26.84679607770176 20.820000000000007
    endloop
  endfacet
  facet normal -0.5224985647159461 -0.8526401643540937 0
    outer loop
      vertex 18.77178384955723 26.744711091120227 12.820000000000007
      vertex 18.999234928897206 26.605328890437413 20.820000000000007
      vertex 18.77178384955723 26.744711091120227 20.820000000000007
    endloop
  endfacet
  facet normal 0.38268343236508234 0.9238795325112897 0
    outer loop
      vertex 16.592629450807404 22.46787977501606 12.820000000000007
      vertex 17.042047317437664 22.281724799485026 0
      vertex 16.592629450807404 22.46787977501606 0
    endloop
  endfacet
  facet normal 0.23344536385591036 0.9723699203976754 0
    outer loop
      vertex 17.042047317437664 22.281724799485026 12.820000000000007
      vertex 17.515053158375284 22.168166144155073 0
      vertex 17.042047317437664 22.281724799485026 0
    endloop
  endfacet
  facet normal 0.7604059656000294 0.6494480483301854 0
    outer loop
      vertex 15.492047317437663 23.407865717893333 12.820000000000007
      vertex 15.807968978321703 23.037968978321704 0
      vertex 15.492047317437663 23.407865717893333 0
    endloop
  endfacet
  facet normal 0.852640164354092 0.5224985647159492 0
    outer loop
      vertex 15.23787977501606 23.822629450807405 12.820000000000007
      vertex 15.492047317437663 23.407865717893333 0
      vertex 15.23787977501606 23.822629450807405 0
    endloop
  endfacet
  facet normal 0.5224985647159519 0.8526401643540904 0
    outer loop
      vertex 16.177865717893333 22.722047317437664 12.820000000000007
      vertex 16.592629450807404 22.46787977501606 0
      vertex 16.177865717893333 22.722047317437664 0
    endloop
  endfacet
  facet normal 0.6494480483301854 0.7604059656000294 0
    outer loop
      vertex 15.807968978321703 23.037968978321704 12.820000000000007
      vertex 16.177865717893333 22.722047317437664 0
      vertex 15.807968978321703 23.037968978321704 0
    endloop
  endfacet
  facet normal 0.9723699203976762 0.2334453638559069 0
    outer loop
      vertex 14.938166144155073 24.745053158375285 12.820000000000007
      vertex 15.051724799485024 24.272047317437664 0
      vertex 14.938166144155073 24.745053158375285 0
    endloop
  endfacet
  facet normal 0.9238795325112873 0.38268343236508867 0
    outer loop
      vertex 15.051724799485024 24.272047317437664 12.820000000000007
      vertex 15.23787977501606 23.822629450807405 0
      vertex 15.051724799485024 24.272047317437664 0
    endloop
  endfacet
  facet normal 0.9969173337331281 0.07845909572784333 0
    outer loop
      vertex 14.9 25.23 12.820000000000007
      vertex 14.938166144155073 24.745053158375285 0
      vertex 14.9 25.23 0
    endloop
  endfacet
  facet normal 0.07845909572784696 0.9969173337331277 0
    outer loop
      vertex 17.515053158375284 22.168166144155073 12.820000000000007
      vertex 18 22.13 0
      vertex 17.515053158375284 22.168166144155073 0
    endloop
  endfacet
  facet normal -0.07845909572784696 0.9969173337331277 0
    outer loop
      vertex 18 22.13 12.820000000000007
      vertex 18.484946841624716 22.168166144155073 0
      vertex 18 22.13 0
    endloop
  endfacet
  facet normal -0.23344536385591036 0.9723699203976754 0
    outer loop
      vertex 18.484946841624716 22.168166144155073 12.820000000000007
      vertex 18.957952682562336 22.281724799485026 0
      vertex 18.484946841624716 22.168166144155073 0
    endloop
  endfacet
  facet normal -0.38268343236508234 0.9238795325112897 0
    outer loop
      vertex 18.957952682562336 22.281724799485026 12.820000000000007
      vertex 19.407370549192596 22.46787977501606 0
      vertex 18.957952682562336 22.281724799485026 0
    endloop
  endfacet
  facet normal -0.5224985647159519 0.8526401643540904 0
    outer loop
      vertex 19.407370549192596 22.46787977501606 12.820000000000007
      vertex 19.822134282106667 22.722047317437664 0
      vertex 19.407370549192596 22.46787977501606 0
    endloop
  endfacet
  facet normal -0.6494480483301854 0.7604059656000294 0
    outer loop
      vertex 19.822134282106667 22.722047317437664 12.820000000000007
      vertex 20.192031021678297 23.037968978321704 0
      vertex 19.822134282106667 22.722047317437664 0
    endloop
  endfacet
  facet normal -0.7604059656000294 0.6494480483301854 0
    outer loop
      vertex 20.192031021678297 23.037968978321704 12.820000000000007
      vertex 20.507952682562337 23.407865717893333 0
      vertex 20.192031021678297 23.037968978321704 0
    endloop
  endfacet
  facet normal -0.8526401643540904 0.5224985647159519 0
    outer loop
      vertex 20.507952682562337 23.407865717893333 12.820000000000007
      vertex 20.762120224983942 23.822629450807405 0
      vertex 20.507952682562337 23.407865717893333 0
    endloop
  endfacet
  facet normal -0.9238795325112873 0.38268343236508867 0
    outer loop
      vertex 20.762120224983942 23.822629450807405 12.820000000000007
      vertex 20.948275200514978 24.272047317437664 0
      vertex 20.762120224983942 23.822629450807405 0
    endloop
  endfacet
  facet normal -0.972369920397677 0.23344536385590345 0
    outer loop
      vertex 20.948275200514978 24.272047317437664 12.820000000000007
      vertex 21.061833855844927 24.745053158375285 0
      vertex 20.948275200514978 24.272047317437664 0
    endloop
  endfacet
  facet normal -0.9969173337331277 0.07845909572784696 0
    outer loop
      vertex 21.061833855844927 24.745053158375285 12.820000000000007
      vertex 21.1 25.23 0
      vertex 21.061833855844927 24.745053158375285 0
    endloop
  endfacet
  facet normal 0.38268343236508234 0.9238795325112897 -7.735678827855358e-19
    outer loop
      vertex 16.592629450807404 22.46787977501606 12.820000000000007
      vertex 17.042047317437664 22.281724799485026 12.820000000000007
      vertex 17.042047317437664 22.281724799485026 0
    endloop
  endfacet
  facet normal 0.7604059656000294 0.6494480483301854 0
    outer loop
      vertex 15.807968978321703 23.037968978321704 12.820000000000007
      vertex 15.807968978321703 23.037968978321704 0
      vertex 15.492047317437663 23.407865717893333 12.820000000000007
    endloop
  endfacet
  facet normal 0.852640164354092 0.5224985647159492 0
    outer loop
      vertex 15.492047317437663 23.407865717893333 12.820000000000007
      vertex 15.492047317437663 23.407865717893333 0
      vertex 15.23787977501606 23.822629450807405 12.820000000000007
    endloop
  endfacet
  facet normal 0.6494480483301854 0.7604059656000294 -1.0870363893991687e-18
    outer loop
      vertex 15.807968978321703 23.037968978321704 12.820000000000007
      vertex 16.177865717893333 22.722047317437664 12.820000000000007
      vertex 16.177865717893333 22.722047317437664 0
    endloop
  endfacet
  facet normal 0.5224985647159519 0.8526401643540904 0
    outer loop
      vertex 16.592629450807404 22.46787977501606 12.820000000000007
      vertex 16.592629450807404 22.46787977501606 0
      vertex 16.177865717893333 22.722047317437664 12.820000000000007
    endloop
  endfacet
  facet normal 0.9723699203976762 0.2334453638559069 0
    outer loop
      vertex 15.051724799485024 24.272047317437664 12.820000000000007
      vertex 15.051724799485024 24.272047317437664 0
      vertex 14.938166144155073 24.745053158375285 12.820000000000007
    endloop
  endfacet
  facet normal 0.9238795325112873 0.38268343236508867 0
    outer loop
      vertex 15.23787977501606 23.822629450807405 12.820000000000007
      vertex 15.23787977501606 23.822629450807405 0
      vertex 15.051724799485024 24.272047317437664 12.820000000000007
    endloop
  endfacet
  facet normal 0.9969173337331281 0.07845909572784333 0
    outer loop
      vertex 14.938166144155073 24.745053158375285 12.820000000000007
      vertex 14.938166144155073 24.745053158375285 0
      vertex 14.9 25.23 12.820000000000007
    endloop
  endfacet
  facet normal 0.07845909572784696 0.9969173337331277 -2.73852196863551e-20
    outer loop
      vertex 17.515053158375284 22.168166144155073 12.820000000000007
      vertex 18 22.13 12.820000000000007
      vertex 18 22.13 0
    endloop
  endfacet
  facet normal 0.23344536385591036 0.9723699203976754 4.758590999796364e-19
    outer loop
      vertex 17.042047317437664 22.281724799485026 12.820000000000007
      vertex 17.515053158375284 22.168166144155073 12.820000000000007
      vertex 17.515053158375284 22.168166144155073 0
    endloop
  endfacet
  facet normal -0.07845909572784696 0.9969173337331277 2.73852196863551e-20
    outer loop
      vertex 18 22.13 12.820000000000007
      vertex 18.484946841624716 22.168166144155073 12.820000000000007
      vertex 18.484946841624716 22.168166144155073 0
    endloop
  endfacet
  facet normal -0.23344536385591036 0.9723699203976754 -4.758590999796364e-19
    outer loop
      vertex 18.484946841624716 22.168166144155073 12.820000000000007
      vertex 18.957952682562336 22.281724799485026 12.820000000000007
      vertex 18.957952682562336 22.281724799485026 0
    endloop
  endfacet
  facet normal -0.38268343236508234 0.9238795325112897 7.735678827855358e-19
    outer loop
      vertex 18.957952682562336 22.281724799485026 12.820000000000007
      vertex 19.407370549192596 22.46787977501606 12.820000000000007
      vertex 19.407370549192596 22.46787977501606 0
    endloop
  endfacet
  facet normal -0.5224985647159519 0.8526401643540904 6.131975936790665e-19
    outer loop
      vertex 19.407370549192596 22.46787977501606 12.820000000000007
      vertex 19.822134282106667 22.722047317437664 12.820000000000007
      vertex 19.822134282106667 22.722047317437664 0
    endloop
  endfacet
  facet normal -0.6494480483301854 0.7604059656000294 1.0870363893991687e-18
    outer loop
      vertex 19.822134282106667 22.722047317437664 12.820000000000007
      vertex 20.192031021678297 23.037968978321704 12.820000000000007
      vertex 20.192031021678297 23.037968978321704 0
    endloop
  endfacet
  facet normal -0.7604059656000294 0.6494480483301854 1.0870363893991687e-18
    outer loop
      vertex 20.192031021678297 23.037968978321704 12.820000000000007
      vertex 20.507952682562337 23.407865717893333 12.820000000000007
      vertex 20.507952682562337 23.407865717893333 0
    endloop
  endfacet
  facet normal -0.8526401643540904 0.5224985647159519 6.131975936790665e-19
    outer loop
      vertex 20.507952682562337 23.407865717893333 12.820000000000007
      vertex 20.762120224983942 23.822629450807405 12.820000000000007
      vertex 20.762120224983942 23.822629450807405 0
    endloop
  endfacet
  facet normal -0.9238795325112873 0.38268343236508867 8.870022699118463e-19
    outer loop
      vertex 20.762120224983942 23.822629450807405 12.820000000000007
      vertex 20.948275200514978 24.272047317437664 12.820000000000007
      vertex 20.948275200514978 24.272047317437664 0
    endloop
  endfacet
  facet normal -0.972369920397677 0.23344536385590345 4.376552728033585e-19
    outer loop
      vertex 20.948275200514978 24.272047317437664 12.820000000000007
      vertex 21.061833855844927 24.745053158375285 12.820000000000007
      vertex 21.061833855844927 24.745053158375285 0
    endloop
  endfacet
  facet normal -0.9969173337331277 0.07845909572784696 2.73852196863551e-20
    outer loop
      vertex 21.061833855844927 24.745053158375285 12.820000000000007
      vertex 21.1 25.23 12.820000000000007
      vertex 21.1 25.23 0
    endloop
  endfacet
  facet normal 0.9969173337331281 -0.07845909572784333 0
    outer loop
      vertex 14.938166144155073 25.714946841624716 12.820000000000007
      vertex 14.9 25.23 0
      vertex 14.938166144155073 25.714946841624716 0
    endloop
  endfacet
  facet normal 0.9723699203976762 -0.2334453638559069 0
    outer loop
      vertex 15.051724799485024 26.187952682562337 12.820000000000007
      vertex 14.938166144155073 25.714946841624716 0
      vertex 15.051724799485024 26.187952682562337 0
    endloop
  endfacet
  facet normal 0.9238795325112873 -0.38268343236508867 0
    outer loop
      vertex 15.23787977501606 26.637370549192596 12.820000000000007
      vertex 15.051724799485024 26.187952682562337 0
      vertex 15.23787977501606 26.637370549192596 0
    endloop
  endfacet
  facet normal 0.852640164354092 -0.5224985647159492 0
    outer loop
      vertex 15.492047317437663 27.052134282106667 12.820000000000007
      vertex 15.23787977501606 26.637370549192596 0
      vertex 15.492047317437663 27.052134282106667 0
    endloop
  endfacet
  facet normal 0.7604059656000294 -0.6494480483301854 0
    outer loop
      vertex 15.807968978321703 27.422031021678297 12.820000000000007
      vertex 15.492047317437663 27.052134282106667 0
      vertex 15.807968978321703 27.422031021678297 0
    endloop
  endfacet
  facet normal 0.6494480483301854 -0.7604059656000294 0
    outer loop
      vertex 16.177865717893333 27.737952682562337 12.820000000000007
      vertex 15.807968978321703 27.422031021678297 0
      vertex 16.177865717893333 27.737952682562337 0
    endloop
  endfacet
  facet normal 0.5224985647159519 -0.8526401643540904 0
    outer loop
      vertex 16.592629450807404 27.992120224983942 12.820000000000007
      vertex 16.177865717893333 27.737952682562337 0
      vertex 16.592629450807404 27.992120224983942 0
    endloop
  endfacet
  facet normal 0.38268343236508234 -0.9238795325112897 0
    outer loop
      vertex 17.042047317437664 28.178275200514975 12.820000000000007
      vertex 16.592629450807404 27.992120224983942 0
      vertex 17.042047317437664 28.178275200514975 0
    endloop
  endfacet
  facet normal -0.6494480483301854 -0.7604059656000294 0
    outer loop
      vertex 20.192031021678297 27.422031021678297 12.820000000000007
      vertex 19.822134282106667 27.737952682562337 0
      vertex 20.192031021678297 27.422031021678297 0
    endloop
  endfacet
  facet normal -0.5224985647159519 -0.8526401643540904 0
    outer loop
      vertex 19.822134282106667 27.737952682562337 12.820000000000007
      vertex 19.407370549192596 27.992120224983942 0
      vertex 19.822134282106667 27.737952682562337 0
    endloop
  endfacet
  facet normal -0.9969173337331277 -0.07845909572784696 0
    outer loop
      vertex 21.1 25.23 12.820000000000007
      vertex 21.061833855844927 25.714946841624716 0
      vertex 21.1 25.23 0
    endloop
  endfacet
  facet normal -0.972369920397677 -0.23344536385590345 0
    outer loop
      vertex 21.061833855844927 25.714946841624716 12.820000000000007
      vertex 20.948275200514978 26.187952682562337 0
      vertex 21.061833855844927 25.714946841624716 0
    endloop
  endfacet
  facet normal -0.9238795325112873 -0.38268343236508867 0
    outer loop
      vertex 20.948275200514978 26.187952682562337 12.820000000000007
      vertex 20.762120224983942 26.637370549192596 0
      vertex 20.948275200514978 26.187952682562337 0
    endloop
  endfacet
  facet normal -0.8526401643540904 -0.5224985647159519 0
    outer loop
      vertex 20.762120224983942 26.637370549192596 12.820000000000007
      vertex 20.507952682562337 27.052134282106667 0
      vertex 20.762120224983942 26.637370549192596 0
    endloop
  endfacet
  facet normal -0.7604059656000294 -0.6494480483301854 0
    outer loop
      vertex 20.507952682562337 27.052134282106667 12.820000000000007
      vertex 20.192031021678297 27.422031021678297 0
      vertex 20.507952682562337 27.052134282106667 0
    endloop
  endfacet
  facet normal 0.23344536385591036 -0.9723699203976754 0
    outer loop
      vertex 17.515053158375284 28.291833855844928 12.820000000000007
      vertex 17.042047317437664 28.178275200514975 0
      vertex 17.515053158375284 28.291833855844928 0
    endloop
  endfacet
  facet normal 0.07845909572784696 -0.9969173337331277 0
    outer loop
      vertex 18 28.330000000000002 12.820000000000007
      vertex 17.515053158375284 28.291833855844928 0
      vertex 18 28.330000000000002 0
    endloop
  endfacet
  facet normal -0.07845909572784696 -0.9969173337331277 0
    outer loop
      vertex 18.484946841624716 28.291833855844928 12.820000000000007
      vertex 18 28.330000000000002 0
      vertex 18.484946841624716 28.291833855844928 0
    endloop
  endfacet
  facet normal -0.23344536385591036 -0.9723699203976754 0
    outer loop
      vertex 18.957952682562336 28.178275200514975 12.820000000000007
      vertex 18.484946841624716 28.291833855844928 0
      vertex 18.957952682562336 28.178275200514975 0
    endloop
  endfacet
  facet normal -0.38268343236508234 -0.9238795325112897 0
    outer loop
      vertex 19.407370549192596 27.992120224983942 12.820000000000007
      vertex 18.957952682562336 28.178275200514975 0
      vertex 19.407370549192596 27.992120224983942 0
    endloop
  endfacet
  facet normal 0.9969173337331281 -0.07845909572784333 0
    outer loop
      vertex 14.9 25.23 12.820000000000007
      vertex 14.9 25.23 0
      vertex 14.938166144155073 25.714946841624716 12.820000000000007
    endloop
  endfacet
  facet normal 0.9723699203976762 -0.2334453638559069 0
    outer loop
      vertex 14.938166144155073 25.714946841624716 12.820000000000007
      vertex 14.938166144155073 25.714946841624716 0
      vertex 15.051724799485024 26.187952682562337 12.820000000000007
    endloop
  endfacet
  facet normal 0.9238795325112873 -0.38268343236508867 0
    outer loop
      vertex 15.051724799485024 26.187952682562337 12.820000000000007
      vertex 15.051724799485024 26.187952682562337 0
      vertex 15.23787977501606 26.637370549192596 12.820000000000007
    endloop
  endfacet
  facet normal 0.852640164354092 -0.5224985647159492 0
    outer loop
      vertex 15.23787977501606 26.637370549192596 12.820000000000007
      vertex 15.23787977501606 26.637370549192596 0
      vertex 15.492047317437663 27.052134282106667 12.820000000000007
    endloop
  endfacet
  facet normal 0.7604059656000294 -0.6494480483301854 0
    outer loop
      vertex 15.492047317437663 27.052134282106667 12.820000000000007
      vertex 15.492047317437663 27.052134282106667 0
      vertex 15.807968978321703 27.422031021678297 12.820000000000007
    endloop
  endfacet
  facet normal 0.6494480483301854 -0.7604059656000294 0
    outer loop
      vertex 15.807968978321703 27.422031021678297 12.820000000000007
      vertex 15.807968978321703 27.422031021678297 0
      vertex 16.177865717893333 27.737952682562337 12.820000000000007
    endloop
  endfacet
  facet normal 0.5224985647159519 -0.8526401643540904 0
    outer loop
      vertex 16.177865717893333 27.737952682562337 12.820000000000007
      vertex 16.177865717893333 27.737952682562337 0
      vertex 16.592629450807404 27.992120224983942 12.820000000000007
    endloop
  endfacet
  facet normal 0.38268343236508234 -0.9238795325112897 0
    outer loop
      vertex 16.592629450807404 27.992120224983942 12.820000000000007
      vertex 16.592629450807404 27.992120224983942 0
      vertex 17.042047317437664 28.178275200514975 12.820000000000007
    endloop
  endfacet
  facet normal 0.23344536385591036 -0.9723699203976754 0
    outer loop
      vertex 17.042047317437664 28.178275200514975 12.820000000000007
      vertex 17.042047317437664 28.178275200514975 0
      vertex 17.515053158375284 28.291833855844928 12.820000000000007
    endloop
  endfacet
  facet normal -0.6494480483301854 -0.7604059656000294 -1.0870363893991687e-18
    outer loop
      vertex 20.192031021678297 27.422031021678297 12.820000000000007
      vertex 19.822134282106667 27.737952682562337 12.820000000000007
      vertex 19.822134282106667 27.737952682562337 0
    endloop
  endfacet
  facet normal -0.5224985647159519 -0.8526401643540904 0
    outer loop
      vertex 19.407370549192596 27.992120224983942 12.820000000000007
      vertex 19.407370549192596 27.992120224983942 0
      vertex 19.822134282106667 27.737952682562337 12.820000000000007
    endloop
  endfacet
  facet normal -0.9969173337331277 -0.07845909572784696 -2.73852196863551e-20
    outer loop
      vertex 21.1 25.23 12.820000000000007
      vertex 21.061833855844927 25.714946841624716 12.820000000000007
      vertex 21.061833855844927 25.714946841624716 0
    endloop
  endfacet
  facet normal -0.9238795325112873 -0.38268343236508867 -8.870022699118463e-19
    outer loop
      vertex 20.948275200514978 26.187952682562337 12.820000000000007
      vertex 20.762120224983942 26.637370549192596 12.820000000000007
      vertex 20.762120224983942 26.637370549192596 0
    endloop
  endfacet
  facet normal -0.972369920397677 -0.23344536385590345 -4.376552728033585e-19
    outer loop
      vertex 21.061833855844927 25.714946841624716 12.820000000000007
      vertex 20.948275200514978 26.187952682562337 12.820000000000007
      vertex 20.948275200514978 26.187952682562337 0
    endloop
  endfacet
  facet normal -0.8526401643540904 -0.5224985647159519 -6.131975936790665e-19
    outer loop
      vertex 20.762120224983942 26.637370549192596 12.820000000000007
      vertex 20.507952682562337 27.052134282106667 12.820000000000007
      vertex 20.507952682562337 27.052134282106667 0
    endloop
  endfacet
  facet normal -0.7604059656000294 -0.6494480483301854 -1.0870363893991687e-18
    outer loop
      vertex 20.507952682562337 27.052134282106667 12.820000000000007
      vertex 20.192031021678297 27.422031021678297 12.820000000000007
      vertex 20.192031021678297 27.422031021678297 0
    endloop
  endfacet
  facet normal 0.07845909572784696 -0.9969173337331277 0
    outer loop
      vertex 17.515053158375284 28.291833855844928 12.820000000000007
      vertex 17.515053158375284 28.291833855844928 0
      vertex 18 28.330000000000002 12.820000000000007
    endloop
  endfacet
  facet normal -0.07845909572784696 -0.9969173337331277 0
    outer loop
      vertex 18 28.330000000000002 12.820000000000007
      vertex 18 28.330000000000002 0
      vertex 18.484946841624716 28.291833855844928 12.820000000000007
    endloop
  endfacet
  facet normal -0.23344536385591036 -0.9723699203976754 0
    outer loop
      vertex 18.484946841624716 28.291833855844928 12.820000000000007
      vertex 18.484946841624716 28.291833855844928 0
      vertex 18.957952682562336 28.178275200514975 12.820000000000007
    endloop
  endfacet
  facet normal -0.38268343236508234 -0.9238795325112897 0
    outer loop
      vertex 18.957952682562336 28.178275200514975 12.820000000000007
      vertex 18.957952682562336 28.178275200514975 0
      vertex 19.407370549192596 27.992120224983942 12.820000000000007
    endloop
  endfacet
  facet normal 0 0 -1
    outer loop
      vertex 16.592629450807404 22.46787977501606 12.820000000000007
      vertex 16.177865717893333 22.722047317437664 12.820000000000007
      vertex 16.485288908879774 24.45821615044277 12.820000000000007
    endloop
  endfacet
  facet normal 0 0 -1
    outer loop
      vertex 16.592629450807404 22.46787977501606 12.820000000000007
      vertex 17.000765071102794 23.854671109562588 12.820000000000007
      vertex 17.042047317437664 22.281724799485026 12.820000000000007
    endloop
  endfacet
  facet normal 0 0 -1
    outer loop
      vertex 17.042047317437664 22.281724799485026 12.820000000000007
      vertex 17.22821615044277 23.715288908879774 12.820000000000007
      vertex 17.47467110956259 23.61320392229824 12.820000000000007
    endloop
  endfacet
  facet normal 0 0 -1
    outer loop
      vertex 16.592629450807404 22.46787977501606 12.820000000000007
      vertex 16.797918471982868 24.02791847198287 12.820000000000007
      vertex 17.000765071102794 23.854671109562588 12.820000000000007
    endloop
  endfacet
  facet normal 0 0 -1
    outer loop
      vertex 17.042047317437664 22.281724799485026 12.820000000000007
      vertex 17.000765071102794 23.854671109562588 12.820000000000007
      vertex 17.22821615044277 23.715288908879774 12.820000000000007
    endloop
  endfacet
  facet normal 0 0 -1
    outer loop
      vertex 16.592629450807404 22.46787977501606 12.820000000000007
      vertex 16.62467110956259 24.230765071102795 12.820000000000007
      vertex 16.797918471982868 24.02791847198287 12.820000000000007
    endloop
  endfacet
  facet normal 0 0 -1
    outer loop
      vertex 16.592629450807404 22.46787977501606 12.820000000000007
      vertex 16.485288908879774 24.45821615044277 12.820000000000007
      vertex 16.62467110956259 24.230765071102795 12.820000000000007
    endloop
  endfacet
  facet normal 0 0 -1
    outer loop
      vertex 15.807968978321703 23.037968978321704 12.820000000000007
      vertex 15.492047317437663 23.407865717893333 12.820000000000007
      vertex 15.492047317437663 27.052134282106667 12.820000000000007
    endloop
  endfacet
  facet normal 0 0 -1
    outer loop
      vertex 15.051724799485024 24.272047317437664 12.820000000000007
      vertex 14.938166144155073 24.745053158375285 12.820000000000007
      vertex 14.938166144155073 25.714946841624716 12.820000000000007
    endloop
  endfacet
  facet normal 0 0 -1
    outer loop
      vertex 14.938166144155073 24.745053158375285 12.820000000000007
      vertex 14.9 25.23 12.820000000000007
      vertex 14.938166144155073 25.714946841624716 12.820000000000007
    endloop
  endfacet
  facet normal 0 0 -1
    outer loop
      vertex 15.23787977501606 23.822629450807405 12.820000000000007
      vertex 15.051724799485024 24.272047317437664 12.820000000000007
      vertex 15.051724799485024 26.187952682562337 12.820000000000007
    endloop
  endfacet
  facet normal 0 0 -1
    outer loop
      vertex 15.492047317437663 23.407865717893333 12.820000000000007
      vertex 15.23787977501606 23.822629450807405 12.820000000000007
      vertex 15.23787977501606 26.637370549192596 12.820000000000007
    endloop
  endfacet
  facet normal 0 0 -1
    outer loop
      vertex 16.177865717893333 22.722047317437664 12.820000000000007
      vertex 16.38320392229824 24.70467110956259 12.820000000000007
      vertex 16.485288908879774 24.45821615044277 12.820000000000007
    endloop
  endfacet
  facet normal 0 0 -1
    outer loop
      vertex 16.177865717893333 22.722047317437664 12.820000000000007
      vertex 16.320929820988265 24.964061409431608 12.820000000000007
      vertex 16.38320392229824 24.70467110956259 12.820000000000007
    endloop
  endfacet
  facet normal 0 0 -1
    outer loop
      vertex 15.807968978321703 23.037968978321704 12.820000000000007
      vertex 15.807968978321703 27.422031021678297 12.820000000000007
      vertex 16.177865717893333 22.722047317437664 12.820000000000007
    endloop
  endfacet
  facet normal 0 0 -1
    outer loop
      vertex 16.177865717893333 22.722047317437664 12.820000000000007
      vertex 16.3 25.23 12.820000000000007
      vertex 16.320929820988265 24.964061409431608 12.820000000000007
    endloop
  endfacet
  facet normal 0 0 -1
    outer loop
      vertex 16.177865717893333 22.722047317437664 12.820000000000007
      vertex 16.177865717893333 27.737952682562337 12.820000000000007
      vertex 16.3 25.23 12.820000000000007
    endloop
  endfacet
  facet normal 0 0 -1
    outer loop
      vertex 17.042047317437664 22.281724799485026 12.820000000000007
      vertex 17.47467110956259 23.61320392229824 12.820000000000007
      vertex 17.515053158375284 22.168166144155073 12.820000000000007
    endloop
  endfacet
  facet normal 0 0 -1
    outer loop
      vertex 17.515053158375284 22.168166144155073 12.820000000000007
      vertex 18 23.53 12.820000000000007
      vertex 18 22.13 12.820000000000007
    endloop
  endfacet
  facet normal 0 0 -1
    outer loop
      vertex 17.515053158375284 22.168166144155073 12.820000000000007
      vertex 17.47467110956259 23.61320392229824 12.820000000000007
      vertex 17.734061409431607 23.550929820988266 12.820000000000007
    endloop
  endfacet
  facet normal 0 0 -1
    outer loop
      vertex 17.515053158375284 22.168166144155073 12.820000000000007
      vertex 17.734061409431607 23.550929820988266 12.820000000000007
      vertex 18 23.53 12.820000000000007
    endloop
  endfacet
  facet normal 0 0 -1
    outer loop
      vertex 18 22.13 12.820000000000007
      vertex 18.265938590568393 23.550929820988266 12.820000000000007
      vertex 18.484946841624716 22.168166144155073 12.820000000000007
    endloop
  endfacet
  facet normal 0 0 -1
    outer loop
      vertex 18.484946841624716 22.168166144155073 12.820000000000007
      vertex 18.52532889043741 23.61320392229824 12.820000000000007
      vertex 18.957952682562336 22.281724799485026 12.820000000000007
    endloop
  endfacet
  facet normal 0 0 -1
    outer loop
      vertex 18 22.13 12.820000000000007
      vertex 18 23.53 12.820000000000007
      vertex 18.265938590568393 23.550929820988266 12.820000000000007
    endloop
  endfacet
  facet normal 0 0 -1
    outer loop
      vertex 18.484946841624716 22.168166144155073 12.820000000000007
      vertex 18.265938590568393 23.550929820988266 12.820000000000007
      vertex 18.52532889043741 23.61320392229824 12.820000000000007
    endloop
  endfacet
  facet normal 0 0 -1
    outer loop
      vertex 18.957952682562336 22.281724799485026 12.820000000000007
      vertex 18.999234928897206 23.854671109562588 12.820000000000007
      vertex 19.407370549192596 22.46787977501606 12.820000000000007
    endloop
  endfacet
  facet normal 0 0 -1
    outer loop
      vertex 18.957952682562336 22.281724799485026 12.820000000000007
      vertex 18.52532889043741 23.61320392229824 12.820000000000007
      vertex 18.77178384955723 23.715288908879774 12.820000000000007
    endloop
  endfacet
  facet normal 0 0 -1
    outer loop
      vertex 19.407370549192596 22.46787977501606 12.820000000000007
      vertex 19.514711091120226 24.45821615044277 12.820000000000007
      vertex 19.822134282106667 22.722047317437664 12.820000000000007
    endloop
  endfacet
  facet normal 0 0 -1
    outer loop
      vertex 18.957952682562336 22.281724799485026 12.820000000000007
      vertex 18.77178384955723 23.715288908879774 12.820000000000007
      vertex 18.999234928897206 23.854671109562588 12.820000000000007
    endloop
  endfacet
  facet normal 0 0 -1
    outer loop
      vertex 19.407370549192596 22.46787977501606 12.820000000000007
      vertex 18.999234928897206 23.854671109562588 12.820000000000007
      vertex 19.202081528017132 24.02791847198287 12.820000000000007
    endloop
  endfacet
  facet normal 0 0 -1
    outer loop
      vertex 19.407370549192596 22.46787977501606 12.820000000000007
      vertex 19.202081528017132 24.02791847198287 12.820000000000007
      vertex 19.37532889043741 24.230765071102795 12.820000000000007
    endloop
  endfacet
  facet normal 0 0 -1
    outer loop
      vertex 19.407370549192596 22.46787977501606 12.820000000000007
      vertex 19.37532889043741 24.230765071102795 12.820000000000007
      vertex 19.514711091120226 24.45821615044277 12.820000000000007
    endloop
  endfacet
  facet normal 0 0 -1
    outer loop
      vertex 19.822134282106667 22.722047317437664 12.820000000000007
      vertex 19.514711091120226 24.45821615044277 12.820000000000007
      vertex 19.61679607770176 24.70467110956259 12.820000000000007
    endloop
  endfacet
  facet normal 0 0 -1
    outer loop
      vertex 19.822134282106667 22.722047317437664 12.820000000000007
      vertex 19.61679607770176 24.70467110956259 12.820000000000007
      vertex 19.679070179011735 24.964061409431608 12.820000000000007
    endloop
  endfacet
  facet normal 0 0 -1
    outer loop
      vertex 19.822134282106667 22.722047317437664 12.820000000000007
      vertex 19.679070179011735 24.964061409431608 12.820000000000007
      vertex 19.7 25.23 12.820000000000007
    endloop
  endfacet
  facet normal 0 0 -1
    outer loop
      vertex 19.822134282106667 22.722047317437664 12.820000000000007
      vertex 19.822134282106667 27.737952682562337 12.820000000000007
      vertex 20.192031021678297 23.037968978321704 12.820000000000007
    endloop
  endfacet
  facet normal 0 0 -1
    outer loop
      vertex 19.822134282106667 22.722047317437664 12.820000000000007
      vertex 19.7 25.23 12.820000000000007
      vertex 19.822134282106667 27.737952682562337 12.820000000000007
    endloop
  endfacet
  facet normal 0 0 -1
    outer loop
      vertex 20.192031021678297 23.037968978321704 12.820000000000007
      vertex 20.192031021678297 27.422031021678297 12.820000000000007
      vertex 20.507952682562337 23.407865717893333 12.820000000000007
    endloop
  endfacet
  facet normal 0 0 -1
    outer loop
      vertex 20.507952682562337 23.407865717893333 12.820000000000007
      vertex 20.507952682562337 27.052134282106667 12.820000000000007
      vertex 20.762120224983942 23.822629450807405 12.820000000000007
    endloop
  endfacet
  facet normal 0 0 -1
    outer loop
      vertex 20.762120224983942 23.822629450807405 12.820000000000007
      vertex 20.762120224983942 26.637370549192596 12.820000000000007
      vertex 20.948275200514978 24.272047317437664 12.820000000000007
    endloop
  endfacet
  facet normal 0 0 -1
    outer loop
      vertex 20.948275200514978 24.272047317437664 12.820000000000007
      vertex 20.948275200514978 26.187952682562337 12.820000000000007
      vertex 21.061833855844927 24.745053158375285 12.820000000000007
    endloop
  endfacet
  facet normal 0 0 -1
    outer loop
      vertex 21.061833855844927 24.745053158375285 12.820000000000007
      vertex 21.061833855844927 25.714946841624716 12.820000000000007
      vertex 21.1 25.23 12.820000000000007
    endloop
  endfacet
  facet normal 0 0 -1
    outer loop
      vertex 15.051724799485024 24.272047317437664 12.820000000000007
      vertex 14.938166144155073 25.714946841624716 12.820000000000007
      vertex 15.051724799485024 26.187952682562337 12.820000000000007
    endloop
  endfacet
  facet normal 0 0 -1
    outer loop
      vertex 15.23787977501606 23.822629450807405 12.820000000000007
      vertex 15.051724799485024 26.187952682562337 12.820000000000007
      vertex 15.23787977501606 26.637370549192596 12.820000000000007
    endloop
  endfacet
  facet normal 0 0 -1
    outer loop
      vertex 15.492047317437663 23.407865717893333 12.820000000000007
      vertex 15.23787977501606 26.637370549192596 12.820000000000007
      vertex 15.492047317437663 27.052134282106667 12.820000000000007
    endloop
  endfacet
  facet normal 0 0 -1
    outer loop
      vertex 15.807968978321703 23.037968978321704 12.820000000000007
      vertex 15.492047317437663 27.052134282106667 12.820000000000007
      vertex 15.807968978321703 27.422031021678297 12.820000000000007
    endloop
  endfacet
  facet normal 0 0 -1
    outer loop
      vertex 16.177865717893333 22.722047317437664 12.820000000000007
      vertex 15.807968978321703 27.422031021678297 12.820000000000007
      vertex 16.177865717893333 27.737952682562337 12.820000000000007
    endloop
  endfacet
  facet normal 0 0 -1
    outer loop
      vertex 16.3 25.23 12.820000000000007
      vertex 16.177865717893333 27.737952682562337 12.820000000000007
      vertex 16.320929820988265 25.495938590568393 12.820000000000007
    endloop
  endfacet
  facet normal 0 0 -1
    outer loop
      vertex 16.320929820988265 25.495938590568393 12.820000000000007
      vertex 16.177865717893333 27.737952682562337 12.820000000000007
      vertex 16.38320392229824 25.75532889043741 12.820000000000007
    endloop
  endfacet
  facet normal 0 0 -1
    outer loop
      vertex 16.38320392229824 25.75532889043741 12.820000000000007
      vertex 16.177865717893333 27.737952682562337 12.820000000000007
      vertex 16.485288908879774 26.00178384955723 12.820000000000007
    endloop
  endfacet
  facet normal 0 0 -1
    outer loop
      vertex 16.485288908879774 26.00178384955723 12.820000000000007
      vertex 16.177865717893333 27.737952682562337 12.820000000000007
      vertex 16.592629450807404 27.992120224983942 12.820000000000007
    endloop
  endfacet
  facet normal 0 0 -1
    outer loop
      vertex 16.485288908879774 26.00178384955723 12.820000000000007
      vertex 16.592629450807404 27.992120224983942 12.820000000000007
      vertex 16.62467110956259 26.229234928897206 12.820000000000007
    endloop
  endfacet
  facet normal 0 0 -1
    outer loop
      vertex 16.62467110956259 26.229234928897206 12.820000000000007
      vertex 16.592629450807404 27.992120224983942 12.820000000000007
      vertex 16.797918471982868 26.432081528017132 12.820000000000007
    endloop
  endfacet
  facet normal 0 0 -1
    outer loop
      vertex 16.797918471982868 26.432081528017132 12.820000000000007
      vertex 16.592629450807404 27.992120224983942 12.820000000000007
      vertex 17.000765071102794 26.605328890437413 12.820000000000007
    endloop
  endfacet
  facet normal 0 0 -1
    outer loop
      vertex 17.000765071102794 26.605328890437413 12.820000000000007
      vertex 17.042047317437664 28.178275200514975 12.820000000000007
      vertex 17.22821615044277 26.744711091120227 12.820000000000007
    endloop
  endfacet
  facet normal 0 0 -1
    outer loop
      vertex 17.22821615044277 26.744711091120227 12.820000000000007
      vertex 17.042047317437664 28.178275200514975 12.820000000000007
      vertex 17.47467110956259 26.84679607770176 12.820000000000007
    endloop
  endfacet
  facet normal 0 0 -1
    outer loop
      vertex 17.000765071102794 26.605328890437413 12.820000000000007
      vertex 16.592629450807404 27.992120224983942 12.820000000000007
      vertex 17.042047317437664 28.178275200514975 12.820000000000007
    endloop
  endfacet
  facet normal 0 0 -1
    outer loop
      vertex 19.7 25.23 12.820000000000007
      vertex 19.679070179011735 25.495938590568393 12.820000000000007
      vertex 19.822134282106667 27.737952682562337 12.820000000000007
    endloop
  endfacet
  facet normal 0 0 -1
    outer loop
      vertex 20.192031021678297 23.037968978321704 12.820000000000007
      vertex 19.822134282106667 27.737952682562337 12.820000000000007
      vertex 20.192031021678297 27.422031021678297 12.820000000000007
    endloop
  endfacet
  facet normal 0 0 -1
    outer loop
      vertex 19.679070179011735 25.495938590568393 12.820000000000007
      vertex 19.61679607770176 25.75532889043741 12.820000000000007
      vertex 19.822134282106667 27.737952682562337 12.820000000000007
    endloop
  endfacet
  facet normal 0 0 -1
    outer loop
      vertex 19.61679607770176 25.75532889043741 12.820000000000007
      vertex 19.514711091120226 26.00178384955723 12.820000000000007
      vertex 19.822134282106667 27.737952682562337 12.820000000000007
    endloop
  endfacet
  facet normal 0 0 -1
    outer loop
      vertex 17.47467110956259 26.84679607770176 12.820000000000007
      vertex 17.515053158375284 28.291833855844928 12.820000000000007
      vertex 17.734061409431607 26.909070179011735 12.820000000000007
    endloop
  endfacet
  facet normal 0 0 -1
    outer loop
      vertex 17.734061409431607 26.909070179011735 12.820000000000007
      vertex 18 28.330000000000002 12.820000000000007
      vertex 18 26.93 12.820000000000007
    endloop
  endfacet
  facet normal 0 0 -1
    outer loop
      vertex 17.47467110956259 26.84679607770176 12.820000000000007
      vertex 17.042047317437664 28.178275200514975 12.820000000000007
      vertex 17.515053158375284 28.291833855844928 12.820000000000007
    endloop
  endfacet
  facet normal 0 0 -1
    outer loop
      vertex 17.734061409431607 26.909070179011735 12.820000000000007
      vertex 17.515053158375284 28.291833855844928 12.820000000000007
      vertex 18 28.330000000000002 12.820000000000007
    endloop
  endfacet
  facet normal 0 0 -1
    outer loop
      vertex 18 26.93 12.820000000000007
      vertex 18.484946841624716 28.291833855844928 12.820000000000007
      vertex 18.265938590568393 26.909070179011735 12.820000000000007
    endloop
  endfacet
  facet normal 0 0 -1
    outer loop
      vertex 18.265938590568393 26.909070179011735 12.820000000000007
      vertex 18.484946841624716 28.291833855844928 12.820000000000007
      vertex 18.52532889043741 26.84679607770176 12.820000000000007
    endloop
  endfacet
  facet normal 0 0 -1
    outer loop
      vertex 18 26.93 12.820000000000007
      vertex 18 28.330000000000002 12.820000000000007
      vertex 18.484946841624716 28.291833855844928 12.820000000000007
    endloop
  endfacet
  facet normal 0 0 -1
    outer loop
      vertex 18.52532889043741 26.84679607770176 12.820000000000007
      vertex 18.484946841624716 28.291833855844928 12.820000000000007
      vertex 18.957952682562336 28.178275200514975 12.820000000000007
    endloop
  endfacet
  facet normal 0 0 -1
    outer loop
      vertex 19.37532889043741 26.229234928897206 12.820000000000007
      vertex 19.202081528017132 26.432081528017132 12.820000000000007
      vertex 19.407370549192596 27.992120224983942 12.820000000000007
    endloop
  endfacet
  facet normal 0 0 -1
    outer loop
      vertex 18.52532889043741 26.84679607770176 12.820000000000007
      vertex 18.957952682562336 28.178275200514975 12.820000000000007
      vertex 18.77178384955723 26.744711091120227 12.820000000000007
    endloop
  endfacet
  facet normal 0 0 -1
    outer loop
      vertex 18.999234928897206 26.605328890437413 12.820000000000007
      vertex 18.77178384955723 26.744711091120227 12.820000000000007
      vertex 18.957952682562336 28.178275200514975 12.820000000000007
    endloop
  endfacet
  facet normal 0 0 -1
    outer loop
      vertex 18.999234928897206 26.605328890437413 12.820000000000007
      vertex 19.407370549192596 27.992120224983942 12.820000000000007
      vertex 19.202081528017132 26.432081528017132 12.820000000000007
    endloop
  endfacet
  facet normal 0 0 -1
    outer loop
      vertex 19.514711091120226 26.00178384955723 12.820000000000007
      vertex 19.37532889043741 26.229234928897206 12.820000000000007
      vertex 19.407370549192596 27.992120224983942 12.820000000000007
    endloop
  endfacet
  facet normal 0 0 -1
    outer loop
      vertex 19.514711091120226 26.00178384955723 12.820000000000007
      vertex 19.407370549192596 27.992120224983942 12.820000000000007
      vertex 19.822134282106667 27.737952682562337 12.820000000000007
    endloop
  endfacet
  facet normal 0 0 -1
    outer loop
      vertex 18.999234928897206 26.605328890437413 12.820000000000007
      vertex 18.957952682562336 28.178275200514975 12.820000000000007
      vertex 19.407370549192596 27.992120224983942 12.820000000000007
    endloop
  endfacet
  facet normal 0 0 -1
    outer loop
      vertex 20.762120224983942 23.822629450807405 12.820000000000007
      vertex 20.507952682562337 27.052134282106667 12.820000000000007
      vertex 20.762120224983942 26.637370549192596 12.820000000000007
    endloop
  endfacet
  facet normal 0 0 -1
    outer loop
      vertex 21.061833855844927 24.745053158375285 12.820000000000007
      vertex 20.948275200514978 26.187952682562337 12.820000000000007
      vertex 21.061833855844927 25.714946841624716 12.820000000000007
    endloop
  endfacet
  facet normal 0 0 -1
    outer loop
      vertex 20.948275200514978 24.272047317437664 12.820000000000007
      vertex 20.762120224983942 26.637370549192596 12.820000000000007
      vertex 20.948275200514978 26.187952682562337 12.820000000000007
    endloop
  endfacet
  facet normal 0 0 -1
    outer loop
      vertex 20.507952682562337 23.407865717893333 12.820000000000007
      vertex 20.192031021678297 27.422031021678297 12.820000000000007
      vertex 20.507952682562337 27.052134282106667 12.820000000000007
    endloop
  endfacet
endsolid OpenSCAD_Model
