solid OpenSCAD_Model
  facet normal 0.2334453638559151 -0.9723699203976742 0
    outer loop
      vertex 143.8746711095626 -28.38320392229824 6.5
      vertex 143.8746711095626 -28.38320392229824 4
      vertex 144.1340614094316 -28.320929820988265 6.5
    endloop
  endfacet
  facet normal 0.07845909572783943 -0.9969173337331284 0
    outer loop
      vertex 144.1340614094316 -28.320929820988265 6.5
      vertex 144.1340614094316 -28.320929820988265 4
      vertex 144.4 -28.3 6.5
    endloop
  endfacet
  facet normal 0.9723699203976697 -0.23344536385593426 0
    outer loop
      vertex 142.72092982098826 -29.734061409431607 6.5
      vertex 142.72092982098826 -29.734061409431607 4
      vertex 142.78320392229824 -29.47467110956259 6.5
    endloop
  endfacet
  facet normal 0.9238795325112938 -0.3826834323650725 5.028845395413043e-19
    outer loop
      vertex 142.88528890887977 -29.22821615044277 6.5
      vertex 142.78320392229824 -29.47467110956259 6.5
      vertex 142.78320392229824 -29.47467110956259 4
    endloop
  endfacet
  facet normal 0.9969173337331346 -0.07845909572776107 7.571244234719163e-22
    outer loop
      vertex 142.72092982098826 -29.734061409431607 6.5
      vertex 142.70000000000002 -30 6.5
      vertex 142.70000000000002 -30 4
    endloop
  endfacet
  facet normal 0.9969173337331346 0.07845909572776107 -7.571244234719163e-22
    outer loop
      vertex 142.70000000000002 -30 6.5
      vertex 142.72092982098826 -30.265938590568393 6.5
      vertex 142.72092982098826 -30.265938590568393 4
    endloop
  endfacet
  facet normal 0.9723699203976697 0.23344536385593426 6.816001682715525e-19
    outer loop
      vertex 142.72092982098826 -30.265938590568393 6.5
      vertex 142.78320392229824 -30.52532889043741 6.5
      vertex 142.78320392229824 -30.52532889043741 4
    endloop
  endfacet
  facet normal 0.9238795325112938 0.3826834323650725 -5.028845395413043e-19
    outer loop
      vertex 142.78320392229824 -30.52532889043741 6.5
      vertex 142.88528890887977 -30.77178384955723 6.5
      vertex 142.88528890887977 -30.77178384955723 4
    endloop
  endfacet
  facet normal 0.7604059656000229 -0.6494480483301931 0
    outer loop
      vertex 143.0246711095626 -29.000765071102794 6.5
      vertex 143.0246711095626 -29.000765071102794 4
      vertex 143.1979184719829 -28.797918471982868 6.5
    endloop
  endfacet
  facet normal 0.8526401643540642 -0.5224985647159945 0
    outer loop
      vertex 142.88528890887977 -29.22821615044277 6.5
      vertex 142.88528890887977 -29.22821615044277 4
      vertex 143.0246711095626 -29.000765071102794 6.5
    endloop
  endfacet
  facet normal 0.6494480483302105 -0.760405965600008 0
    outer loop
      vertex 143.1979184719829 -28.797918471982868 6.5
      vertex 143.1979184719829 -28.797918471982868 4
      vertex 143.4007650711028 -28.62467110956259 6.5
    endloop
  endfacet
  facet normal 0.8526401643540642 0.5224985647159945 4.773533613321435e-18
    outer loop
      vertex 142.88528890887977 -30.77178384955723 6.5
      vertex 143.0246711095626 -30.999234928897206 6.5
      vertex 143.0246711095626 -30.999234928897206 4
    endloop
  endfacet
  facet normal 0.7604059656000229 0.6494480483301931 2.794770546904423e-18
    outer loop
      vertex 143.0246711095626 -30.999234928897206 6.5
      vertex 143.1979184719829 -31.202081528017132 6.5
      vertex 143.1979184719829 -31.202081528017132 4
    endloop
  endfacet
  facet normal 0.6494480483302105 0.760405965600008 5.168753572718322e-18
    outer loop
      vertex 143.1979184719829 -31.202081528017132 6.5
      vertex 143.4007650711028 -31.37532889043741 6.5
      vertex 143.4007650711028 -31.37532889043741 4
    endloop
  endfacet
  facet normal 0.5224985647159617 -0.8526401643540842 0
    outer loop
      vertex 143.4007650711028 -28.62467110956259 6.5
      vertex 143.4007650711028 -28.62467110956259 4
      vertex 143.62821615044277 -28.485288908879774 6.5
    endloop
  endfacet
  facet normal 0.3826834323650698 -0.9238795325112951 0
    outer loop
      vertex 143.62821615044277 -28.485288908879774 6.5
      vertex 143.62821615044277 -28.485288908879774 4
      vertex 143.8746711095626 -28.38320392229824 6.5
    endloop
  endfacet
  facet normal 0.5224985647159617 0.8526401643540842 -3.721902558342011e-18
    outer loop
      vertex 143.4007650711028 -31.37532889043741 6.5
      vertex 143.62821615044277 -31.514711091120226 6.5
      vertex 143.62821615044277 -31.514711091120226 4
    endloop
  endfacet
  facet normal 0.3826834323650698 0.9238795325112951 -3.7260211944426914e-19
    outer loop
      vertex 143.62821615044277 -31.514711091120226 6.5
      vertex 143.8746711095626 -31.61679607770176 6.5
      vertex 143.8746711095626 -31.61679607770176 4
    endloop
  endfacet
  facet normal 0.2334453638559151 0.9723699203976742 -5.217323399615476e-19
    outer loop
      vertex 143.8746711095626 -31.61679607770176 6.5
      vertex 144.1340614094316 -31.679070179011735 6.5
      vertex 144.1340614094316 -31.679070179011735 4
    endloop
  endfacet
  facet normal 0.07845909572783943 0.9969173337331284 -5.669640342075241e-19
    outer loop
      vertex 144.1340614094316 -31.679070179011735 6.5
      vertex 144.4 -31.7 6.5
      vertex 144.4 -31.7 4
    endloop
  endfacet
  facet normal 0.2334453638559151 -0.9723699203976742 0
    outer loop
      vertex 144.1340614094316 -28.320929820988265 6.5
      vertex 143.8746711095626 -28.38320392229824 4
      vertex 144.1340614094316 -28.320929820988265 4
    endloop
  endfacet
  facet normal 0.07845909572783943 -0.9969173337331284 0
    outer loop
      vertex 144.4 -28.3 6.5
      vertex 144.1340614094316 -28.320929820988265 4
      vertex 144.4 -28.3 4
    endloop
  endfacet
  facet normal 0.9723699203976697 -0.23344536385593426 0
    outer loop
      vertex 142.78320392229824 -29.47467110956259 6.5
      vertex 142.72092982098826 -29.734061409431607 4
      vertex 142.78320392229824 -29.47467110956259 4
    endloop
  endfacet
  facet normal 0.9238795325112938 -0.3826834323650725 0
    outer loop
      vertex 142.88528890887977 -29.22821615044277 6.5
      vertex 142.78320392229824 -29.47467110956259 4
      vertex 142.88528890887977 -29.22821615044277 4
    endloop
  endfacet
  facet normal 0.9969173337331346 0.07845909572776107 0
    outer loop
      vertex 142.70000000000002 -30 6.5
      vertex 142.72092982098826 -30.265938590568393 4
      vertex 142.70000000000002 -30 4
    endloop
  endfacet
  facet normal 0.9969173337331346 -0.07845909572776107 0
    outer loop
      vertex 142.72092982098826 -29.734061409431607 6.5
      vertex 142.70000000000002 -30 4
      vertex 142.72092982098826 -29.734061409431607 4
    endloop
  endfacet
  facet normal 0.9723699203976697 0.23344536385593426 0
    outer loop
      vertex 142.72092982098826 -30.265938590568393 6.5
      vertex 142.78320392229824 -30.52532889043741 4
      vertex 142.72092982098826 -30.265938590568393 4
    endloop
  endfacet
  facet normal 0.9238795325112938 0.3826834323650725 0
    outer loop
      vertex 142.78320392229824 -30.52532889043741 6.5
      vertex 142.88528890887977 -30.77178384955723 4
      vertex 142.78320392229824 -30.52532889043741 4
    endloop
  endfacet
  facet normal 0.8526401643540642 -0.5224985647159945 0
    outer loop
      vertex 143.0246711095626 -29.000765071102794 6.5
      vertex 142.88528890887977 -29.22821615044277 4
      vertex 143.0246711095626 -29.000765071102794 4
    endloop
  endfacet
  facet normal 0.7604059656000229 -0.6494480483301931 0
    outer loop
      vertex 143.1979184719829 -28.797918471982868 6.5
      vertex 143.0246711095626 -29.000765071102794 4
      vertex 143.1979184719829 -28.797918471982868 4
    endloop
  endfacet
  facet normal 0.6494480483302105 -0.760405965600008 0
    outer loop
      vertex 143.4007650711028 -28.62467110956259 6.5
      vertex 143.1979184719829 -28.797918471982868 4
      vertex 143.4007650711028 -28.62467110956259 4
    endloop
  endfacet
  facet normal 0.8526401643540642 0.5224985647159945 0
    outer loop
      vertex 142.88528890887977 -30.77178384955723 6.5
      vertex 143.0246711095626 -30.999234928897206 4
      vertex 142.88528890887977 -30.77178384955723 4
    endloop
  endfacet
  facet normal 0.7604059656000229 0.6494480483301931 0
    outer loop
      vertex 143.0246711095626 -30.999234928897206 6.5
      vertex 143.1979184719829 -31.202081528017132 4
      vertex 143.0246711095626 -30.999234928897206 4
    endloop
  endfacet
  facet normal 0.6494480483302105 0.760405965600008 0
    outer loop
      vertex 143.1979184719829 -31.202081528017132 6.5
      vertex 143.4007650711028 -31.37532889043741 4
      vertex 143.1979184719829 -31.202081528017132 4
    endloop
  endfacet
  facet normal 0.5224985647159617 -0.8526401643540842 0
    outer loop
      vertex 143.62821615044277 -28.485288908879774 6.5
      vertex 143.4007650711028 -28.62467110956259 4
      vertex 143.62821615044277 -28.485288908879774 4
    endloop
  endfacet
  facet normal 0.3826834323650698 -0.9238795325112951 0
    outer loop
      vertex 143.8746711095626 -28.38320392229824 6.5
      vertex 143.62821615044277 -28.485288908879774 4
      vertex 143.8746711095626 -28.38320392229824 4
    endloop
  endfacet
  facet normal 0.5224985647159617 0.8526401643540842 0
    outer loop
      vertex 143.4007650711028 -31.37532889043741 6.5
      vertex 143.62821615044277 -31.514711091120226 4
      vertex 143.4007650711028 -31.37532889043741 4
    endloop
  endfacet
  facet normal 0.3826834323650698 0.9238795325112951 0
    outer loop
      vertex 143.62821615044277 -31.514711091120226 6.5
      vertex 143.8746711095626 -31.61679607770176 4
      vertex 143.62821615044277 -31.514711091120226 4
    endloop
  endfacet
  facet normal 0.2334453638559151 0.9723699203976742 0
    outer loop
      vertex 143.8746711095626 -31.61679607770176 6.5
      vertex 144.1340614094316 -31.679070179011735 4
      vertex 143.8746711095626 -31.61679607770176 4
    endloop
  endfacet
  facet normal 0.07845909572783943 0.9969173337331284 0
    outer loop
      vertex 144.1340614094316 -31.679070179011735 6.5
      vertex 144.4 -31.7 4
      vertex 144.1340614094316 -31.679070179011735 4
    endloop
  endfacet
  facet normal -0.07845909572783943 -0.9969173337331284 0
    outer loop
      vertex 144.4 -28.3 6.5
      vertex 144.4 -28.3 4
      vertex 144.6659385905684 -28.320929820988265 6.5
    endloop
  endfacet
  facet normal -0.2334453638559151 -0.9723699203976742 0
    outer loop
      vertex 144.6659385905684 -28.320929820988265 6.5
      vertex 144.6659385905684 -28.320929820988265 4
      vertex 144.9253288904374 -28.38320392229824 6.5
    endloop
  endfacet
  facet normal -0.3826834323650698 -0.9238795325112951 0
    outer loop
      vertex 144.9253288904374 -28.38320392229824 6.5
      vertex 144.9253288904374 -28.38320392229824 4
      vertex 145.17178384955724 -28.485288908879774 6.5
    endloop
  endfacet
  facet normal -0.5224985647159617 -0.8526401643540842 0
    outer loop
      vertex 145.17178384955724 -28.485288908879774 6.5
      vertex 145.17178384955724 -28.485288908879774 4
      vertex 145.39923492889722 -28.62467110956259 6.5
    endloop
  endfacet
  facet normal -0.07845909572783943 0.9969173337331284 5.669640342075241e-19
    outer loop
      vertex 144.4 -31.7 6.5
      vertex 144.6659385905684 -31.679070179011735 6.5
      vertex 144.6659385905684 -31.679070179011735 4
    endloop
  endfacet
  facet normal -0.2334453638559151 0.9723699203976742 5.217323399615476e-19
    outer loop
      vertex 144.6659385905684 -31.679070179011735 6.5
      vertex 144.9253288904374 -31.61679607770176 6.5
      vertex 144.9253288904374 -31.61679607770176 4
    endloop
  endfacet
  facet normal -0.3826834323650698 0.9238795325112951 3.7260211944426914e-19
    outer loop
      vertex 144.9253288904374 -31.61679607770176 6.5
      vertex 145.17178384955724 -31.514711091120226 6.5
      vertex 145.17178384955724 -31.514711091120226 4
    endloop
  endfacet
  facet normal -0.5224985647159617 0.8526401643540842 3.721902558342011e-18
    outer loop
      vertex 145.17178384955724 -31.514711091120226 6.5
      vertex 145.39923492889722 -31.37532889043741 6.5
      vertex 145.39923492889722 -31.37532889043741 4
    endloop
  endfacet
  facet normal -0.6494480483302105 -0.760405965600008 0
    outer loop
      vertex 145.39923492889722 -28.62467110956259 6.5
      vertex 145.39923492889722 -28.62467110956259 4
      vertex 145.60208152801712 -28.797918471982868 6.5
    endloop
  endfacet
  facet normal -0.7604059656000229 -0.6494480483301931 0
    outer loop
      vertex 145.60208152801712 -28.797918471982868 6.5
      vertex 145.60208152801712 -28.797918471982868 4
      vertex 145.7753288904374 -29.000765071102794 6.5
    endloop
  endfacet
  facet normal -0.8526401643540642 -0.5224985647159945 0
    outer loop
      vertex 145.7753288904374 -29.000765071102794 6.5
      vertex 145.7753288904374 -29.000765071102794 4
      vertex 145.91471109112024 -29.22821615044277 6.5
    endloop
  endfacet
  facet normal -0.7604059656000229 0.6494480483301931 -2.794770546904423e-18
    outer loop
      vertex 145.60208152801712 -31.202081528017132 6.5
      vertex 145.7753288904374 -30.999234928897206 6.5
      vertex 145.7753288904374 -30.999234928897206 4
    endloop
  endfacet
  facet normal -0.8526401643540642 0.5224985647159945 -4.773533613321435e-18
    outer loop
      vertex 145.7753288904374 -30.999234928897206 6.5
      vertex 145.91471109112024 -30.77178384955723 6.5
      vertex 145.91471109112024 -30.77178384955723 4
    endloop
  endfacet
  facet normal -0.9238795325112938 -0.3826834323650725 0
    outer loop
      vertex 145.91471109112024 -29.22821615044277 6.5
      vertex 145.91471109112024 -29.22821615044277 4
      vertex 146.01679607770177 -29.47467110956259 6.5
    endloop
  endfacet
  facet normal -0.9723699203976697 -0.23344536385593426 0
    outer loop
      vertex 146.01679607770177 -29.47467110956259 6.5
      vertex 146.01679607770177 -29.47467110956259 4
      vertex 146.07907017901175 -29.734061409431607 6.5
    endloop
  endfacet
  facet normal -0.9969173337331346 -0.07845909572776107 0
    outer loop
      vertex 146.07907017901175 -29.734061409431607 6.5
      vertex 146.07907017901175 -29.734061409431607 4
      vertex 146.1 -30 6.5
    endloop
  endfacet
  facet normal -0.9969173337331346 0.07845909572776107 0
    outer loop
      vertex 146.1 -30 6.5
      vertex 146.1 -30 4
      vertex 146.07907017901175 -30.265938590568393 6.5
    endloop
  endfacet
  facet normal -0.9723699203976697 0.23344536385593426 -6.816001682715525e-19
    outer loop
      vertex 146.01679607770177 -30.52532889043741 6.5
      vertex 146.07907017901175 -30.265938590568393 6.5
      vertex 146.07907017901175 -30.265938590568393 4
    endloop
  endfacet
  facet normal -0.9238795325112938 0.3826834323650725 0
    outer loop
      vertex 146.01679607770177 -30.52532889043741 6.5
      vertex 146.01679607770177 -30.52532889043741 4
      vertex 145.91471109112024 -30.77178384955723 6.5
    endloop
  endfacet
  facet normal -0.6494480483302105 0.760405965600008 -5.168753572718322e-18
    outer loop
      vertex 145.39923492889722 -31.37532889043741 6.5
      vertex 145.60208152801712 -31.202081528017132 6.5
      vertex 145.60208152801712 -31.202081528017132 4
    endloop
  endfacet
  facet normal -0.07845909572783943 -0.9969173337331284 0
    outer loop
      vertex 144.6659385905684 -28.320929820988265 6.5
      vertex 144.4 -28.3 4
      vertex 144.6659385905684 -28.320929820988265 4
    endloop
  endfacet
  facet normal -0.2334453638559151 -0.9723699203976742 0
    outer loop
      vertex 144.9253288904374 -28.38320392229824 6.5
      vertex 144.6659385905684 -28.320929820988265 4
      vertex 144.9253288904374 -28.38320392229824 4
    endloop
  endfacet
  facet normal -0.3826834323650698 -0.9238795325112951 0
    outer loop
      vertex 145.17178384955724 -28.485288908879774 6.5
      vertex 144.9253288904374 -28.38320392229824 4
      vertex 145.17178384955724 -28.485288908879774 4
    endloop
  endfacet
  facet normal -0.5224985647159617 -0.8526401643540842 0
    outer loop
      vertex 145.39923492889722 -28.62467110956259 6.5
      vertex 145.17178384955724 -28.485288908879774 4
      vertex 145.39923492889722 -28.62467110956259 4
    endloop
  endfacet
  facet normal -0.07845909572783943 0.9969173337331284 0
    outer loop
      vertex 144.4 -31.7 6.5
      vertex 144.6659385905684 -31.679070179011735 4
      vertex 144.4 -31.7 4
    endloop
  endfacet
  facet normal -0.2334453638559151 0.9723699203976742 0
    outer loop
      vertex 144.6659385905684 -31.679070179011735 6.5
      vertex 144.9253288904374 -31.61679607770176 4
      vertex 144.6659385905684 -31.679070179011735 4
    endloop
  endfacet
  facet normal -0.3826834323650698 0.9238795325112951 0
    outer loop
      vertex 144.9253288904374 -31.61679607770176 6.5
      vertex 145.17178384955724 -31.514711091120226 4
      vertex 144.9253288904374 -31.61679607770176 4
    endloop
  endfacet
  facet normal -0.5224985647159617 0.8526401643540842 0
    outer loop
      vertex 145.17178384955724 -31.514711091120226 6.5
      vertex 145.39923492889722 -31.37532889043741 4
      vertex 145.17178384955724 -31.514711091120226 4
    endloop
  endfacet
  facet normal -0.6494480483302105 -0.760405965600008 0
    outer loop
      vertex 145.60208152801712 -28.797918471982868 6.5
      vertex 145.39923492889722 -28.62467110956259 4
      vertex 145.60208152801712 -28.797918471982868 4
    endloop
  endfacet
  facet normal -0.7604059656000229 -0.6494480483301931 0
    outer loop
      vertex 145.7753288904374 -29.000765071102794 6.5
      vertex 145.60208152801712 -28.797918471982868 4
      vertex 145.7753288904374 -29.000765071102794 4
    endloop
  endfacet
  facet normal -0.8526401643540642 -0.5224985647159945 0
    outer loop
      vertex 145.91471109112024 -29.22821615044277 6.5
      vertex 145.7753288904374 -29.000765071102794 4
      vertex 145.91471109112024 -29.22821615044277 4
    endloop
  endfacet
  facet normal -0.8526401643540642 0.5224985647159945 0
    outer loop
      vertex 145.7753288904374 -30.999234928897206 6.5
      vertex 145.91471109112024 -30.77178384955723 4
      vertex 145.7753288904374 -30.999234928897206 4
    endloop
  endfacet
  facet normal -0.9238795325112938 -0.3826834323650725 0
    outer loop
      vertex 146.01679607770177 -29.47467110956259 6.5
      vertex 145.91471109112024 -29.22821615044277 4
      vertex 146.01679607770177 -29.47467110956259 4
    endloop
  endfacet
  facet normal -0.9723699203976697 -0.23344536385593426 0
    outer loop
      vertex 146.07907017901175 -29.734061409431607 6.5
      vertex 146.01679607770177 -29.47467110956259 4
      vertex 146.07907017901175 -29.734061409431607 4
    endloop
  endfacet
  facet normal -0.9969173337331346 -0.07845909572776107 0
    outer loop
      vertex 146.1 -30 6.5
      vertex 146.07907017901175 -29.734061409431607 4
      vertex 146.1 -30 4
    endloop
  endfacet
  facet normal -0.9969173337331346 0.07845909572776107 0
    outer loop
      vertex 146.07907017901175 -30.265938590568393 6.5
      vertex 146.1 -30 4
      vertex 146.07907017901175 -30.265938590568393 4
    endloop
  endfacet
  facet normal -0.9238795325112938 0.3826834323650725 0
    outer loop
      vertex 145.91471109112024 -30.77178384955723 6.5
      vertex 146.01679607770177 -30.52532889043741 4
      vertex 145.91471109112024 -30.77178384955723 4
    endloop
  endfacet
  facet normal -0.9723699203976697 0.23344536385593426 0
    outer loop
      vertex 146.01679607770177 -30.52532889043741 6.5
      vertex 146.07907017901175 -30.265938590568393 4
      vertex 146.01679607770177 -30.52532889043741 4
    endloop
  endfacet
  facet normal -0.6494480483302105 0.760405965600008 0
    outer loop
      vertex 145.39923492889722 -31.37532889043741 6.5
      vertex 145.60208152801712 -31.202081528017132 4
      vertex 145.39923492889722 -31.37532889043741 4
    endloop
  endfacet
  facet normal -0.7604059656000229 0.6494480483301931 0
    outer loop
      vertex 145.60208152801712 -31.202081528017132 6.5
      vertex 145.7753288904374 -30.999234928897206 4
      vertex 145.60208152801712 -31.202081528017132 4
    endloop
  endfacet
  facet normal 0.7604059656000258 -0.6494480483301898 0
    outer loop
      vertex 141.89204731743766 -28.177865717893333 6.5
      vertex 142.2079689783217 -27.807968978321703 8
      vertex 141.89204731743766 -28.177865717893333 8
    endloop
  endfacet
  facet normal 0.6494480483301855 -0.7604059656000294 0
    outer loop
      vertex 142.2079689783217 -27.807968978321703 6.5
      vertex 142.57786571789333 -27.492047317437663 8
      vertex 142.2079689783217 -27.807968978321703 8
    endloop
  endfacet
  facet normal 0.972369920397682 -0.23344536385588274 0
    outer loop
      vertex 141.33816614415508 -29.515053158375284 6.5
      vertex 141.45172479948502 -29.042047317437664 8
      vertex 141.33816614415508 -29.515053158375284 8
    endloop
  endfacet
  facet normal 0.9969173337331284 -0.0784590957278397 0
    outer loop
      vertex 141.3 -30 6.5
      vertex 141.33816614415508 -29.515053158375284 8
      vertex 141.3 -30 8
    endloop
  endfacet
  facet normal 0.9969173337331284 0.0784590957278397 0
    outer loop
      vertex 141.33816614415508 -30.484946841624716 6.5
      vertex 141.3 -30 8
      vertex 141.33816614415508 -30.484946841624716 8
    endloop
  endfacet
  facet normal 0.9238795325112744 -0.3826834323651198 0
    outer loop
      vertex 141.45172479948502 -29.042047317437664 6.5
      vertex 141.63787977501607 -28.592629450807404 8
      vertex 141.45172479948502 -29.042047317437664 8
    endloop
  endfacet
  facet normal 0.8526401643541099 -0.52249856471592 0
    outer loop
      vertex 141.63787977501607 -28.592629450807404 6.5
      vertex 141.89204731743766 -28.177865717893333 8
      vertex 141.63787977501607 -28.592629450807404 8
    endloop
  endfacet
  facet normal 0.972369920397682 0.23344536385588274 0
    outer loop
      vertex 141.45172479948502 -30.957952682562336 6.5
      vertex 141.33816614415508 -30.484946841624716 8
      vertex 141.45172479948502 -30.957952682562336 8
    endloop
  endfacet
  facet normal 0.9238795325112744 0.3826834323651198 0
    outer loop
      vertex 141.63787977501607 -31.407370549192596 6.5
      vertex 141.45172479948502 -30.957952682562336 8
      vertex 141.63787977501607 -31.407370549192596 8
    endloop
  endfacet
  facet normal 0.8526401643541099 0.52249856471592 0
    outer loop
      vertex 141.89204731743766 -31.822134282106667 6.5
      vertex 141.63787977501607 -31.407370549192596 8
      vertex 141.89204731743766 -31.822134282106667 8
    endloop
  endfacet
  facet normal 0.7604059656000258 0.6494480483301898 0
    outer loop
      vertex 142.2079689783217 -32.1920310216783 6.5
      vertex 141.89204731743766 -31.822134282106667 8
      vertex 142.2079689783217 -32.1920310216783 8
    endloop
  endfacet
  facet normal 0.522498564715942 -0.8526401643540964 0
    outer loop
      vertex 142.57786571789333 -27.492047317437663 6.5
      vertex 142.9926294508074 -27.237879775016058 8
      vertex 142.57786571789333 -27.492047317437663 8
    endloop
  endfacet
  facet normal 0.38268343236509117 -0.9238795325112861 0
    outer loop
      vertex 142.9926294508074 -27.237879775016058 6.5
      vertex 143.44204731743767 -27.051724799485022 8
      vertex 142.9926294508074 -27.237879775016058 8
    endloop
  endfacet
  facet normal 0.2334453638559051 -0.9723699203976767 0
    outer loop
      vertex 143.44204731743767 -27.051724799485022 6.5
      vertex 143.9150531583753 -26.938166144155073 8
      vertex 143.44204731743767 -27.051724799485022 8
    endloop
  endfacet
  facet normal 0.07845909572784637 -0.9969173337331279 0
    outer loop
      vertex 143.9150531583753 -26.938166144155073 6.5
      vertex 144.4 -26.9 8
      vertex 143.9150531583753 -26.938166144155073 8
    endloop
  endfacet
  facet normal 0.6494480483301898 0.7604059656000258 0
    outer loop
      vertex 142.57786571789333 -32.50795268256234 6.5
      vertex 142.2079689783217 -32.1920310216783 8
      vertex 142.57786571789333 -32.50795268256234 8
    endloop
  endfacet
  facet normal 0.5224985647159315 0.8526401643541028 0
    outer loop
      vertex 142.9926294508074 -32.76212022498394 6.5
      vertex 142.57786571789333 -32.50795268256234 8
      vertex 142.9926294508074 -32.76212022498394 8
    endloop
  endfacet
  facet normal 0.3826834323650975 0.9238795325112836 0
    outer loop
      vertex 143.44204731743767 -32.94827520051498 6.5
      vertex 142.9926294508074 -32.76212022498394 8
      vertex 143.44204731743767 -32.94827520051498 8
    endloop
  endfacet
  facet normal 0.2334453638558982 0.9723699203976782 0
    outer loop
      vertex 143.9150531583753 -33.061833855844924 6.5
      vertex 143.44204731743767 -32.94827520051498 8
      vertex 143.9150531583753 -33.061833855844924 8
    endloop
  endfacet
  facet normal 0.07845909572785364 0.9969173337331274 0
    outer loop
      vertex 144.4 -33.1 6.5
      vertex 143.9150531583753 -33.061833855844924 8
      vertex 144.4 -33.1 8
    endloop
  endfacet
  facet normal 0.8526401643541099 -0.52249856471592 3.774527959583295e-18
    outer loop
      vertex 141.63787977501607 -28.592629450807404 6.5
      vertex 141.89204731743766 -28.177865717893333 6.5
      vertex 141.89204731743766 -28.177865717893333 8
    endloop
  endfacet
  facet normal 0.7604059656000258 -0.6494480483301898 3.462371914155987e-18
    outer loop
      vertex 141.89204731743766 -28.177865717893333 6.5
      vertex 142.2079689783217 -27.807968978321703 6.5
      vertex 142.2079689783217 -27.807968978321703 8
    endloop
  endfacet
  facet normal 0.9969173337331284 -0.0784590957278397 0
    outer loop
      vertex 141.33816614415508 -29.515053158375284 6.5
      vertex 141.33816614415508 -29.515053158375284 8
      vertex 141.3 -30 6.5
    endloop
  endfacet
  facet normal 0.9969173337331284 0.0784590957278397 0
    outer loop
      vertex 141.3 -30 6.5
      vertex 141.3 -30 8
      vertex 141.33816614415508 -30.484946841624716 6.5
    endloop
  endfacet
  facet normal 0.972369920397682 0.23344536385588274 0
    outer loop
      vertex 141.33816614415508 -30.484946841624716 6.5
      vertex 141.33816614415508 -30.484946841624716 8
      vertex 141.45172479948502 -30.957952682562336 6.5
    endloop
  endfacet
  facet normal 0.9238795325112744 -0.3826834323651198 -6.590934450092972e-18
    outer loop
      vertex 141.45172479948502 -29.042047317437664 6.5
      vertex 141.63787977501607 -28.592629450807404 6.5
      vertex 141.63787977501607 -28.592629450807404 8
    endloop
  endfacet
  facet normal 0.972369920397682 -0.23344536385588274 0
    outer loop
      vertex 141.45172479948502 -29.042047317437664 6.5
      vertex 141.45172479948502 -29.042047317437664 8
      vertex 141.33816614415508 -29.515053158375284 6.5
    endloop
  endfacet
  facet normal 0.9238795325112744 0.3826834323651198 0
    outer loop
      vertex 141.45172479948502 -30.957952682562336 6.5
      vertex 141.45172479948502 -30.957952682562336 8
      vertex 141.63787977501607 -31.407370549192596 6.5
    endloop
  endfacet
  facet normal 0.8526401643541099 0.52249856471592 0
    outer loop
      vertex 141.63787977501607 -31.407370549192596 6.5
      vertex 141.63787977501607 -31.407370549192596 8
      vertex 141.89204731743766 -31.822134282106667 6.5
    endloop
  endfacet
  facet normal 0.7604059656000258 0.6494480483301898 0
    outer loop
      vertex 141.89204731743766 -31.822134282106667 6.5
      vertex 141.89204731743766 -31.822134282106667 8
      vertex 142.2079689783217 -32.1920310216783 6.5
    endloop
  endfacet
  facet normal 0.6494480483301898 0.7604059656000258 0
    outer loop
      vertex 142.2079689783217 -32.1920310216783 6.5
      vertex 142.2079689783217 -32.1920310216783 8
      vertex 142.57786571789333 -32.50795268256234 6.5
    endloop
  endfacet
  facet normal 0.6494480483301855 -0.7604059656000294 9.290537674731567e-18
    outer loop
      vertex 142.2079689783217 -27.807968978321703 6.5
      vertex 142.57786571789333 -27.492047317437663 6.5
      vertex 142.57786571789333 -27.492047317437663 8
    endloop
  endfacet
  facet normal 0.522498564715942 -0.8526401643540964 9.057442747159848e-18
    outer loop
      vertex 142.57786571789333 -27.492047317437663 6.5
      vertex 142.9926294508074 -27.237879775016058 6.5
      vertex 142.9926294508074 -27.237879775016058 8
    endloop
  endfacet
  facet normal 0.38268343236509117 -0.9238795325112861 -4.8895274492130715e-18
    outer loop
      vertex 142.9926294508074 -27.237879775016058 6.5
      vertex 143.44204731743767 -27.051724799485022 6.5
      vertex 143.44204731743767 -27.051724799485022 8
    endloop
  endfacet
  facet normal 0.2334453638559051 -0.9723699203976767 2.389825259928075e-18
    outer loop
      vertex 143.44204731743767 -27.051724799485022 6.5
      vertex 143.9150531583753 -26.938166144155073 6.5
      vertex 143.9150531583753 -26.938166144155073 8
    endloop
  endfacet
  facet normal 0.07845909572784637 -0.9969173337331279 6.245733203389941e-19
    outer loop
      vertex 143.9150531583753 -26.938166144155073 6.5
      vertex 144.4 -26.9 6.5
      vertex 144.4 -26.9 8
    endloop
  endfacet
  facet normal 0.5224985647159315 0.8526401643541028 0
    outer loop
      vertex 142.57786571789333 -32.50795268256234 6.5
      vertex 142.57786571789333 -32.50795268256234 8
      vertex 142.9926294508074 -32.76212022498394 6.5
    endloop
  endfacet
  facet normal 0.3826834323650975 0.9238795325112836 0
    outer loop
      vertex 142.9926294508074 -32.76212022498394 6.5
      vertex 142.9926294508074 -32.76212022498394 8
      vertex 143.44204731743767 -32.94827520051498 6.5
    endloop
  endfacet
  facet normal 0.2334453638558982 0.9723699203976782 0
    outer loop
      vertex 143.44204731743767 -32.94827520051498 6.5
      vertex 143.44204731743767 -32.94827520051498 8
      vertex 143.9150531583753 -33.061833855844924 6.5
    endloop
  endfacet
  facet normal 0.07845909572785364 0.9969173337331274 0
    outer loop
      vertex 143.9150531583753 -33.061833855844924 6.5
      vertex 143.9150531583753 -33.061833855844924 8
      vertex 144.4 -33.1 6.5
    endloop
  endfacet
  facet normal 0 0 1
    outer loop
      vertex 141.45172479948502 -29.042047317437664 6.5
      vertex 141.33816614415508 -29.515053158375284 6.5
      vertex 141.33816614415508 -30.484946841624716 6.5
    endloop
  endfacet
  facet normal 0 0 1
    outer loop
      vertex 141.33816614415508 -29.515053158375284 6.5
      vertex 141.3 -30 6.5
      vertex 141.33816614415508 -30.484946841624716 6.5
    endloop
  endfacet
  facet normal 0 0 1
    outer loop
      vertex 141.45172479948502 -29.042047317437664 6.5
      vertex 141.45172479948502 -30.957952682562336 6.5
      vertex 141.63787977501607 -28.592629450807404 6.5
    endloop
  endfacet
  facet normal 0 0 1
    outer loop
      vertex 141.63787977501607 -28.592629450807404 6.5
      vertex 141.63787977501607 -31.407370549192596 6.5
      vertex 141.89204731743766 -28.177865717893333 6.5
    endloop
  endfacet
  facet normal 0 0 1
    outer loop
      vertex 141.45172479948502 -29.042047317437664 6.5
      vertex 141.33816614415508 -30.484946841624716 6.5
      vertex 141.45172479948502 -30.957952682562336 6.5
    endloop
  endfacet
  facet normal 0 0 1
    outer loop
      vertex 141.63787977501607 -28.592629450807404 6.5
      vertex 141.45172479948502 -30.957952682562336 6.5
      vertex 141.63787977501607 -31.407370549192596 6.5
    endloop
  endfacet
  facet normal 0 0 1
    outer loop
      vertex 141.89204731743766 -28.177865717893333 6.5
      vertex 141.63787977501607 -31.407370549192596 6.5
      vertex 141.89204731743766 -31.822134282106667 6.5
    endloop
  endfacet
  facet normal 0 0 1
    outer loop
      vertex 141.89204731743766 -28.177865717893333 6.5
      vertex 141.89204731743766 -31.822134282106667 6.5
      vertex 142.2079689783217 -27.807968978321703 6.5
    endloop
  endfacet
  facet normal 0 0 1
    outer loop
      vertex 142.2079689783217 -27.807968978321703 6.5
      vertex 142.2079689783217 -32.1920310216783 6.5
      vertex 142.57786571789333 -27.492047317437663 6.5
    endloop
  endfacet
  facet normal 0 0 1
    outer loop
      vertex 141.89204731743766 -31.822134282106667 6.5
      vertex 142.2079689783217 -32.1920310216783 6.5
      vertex 142.2079689783217 -27.807968978321703 6.5
    endloop
  endfacet
  facet normal 0 0 1
    outer loop
      vertex 142.57786571789333 -27.492047317437663 6.5
      vertex 142.88528890887977 -29.22821615044277 6.5
      vertex 142.9926294508074 -27.237879775016058 6.5
    endloop
  endfacet
  facet normal 0 0 1
    outer loop
      vertex 142.9926294508074 -27.237879775016058 6.5
      vertex 143.0246711095626 -29.000765071102794 6.5
      vertex 143.1979184719829 -28.797918471982868 6.5
    endloop
  endfacet
  facet normal 0 0 1
    outer loop
      vertex 142.9926294508074 -27.237879775016058 6.5
      vertex 143.4007650711028 -28.62467110956259 6.5
      vertex 143.44204731743767 -27.051724799485022 6.5
    endloop
  endfacet
  facet normal 0 0 1
    outer loop
      vertex 142.9926294508074 -27.237879775016058 6.5
      vertex 143.1979184719829 -28.797918471982868 6.5
      vertex 143.4007650711028 -28.62467110956259 6.5
    endloop
  endfacet
  facet normal 0 0 1
    outer loop
      vertex 143.44204731743767 -27.051724799485022 6.5
      vertex 143.4007650711028 -28.62467110956259 6.5
      vertex 143.62821615044277 -28.485288908879774 6.5
    endloop
  endfacet
  facet normal 0 0 1
    outer loop
      vertex 143.44204731743767 -27.051724799485022 6.5
      vertex 143.62821615044277 -28.485288908879774 6.5
      vertex 143.8746711095626 -28.38320392229824 6.5
    endloop
  endfacet
  facet normal 0 0 1
    outer loop
      vertex 143.44204731743767 -27.051724799485022 6.5
      vertex 143.8746711095626 -28.38320392229824 6.5
      vertex 143.9150531583753 -26.938166144155073 6.5
    endloop
  endfacet
  facet normal 0 0 1
    outer loop
      vertex 143.9150531583753 -26.938166144155073 6.5
      vertex 143.8746711095626 -28.38320392229824 6.5
      vertex 144.1340614094316 -28.320929820988265 6.5
    endloop
  endfacet
  facet normal 0 0 1
    outer loop
      vertex 143.9150531583753 -26.938166144155073 6.5
      vertex 144.1340614094316 -28.320929820988265 6.5
      vertex 144.4 -28.3 6.5
    endloop
  endfacet
  facet normal 0 0 1
    outer loop
      vertex 143.9150531583753 -26.938166144155073 6.5
      vertex 144.4 -28.3 6.5
      vertex 144.4 -26.9 6.5
    endloop
  endfacet
  facet normal 0 0 1
    outer loop
      vertex 142.57786571789333 -27.492047317437663 6.5
      vertex 142.78320392229824 -29.47467110956259 6.5
      vertex 142.88528890887977 -29.22821615044277 6.5
    endloop
  endfacet
  facet normal 0 0 1
    outer loop
      vertex 142.57786571789333 -27.492047317437663 6.5
      vertex 142.72092982098826 -29.734061409431607 6.5
      vertex 142.78320392229824 -29.47467110956259 6.5
    endloop
  endfacet
  facet normal 0 0 1
    outer loop
      vertex 142.57786571789333 -27.492047317437663 6.5
      vertex 142.70000000000002 -30 6.5
      vertex 142.72092982098826 -29.734061409431607 6.5
    endloop
  endfacet
  facet normal 0 0 1
    outer loop
      vertex 142.57786571789333 -27.492047317437663 6.5
      vertex 142.57786571789333 -32.50795268256234 6.5
      vertex 142.70000000000002 -30 6.5
    endloop
  endfacet
  facet normal 0 0 1
    outer loop
      vertex 142.57786571789333 -27.492047317437663 6.5
      vertex 142.2079689783217 -32.1920310216783 6.5
      vertex 142.57786571789333 -32.50795268256234 6.5
    endloop
  endfacet
  facet normal 0 0 1
    outer loop
      vertex 142.57786571789333 -32.50795268256234 6.5
      vertex 142.72092982098826 -30.265938590568393 6.5
      vertex 142.70000000000002 -30 6.5
    endloop
  endfacet
  facet normal 0 0 1
    outer loop
      vertex 142.57786571789333 -32.50795268256234 6.5
      vertex 142.78320392229824 -30.52532889043741 6.5
      vertex 142.72092982098826 -30.265938590568393 6.5
    endloop
  endfacet
  facet normal 0 0 1
    outer loop
      vertex 142.9926294508074 -27.237879775016058 6.5
      vertex 142.88528890887977 -29.22821615044277 6.5
      vertex 143.0246711095626 -29.000765071102794 6.5
    endloop
  endfacet
  facet normal 0 0 1
    outer loop
      vertex 142.57786571789333 -32.50795268256234 6.5
      vertex 142.88528890887977 -30.77178384955723 6.5
      vertex 142.78320392229824 -30.52532889043741 6.5
    endloop
  endfacet
  facet normal 0 0 1
    outer loop
      vertex 142.57786571789333 -32.50795268256234 6.5
      vertex 142.9926294508074 -32.76212022498394 6.5
      vertex 142.88528890887977 -30.77178384955723 6.5
    endloop
  endfacet
  facet normal 0 0 1
    outer loop
      vertex 142.88528890887977 -30.77178384955723 6.5
      vertex 142.9926294508074 -32.76212022498394 6.5
      vertex 143.0246711095626 -30.999234928897206 6.5
    endloop
  endfacet
  facet normal 0 0 1
    outer loop
      vertex 143.0246711095626 -30.999234928897206 6.5
      vertex 142.9926294508074 -32.76212022498394 6.5
      vertex 143.1979184719829 -31.202081528017132 6.5
    endloop
  endfacet
  facet normal 0 0 1
    outer loop
      vertex 143.1979184719829 -31.202081528017132 6.5
      vertex 142.9926294508074 -32.76212022498394 6.5
      vertex 143.4007650711028 -31.37532889043741 6.5
    endloop
  endfacet
  facet normal 0 0 1
    outer loop
      vertex 143.4007650711028 -31.37532889043741 6.5
      vertex 142.9926294508074 -32.76212022498394 6.5
      vertex 143.44204731743767 -32.94827520051498 6.5
    endloop
  endfacet
  facet normal 0 0 1
    outer loop
      vertex 143.4007650711028 -31.37532889043741 6.5
      vertex 143.44204731743767 -32.94827520051498 6.5
      vertex 143.62821615044277 -31.514711091120226 6.5
    endloop
  endfacet
  facet normal 0 0 1
    outer loop
      vertex 143.62821615044277 -31.514711091120226 6.5
      vertex 143.44204731743767 -32.94827520051498 6.5
      vertex 143.8746711095626 -31.61679607770176 6.5
    endloop
  endfacet
  facet normal 0 0 1
    outer loop
      vertex 143.8746711095626 -31.61679607770176 6.5
      vertex 143.44204731743767 -32.94827520051498 6.5
      vertex 143.9150531583753 -33.061833855844924 6.5
    endloop
  endfacet
  facet normal 0 0 1
    outer loop
      vertex 143.8746711095626 -31.61679607770176 6.5
      vertex 143.9150531583753 -33.061833855844924 6.5
      vertex 144.1340614094316 -31.679070179011735 6.5
    endloop
  endfacet
  facet normal 0 0 1
    outer loop
      vertex 143.9150531583753 -33.061833855844924 6.5
      vertex 144.4 -31.7 6.5
      vertex 144.1340614094316 -31.679070179011735 6.5
    endloop
  endfacet
  facet normal 0 0 1
    outer loop
      vertex 143.9150531583753 -33.061833855844924 6.5
      vertex 144.4 -33.1 6.5
      vertex 144.4 -31.7 6.5
    endloop
  endfacet
  facet normal -0.07845909572784637 -0.9969173337331279 0
    outer loop
      vertex 144.4 -26.9 6.5
      vertex 144.88494684162472 -26.938166144155073 8
      vertex 144.4 -26.9 8
    endloop
  endfacet
  facet normal -0.2334453638559051 -0.9723699203976767 0
    outer loop
      vertex 144.88494684162472 -26.938166144155073 6.5
      vertex 145.35795268256234 -27.051724799485022 8
      vertex 144.88494684162472 -26.938166144155073 8
    endloop
  endfacet
  facet normal -0.38268343236509117 -0.9238795325112861 0
    outer loop
      vertex 145.35795268256234 -27.051724799485022 6.5
      vertex 145.8073705491926 -27.237879775016058 8
      vertex 145.35795268256234 -27.051724799485022 8
    endloop
  endfacet
  facet normal -0.522498564715942 -0.8526401643540964 0
    outer loop
      vertex 145.8073705491926 -27.237879775016058 6.5
      vertex 146.22213428210668 -27.492047317437663 8
      vertex 145.8073705491926 -27.237879775016058 8
    endloop
  endfacet
  facet normal -0.6494480483301855 -0.7604059656000294 0
    outer loop
      vertex 146.22213428210668 -27.492047317437663 6.5
      vertex 146.5920310216783 -27.807968978321703 8
      vertex 146.22213428210668 -27.492047317437663 8
    endloop
  endfacet
  facet normal -0.07845909572785364 0.9969173337331274 0
    outer loop
      vertex 144.88494684162472 -33.061833855844924 6.5
      vertex 144.4 -33.1 8
      vertex 144.88494684162472 -33.061833855844924 8
    endloop
  endfacet
  facet normal -0.2334453638558982 0.9723699203976782 0
    outer loop
      vertex 145.35795268256234 -32.94827520051498 6.5
      vertex 144.88494684162472 -33.061833855844924 8
      vertex 145.35795268256234 -32.94827520051498 8
    endloop
  endfacet
  facet normal -0.3826834323650975 0.9238795325112836 0
    outer loop
      vertex 145.8073705491926 -32.76212022498394 6.5
      vertex 145.35795268256234 -32.94827520051498 8
      vertex 145.8073705491926 -32.76212022498394 8
    endloop
  endfacet
  facet normal -0.5224985647159315 0.8526401643541028 0
    outer loop
      vertex 146.22213428210668 -32.50795268256234 6.5
      vertex 145.8073705491926 -32.76212022498394 8
      vertex 146.22213428210668 -32.50795268256234 8
    endloop
  endfacet
  facet normal -0.7604059656000258 -0.6494480483301898 0
    outer loop
      vertex 146.5920310216783 -27.807968978321703 6.5
      vertex 146.90795268256235 -28.177865717893333 8
      vertex 146.5920310216783 -27.807968978321703 8
    endloop
  endfacet
  facet normal -0.8526401643541099 -0.52249856471592 0
    outer loop
      vertex 146.90795268256235 -28.177865717893333 6.5
      vertex 147.16212022498394 -28.592629450807404 8
      vertex 146.90795268256235 -28.177865717893333 8
    endloop
  endfacet
  facet normal -0.9238795325112744 -0.3826834323651198 0
    outer loop
      vertex 147.16212022498394 -28.592629450807404 6.5
      vertex 147.348275200515 -29.042047317437664 8
      vertex 147.16212022498394 -28.592629450807404 8
    endloop
  endfacet
  facet normal -0.972369920397682 -0.23344536385588274 0
    outer loop
      vertex 147.348275200515 -29.042047317437664 6.5
      vertex 147.46183385584493 -29.515053158375284 8
      vertex 147.348275200515 -29.042047317437664 8
    endloop
  endfacet
  facet normal -0.9238795325112744 0.3826834323651198 0
    outer loop
      vertex 147.348275200515 -30.957952682562336 6.5
      vertex 147.16212022498394 -31.407370549192596 8
      vertex 147.348275200515 -30.957952682562336 8
    endloop
  endfacet
  facet normal -0.6494480483301898 0.7604059656000258 0
    outer loop
      vertex 146.5920310216783 -32.1920310216783 6.5
      vertex 146.22213428210668 -32.50795268256234 8
      vertex 146.5920310216783 -32.1920310216783 8
    endloop
  endfacet
  facet normal -0.7604059656000258 0.6494480483301898 0
    outer loop
      vertex 146.90795268256235 -31.822134282106667 6.5
      vertex 146.5920310216783 -32.1920310216783 8
      vertex 146.90795268256235 -31.822134282106667 8
    endloop
  endfacet
  facet normal -0.8526401643541099 0.52249856471592 0
    outer loop
      vertex 147.16212022498394 -31.407370549192596 6.5
      vertex 146.90795268256235 -31.822134282106667 8
      vertex 147.16212022498394 -31.407370549192596 8
    endloop
  endfacet
  facet normal -0.9969173337331284 -0.0784590957278397 0
    outer loop
      vertex 147.46183385584493 -29.515053158375284 6.5
      vertex 147.5 -30 8
      vertex 147.46183385584493 -29.515053158375284 8
    endloop
  endfacet
  facet normal -0.9969173337331284 0.0784590957278397 0
    outer loop
      vertex 147.5 -30 6.5
      vertex 147.46183385584493 -30.484946841624716 8
      vertex 147.5 -30 8
    endloop
  endfacet
  facet normal -0.972369920397682 0.23344536385588274 0
    outer loop
      vertex 147.46183385584493 -30.484946841624716 6.5
      vertex 147.348275200515 -30.957952682562336 8
      vertex 147.46183385584493 -30.484946841624716 8
    endloop
  endfacet
  facet normal -0.07845909572784637 -0.9969173337331279 -6.245733203389941e-19
    outer loop
      vertex 144.4 -26.9 6.5
      vertex 144.88494684162472 -26.938166144155073 6.5
      vertex 144.88494684162472 -26.938166144155073 8
    endloop
  endfacet
  facet normal -0.2334453638559051 -0.9723699203976767 -2.389825259928075e-18
    outer loop
      vertex 144.88494684162472 -26.938166144155073 6.5
      vertex 145.35795268256234 -27.051724799485022 6.5
      vertex 145.35795268256234 -27.051724799485022 8
    endloop
  endfacet
  facet normal -0.38268343236509117 -0.9238795325112861 4.8895274492130715e-18
    outer loop
      vertex 145.35795268256234 -27.051724799485022 6.5
      vertex 145.8073705491926 -27.237879775016058 6.5
      vertex 145.8073705491926 -27.237879775016058 8
    endloop
  endfacet
  facet normal -0.522498564715942 -0.8526401643540964 -9.057442747159848e-18
    outer loop
      vertex 145.8073705491926 -27.237879775016058 6.5
      vertex 146.22213428210668 -27.492047317437663 6.5
      vertex 146.22213428210668 -27.492047317437663 8
    endloop
  endfacet
  facet normal -0.07845909572785364 0.9969173337331274 0
    outer loop
      vertex 144.4 -33.1 6.5
      vertex 144.4 -33.1 8
      vertex 144.88494684162472 -33.061833855844924 6.5
    endloop
  endfacet
  facet normal -0.2334453638558982 0.9723699203976782 0
    outer loop
      vertex 144.88494684162472 -33.061833855844924 6.5
      vertex 144.88494684162472 -33.061833855844924 8
      vertex 145.35795268256234 -32.94827520051498 6.5
    endloop
  endfacet
  facet normal -0.3826834323650975 0.9238795325112836 0
    outer loop
      vertex 145.35795268256234 -32.94827520051498 6.5
      vertex 145.35795268256234 -32.94827520051498 8
      vertex 145.8073705491926 -32.76212022498394 6.5
    endloop
  endfacet
  facet normal -0.6494480483301898 0.7604059656000258 0
    outer loop
      vertex 146.22213428210668 -32.50795268256234 6.5
      vertex 146.22213428210668 -32.50795268256234 8
      vertex 146.5920310216783 -32.1920310216783 6.5
    endloop
  endfacet
  facet normal -0.5224985647159315 0.8526401643541028 0
    outer loop
      vertex 145.8073705491926 -32.76212022498394 6.5
      vertex 145.8073705491926 -32.76212022498394 8
      vertex 146.22213428210668 -32.50795268256234 6.5
    endloop
  endfacet
  facet normal -0.6494480483301855 -0.7604059656000294 -9.290537674731567e-18
    outer loop
      vertex 146.22213428210668 -27.492047317437663 6.5
      vertex 146.5920310216783 -27.807968978321703 6.5
      vertex 146.5920310216783 -27.807968978321703 8
    endloop
  endfacet
  facet normal -0.7604059656000258 -0.6494480483301898 -3.462371914155987e-18
    outer loop
      vertex 146.5920310216783 -27.807968978321703 6.5
      vertex 146.90795268256235 -28.177865717893333 6.5
      vertex 146.90795268256235 -28.177865717893333 8
    endloop
  endfacet
  facet normal -0.8526401643541099 -0.52249856471592 -3.774527959583295e-18
    outer loop
      vertex 146.90795268256235 -28.177865717893333 6.5
      vertex 147.16212022498394 -28.592629450807404 6.5
      vertex 147.16212022498394 -28.592629450807404 8
    endloop
  endfacet
  facet normal -0.9238795325112744 -0.3826834323651198 6.590934450092972e-18
    outer loop
      vertex 147.16212022498394 -28.592629450807404 6.5
      vertex 147.348275200515 -29.042047317437664 6.5
      vertex 147.348275200515 -29.042047317437664 8
    endloop
  endfacet
  facet normal -0.972369920397682 0.23344536385588274 -1.3659127404908587e-18
    outer loop
      vertex 147.46183385584493 -30.484946841624716 6.5
      vertex 147.348275200515 -30.957952682562336 6.5
      vertex 147.348275200515 -30.957952682562336 8
    endloop
  endfacet
  facet normal -0.7604059656000258 0.6494480483301898 0
    outer loop
      vertex 146.5920310216783 -32.1920310216783 6.5
      vertex 146.5920310216783 -32.1920310216783 8
      vertex 146.90795268256235 -31.822134282106667 6.5
    endloop
  endfacet
  facet normal -0.8526401643541099 0.52249856471592 0
    outer loop
      vertex 146.90795268256235 -31.822134282106667 6.5
      vertex 146.90795268256235 -31.822134282106667 8
      vertex 147.16212022498394 -31.407370549192596 6.5
    endloop
  endfacet
  facet normal -0.9238795325112744 0.3826834323651198 0
    outer loop
      vertex 147.16212022498394 -31.407370549192596 6.5
      vertex 147.16212022498394 -31.407370549192596 8
      vertex 147.348275200515 -30.957952682562336 6.5
    endloop
  endfacet
  facet normal -0.972369920397682 -0.23344536385588274 1.3659127404908587e-18
    outer loop
      vertex 147.348275200515 -29.042047317437664 6.5
      vertex 147.46183385584493 -29.515053158375284 6.5
      vertex 147.46183385584493 -29.515053158375284 8
    endloop
  endfacet
  facet normal -0.9969173337331284 -0.0784590957278397 -2.2046119083275914e-18
    outer loop
      vertex 147.46183385584493 -29.515053158375284 6.5
      vertex 147.5 -30 6.5
      vertex 147.5 -30 8
    endloop
  endfacet
  facet normal -0.9969173337331284 0.0784590957278397 2.2046119083275914e-18
    outer loop
      vertex 147.5 -30 6.5
      vertex 147.46183385584493 -30.484946841624716 6.5
      vertex 147.46183385584493 -30.484946841624716 8
    endloop
  endfacet
  facet normal 0 0 1
    outer loop
      vertex 144.4 -26.9 6.5
      vertex 144.4 -28.3 6.5
      vertex 144.88494684162472 -26.938166144155073 6.5
    endloop
  endfacet
  facet normal 0 0 1
    outer loop
      vertex 144.4 -28.3 6.5
      vertex 144.6659385905684 -28.320929820988265 6.5
      vertex 144.88494684162472 -26.938166144155073 6.5
    endloop
  endfacet
  facet normal 0 0 1
    outer loop
      vertex 144.6659385905684 -28.320929820988265 6.5
      vertex 144.9253288904374 -28.38320392229824 6.5
      vertex 144.88494684162472 -26.938166144155073 6.5
    endloop
  endfacet
  facet normal 0 0 1
    outer loop
      vertex 144.88494684162472 -26.938166144155073 6.5
      vertex 144.9253288904374 -28.38320392229824 6.5
      vertex 145.35795268256234 -27.051724799485022 6.5
    endloop
  endfacet
  facet normal 0 0 1
    outer loop
      vertex 144.9253288904374 -28.38320392229824 6.5
      vertex 145.17178384955724 -28.485288908879774 6.5
      vertex 145.35795268256234 -27.051724799485022 6.5
    endloop
  endfacet
  facet normal 0 0 1
    outer loop
      vertex 145.35795268256234 -27.051724799485022 6.5
      vertex 145.17178384955724 -28.485288908879774 6.5
      vertex 145.39923492889722 -28.62467110956259 6.5
    endloop
  endfacet
  facet normal 0 0 1
    outer loop
      vertex 145.35795268256234 -27.051724799485022 6.5
      vertex 145.39923492889722 -28.62467110956259 6.5
      vertex 145.8073705491926 -27.237879775016058 6.5
    endloop
  endfacet
  facet normal 0 0 1
    outer loop
      vertex 145.39923492889722 -28.62467110956259 6.5
      vertex 145.60208152801712 -28.797918471982868 6.5
      vertex 145.8073705491926 -27.237879775016058 6.5
    endloop
  endfacet
  facet normal 0 0 1
    outer loop
      vertex 145.8073705491926 -27.237879775016058 6.5
      vertex 145.60208152801712 -28.797918471982868 6.5
      vertex 145.7753288904374 -29.000765071102794 6.5
    endloop
  endfacet
  facet normal 0 0 1
    outer loop
      vertex 145.8073705491926 -27.237879775016058 6.5
      vertex 145.91471109112024 -29.22821615044277 6.5
      vertex 146.22213428210668 -27.492047317437663 6.5
    endloop
  endfacet
  facet normal 0 0 1
    outer loop
      vertex 144.4 -31.7 6.5
      vertex 144.88494684162472 -33.061833855844924 6.5
      vertex 144.6659385905684 -31.679070179011735 6.5
    endloop
  endfacet
  facet normal 0 0 1
    outer loop
      vertex 144.6659385905684 -31.679070179011735 6.5
      vertex 144.88494684162472 -33.061833855844924 6.5
      vertex 144.9253288904374 -31.61679607770176 6.5
    endloop
  endfacet
  facet normal 0 0 1
    outer loop
      vertex 144.4 -31.7 6.5
      vertex 144.4 -33.1 6.5
      vertex 144.88494684162472 -33.061833855844924 6.5
    endloop
  endfacet
  facet normal 0 0 1
    outer loop
      vertex 144.9253288904374 -31.61679607770176 6.5
      vertex 145.35795268256234 -32.94827520051498 6.5
      vertex 145.17178384955724 -31.514711091120226 6.5
    endloop
  endfacet
  facet normal 0 0 1
    outer loop
      vertex 145.17178384955724 -31.514711091120226 6.5
      vertex 145.35795268256234 -32.94827520051498 6.5
      vertex 145.39923492889722 -31.37532889043741 6.5
    endloop
  endfacet
  facet normal 0 0 1
    outer loop
      vertex 144.9253288904374 -31.61679607770176 6.5
      vertex 144.88494684162472 -33.061833855844924 6.5
      vertex 145.35795268256234 -32.94827520051498 6.5
    endloop
  endfacet
  facet normal 0 0 1
    outer loop
      vertex 145.8073705491926 -27.237879775016058 6.5
      vertex 145.7753288904374 -29.000765071102794 6.5
      vertex 145.91471109112024 -29.22821615044277 6.5
    endloop
  endfacet
  facet normal 0 0 1
    outer loop
      vertex 145.91471109112024 -29.22821615044277 6.5
      vertex 146.01679607770177 -29.47467110956259 6.5
      vertex 146.22213428210668 -27.492047317437663 6.5
    endloop
  endfacet
  facet normal 0 0 1
    outer loop
      vertex 146.01679607770177 -29.47467110956259 6.5
      vertex 146.07907017901175 -29.734061409431607 6.5
      vertex 146.22213428210668 -27.492047317437663 6.5
    endloop
  endfacet
  facet normal 0 0 1
    outer loop
      vertex 146.07907017901175 -29.734061409431607 6.5
      vertex 146.1 -30 6.5
      vertex 146.22213428210668 -27.492047317437663 6.5
    endloop
  endfacet
  facet normal 0 0 1
    outer loop
      vertex 146.22213428210668 -27.492047317437663 6.5
      vertex 146.22213428210668 -32.50795268256234 6.5
      vertex 146.5920310216783 -27.807968978321703 6.5
    endloop
  endfacet
  facet normal 0 0 1
    outer loop
      vertex 146.1 -30 6.5
      vertex 146.07907017901175 -30.265938590568393 6.5
      vertex 146.22213428210668 -32.50795268256234 6.5
    endloop
  endfacet
  facet normal 0 0 1
    outer loop
      vertex 146.01679607770177 -30.52532889043741 6.5
      vertex 146.22213428210668 -32.50795268256234 6.5
      vertex 146.07907017901175 -30.265938590568393 6.5
    endloop
  endfacet
  facet normal 0 0 1
    outer loop
      vertex 146.1 -30 6.5
      vertex 146.22213428210668 -32.50795268256234 6.5
      vertex 146.22213428210668 -27.492047317437663 6.5
    endloop
  endfacet
  facet normal 0 0 1
    outer loop
      vertex 145.39923492889722 -31.37532889043741 6.5
      vertex 145.8073705491926 -32.76212022498394 6.5
      vertex 145.60208152801712 -31.202081528017132 6.5
    endloop
  endfacet
  facet normal 0 0 1
    outer loop
      vertex 145.39923492889722 -31.37532889043741 6.5
      vertex 145.35795268256234 -32.94827520051498 6.5
      vertex 145.8073705491926 -32.76212022498394 6.5
    endloop
  endfacet
  facet normal 0 0 1
    outer loop
      vertex 145.60208152801712 -31.202081528017132 6.5
      vertex 145.8073705491926 -32.76212022498394 6.5
      vertex 145.7753288904374 -30.999234928897206 6.5
    endloop
  endfacet
  facet normal 0 0 1
    outer loop
      vertex 145.7753288904374 -30.999234928897206 6.5
      vertex 145.8073705491926 -32.76212022498394 6.5
      vertex 145.91471109112024 -30.77178384955723 6.5
    endloop
  endfacet
  facet normal 0 0 1
    outer loop
      vertex 146.01679607770177 -30.52532889043741 6.5
      vertex 145.91471109112024 -30.77178384955723 6.5
      vertex 146.22213428210668 -32.50795268256234 6.5
    endloop
  endfacet
  facet normal 0 0 1
    outer loop
      vertex 145.91471109112024 -30.77178384955723 6.5
      vertex 145.8073705491926 -32.76212022498394 6.5
      vertex 146.22213428210668 -32.50795268256234 6.5
    endloop
  endfacet
  facet normal 0 0 1
    outer loop
      vertex 146.5920310216783 -27.807968978321703 6.5
      vertex 146.5920310216783 -32.1920310216783 6.5
      vertex 146.90795268256235 -28.177865717893333 6.5
    endloop
  endfacet
  facet normal 0 0 1
    outer loop
      vertex 146.5920310216783 -27.807968978321703 6.5
      vertex 146.22213428210668 -32.50795268256234 6.5
      vertex 146.5920310216783 -32.1920310216783 6.5
    endloop
  endfacet
  facet normal 0 0 1
    outer loop
      vertex 146.5920310216783 -32.1920310216783 6.5
      vertex 146.90795268256235 -31.822134282106667 6.5
      vertex 146.90795268256235 -28.177865717893333 6.5
    endloop
  endfacet
  facet normal 0 0 1
    outer loop
      vertex 146.90795268256235 -28.177865717893333 6.5
      vertex 146.90795268256235 -31.822134282106667 6.5
      vertex 147.16212022498394 -28.592629450807404 6.5
    endloop
  endfacet
  facet normal 0 0 1
    outer loop
      vertex 147.16212022498394 -28.592629450807404 6.5
      vertex 147.16212022498394 -31.407370549192596 6.5
      vertex 147.348275200515 -29.042047317437664 6.5
    endloop
  endfacet
  facet normal 0 0 1
    outer loop
      vertex 147.16212022498394 -28.592629450807404 6.5
      vertex 146.90795268256235 -31.822134282106667 6.5
      vertex 147.16212022498394 -31.407370549192596 6.5
    endloop
  endfacet
  facet normal 0 0 1
    outer loop
      vertex 147.348275200515 -29.042047317437664 6.5
      vertex 147.348275200515 -30.957952682562336 6.5
      vertex 147.46183385584493 -29.515053158375284 6.5
    endloop
  endfacet
  facet normal 0 0 1
    outer loop
      vertex 147.348275200515 -29.042047317437664 6.5
      vertex 147.16212022498394 -31.407370549192596 6.5
      vertex 147.348275200515 -30.957952682562336 6.5
    endloop
  endfacet
  facet normal 0 0 1
    outer loop
      vertex 147.46183385584493 -29.515053158375284 6.5
      vertex 147.46183385584493 -30.484946841624716 6.5
      vertex 147.5 -30 6.5
    endloop
  endfacet
  facet normal 0 0 1
    outer loop
      vertex 147.46183385584493 -29.515053158375284 6.5
      vertex 147.348275200515 -30.957952682562336 6.5
      vertex 147.46183385584493 -30.484946841624716 6.5
    endloop
  endfacet
  facet normal 0.649448048330226 -0.7604059655999948 0
    outer loop
      vertex 143.1979184719829 -101.35791847198287 6.5
      vertex 143.1979184719829 -101.35791847198287 4
      vertex 143.4007650711028 -101.18467110956259 6.5
    endloop
  endfacet
  facet normal 0.9238795325112918 -0.38268343236507724 -2.280499454034315e-18
    outer loop
      vertex 142.88528890887977 -101.78821615044278 6.5
      vertex 142.78320392229824 -102.0346711095626 6.5
      vertex 142.78320392229824 -102.0346711095626 4
    endloop
  endfacet
  facet normal 0.9723699203976682 -0.2334453638559403 0
    outer loop
      vertex 142.72092982098826 -102.2940614094316 6.5
      vertex 142.72092982098826 -102.2940614094316 4
      vertex 142.78320392229824 -102.0346711095626 6.5
    endloop
  endfacet
  facet normal 0.9969173337331347 -0.07845909572776003 -3.522903045517141e-19
    outer loop
      vertex 142.72092982098826 -102.2940614094316 6.5
      vertex 142.70000000000002 -102.56 6.5
      vertex 142.70000000000002 -102.56 4
    endloop
  endfacet
  facet normal 0.9969173337331347 0.07845909572776003 3.522903045517141e-19
    outer loop
      vertex 142.70000000000002 -102.56 6.5
      vertex 142.72092982098826 -102.8259385905684 6.5
      vertex 142.72092982098826 -102.8259385905684 4
    endloop
  endfacet
  facet normal 0.9723699203976682 0.2334453638559403 -1.7252091937059889e-18
    outer loop
      vertex 142.72092982098826 -102.8259385905684 6.5
      vertex 142.78320392229824 -103.08532889043741 6.5
      vertex 142.78320392229824 -103.08532889043741 4
    endloop
  endfacet
  facet normal 0.9238795325112918 0.38268343236507724 2.280499454034315e-18
    outer loop
      vertex 142.78320392229824 -103.08532889043741 6.5
      vertex 142.88528890887977 -103.33178384955723 6.5
      vertex 142.88528890887977 -103.33178384955723 4
    endloop
  endfacet
  facet normal 0.8526401643540752 -0.5224985647159768 0
    outer loop
      vertex 142.88528890887977 -101.78821615044278 6.5
      vertex 142.88528890887977 -101.78821615044278 4
      vertex 143.0246711095626 -101.5607650711028 6.5
    endloop
  endfacet
  facet normal 0.7604059656000172 -0.6494480483301995 0
    outer loop
      vertex 143.0246711095626 -101.5607650711028 6.5
      vertex 143.0246711095626 -101.5607650711028 4
      vertex 143.1979184719829 -101.35791847198287 6.5
    endloop
  endfacet
  facet normal 0.8526401643540752 0.5224985647159768 3.826082401168527e-18
    outer loop
      vertex 142.88528890887977 -103.33178384955723 6.5
      vertex 143.0246711095626 -103.55923492889721 6.5
      vertex 143.0246711095626 -103.55923492889721 4
    endloop
  endfacet
  facet normal 0.7604059656000172 0.6494480483301995 -2.990606165934858e-19
    outer loop
      vertex 143.0246711095626 -103.55923492889721 6.5
      vertex 143.1979184719829 -103.76208152801713 6.5
      vertex 143.1979184719829 -103.76208152801713 4
    endloop
  endfacet
  facet normal 0.649448048330226 0.7604059655999948 -2.2697221565101172e-18
    outer loop
      vertex 143.1979184719829 -103.76208152801713 6.5
      vertex 143.4007650711028 -103.93532889043742 6.5
      vertex 143.4007650711028 -103.93532889043742 4
    endloop
  endfacet
  facet normal 0.522498564715923 -0.852640164354108 0
    outer loop
      vertex 143.4007650711028 -101.18467110956259 6.5
      vertex 143.4007650711028 -101.18467110956259 4
      vertex 143.62821615044277 -101.04528890887978 6.5
    endloop
  endfacet
  facet normal 0.3826834323651039 -0.9238795325112809 0
    outer loop
      vertex 143.62821615044277 -101.04528890887978 6.5
      vertex 143.62821615044277 -101.04528890887978 4
      vertex 143.8746711095626 -100.94320392229824 6.5
    endloop
  endfacet
  facet normal 0.2334453638558899 -0.9723699203976802 0
    outer loop
      vertex 143.8746711095626 -100.94320392229824 6.5
      vertex 143.8746711095626 -100.94320392229824 4
      vertex 144.1340614094316 -100.88092982098827 6.5
    endloop
  endfacet
  facet normal 0.07845909572786591 -0.9969173337331264 0
    outer loop
      vertex 144.1340614094316 -100.88092982098827 6.5
      vertex 144.1340614094316 -100.88092982098827 4
      vertex 144.4 -100.86 6.5
    endloop
  endfacet
  facet normal 0.522498564715923 0.852640164354108 4.8079493894023175e-18
    outer loop
      vertex 143.4007650711028 -103.93532889043742 6.5
      vertex 143.62821615044277 -104.07471109112022 6.5
      vertex 143.62821615044277 -104.07471109112022 4
    endloop
  endfacet
  facet normal 0.3826834323651039 0.9238795325112809 -9.429567021609377e-19
    outer loop
      vertex 143.62821615044277 -104.07471109112022 6.5
      vertex 143.8746711095626 -104.17679607770177 6.5
      vertex 143.8746711095626 -104.17679607770177 4
    endloop
  endfacet
  facet normal 0.2334453638558899 0.9723699203976802 6.817445137829085e-19
    outer loop
      vertex 143.8746711095626 -104.17679607770177 6.5
      vertex 144.1340614094316 -104.23907017901173 6.5
      vertex 144.1340614094316 -104.23907017901173 4
    endloop
  endfacet
  facet normal 0.07845909572786591 0.9969173337331264 -6.3268876210145796e-21
    outer loop
      vertex 144.1340614094316 -104.23907017901173 6.5
      vertex 144.4 -104.26 6.5
      vertex 144.4 -104.26 4
    endloop
  endfacet
  facet normal 0.7604059656000172 -0.6494480483301995 0
    outer loop
      vertex 143.1979184719829 -101.35791847198287 6.5
      vertex 143.0246711095626 -101.5607650711028 4
      vertex 143.1979184719829 -101.35791847198287 4
    endloop
  endfacet
  facet normal 0.649448048330226 -0.7604059655999948 0
    outer loop
      vertex 143.4007650711028 -101.18467110956259 6.5
      vertex 143.1979184719829 -101.35791847198287 4
      vertex 143.4007650711028 -101.18467110956259 4
    endloop
  endfacet
  facet normal 0.9723699203976682 -0.2334453638559403 0
    outer loop
      vertex 142.78320392229824 -102.0346711095626 6.5
      vertex 142.72092982098826 -102.2940614094316 4
      vertex 142.78320392229824 -102.0346711095626 4
    endloop
  endfacet
  facet normal 0.9238795325112918 -0.38268343236507724 0
    outer loop
      vertex 142.88528890887977 -101.78821615044278 6.5
      vertex 142.78320392229824 -102.0346711095626 4
      vertex 142.88528890887977 -101.78821615044278 4
    endloop
  endfacet
  facet normal 0.9969173337331347 -0.07845909572776003 0
    outer loop
      vertex 142.72092982098826 -102.2940614094316 6.5
      vertex 142.70000000000002 -102.56 4
      vertex 142.72092982098826 -102.2940614094316 4
    endloop
  endfacet
  facet normal 0.9969173337331347 0.07845909572776003 0
    outer loop
      vertex 142.70000000000002 -102.56 6.5
      vertex 142.72092982098826 -102.8259385905684 4
      vertex 142.70000000000002 -102.56 4
    endloop
  endfacet
  facet normal 0.9723699203976682 0.2334453638559403 0
    outer loop
      vertex 142.72092982098826 -102.8259385905684 6.5
      vertex 142.78320392229824 -103.08532889043741 4
      vertex 142.72092982098826 -102.8259385905684 4
    endloop
  endfacet
  facet normal 0.9238795325112918 0.38268343236507724 0
    outer loop
      vertex 142.78320392229824 -103.08532889043741 6.5
      vertex 142.88528890887977 -103.33178384955723 4
      vertex 142.78320392229824 -103.08532889043741 4
    endloop
  endfacet
  facet normal 0.8526401643540752 -0.5224985647159768 0
    outer loop
      vertex 143.0246711095626 -101.5607650711028 6.5
      vertex 142.88528890887977 -101.78821615044278 4
      vertex 143.0246711095626 -101.5607650711028 4
    endloop
  endfacet
  facet normal 0.8526401643540752 0.5224985647159768 0
    outer loop
      vertex 142.88528890887977 -103.33178384955723 6.5
      vertex 143.0246711095626 -103.55923492889721 4
      vertex 142.88528890887977 -103.33178384955723 4
    endloop
  endfacet
  facet normal 0.7604059656000172 0.6494480483301995 0
    outer loop
      vertex 143.0246711095626 -103.55923492889721 6.5
      vertex 143.1979184719829 -103.76208152801713 4
      vertex 143.0246711095626 -103.55923492889721 4
    endloop
  endfacet
  facet normal 0.649448048330226 0.7604059655999948 0
    outer loop
      vertex 143.1979184719829 -103.76208152801713 6.5
      vertex 143.4007650711028 -103.93532889043742 4
      vertex 143.1979184719829 -103.76208152801713 4
    endloop
  endfacet
  facet normal 0.522498564715923 -0.852640164354108 0
    outer loop
      vertex 143.62821615044277 -101.04528890887978 6.5
      vertex 143.4007650711028 -101.18467110956259 4
      vertex 143.62821615044277 -101.04528890887978 4
    endloop
  endfacet
  facet normal 0.3826834323651039 -0.9238795325112809 0
    outer loop
      vertex 143.8746711095626 -100.94320392229824 6.5
      vertex 143.62821615044277 -101.04528890887978 4
      vertex 143.8746711095626 -100.94320392229824 4
    endloop
  endfacet
  facet normal 0.2334453638558899 -0.9723699203976802 0
    outer loop
      vertex 144.1340614094316 -100.88092982098827 6.5
      vertex 143.8746711095626 -100.94320392229824 4
      vertex 144.1340614094316 -100.88092982098827 4
    endloop
  endfacet
  facet normal 0.07845909572786591 -0.9969173337331264 0
    outer loop
      vertex 144.4 -100.86 6.5
      vertex 144.1340614094316 -100.88092982098827 4
      vertex 144.4 -100.86 4
    endloop
  endfacet
  facet normal 0.522498564715923 0.852640164354108 0
    outer loop
      vertex 143.4007650711028 -103.93532889043742 6.5
      vertex 143.62821615044277 -104.07471109112022 4
      vertex 143.4007650711028 -103.93532889043742 4
    endloop
  endfacet
  facet normal 0.3826834323651039 0.9238795325112809 0
    outer loop
      vertex 143.62821615044277 -104.07471109112022 6.5
      vertex 143.8746711095626 -104.17679607770177 4
      vertex 143.62821615044277 -104.07471109112022 4
    endloop
  endfacet
  facet normal 0.2334453638558899 0.9723699203976802 0
    outer loop
      vertex 143.8746711095626 -104.17679607770177 6.5
      vertex 144.1340614094316 -104.23907017901173 4
      vertex 143.8746711095626 -104.17679607770177 4
    endloop
  endfacet
  facet normal 0.07845909572786591 0.9969173337331264 0
    outer loop
      vertex 144.1340614094316 -104.23907017901173 6.5
      vertex 144.4 -104.26 4
      vertex 144.1340614094316 -104.23907017901173 4
    endloop
  endfacet
  facet normal -0.07845909572786591 -0.9969173337331264 0
    outer loop
      vertex 144.4 -100.86 6.5
      vertex 144.4 -100.86 4
      vertex 144.6659385905684 -100.88092982098827 6.5
    endloop
  endfacet
  facet normal -0.2334453638558899 -0.9723699203976802 0
    outer loop
      vertex 144.6659385905684 -100.88092982098827 6.5
      vertex 144.6659385905684 -100.88092982098827 4
      vertex 144.9253288904374 -100.94320392229824 6.5
    endloop
  endfacet
  facet normal -0.3826834323651039 -0.9238795325112809 0
    outer loop
      vertex 144.9253288904374 -100.94320392229824 6.5
      vertex 144.9253288904374 -100.94320392229824 4
      vertex 145.17178384955724 -101.04528890887978 6.5
    endloop
  endfacet
  facet normal -0.522498564715923 -0.852640164354108 0
    outer loop
      vertex 145.17178384955724 -101.04528890887978 6.5
      vertex 145.17178384955724 -101.04528890887978 4
      vertex 145.39923492889722 -101.18467110956259 6.5
    endloop
  endfacet
  facet normal -0.3826834323651039 0.9238795325112809 9.429567021609377e-19
    outer loop
      vertex 144.9253288904374 -104.17679607770177 6.5
      vertex 145.17178384955724 -104.07471109112022 6.5
      vertex 145.17178384955724 -104.07471109112022 4
    endloop
  endfacet
  facet normal -0.522498564715923 0.852640164354108 -4.8079493894023175e-18
    outer loop
      vertex 145.17178384955724 -104.07471109112022 6.5
      vertex 145.39923492889722 -103.93532889043742 6.5
      vertex 145.39923492889722 -103.93532889043742 4
    endloop
  endfacet
  facet normal -0.649448048330226 -0.7604059655999948 0
    outer loop
      vertex 145.39923492889722 -101.18467110956259 6.5
      vertex 145.39923492889722 -101.18467110956259 4
      vertex 145.60208152801712 -101.35791847198287 6.5
    endloop
  endfacet
  facet normal -0.7604059656000172 -0.6494480483301995 0
    outer loop
      vertex 145.60208152801712 -101.35791847198287 6.5
      vertex 145.60208152801712 -101.35791847198287 4
      vertex 145.7753288904374 -101.5607650711028 6.5
    endloop
  endfacet
  facet normal -0.8526401643540752 -0.5224985647159768 0
    outer loop
      vertex 145.7753288904374 -101.5607650711028 6.5
      vertex 145.7753288904374 -101.5607650711028 4
      vertex 145.91471109112024 -101.78821615044278 6.5
    endloop
  endfacet
  facet normal -0.649448048330226 0.7604059655999948 2.2697221565101172e-18
    outer loop
      vertex 145.39923492889722 -103.93532889043742 6.5
      vertex 145.60208152801712 -103.76208152801713 6.5
      vertex 145.60208152801712 -103.76208152801713 4
    endloop
  endfacet
  facet normal -0.8526401643540752 0.5224985647159768 -3.826082401168527e-18
    outer loop
      vertex 145.7753288904374 -103.55923492889721 6.5
      vertex 145.91471109112024 -103.33178384955723 6.5
      vertex 145.91471109112024 -103.33178384955723 4
    endloop
  endfacet
  facet normal -0.7604059656000172 0.6494480483301995 2.990606165934858e-19
    outer loop
      vertex 145.60208152801712 -103.76208152801713 6.5
      vertex 145.7753288904374 -103.55923492889721 6.5
      vertex 145.7753288904374 -103.55923492889721 4
    endloop
  endfacet
  facet normal -0.9238795325112918 -0.38268343236507724 0
    outer loop
      vertex 145.91471109112024 -101.78821615044278 6.5
      vertex 145.91471109112024 -101.78821615044278 4
      vertex 146.01679607770177 -102.0346711095626 6.5
    endloop
  endfacet
  facet normal -0.9723699203976682 -0.2334453638559403 0
    outer loop
      vertex 146.01679607770177 -102.0346711095626 6.5
      vertex 146.01679607770177 -102.0346711095626 4
      vertex 146.07907017901175 -102.2940614094316 6.5
    endloop
  endfacet
  facet normal -0.9969173337331347 -0.07845909572776003 0
    outer loop
      vertex 146.07907017901175 -102.2940614094316 6.5
      vertex 146.07907017901175 -102.2940614094316 4
      vertex 146.1 -102.56 6.5
    endloop
  endfacet
  facet normal -0.9969173337331347 0.07845909572776003 0
    outer loop
      vertex 146.1 -102.56 6.5
      vertex 146.1 -102.56 4
      vertex 146.07907017901175 -102.8259385905684 6.5
    endloop
  endfacet
  facet normal -0.9238795325112918 0.38268343236507724 0
    outer loop
      vertex 146.01679607770177 -103.08532889043741 6.5
      vertex 146.01679607770177 -103.08532889043741 4
      vertex 145.91471109112024 -103.33178384955723 6.5
    endloop
  endfacet
  facet normal -0.9723699203976682 0.2334453638559403 1.7252091937059889e-18
    outer loop
      vertex 146.01679607770177 -103.08532889043741 6.5
      vertex 146.07907017901175 -102.8259385905684 6.5
      vertex 146.07907017901175 -102.8259385905684 4
    endloop
  endfacet
  facet normal -0.07845909572786591 0.9969173337331264 6.3268876210145796e-21
    outer loop
      vertex 144.4 -104.26 6.5
      vertex 144.6659385905684 -104.23907017901173 6.5
      vertex 144.6659385905684 -104.23907017901173 4
    endloop
  endfacet
  facet normal -0.2334453638558899 0.9723699203976802 -6.817445137829085e-19
    outer loop
      vertex 144.6659385905684 -104.23907017901173 6.5
      vertex 144.9253288904374 -104.17679607770177 6.5
      vertex 144.9253288904374 -104.17679607770177 4
    endloop
  endfacet
  facet normal -0.07845909572786591 -0.9969173337331264 0
    outer loop
      vertex 144.6659385905684 -100.88092982098827 6.5
      vertex 144.4 -100.86 4
      vertex 144.6659385905684 -100.88092982098827 4
    endloop
  endfacet
  facet normal -0.2334453638558899 -0.9723699203976802 0
    outer loop
      vertex 144.9253288904374 -100.94320392229824 6.5
      vertex 144.6659385905684 -100.88092982098827 4
      vertex 144.9253288904374 -100.94320392229824 4
    endloop
  endfacet
  facet normal -0.3826834323651039 -0.9238795325112809 0
    outer loop
      vertex 145.17178384955724 -101.04528890887978 6.5
      vertex 144.9253288904374 -100.94320392229824 4
      vertex 145.17178384955724 -101.04528890887978 4
    endloop
  endfacet
  facet normal -0.522498564715923 -0.852640164354108 0
    outer loop
      vertex 145.39923492889722 -101.18467110956259 6.5
      vertex 145.17178384955724 -101.04528890887978 4
      vertex 145.39923492889722 -101.18467110956259 4
    endloop
  endfacet
  facet normal -0.3826834323651039 0.9238795325112809 0
    outer loop
      vertex 144.9253288904374 -104.17679607770177 6.5
      vertex 145.17178384955724 -104.07471109112022 4
      vertex 144.9253288904374 -104.17679607770177 4
    endloop
  endfacet
  facet normal -0.522498564715923 0.852640164354108 0
    outer loop
      vertex 145.17178384955724 -104.07471109112022 6.5
      vertex 145.39923492889722 -103.93532889043742 4
      vertex 145.17178384955724 -104.07471109112022 4
    endloop
  endfacet
  facet normal -0.649448048330226 -0.7604059655999948 0
    outer loop
      vertex 145.60208152801712 -101.35791847198287 6.5
      vertex 145.39923492889722 -101.18467110956259 4
      vertex 145.60208152801712 -101.35791847198287 4
    endloop
  endfacet
  facet normal -0.7604059656000172 -0.6494480483301995 0
    outer loop
      vertex 145.7753288904374 -101.5607650711028 6.5
      vertex 145.60208152801712 -101.35791847198287 4
      vertex 145.7753288904374 -101.5607650711028 4
    endloop
  endfacet
  facet normal -0.8526401643540752 -0.5224985647159768 0
    outer loop
      vertex 145.91471109112024 -101.78821615044278 6.5
      vertex 145.7753288904374 -101.5607650711028 4
      vertex 145.91471109112024 -101.78821615044278 4
    endloop
  endfacet
  facet normal -0.649448048330226 0.7604059655999948 0
    outer loop
      vertex 145.39923492889722 -103.93532889043742 6.5
      vertex 145.60208152801712 -103.76208152801713 4
      vertex 145.39923492889722 -103.93532889043742 4
    endloop
  endfacet
  facet normal -0.7604059656000172 0.6494480483301995 0
    outer loop
      vertex 145.60208152801712 -103.76208152801713 6.5
      vertex 145.7753288904374 -103.55923492889721 4
      vertex 145.60208152801712 -103.76208152801713 4
    endloop
  endfacet
  facet normal -0.8526401643540752 0.5224985647159768 0
    outer loop
      vertex 145.7753288904374 -103.55923492889721 6.5
      vertex 145.91471109112024 -103.33178384955723 4
      vertex 145.7753288904374 -103.55923492889721 4
    endloop
  endfacet
  facet normal -0.9238795325112918 -0.38268343236507724 0
    outer loop
      vertex 146.01679607770177 -102.0346711095626 6.5
      vertex 145.91471109112024 -101.78821615044278 4
      vertex 146.01679607770177 -102.0346711095626 4
    endloop
  endfacet
  facet normal -0.9723699203976682 -0.2334453638559403 0
    outer loop
      vertex 146.07907017901175 -102.2940614094316 6.5
      vertex 146.01679607770177 -102.0346711095626 4
      vertex 146.07907017901175 -102.2940614094316 4
    endloop
  endfacet
  facet normal -0.9969173337331347 0.07845909572776003 0
    outer loop
      vertex 146.07907017901175 -102.8259385905684 6.5
      vertex 146.1 -102.56 4
      vertex 146.07907017901175 -102.8259385905684 4
    endloop
  endfacet
  facet normal -0.9969173337331347 -0.07845909572776003 0
    outer loop
      vertex 146.1 -102.56 6.5
      vertex 146.07907017901175 -102.2940614094316 4
      vertex 146.1 -102.56 4
    endloop
  endfacet
  facet normal -0.9238795325112918 0.38268343236507724 0
    outer loop
      vertex 145.91471109112024 -103.33178384955723 6.5
      vertex 146.01679607770177 -103.08532889043741 4
      vertex 145.91471109112024 -103.33178384955723 4
    endloop
  endfacet
  facet normal -0.9723699203976682 0.2334453638559403 0
    outer loop
      vertex 146.01679607770177 -103.08532889043741 6.5
      vertex 146.07907017901175 -102.8259385905684 4
      vertex 146.01679607770177 -103.08532889043741 4
    endloop
  endfacet
  facet normal -0.07845909572786591 0.9969173337331264 0
    outer loop
      vertex 144.4 -104.26 6.5
      vertex 144.6659385905684 -104.23907017901173 4
      vertex 144.4 -104.26 4
    endloop
  endfacet
  facet normal -0.2334453638558899 0.9723699203976802 0
    outer loop
      vertex 144.6659385905684 -104.23907017901173 6.5
      vertex 144.9253288904374 -104.17679607770177 4
      vertex 144.6659385905684 -104.23907017901173 4
    endloop
  endfacet
  facet normal 0.9723699203976817 -0.2334453638558844 0
    outer loop
      vertex 141.33816614415508 -102.07505315837528 6.5
      vertex 141.45172479948502 -101.60204731743767 8
      vertex 141.33816614415508 -102.07505315837528 8
    endloop
  endfacet
  facet normal 0.9969173337331284 -0.07845909572783913 0
    outer loop
      vertex 141.3 -102.56 6.5
      vertex 141.33816614415508 -102.07505315837528 8
      vertex 141.3 -102.56 8
    endloop
  endfacet
  facet normal 0.9969173337331284 0.07845909572783913 0
    outer loop
      vertex 141.33816614415508 -103.04494684162472 6.5
      vertex 141.3 -102.56 8
      vertex 141.33816614415508 -103.04494684162472 8
    endloop
  endfacet
  facet normal 0.8526401643541078 -0.5224985647159233 0
    outer loop
      vertex 141.63787977501607 -101.15262945080741 6.5
      vertex 141.89204731743766 -100.73786571789334 8
      vertex 141.63787977501607 -101.15262945080741 8
    endloop
  endfacet
  facet normal 0.760405965600038 -0.6494480483301753 0
    outer loop
      vertex 141.89204731743766 -100.73786571789334 6.5
      vertex 142.2079689783217 -100.3679689783217 8
      vertex 141.89204731743766 -100.73786571789334 8
    endloop
  endfacet
  facet normal 0.6494480483301728 -0.7604059656000401 0
    outer loop
      vertex 142.2079689783217 -100.3679689783217 6.5
      vertex 142.57786571789333 -100.05204731743767 8
      vertex 142.2079689783217 -100.3679689783217 8
    endloop
  endfacet
  facet normal 0.9238795325112733 -0.38268343236512237 0
    outer loop
      vertex 141.45172479948502 -101.60204731743767 6.5
      vertex 141.63787977501607 -101.15262945080741 8
      vertex 141.45172479948502 -101.60204731743767 8
    endloop
  endfacet
  facet normal 0.9723699203976817 0.2334453638558844 0
    outer loop
      vertex 141.45172479948502 -103.51795268256234 6.5
      vertex 141.33816614415508 -103.04494684162472 8
      vertex 141.45172479948502 -103.51795268256234 8
    endloop
  endfacet
  facet normal 0.9238795325112733 0.38268343236512237 0
    outer loop
      vertex 141.63787977501607 -103.9673705491926 6.5
      vertex 141.45172479948502 -103.51795268256234 8
      vertex 141.63787977501607 -103.9673705491926 8
    endloop
  endfacet
  facet normal 0.8526401643541078 0.5224985647159233 0
    outer loop
      vertex 141.89204731743766 -104.38213428210666 6.5
      vertex 141.63787977501607 -103.9673705491926 8
      vertex 141.89204731743766 -104.38213428210666 8
    endloop
  endfacet
  facet normal 0.760405965600038 0.6494480483301753 0
    outer loop
      vertex 142.2079689783217 -104.7520310216783 6.5
      vertex 141.89204731743766 -104.38213428210666 8
      vertex 142.2079689783217 -104.7520310216783 8
    endloop
  endfacet
  facet normal 0.5224985647159527 -0.8526401643540898 0
    outer loop
      vertex 142.57786571789333 -100.05204731743767 6.5
      vertex 142.9926294508074 -99.79787977501606 8
      vertex 142.57786571789333 -100.05204731743767 8
    endloop
  endfacet
  facet normal 0.3826834323650725 -0.923879532511294 0
    outer loop
      vertex 142.9926294508074 -99.79787977501606 6.5
      vertex 143.44204731743767 -99.61172479948503 8
      vertex 142.9926294508074 -99.79787977501606 8
    endloop
  endfacet
  facet normal 0.23344536385591202 -0.972369920397675 0
    outer loop
      vertex 143.44204731743767 -99.61172479948503 6.5
      vertex 143.9150531583753 -99.49816614415508 8
      vertex 143.44204731743767 -99.61172479948503 8
    endloop
  endfacet
  facet normal 0.07845909572783913 -0.9969173337331284 0
    outer loop
      vertex 143.9150531583753 -99.49816614415508 6.5
      vertex 144.4 -99.46000000000001 8
      vertex 143.9150531583753 -99.49816614415508 8
    endloop
  endfacet
  facet normal 0.6494480483301728 0.7604059656000401 0
    outer loop
      vertex 142.57786571789333 -105.06795268256234 6.5
      vertex 142.2079689783217 -104.7520310216783 8
      vertex 142.57786571789333 -105.06795268256234 8
    endloop
  endfacet
  facet normal 0.5224985647159527 0.8526401643540898 0
    outer loop
      vertex 142.9926294508074 -105.32212022498395 6.5
      vertex 142.57786571789333 -105.06795268256234 8
      vertex 142.9926294508074 -105.32212022498395 8
    endloop
  endfacet
  facet normal 0.3826834323650725 0.923879532511294 0
    outer loop
      vertex 143.44204731743767 -105.50827520051497 6.5
      vertex 142.9926294508074 -105.32212022498395 8
      vertex 143.44204731743767 -105.50827520051497 8
    endloop
  endfacet
  facet normal 0.23344536385591202 0.972369920397675 0
    outer loop
      vertex 143.9150531583753 -105.62183385584493 6.5
      vertex 143.44204731743767 -105.50827520051497 8
      vertex 143.9150531583753 -105.62183385584493 8
    endloop
  endfacet
  facet normal 0.07845909572783913 0.9969173337331284 0
    outer loop
      vertex 144.4 -105.66 6.5
      vertex 143.9150531583753 -105.62183385584493 8
      vertex 144.4 -105.66 8
    endloop
  endfacet
  facet normal 0.9969173337331284 -0.07845909572783913 0
    outer loop
      vertex 141.33816614415508 -102.07505315837528 6.5
      vertex 141.33816614415508 -102.07505315837528 8
      vertex 141.3 -102.56 6.5
    endloop
  endfacet
  facet normal 0.9969173337331284 0.07845909572783913 0
    outer loop
      vertex 141.3 -102.56 6.5
      vertex 141.3 -102.56 8
      vertex 141.33816614415508 -103.04494684162472 6.5
    endloop
  endfacet
  facet normal 0.9723699203976817 0.2334453638558844 0
    outer loop
      vertex 141.33816614415508 -103.04494684162472 6.5
      vertex 141.33816614415508 -103.04494684162472 8
      vertex 141.45172479948502 -103.51795268256234 6.5
    endloop
  endfacet
  facet normal 0.9238795325112733 -0.38268343236512237 -4.209797276843511e-20
    outer loop
      vertex 141.45172479948502 -101.60204731743767 6.5
      vertex 141.63787977501607 -101.15262945080741 6.5
      vertex 141.63787977501607 -101.15262945080741 8
    endloop
  endfacet
  facet normal 0.8526401643541078 -0.5224985647159233 2.5023121886260927e-18
    outer loop
      vertex 141.63787977501607 -101.15262945080741 6.5
      vertex 141.89204731743766 -100.73786571789334 6.5
      vertex 141.89204731743766 -100.73786571789334 8
    endloop
  endfacet
  facet normal 0.760405965600038 -0.6494480483301753 0
    outer loop
      vertex 142.2079689783217 -100.3679689783217 6.5
      vertex 142.2079689783217 -100.3679689783217 8
      vertex 141.89204731743766 -100.73786571789334 6.5
    endloop
  endfacet
  facet normal 0.9723699203976817 -0.2334453638558844 0
    outer loop
      vertex 141.45172479948502 -101.60204731743767 6.5
      vertex 141.45172479948502 -101.60204731743767 8
      vertex 141.33816614415508 -102.07505315837528 6.5
    endloop
  endfacet
  facet normal 0.9238795325112733 0.38268343236512237 0
    outer loop
      vertex 141.45172479948502 -103.51795268256234 6.5
      vertex 141.45172479948502 -103.51795268256234 8
      vertex 141.63787977501607 -103.9673705491926 6.5
    endloop
  endfacet
  facet normal 0.8526401643541078 0.5224985647159233 0
    outer loop
      vertex 141.63787977501607 -103.9673705491926 6.5
      vertex 141.63787977501607 -103.9673705491926 8
      vertex 141.89204731743766 -104.38213428210666 6.5
    endloop
  endfacet
  facet normal 0.760405965600038 0.6494480483301753 0
    outer loop
      vertex 141.89204731743766 -104.38213428210666 6.5
      vertex 141.89204731743766 -104.38213428210666 8
      vertex 142.2079689783217 -104.7520310216783 6.5
    endloop
  endfacet
  facet normal 0.6494480483301728 0.7604059656000401 0
    outer loop
      vertex 142.2079689783217 -104.7520310216783 6.5
      vertex 142.2079689783217 -104.7520310216783 8
      vertex 142.57786571789333 -105.06795268256234 6.5
    endloop
  endfacet
  facet normal 0.5224985647159527 -0.8526401643540898 -3.1333192013631044e-18
    outer loop
      vertex 142.57786571789333 -100.05204731743767 6.5
      vertex 142.9926294508074 -99.79787977501606 6.5
      vertex 142.9926294508074 -99.79787977501606 8
    endloop
  endfacet
  facet normal 0.6494480483301728 -0.7604059656000401 7.755758296320887e-18
    outer loop
      vertex 142.2079689783217 -100.3679689783217 6.5
      vertex 142.57786571789333 -100.05204731743767 6.5
      vertex 142.57786571789333 -100.05204731743767 8
    endloop
  endfacet
  facet normal 0.3826834323650725 -0.923879532511294 -7.79798513507992e-18
    outer loop
      vertex 142.9926294508074 -99.79787977501606 6.5
      vertex 143.44204731743767 -99.61172479948503 6.5
      vertex 143.44204731743767 -99.61172479948503 8
    endloop
  endfacet
  facet normal 0.23344536385591202 -0.972369920397675 4.091960750594191e-18
    outer loop
      vertex 143.44204731743767 -99.61172479948503 6.5
      vertex 143.9150531583753 -99.49816614415508 6.5
      vertex 143.9150531583753 -99.49816614415508 8
    endloop
  endfacet
  facet normal 0.07845909572783913 -0.9969173337331284 -2.1596862806377755e-18
    outer loop
      vertex 143.9150531583753 -99.49816614415508 6.5
      vertex 144.4 -99.46000000000001 6.5
      vertex 144.4 -99.46000000000001 8
    endloop
  endfacet
  facet normal 0.5224985647159527 0.8526401643540898 0
    outer loop
      vertex 142.57786571789333 -105.06795268256234 6.5
      vertex 142.57786571789333 -105.06795268256234 8
      vertex 142.9926294508074 -105.32212022498395 6.5
    endloop
  endfacet
  facet normal 0.3826834323650725 0.923879532511294 0
    outer loop
      vertex 142.9926294508074 -105.32212022498395 6.5
      vertex 142.9926294508074 -105.32212022498395 8
      vertex 143.44204731743767 -105.50827520051497 6.5
    endloop
  endfacet
  facet normal 0.23344536385591202 0.972369920397675 0
    outer loop
      vertex 143.44204731743767 -105.50827520051497 6.5
      vertex 143.44204731743767 -105.50827520051497 8
      vertex 143.9150531583753 -105.62183385584493 6.5
    endloop
  endfacet
  facet normal 0.07845909572783913 0.9969173337331284 0
    outer loop
      vertex 143.9150531583753 -105.62183385584493 6.5
      vertex 143.9150531583753 -105.62183385584493 8
      vertex 144.4 -105.66 6.5
    endloop
  endfacet
  facet normal 0 0 1
    outer loop
      vertex 141.45172479948502 -101.60204731743767 6.5
      vertex 141.33816614415508 -102.07505315837528 6.5
      vertex 141.33816614415508 -103.04494684162472 6.5
    endloop
  endfacet
  facet normal 0 0 1
    outer loop
      vertex 141.33816614415508 -102.07505315837528 6.5
      vertex 141.3 -102.56 6.5
      vertex 141.33816614415508 -103.04494684162472 6.5
    endloop
  endfacet
  facet normal 0 0 1
    outer loop
      vertex 141.45172479948502 -101.60204731743767 6.5
      vertex 141.45172479948502 -103.51795268256234 6.5
      vertex 141.63787977501607 -101.15262945080741 6.5
    endloop
  endfacet
  facet normal 0 0 1
    outer loop
      vertex 141.45172479948502 -101.60204731743767 6.5
      vertex 141.33816614415508 -103.04494684162472 6.5
      vertex 141.45172479948502 -103.51795268256234 6.5
    endloop
  endfacet
  facet normal 0 0 1
    outer loop
      vertex 141.63787977501607 -101.15262945080741 6.5
      vertex 141.63787977501607 -103.9673705491926 6.5
      vertex 141.89204731743766 -100.73786571789334 6.5
    endloop
  endfacet
  facet normal 0 0 1
    outer loop
      vertex 141.63787977501607 -101.15262945080741 6.5
      vertex 141.45172479948502 -103.51795268256234 6.5
      vertex 141.63787977501607 -103.9673705491926 6.5
    endloop
  endfacet
  facet normal 0 0 1
    outer loop
      vertex 141.89204731743766 -100.73786571789334 6.5
      vertex 141.63787977501607 -103.9673705491926 6.5
      vertex 141.89204731743766 -104.38213428210666 6.5
    endloop
  endfacet
  facet normal 0 0 1
    outer loop
      vertex 142.2079689783217 -100.3679689783217 6.5
      vertex 141.89204731743766 -100.73786571789334 6.5
      vertex 141.89204731743766 -104.38213428210666 6.5
    endloop
  endfacet
  facet normal 0 0 1
    outer loop
      vertex 142.2079689783217 -100.3679689783217 6.5
      vertex 142.2079689783217 -104.7520310216783 6.5
      vertex 142.57786571789333 -100.05204731743767 6.5
    endloop
  endfacet
  facet normal 0 0 1
    outer loop
      vertex 142.2079689783217 -100.3679689783217 6.5
      vertex 141.89204731743766 -104.38213428210666 6.5
      vertex 142.2079689783217 -104.7520310216783 6.5
    endloop
  endfacet
  facet normal 0 0 1
    outer loop
      vertex 142.57786571789333 -100.05204731743767 6.5
      vertex 142.88528890887977 -101.78821615044278 6.5
      vertex 142.9926294508074 -99.79787977501606 6.5
    endloop
  endfacet
  facet normal 0 0 1
    outer loop
      vertex 142.57786571789333 -100.05204731743767 6.5
      vertex 142.78320392229824 -102.0346711095626 6.5
      vertex 142.88528890887977 -101.78821615044278 6.5
    endloop
  endfacet
  facet normal 0 0 1
    outer loop
      vertex 142.9926294508074 -99.79787977501606 6.5
      vertex 142.88528890887977 -101.78821615044278 6.5
      vertex 143.0246711095626 -101.5607650711028 6.5
    endloop
  endfacet
  facet normal 0 0 1
    outer loop
      vertex 142.9926294508074 -99.79787977501606 6.5
      vertex 143.0246711095626 -101.5607650711028 6.5
      vertex 143.1979184719829 -101.35791847198287 6.5
    endloop
  endfacet
  facet normal 0 0 1
    outer loop
      vertex 142.9926294508074 -99.79787977501606 6.5
      vertex 143.4007650711028 -101.18467110956259 6.5
      vertex 143.44204731743767 -99.61172479948503 6.5
    endloop
  endfacet
  facet normal 0 0 1
    outer loop
      vertex 142.9926294508074 -99.79787977501606 6.5
      vertex 143.1979184719829 -101.35791847198287 6.5
      vertex 143.4007650711028 -101.18467110956259 6.5
    endloop
  endfacet
  facet normal 0 0 1
    outer loop
      vertex 142.57786571789333 -100.05204731743767 6.5
      vertex 142.57786571789333 -105.06795268256234 6.5
      vertex 142.70000000000002 -102.56 6.5
    endloop
  endfacet
  facet normal 0 0 1
    outer loop
      vertex 142.57786571789333 -100.05204731743767 6.5
      vertex 142.72092982098826 -102.2940614094316 6.5
      vertex 142.78320392229824 -102.0346711095626 6.5
    endloop
  endfacet
  facet normal 0 0 1
    outer loop
      vertex 142.57786571789333 -100.05204731743767 6.5
      vertex 142.70000000000002 -102.56 6.5
      vertex 142.72092982098826 -102.2940614094316 6.5
    endloop
  endfacet
  facet normal 0 0 1
    outer loop
      vertex 142.57786571789333 -100.05204731743767 6.5
      vertex 142.2079689783217 -104.7520310216783 6.5
      vertex 142.57786571789333 -105.06795268256234 6.5
    endloop
  endfacet
  facet normal 0 0 1
    outer loop
      vertex 142.57786571789333 -105.06795268256234 6.5
      vertex 142.72092982098826 -102.8259385905684 6.5
      vertex 142.70000000000002 -102.56 6.5
    endloop
  endfacet
  facet normal 0 0 1
    outer loop
      vertex 142.57786571789333 -105.06795268256234 6.5
      vertex 142.78320392229824 -103.08532889043741 6.5
      vertex 142.72092982098826 -102.8259385905684 6.5
    endloop
  endfacet
  facet normal 0 0 1
    outer loop
      vertex 142.57786571789333 -105.06795268256234 6.5
      vertex 142.88528890887977 -103.33178384955723 6.5
      vertex 142.78320392229824 -103.08532889043741 6.5
    endloop
  endfacet
  facet normal 0 0 1
    outer loop
      vertex 142.88528890887977 -103.33178384955723 6.5
      vertex 142.9926294508074 -105.32212022498395 6.5
      vertex 143.0246711095626 -103.55923492889721 6.5
    endloop
  endfacet
  facet normal 0 0 1
    outer loop
      vertex 143.44204731743767 -99.61172479948503 6.5
      vertex 143.8746711095626 -100.94320392229824 6.5
      vertex 143.9150531583753 -99.49816614415508 6.5
    endloop
  endfacet
  facet normal 0 0 1
    outer loop
      vertex 143.44204731743767 -99.61172479948503 6.5
      vertex 143.4007650711028 -101.18467110956259 6.5
      vertex 143.62821615044277 -101.04528890887978 6.5
    endloop
  endfacet
  facet normal 0 0 1
    outer loop
      vertex 143.44204731743767 -99.61172479948503 6.5
      vertex 143.62821615044277 -101.04528890887978 6.5
      vertex 143.8746711095626 -100.94320392229824 6.5
    endloop
  endfacet
  facet normal 0 0 1
    outer loop
      vertex 143.9150531583753 -99.49816614415508 6.5
      vertex 144.4 -100.86 6.5
      vertex 144.4 -99.46000000000001 6.5
    endloop
  endfacet
  facet normal 0 0 1
    outer loop
      vertex 143.9150531583753 -99.49816614415508 6.5
      vertex 143.8746711095626 -100.94320392229824 6.5
      vertex 144.1340614094316 -100.88092982098827 6.5
    endloop
  endfacet
  facet normal 0 0 1
    outer loop
      vertex 143.9150531583753 -99.49816614415508 6.5
      vertex 144.1340614094316 -100.88092982098827 6.5
      vertex 144.4 -100.86 6.5
    endloop
  endfacet
  facet normal 0 0 1
    outer loop
      vertex 142.57786571789333 -105.06795268256234 6.5
      vertex 142.9926294508074 -105.32212022498395 6.5
      vertex 142.88528890887977 -103.33178384955723 6.5
    endloop
  endfacet
  facet normal 0 0 1
    outer loop
      vertex 143.0246711095626 -103.55923492889721 6.5
      vertex 142.9926294508074 -105.32212022498395 6.5
      vertex 143.1979184719829 -103.76208152801713 6.5
    endloop
  endfacet
  facet normal 0 0 1
    outer loop
      vertex 142.9926294508074 -105.32212022498395 6.5
      vertex 143.4007650711028 -103.93532889043742 6.5
      vertex 143.1979184719829 -103.76208152801713 6.5
    endloop
  endfacet
  facet normal 0 0 1
    outer loop
      vertex 142.9926294508074 -105.32212022498395 6.5
      vertex 143.44204731743767 -105.50827520051497 6.5
      vertex 143.4007650711028 -103.93532889043742 6.5
    endloop
  endfacet
  facet normal 0 0 1
    outer loop
      vertex 143.4007650711028 -103.93532889043742 6.5
      vertex 143.44204731743767 -105.50827520051497 6.5
      vertex 143.62821615044277 -104.07471109112022 6.5
    endloop
  endfacet
  facet normal 0 0 1
    outer loop
      vertex 143.62821615044277 -104.07471109112022 6.5
      vertex 143.44204731743767 -105.50827520051497 6.5
      vertex 143.8746711095626 -104.17679607770177 6.5
    endloop
  endfacet
  facet normal 0 0 1
    outer loop
      vertex 143.44204731743767 -105.50827520051497 6.5
      vertex 143.9150531583753 -105.62183385584493 6.5
      vertex 143.8746711095626 -104.17679607770177 6.5
    endloop
  endfacet
  facet normal 0 0 1
    outer loop
      vertex 143.8746711095626 -104.17679607770177 6.5
      vertex 143.9150531583753 -105.62183385584493 6.5
      vertex 144.1340614094316 -104.23907017901173 6.5
    endloop
  endfacet
  facet normal 0 0 1
    outer loop
      vertex 143.9150531583753 -105.62183385584493 6.5
      vertex 144.4 -104.26 6.5
      vertex 144.1340614094316 -104.23907017901173 6.5
    endloop
  endfacet
  facet normal 0 0 1
    outer loop
      vertex 143.9150531583753 -105.62183385584493 6.5
      vertex 144.4 -105.66 6.5
      vertex 144.4 -104.26 6.5
    endloop
  endfacet
  facet normal -0.07845909572783913 -0.9969173337331284 0
    outer loop
      vertex 144.4 -99.46000000000001 6.5
      vertex 144.88494684162472 -99.49816614415508 8
      vertex 144.4 -99.46000000000001 8
    endloop
  endfacet
  facet normal -0.23344536385591202 -0.972369920397675 0
    outer loop
      vertex 144.88494684162472 -99.49816614415508 6.5
      vertex 145.35795268256234 -99.61172479948503 8
      vertex 144.88494684162472 -99.49816614415508 8
    endloop
  endfacet
  facet normal -0.3826834323650725 -0.923879532511294 0
    outer loop
      vertex 145.35795268256234 -99.61172479948503 6.5
      vertex 145.8073705491926 -99.79787977501606 8
      vertex 145.35795268256234 -99.61172479948503 8
    endloop
  endfacet
  facet normal -0.5224985647159527 -0.8526401643540898 0
    outer loop
      vertex 145.8073705491926 -99.79787977501606 6.5
      vertex 146.22213428210668 -100.05204731743767 8
      vertex 145.8073705491926 -99.79787977501606 8
    endloop
  endfacet
  facet normal -0.6494480483301728 -0.7604059656000401 0
    outer loop
      vertex 146.22213428210668 -100.05204731743767 6.5
      vertex 146.5920310216783 -100.3679689783217 8
      vertex 146.22213428210668 -100.05204731743767 8
    endloop
  endfacet
  facet normal -0.07845909572783913 0.9969173337331284 0
    outer loop
      vertex 144.88494684162472 -105.62183385584493 6.5
      vertex 144.4 -105.66 8
      vertex 144.88494684162472 -105.62183385584493 8
    endloop
  endfacet
  facet normal -0.23344536385591202 0.972369920397675 0
    outer loop
      vertex 145.35795268256234 -105.50827520051497 6.5
      vertex 144.88494684162472 -105.62183385584493 8
      vertex 145.35795268256234 -105.50827520051497 8
    endloop
  endfacet
  facet normal -0.3826834323650725 0.923879532511294 0
    outer loop
      vertex 145.8073705491926 -105.32212022498395 6.5
      vertex 145.35795268256234 -105.50827520051497 8
      vertex 145.8073705491926 -105.32212022498395 8
    endloop
  endfacet
  facet normal -0.5224985647159527 0.8526401643540898 0
    outer loop
      vertex 146.22213428210668 -105.06795268256234 6.5
      vertex 145.8073705491926 -105.32212022498395 8
      vertex 146.22213428210668 -105.06795268256234 8
    endloop
  endfacet
  facet normal -0.760405965600038 -0.6494480483301753 0
    outer loop
      vertex 146.5920310216783 -100.3679689783217 6.5
      vertex 146.90795268256235 -100.73786571789334 8
      vertex 146.5920310216783 -100.3679689783217 8
    endloop
  endfacet
  facet normal -0.8526401643541078 -0.5224985647159233 0
    outer loop
      vertex 146.90795268256235 -100.73786571789334 6.5
      vertex 147.16212022498394 -101.15262945080741 8
      vertex 146.90795268256235 -100.73786571789334 8
    endloop
  endfacet
  facet normal -0.9238795325112733 -0.38268343236512237 0
    outer loop
      vertex 147.16212022498394 -101.15262945080741 6.5
      vertex 147.348275200515 -101.60204731743767 8
      vertex 147.16212022498394 -101.15262945080741 8
    endloop
  endfacet
  facet normal -0.9723699203976817 -0.2334453638558844 0
    outer loop
      vertex 147.348275200515 -101.60204731743767 6.5
      vertex 147.46183385584493 -102.07505315837528 8
      vertex 147.348275200515 -101.60204731743767 8
    endloop
  endfacet
  facet normal -0.8526401643541078 0.5224985647159233 0
    outer loop
      vertex 147.16212022498394 -103.9673705491926 6.5
      vertex 146.90795268256235 -104.38213428210666 8
      vertex 147.16212022498394 -103.9673705491926 8
    endloop
  endfacet
  facet normal -0.9238795325112733 0.38268343236512237 0
    outer loop
      vertex 147.348275200515 -103.51795268256234 6.5
      vertex 147.16212022498394 -103.9673705491926 8
      vertex 147.348275200515 -103.51795268256234 8
    endloop
  endfacet
  facet normal -0.9969173337331284 -0.07845909572783913 0
    outer loop
      vertex 147.46183385584493 -102.07505315837528 6.5
      vertex 147.5 -102.56 8
      vertex 147.46183385584493 -102.07505315837528 8
    endloop
  endfacet
  facet normal -0.9969173337331284 0.07845909572783913 0
    outer loop
      vertex 147.5 -102.56 6.5
      vertex 147.46183385584493 -103.04494684162472 8
      vertex 147.5 -102.56 8
    endloop
  endfacet
  facet normal -0.9723699203976817 0.2334453638558844 0
    outer loop
      vertex 147.46183385584493 -103.04494684162472 6.5
      vertex 147.348275200515 -103.51795268256234 8
      vertex 147.46183385584493 -103.04494684162472 8
    endloop
  endfacet
  facet normal -0.6494480483301728 0.7604059656000401 0
    outer loop
      vertex 146.5920310216783 -104.7520310216783 6.5
      vertex 146.22213428210668 -105.06795268256234 8
      vertex 146.5920310216783 -104.7520310216783 8
    endloop
  endfacet
  facet normal -0.760405965600038 0.6494480483301753 0
    outer loop
      vertex 146.90795268256235 -104.38213428210666 6.5
      vertex 146.5920310216783 -104.7520310216783 8
      vertex 146.90795268256235 -104.38213428210666 8
    endloop
  endfacet
  facet normal -0.07845909572783913 -0.9969173337331284 2.1596862806377755e-18
    outer loop
      vertex 144.4 -99.46000000000001 6.5
      vertex 144.88494684162472 -99.49816614415508 6.5
      vertex 144.88494684162472 -99.49816614415508 8
    endloop
  endfacet
  facet normal -0.23344536385591202 -0.972369920397675 -4.091960750594191e-18
    outer loop
      vertex 144.88494684162472 -99.49816614415508 6.5
      vertex 145.35795268256234 -99.61172479948503 6.5
      vertex 145.35795268256234 -99.61172479948503 8
    endloop
  endfacet
  facet normal -0.3826834323650725 -0.923879532511294 7.79798513507992e-18
    outer loop
      vertex 145.35795268256234 -99.61172479948503 6.5
      vertex 145.8073705491926 -99.79787977501606 6.5
      vertex 145.8073705491926 -99.79787977501606 8
    endloop
  endfacet
  facet normal -0.5224985647159527 -0.8526401643540898 3.1333192013631044e-18
    outer loop
      vertex 145.8073705491926 -99.79787977501606 6.5
      vertex 146.22213428210668 -100.05204731743767 6.5
      vertex 146.22213428210668 -100.05204731743767 8
    endloop
  endfacet
  facet normal -0.07845909572783913 0.9969173337331284 0
    outer loop
      vertex 144.4 -105.66 6.5
      vertex 144.4 -105.66 8
      vertex 144.88494684162472 -105.62183385584493 6.5
    endloop
  endfacet
  facet normal -0.23344536385591202 0.972369920397675 0
    outer loop
      vertex 144.88494684162472 -105.62183385584493 6.5
      vertex 144.88494684162472 -105.62183385584493 8
      vertex 145.35795268256234 -105.50827520051497 6.5
    endloop
  endfacet
  facet normal -0.3826834323650725 0.923879532511294 0
    outer loop
      vertex 145.35795268256234 -105.50827520051497 6.5
      vertex 145.35795268256234 -105.50827520051497 8
      vertex 145.8073705491926 -105.32212022498395 6.5
    endloop
  endfacet
  facet normal -0.5224985647159527 0.8526401643540898 0
    outer loop
      vertex 145.8073705491926 -105.32212022498395 6.5
      vertex 145.8073705491926 -105.32212022498395 8
      vertex 146.22213428210668 -105.06795268256234 6.5
    endloop
  endfacet
  facet normal -0.6494480483301728 0.7604059656000401 0
    outer loop
      vertex 146.22213428210668 -105.06795268256234 6.5
      vertex 146.22213428210668 -105.06795268256234 8
      vertex 146.5920310216783 -104.7520310216783 6.5
    endloop
  endfacet
  facet normal -0.6494480483301728 -0.7604059656000401 -7.755758296320887e-18
    outer loop
      vertex 146.22213428210668 -100.05204731743767 6.5
      vertex 146.5920310216783 -100.3679689783217 6.5
      vertex 146.5920310216783 -100.3679689783217 8
    endloop
  endfacet
  facet normal -0.760405965600038 -0.6494480483301753 5.975359375814335e-18
    outer loop
      vertex 146.5920310216783 -100.3679689783217 6.5
      vertex 146.90795268256235 -100.73786571789334 6.5
      vertex 146.90795268256235 -100.73786571789334 8
    endloop
  endfacet
  facet normal -0.8526401643541078 -0.5224985647159233 -2.5023121886260927e-18
    outer loop
      vertex 146.90795268256235 -100.73786571789334 6.5
      vertex 147.16212022498394 -101.15262945080741 6.5
      vertex 147.16212022498394 -101.15262945080741 8
    endloop
  endfacet
  facet normal -0.9238795325112733 -0.38268343236512237 4.209797276843511e-20
    outer loop
      vertex 147.16212022498394 -101.15262945080741 6.5
      vertex 147.348275200515 -101.60204731743767 6.5
      vertex 147.348275200515 -101.60204731743767 8
    endloop
  endfacet
  facet normal -0.9723699203976817 0.2334453638558844 -2.7165812120703063e-18
    outer loop
      vertex 147.46183385584493 -103.04494684162472 6.5
      vertex 147.348275200515 -103.51795268256234 6.5
      vertex 147.348275200515 -103.51795268256234 8
    endloop
  endfacet
  facet normal -0.9238795325112733 0.38268343236512237 0
    outer loop
      vertex 147.16212022498394 -103.9673705491926 6.5
      vertex 147.16212022498394 -103.9673705491926 8
      vertex 147.348275200515 -103.51795268256234 6.5
    endloop
  endfacet
  facet normal -0.9723699203976817 -0.2334453638558844 2.7165812120703063e-18
    outer loop
      vertex 147.348275200515 -101.60204731743767 6.5
      vertex 147.46183385584493 -102.07505315837528 6.5
      vertex 147.46183385584493 -102.07505315837528 8
    endloop
  endfacet
  facet normal -0.9969173337331284 -0.07845909572783913 2.1596862806377755e-18
    outer loop
      vertex 147.46183385584493 -102.07505315837528 6.5
      vertex 147.5 -102.56 6.5
      vertex 147.5 -102.56 8
    endloop
  endfacet
  facet normal -0.9969173337331284 0.07845909572783913 -2.1596862806377755e-18
    outer loop
      vertex 147.5 -102.56 6.5
      vertex 147.46183385584493 -103.04494684162472 6.5
      vertex 147.46183385584493 -103.04494684162472 8
    endloop
  endfacet
  facet normal -0.760405965600038 0.6494480483301753 0
    outer loop
      vertex 146.5920310216783 -104.7520310216783 6.5
      vertex 146.5920310216783 -104.7520310216783 8
      vertex 146.90795268256235 -104.38213428210666 6.5
    endloop
  endfacet
  facet normal -0.8526401643541078 0.5224985647159233 0
    outer loop
      vertex 146.90795268256235 -104.38213428210666 6.5
      vertex 146.90795268256235 -104.38213428210666 8
      vertex 147.16212022498394 -103.9673705491926 6.5
    endloop
  endfacet
  facet normal 0 0 1
    outer loop
      vertex 144.4 -99.46000000000001 6.5
      vertex 144.4 -100.86 6.5
      vertex 144.88494684162472 -99.49816614415508 6.5
    endloop
  endfacet
  facet normal 0 0 1
    outer loop
      vertex 144.88494684162472 -99.49816614415508 6.5
      vertex 144.4 -100.86 6.5
      vertex 144.6659385905684 -100.88092982098827 6.5
    endloop
  endfacet
  facet normal 0 0 1
    outer loop
      vertex 144.88494684162472 -99.49816614415508 6.5
      vertex 144.6659385905684 -100.88092982098827 6.5
      vertex 144.9253288904374 -100.94320392229824 6.5
    endloop
  endfacet
  facet normal 0 0 1
    outer loop
      vertex 144.88494684162472 -99.49816614415508 6.5
      vertex 144.9253288904374 -100.94320392229824 6.5
      vertex 145.35795268256234 -99.61172479948503 6.5
    endloop
  endfacet
  facet normal 0 0 1
    outer loop
      vertex 145.35795268256234 -99.61172479948503 6.5
      vertex 144.9253288904374 -100.94320392229824 6.5
      vertex 145.17178384955724 -101.04528890887978 6.5
    endloop
  endfacet
  facet normal 0 0 1
    outer loop
      vertex 145.35795268256234 -99.61172479948503 6.5
      vertex 145.17178384955724 -101.04528890887978 6.5
      vertex 145.39923492889722 -101.18467110956259 6.5
    endloop
  endfacet
  facet normal 0 0 1
    outer loop
      vertex 145.35795268256234 -99.61172479948503 6.5
      vertex 145.39923492889722 -101.18467110956259 6.5
      vertex 145.8073705491926 -99.79787977501606 6.5
    endloop
  endfacet
  facet normal 0 0 1
    outer loop
      vertex 145.39923492889722 -101.18467110956259 6.5
      vertex 145.60208152801712 -101.35791847198287 6.5
      vertex 145.8073705491926 -99.79787977501606 6.5
    endloop
  endfacet
  facet normal 0 0 1
    outer loop
      vertex 145.8073705491926 -99.79787977501606 6.5
      vertex 145.60208152801712 -101.35791847198287 6.5
      vertex 145.7753288904374 -101.5607650711028 6.5
    endloop
  endfacet
  facet normal 0 0 1
    outer loop
      vertex 145.8073705491926 -99.79787977501606 6.5
      vertex 145.7753288904374 -101.5607650711028 6.5
      vertex 145.91471109112024 -101.78821615044278 6.5
    endloop
  endfacet
  facet normal 0 0 1
    outer loop
      vertex 145.8073705491926 -99.79787977501606 6.5
      vertex 145.91471109112024 -101.78821615044278 6.5
      vertex 146.22213428210668 -100.05204731743767 6.5
    endloop
  endfacet
  facet normal 0 0 1
    outer loop
      vertex 146.22213428210668 -100.05204731743767 6.5
      vertex 145.91471109112024 -101.78821615044278 6.5
      vertex 146.01679607770177 -102.0346711095626 6.5
    endloop
  endfacet
  facet normal 0 0 1
    outer loop
      vertex 145.7753288904374 -103.55923492889721 6.5
      vertex 145.8073705491926 -105.32212022498395 6.5
      vertex 145.91471109112024 -103.33178384955723 6.5
    endloop
  endfacet
  facet normal 0 0 1
    outer loop
      vertex 146.22213428210668 -100.05204731743767 6.5
      vertex 146.01679607770177 -102.0346711095626 6.5
      vertex 146.07907017901175 -102.2940614094316 6.5
    endloop
  endfacet
  facet normal 0 0 1
    outer loop
      vertex 146.22213428210668 -100.05204731743767 6.5
      vertex 146.07907017901175 -102.2940614094316 6.5
      vertex 146.1 -102.56 6.5
    endloop
  endfacet
  facet normal 0 0 1
    outer loop
      vertex 146.22213428210668 -100.05204731743767 6.5
      vertex 146.22213428210668 -105.06795268256234 6.5
      vertex 146.5920310216783 -100.3679689783217 6.5
    endloop
  endfacet
  facet normal 0 0 1
    outer loop
      vertex 146.22213428210668 -100.05204731743767 6.5
      vertex 146.1 -102.56 6.5
      vertex 146.22213428210668 -105.06795268256234 6.5
    endloop
  endfacet
  facet normal 0 0 1
    outer loop
      vertex 146.1 -102.56 6.5
      vertex 146.07907017901175 -102.8259385905684 6.5
      vertex 146.22213428210668 -105.06795268256234 6.5
    endloop
  endfacet
  facet normal 0 0 1
    outer loop
      vertex 146.01679607770177 -103.08532889043741 6.5
      vertex 146.22213428210668 -105.06795268256234 6.5
      vertex 146.07907017901175 -102.8259385905684 6.5
    endloop
  endfacet
  facet normal 0 0 1
    outer loop
      vertex 146.01679607770177 -103.08532889043741 6.5
      vertex 145.91471109112024 -103.33178384955723 6.5
      vertex 146.22213428210668 -105.06795268256234 6.5
    endloop
  endfacet
  facet normal 0 0 1
    outer loop
      vertex 144.4 -104.26 6.5
      vertex 144.4 -105.66 6.5
      vertex 144.88494684162472 -105.62183385584493 6.5
    endloop
  endfacet
  facet normal 0 0 1
    outer loop
      vertex 144.4 -104.26 6.5
      vertex 144.88494684162472 -105.62183385584493 6.5
      vertex 144.6659385905684 -104.23907017901173 6.5
    endloop
  endfacet
  facet normal 0 0 1
    outer loop
      vertex 144.6659385905684 -104.23907017901173 6.5
      vertex 144.88494684162472 -105.62183385584493 6.5
      vertex 144.9253288904374 -104.17679607770177 6.5
    endloop
  endfacet
  facet normal 0 0 1
    outer loop
      vertex 144.9253288904374 -104.17679607770177 6.5
      vertex 144.88494684162472 -105.62183385584493 6.5
      vertex 145.35795268256234 -105.50827520051497 6.5
    endloop
  endfacet
  facet normal 0 0 1
    outer loop
      vertex 144.9253288904374 -104.17679607770177 6.5
      vertex 145.35795268256234 -105.50827520051497 6.5
      vertex 145.17178384955724 -104.07471109112022 6.5
    endloop
  endfacet
  facet normal 0 0 1
    outer loop
      vertex 145.17178384955724 -104.07471109112022 6.5
      vertex 145.35795268256234 -105.50827520051497 6.5
      vertex 145.39923492889722 -103.93532889043742 6.5
    endloop
  endfacet
  facet normal 0 0 1
    outer loop
      vertex 145.39923492889722 -103.93532889043742 6.5
      vertex 145.8073705491926 -105.32212022498395 6.5
      vertex 145.60208152801712 -103.76208152801713 6.5
    endloop
  endfacet
  facet normal 0 0 1
    outer loop
      vertex 145.39923492889722 -103.93532889043742 6.5
      vertex 145.35795268256234 -105.50827520051497 6.5
      vertex 145.8073705491926 -105.32212022498395 6.5
    endloop
  endfacet
  facet normal 0 0 1
    outer loop
      vertex 145.60208152801712 -103.76208152801713 6.5
      vertex 145.8073705491926 -105.32212022498395 6.5
      vertex 145.7753288904374 -103.55923492889721 6.5
    endloop
  endfacet
  facet normal 0 0 1
    outer loop
      vertex 145.8073705491926 -105.32212022498395 6.5
      vertex 146.22213428210668 -105.06795268256234 6.5
      vertex 145.91471109112024 -103.33178384955723 6.5
    endloop
  endfacet
  facet normal 0 0 1
    outer loop
      vertex 146.5920310216783 -100.3679689783217 6.5
      vertex 146.5920310216783 -104.7520310216783 6.5
      vertex 146.90795268256235 -100.73786571789334 6.5
    endloop
  endfacet
  facet normal 0 0 1
    outer loop
      vertex 146.5920310216783 -100.3679689783217 6.5
      vertex 146.22213428210668 -105.06795268256234 6.5
      vertex 146.5920310216783 -104.7520310216783 6.5
    endloop
  endfacet
  facet normal 0 0 1
    outer loop
      vertex 146.5920310216783 -104.7520310216783 6.5
      vertex 146.90795268256235 -104.38213428210666 6.5
      vertex 146.90795268256235 -100.73786571789334 6.5
    endloop
  endfacet
  facet normal 0 0 1
    outer loop
      vertex 146.90795268256235 -100.73786571789334 6.5
      vertex 146.90795268256235 -104.38213428210666 6.5
      vertex 147.16212022498394 -101.15262945080741 6.5
    endloop
  endfacet
  facet normal 0 0 1
    outer loop
      vertex 147.16212022498394 -101.15262945080741 6.5
      vertex 147.16212022498394 -103.9673705491926 6.5
      vertex 147.348275200515 -101.60204731743767 6.5
    endloop
  endfacet
  facet normal 0 0 1
    outer loop
      vertex 147.348275200515 -101.60204731743767 6.5
      vertex 147.348275200515 -103.51795268256234 6.5
      vertex 147.46183385584493 -102.07505315837528 6.5
    endloop
  endfacet
  facet normal 0 0 1
    outer loop
      vertex 147.16212022498394 -101.15262945080741 6.5
      vertex 146.90795268256235 -104.38213428210666 6.5
      vertex 147.16212022498394 -103.9673705491926 6.5
    endloop
  endfacet
  facet normal 0 0 1
    outer loop
      vertex 147.348275200515 -101.60204731743767 6.5
      vertex 147.16212022498394 -103.9673705491926 6.5
      vertex 147.348275200515 -103.51795268256234 6.5
    endloop
  endfacet
  facet normal 0 0 1
    outer loop
      vertex 147.46183385584493 -102.07505315837528 6.5
      vertex 147.46183385584493 -103.04494684162472 6.5
      vertex 147.5 -102.56 6.5
    endloop
  endfacet
  facet normal 0 0 1
    outer loop
      vertex 147.46183385584493 -102.07505315837528 6.5
      vertex 147.348275200515 -103.51795268256234 6.5
      vertex 147.46183385584493 -103.04494684162472 6.5
    endloop
  endfacet
  facet normal 0.2334453638559151 -0.9723699203976742 0
    outer loop
      vertex 159.8746711095626 -28.38320392229824 6.5
      vertex 159.8746711095626 -28.38320392229824 4
      vertex 160.1340614094316 -28.320929820988265 6.5
    endloop
  endfacet
  facet normal 0.07845909572783943 -0.9969173337331284 0
    outer loop
      vertex 160.1340614094316 -28.320929820988265 6.5
      vertex 160.1340614094316 -28.320929820988265 4
      vertex 160.4 -28.3 6.5
    endloop
  endfacet
  facet normal 0.9723699203976697 -0.23344536385593426 0
    outer loop
      vertex 158.72092982098826 -29.734061409431607 6.5
      vertex 158.72092982098826 -29.734061409431607 4
      vertex 158.78320392229824 -29.47467110956259 6.5
    endloop
  endfacet
  facet normal 0.9238795325112938 -0.3826834323650725 5.028845395413043e-19
    outer loop
      vertex 158.88528890887977 -29.22821615044277 6.5
      vertex 158.78320392229824 -29.47467110956259 6.5
      vertex 158.78320392229824 -29.47467110956259 4
    endloop
  endfacet
  facet normal 0.9969173337331346 -0.07845909572776107 7.571244234719163e-22
    outer loop
      vertex 158.72092982098826 -29.734061409431607 6.5
      vertex 158.70000000000002 -30 6.5
      vertex 158.70000000000002 -30 4
    endloop
  endfacet
  facet normal 0.9969173337331346 0.07845909572776107 -7.571244234719163e-22
    outer loop
      vertex 158.70000000000002 -30 6.5
      vertex 158.72092982098826 -30.265938590568393 6.5
      vertex 158.72092982098826 -30.265938590568393 4
    endloop
  endfacet
  facet normal 0.9723699203976697 0.23344536385593426 6.816001682715525e-19
    outer loop
      vertex 158.72092982098826 -30.265938590568393 6.5
      vertex 158.78320392229824 -30.52532889043741 6.5
      vertex 158.78320392229824 -30.52532889043741 4
    endloop
  endfacet
  facet normal 0.9238795325112938 0.3826834323650725 -5.028845395413043e-19
    outer loop
      vertex 158.78320392229824 -30.52532889043741 6.5
      vertex 158.88528890887977 -30.77178384955723 6.5
      vertex 158.88528890887977 -30.77178384955723 4
    endloop
  endfacet
  facet normal 0.7604059656000229 -0.6494480483301931 0
    outer loop
      vertex 159.0246711095626 -29.000765071102794 6.5
      vertex 159.0246711095626 -29.000765071102794 4
      vertex 159.1979184719829 -28.797918471982868 6.5
    endloop
  endfacet
  facet normal 0.8526401643540642 -0.5224985647159945 0
    outer loop
      vertex 158.88528890887977 -29.22821615044277 6.5
      vertex 158.88528890887977 -29.22821615044277 4
      vertex 159.0246711095626 -29.000765071102794 6.5
    endloop
  endfacet
  facet normal 0.6494480483302105 -0.760405965600008 0
    outer loop
      vertex 159.1979184719829 -28.797918471982868 6.5
      vertex 159.1979184719829 -28.797918471982868 4
      vertex 159.4007650711028 -28.62467110956259 6.5
    endloop
  endfacet
  facet normal 0.8526401643540642 0.5224985647159945 4.773533613321435e-18
    outer loop
      vertex 158.88528890887977 -30.77178384955723 6.5
      vertex 159.0246711095626 -30.999234928897206 6.5
      vertex 159.0246711095626 -30.999234928897206 4
    endloop
  endfacet
  facet normal 0.7604059656000229 0.6494480483301931 2.794770546904423e-18
    outer loop
      vertex 159.0246711095626 -30.999234928897206 6.5
      vertex 159.1979184719829 -31.202081528017132 6.5
      vertex 159.1979184719829 -31.202081528017132 4
    endloop
  endfacet
  facet normal 0.6494480483302105 0.760405965600008 5.168753572718322e-18
    outer loop
      vertex 159.1979184719829 -31.202081528017132 6.5
      vertex 159.4007650711028 -31.37532889043741 6.5
      vertex 159.4007650711028 -31.37532889043741 4
    endloop
  endfacet
  facet normal 0.5224985647159617 -0.8526401643540842 0
    outer loop
      vertex 159.4007650711028 -28.62467110956259 6.5
      vertex 159.4007650711028 -28.62467110956259 4
      vertex 159.62821615044277 -28.485288908879774 6.5
    endloop
  endfacet
  facet normal 0.3826834323650698 -0.9238795325112951 0
    outer loop
      vertex 159.62821615044277 -28.485288908879774 6.5
      vertex 159.62821615044277 -28.485288908879774 4
      vertex 159.8746711095626 -28.38320392229824 6.5
    endloop
  endfacet
  facet normal 0.5224985647159617 0.8526401643540842 -3.721902558342011e-18
    outer loop
      vertex 159.4007650711028 -31.37532889043741 6.5
      vertex 159.62821615044277 -31.514711091120226 6.5
      vertex 159.62821615044277 -31.514711091120226 4
    endloop
  endfacet
  facet normal 0.3826834323650698 0.9238795325112951 -3.7260211944426914e-19
    outer loop
      vertex 159.62821615044277 -31.514711091120226 6.5
      vertex 159.8746711095626 -31.61679607770176 6.5
      vertex 159.8746711095626 -31.61679607770176 4
    endloop
  endfacet
  facet normal 0.2334453638559151 0.9723699203976742 -5.217323399615476e-19
    outer loop
      vertex 159.8746711095626 -31.61679607770176 6.5
      vertex 160.1340614094316 -31.679070179011735 6.5
      vertex 160.1340614094316 -31.679070179011735 4
    endloop
  endfacet
  facet normal 0.07845909572783943 0.9969173337331284 -5.669640342075241e-19
    outer loop
      vertex 160.1340614094316 -31.679070179011735 6.5
      vertex 160.4 -31.7 6.5
      vertex 160.4 -31.7 4
    endloop
  endfacet
  facet normal 0.2334453638559151 -0.9723699203976742 0
    outer loop
      vertex 160.1340614094316 -28.320929820988265 6.5
      vertex 159.8746711095626 -28.38320392229824 4
      vertex 160.1340614094316 -28.320929820988265 4
    endloop
  endfacet
  facet normal 0.07845909572783943 -0.9969173337331284 0
    outer loop
      vertex 160.4 -28.3 6.5
      vertex 160.1340614094316 -28.320929820988265 4
      vertex 160.4 -28.3 4
    endloop
  endfacet
  facet normal 0.9723699203976697 -0.23344536385593426 0
    outer loop
      vertex 158.78320392229824 -29.47467110956259 6.5
      vertex 158.72092982098826 -29.734061409431607 4
      vertex 158.78320392229824 -29.47467110956259 4
    endloop
  endfacet
  facet normal 0.9238795325112938 -0.3826834323650725 0
    outer loop
      vertex 158.88528890887977 -29.22821615044277 6.5
      vertex 158.78320392229824 -29.47467110956259 4
      vertex 158.88528890887977 -29.22821615044277 4
    endloop
  endfacet
  facet normal 0.9969173337331346 0.07845909572776107 0
    outer loop
      vertex 158.70000000000002 -30 6.5
      vertex 158.72092982098826 -30.265938590568393 4
      vertex 158.70000000000002 -30 4
    endloop
  endfacet
  facet normal 0.9969173337331346 -0.07845909572776107 0
    outer loop
      vertex 158.72092982098826 -29.734061409431607 6.5
      vertex 158.70000000000002 -30 4
      vertex 158.72092982098826 -29.734061409431607 4
    endloop
  endfacet
  facet normal 0.9723699203976697 0.23344536385593426 0
    outer loop
      vertex 158.72092982098826 -30.265938590568393 6.5
      vertex 158.78320392229824 -30.52532889043741 4
      vertex 158.72092982098826 -30.265938590568393 4
    endloop
  endfacet
  facet normal 0.9238795325112938 0.3826834323650725 0
    outer loop
      vertex 158.78320392229824 -30.52532889043741 6.5
      vertex 158.88528890887977 -30.77178384955723 4
      vertex 158.78320392229824 -30.52532889043741 4
    endloop
  endfacet
  facet normal 0.8526401643540642 -0.5224985647159945 0
    outer loop
      vertex 159.0246711095626 -29.000765071102794 6.5
      vertex 158.88528890887977 -29.22821615044277 4
      vertex 159.0246711095626 -29.000765071102794 4
    endloop
  endfacet
  facet normal 0.7604059656000229 -0.6494480483301931 0
    outer loop
      vertex 159.1979184719829 -28.797918471982868 6.5
      vertex 159.0246711095626 -29.000765071102794 4
      vertex 159.1979184719829 -28.797918471982868 4
    endloop
  endfacet
  facet normal 0.6494480483302105 -0.760405965600008 0
    outer loop
      vertex 159.4007650711028 -28.62467110956259 6.5
      vertex 159.1979184719829 -28.797918471982868 4
      vertex 159.4007650711028 -28.62467110956259 4
    endloop
  endfacet
  facet normal 0.8526401643540642 0.5224985647159945 0
    outer loop
      vertex 158.88528890887977 -30.77178384955723 6.5
      vertex 159.0246711095626 -30.999234928897206 4
      vertex 158.88528890887977 -30.77178384955723 4
    endloop
  endfacet
  facet normal 0.7604059656000229 0.6494480483301931 0
    outer loop
      vertex 159.0246711095626 -30.999234928897206 6.5
      vertex 159.1979184719829 -31.202081528017132 4
      vertex 159.0246711095626 -30.999234928897206 4
    endloop
  endfacet
  facet normal 0.6494480483302105 0.760405965600008 0
    outer loop
      vertex 159.1979184719829 -31.202081528017132 6.5
      vertex 159.4007650711028 -31.37532889043741 4
      vertex 159.1979184719829 -31.202081528017132 4
    endloop
  endfacet
  facet normal 0.5224985647159617 -0.8526401643540842 0
    outer loop
      vertex 159.62821615044277 -28.485288908879774 6.5
      vertex 159.4007650711028 -28.62467110956259 4
      vertex 159.62821615044277 -28.485288908879774 4
    endloop
  endfacet
  facet normal 0.3826834323650698 -0.9238795325112951 0
    outer loop
      vertex 159.8746711095626 -28.38320392229824 6.5
      vertex 159.62821615044277 -28.485288908879774 4
      vertex 159.8746711095626 -28.38320392229824 4
    endloop
  endfacet
  facet normal 0.5224985647159617 0.8526401643540842 0
    outer loop
      vertex 159.4007650711028 -31.37532889043741 6.5
      vertex 159.62821615044277 -31.514711091120226 4
      vertex 159.4007650711028 -31.37532889043741 4
    endloop
  endfacet
  facet normal 0.3826834323650698 0.9238795325112951 0
    outer loop
      vertex 159.62821615044277 -31.514711091120226 6.5
      vertex 159.8746711095626 -31.61679607770176 4
      vertex 159.62821615044277 -31.514711091120226 4
    endloop
  endfacet
  facet normal 0.2334453638559151 0.9723699203976742 0
    outer loop
      vertex 159.8746711095626 -31.61679607770176 6.5
      vertex 160.1340614094316 -31.679070179011735 4
      vertex 159.8746711095626 -31.61679607770176 4
    endloop
  endfacet
  facet normal 0.07845909572783943 0.9969173337331284 0
    outer loop
      vertex 160.1340614094316 -31.679070179011735 6.5
      vertex 160.4 -31.7 4
      vertex 160.1340614094316 -31.679070179011735 4
    endloop
  endfacet
  facet normal -0.07845909572783943 -0.9969173337331284 0
    outer loop
      vertex 160.4 -28.3 6.5
      vertex 160.4 -28.3 4
      vertex 160.6659385905684 -28.320929820988265 6.5
    endloop
  endfacet
  facet normal -0.2334453638559151 -0.9723699203976742 0
    outer loop
      vertex 160.6659385905684 -28.320929820988265 6.5
      vertex 160.6659385905684 -28.320929820988265 4
      vertex 160.9253288904374 -28.38320392229824 6.5
    endloop
  endfacet
  facet normal -0.3826834323650698 -0.9238795325112951 0
    outer loop
      vertex 160.9253288904374 -28.38320392229824 6.5
      vertex 160.9253288904374 -28.38320392229824 4
      vertex 161.17178384955724 -28.485288908879774 6.5
    endloop
  endfacet
  facet normal -0.5224985647159617 -0.8526401643540842 0
    outer loop
      vertex 161.17178384955724 -28.485288908879774 6.5
      vertex 161.17178384955724 -28.485288908879774 4
      vertex 161.39923492889722 -28.62467110956259 6.5
    endloop
  endfacet
  facet normal -0.07845909572783943 0.9969173337331284 5.669640342075241e-19
    outer loop
      vertex 160.4 -31.7 6.5
      vertex 160.6659385905684 -31.679070179011735 6.5
      vertex 160.6659385905684 -31.679070179011735 4
    endloop
  endfacet
  facet normal -0.2334453638559151 0.9723699203976742 5.217323399615476e-19
    outer loop
      vertex 160.6659385905684 -31.679070179011735 6.5
      vertex 160.9253288904374 -31.61679607770176 6.5
      vertex 160.9253288904374 -31.61679607770176 4
    endloop
  endfacet
  facet normal -0.3826834323650698 0.9238795325112951 3.7260211944426914e-19
    outer loop
      vertex 160.9253288904374 -31.61679607770176 6.5
      vertex 161.17178384955724 -31.514711091120226 6.5
      vertex 161.17178384955724 -31.514711091120226 4
    endloop
  endfacet
  facet normal -0.5224985647159617 0.8526401643540842 3.721902558342011e-18
    outer loop
      vertex 161.17178384955724 -31.514711091120226 6.5
      vertex 161.39923492889722 -31.37532889043741 6.5
      vertex 161.39923492889722 -31.37532889043741 4
    endloop
  endfacet
  facet normal -0.6494480483302105 -0.760405965600008 0
    outer loop
      vertex 161.39923492889722 -28.62467110956259 6.5
      vertex 161.39923492889722 -28.62467110956259 4
      vertex 161.60208152801712 -28.797918471982868 6.5
    endloop
  endfacet
  facet normal -0.7604059656000229 -0.6494480483301931 0
    outer loop
      vertex 161.60208152801712 -28.797918471982868 6.5
      vertex 161.60208152801712 -28.797918471982868 4
      vertex 161.7753288904374 -29.000765071102794 6.5
    endloop
  endfacet
  facet normal -0.8526401643540642 -0.5224985647159945 0
    outer loop
      vertex 161.7753288904374 -29.000765071102794 6.5
      vertex 161.7753288904374 -29.000765071102794 4
      vertex 161.91471109112024 -29.22821615044277 6.5
    endloop
  endfacet
  facet normal -0.7604059656000229 0.6494480483301931 -2.794770546904423e-18
    outer loop
      vertex 161.60208152801712 -31.202081528017132 6.5
      vertex 161.7753288904374 -30.999234928897206 6.5
      vertex 161.7753288904374 -30.999234928897206 4
    endloop
  endfacet
  facet normal -0.8526401643540642 0.5224985647159945 -4.773533613321435e-18
    outer loop
      vertex 161.7753288904374 -30.999234928897206 6.5
      vertex 161.91471109112024 -30.77178384955723 6.5
      vertex 161.91471109112024 -30.77178384955723 4
    endloop
  endfacet
  facet normal -0.9238795325112938 -0.3826834323650725 0
    outer loop
      vertex 161.91471109112024 -29.22821615044277 6.5
      vertex 161.91471109112024 -29.22821615044277 4
      vertex 162.01679607770177 -29.47467110956259 6.5
    endloop
  endfacet
  facet normal -0.9723699203976697 -0.23344536385593426 0
    outer loop
      vertex 162.01679607770177 -29.47467110956259 6.5
      vertex 162.01679607770177 -29.47467110956259 4
      vertex 162.07907017901175 -29.734061409431607 6.5
    endloop
  endfacet
  facet normal -0.9969173337331346 -0.07845909572776107 0
    outer loop
      vertex 162.07907017901175 -29.734061409431607 6.5
      vertex 162.07907017901175 -29.734061409431607 4
      vertex 162.1 -30 6.5
    endloop
  endfacet
  facet normal -0.9969173337331346 0.07845909572776107 0
    outer loop
      vertex 162.1 -30 6.5
      vertex 162.1 -30 4
      vertex 162.07907017901175 -30.265938590568393 6.5
    endloop
  endfacet
  facet normal -0.9723699203976697 0.23344536385593426 -6.816001682715525e-19
    outer loop
      vertex 162.01679607770177 -30.52532889043741 6.5
      vertex 162.07907017901175 -30.265938590568393 6.5
      vertex 162.07907017901175 -30.265938590568393 4
    endloop
  endfacet
  facet normal -0.9238795325112938 0.3826834323650725 0
    outer loop
      vertex 162.01679607770177 -30.52532889043741 6.5
      vertex 162.01679607770177 -30.52532889043741 4
      vertex 161.91471109112024 -30.77178384955723 6.5
    endloop
  endfacet
  facet normal -0.6494480483302105 0.760405965600008 -5.168753572718322e-18
    outer loop
      vertex 161.39923492889722 -31.37532889043741 6.5
      vertex 161.60208152801712 -31.202081528017132 6.5
      vertex 161.60208152801712 -31.202081528017132 4
    endloop
  endfacet
  facet normal -0.07845909572783943 -0.9969173337331284 0
    outer loop
      vertex 160.6659385905684 -28.320929820988265 6.5
      vertex 160.4 -28.3 4
      vertex 160.6659385905684 -28.320929820988265 4
    endloop
  endfacet
  facet normal -0.2334453638559151 -0.9723699203976742 0
    outer loop
      vertex 160.9253288904374 -28.38320392229824 6.5
      vertex 160.6659385905684 -28.320929820988265 4
      vertex 160.9253288904374 -28.38320392229824 4
    endloop
  endfacet
  facet normal -0.3826834323650698 -0.9238795325112951 0
    outer loop
      vertex 161.17178384955724 -28.485288908879774 6.5
      vertex 160.9253288904374 -28.38320392229824 4
      vertex 161.17178384955724 -28.485288908879774 4
    endloop
  endfacet
  facet normal -0.5224985647159617 -0.8526401643540842 0
    outer loop
      vertex 161.39923492889722 -28.62467110956259 6.5
      vertex 161.17178384955724 -28.485288908879774 4
      vertex 161.39923492889722 -28.62467110956259 4
    endloop
  endfacet
  facet normal -0.07845909572783943 0.9969173337331284 0
    outer loop
      vertex 160.4 -31.7 6.5
      vertex 160.6659385905684 -31.679070179011735 4
      vertex 160.4 -31.7 4
    endloop
  endfacet
  facet normal -0.2334453638559151 0.9723699203976742 0
    outer loop
      vertex 160.6659385905684 -31.679070179011735 6.5
      vertex 160.9253288904374 -31.61679607770176 4
      vertex 160.6659385905684 -31.679070179011735 4
    endloop
  endfacet
  facet normal -0.3826834323650698 0.9238795325112951 0
    outer loop
      vertex 160.9253288904374 -31.61679607770176 6.5
      vertex 161.17178384955724 -31.514711091120226 4
      vertex 160.9253288904374 -31.61679607770176 4
    endloop
  endfacet
  facet normal -0.5224985647159617 0.8526401643540842 0
    outer loop
      vertex 161.17178384955724 -31.514711091120226 6.5
      vertex 161.39923492889722 -31.37532889043741 4
      vertex 161.17178384955724 -31.514711091120226 4
    endloop
  endfacet
  facet normal -0.6494480483302105 -0.760405965600008 0
    outer loop
      vertex 161.60208152801712 -28.797918471982868 6.5
      vertex 161.39923492889722 -28.62467110956259 4
      vertex 161.60208152801712 -28.797918471982868 4
    endloop
  endfacet
  facet normal -0.7604059656000229 -0.6494480483301931 0
    outer loop
      vertex 161.7753288904374 -29.000765071102794 6.5
      vertex 161.60208152801712 -28.797918471982868 4
      vertex 161.7753288904374 -29.000765071102794 4
    endloop
  endfacet
  facet normal -0.8526401643540642 -0.5224985647159945 0
    outer loop
      vertex 161.91471109112024 -29.22821615044277 6.5
      vertex 161.7753288904374 -29.000765071102794 4
      vertex 161.91471109112024 -29.22821615044277 4
    endloop
  endfacet
  facet normal -0.8526401643540642 0.5224985647159945 0
    outer loop
      vertex 161.7753288904374 -30.999234928897206 6.5
      vertex 161.91471109112024 -30.77178384955723 4
      vertex 161.7753288904374 -30.999234928897206 4
    endloop
  endfacet
  facet normal -0.9238795325112938 -0.3826834323650725 0
    outer loop
      vertex 162.01679607770177 -29.47467110956259 6.5
      vertex 161.91471109112024 -29.22821615044277 4
      vertex 162.01679607770177 -29.47467110956259 4
    endloop
  endfacet
  facet normal -0.9723699203976697 -0.23344536385593426 0
    outer loop
      vertex 162.07907017901175 -29.734061409431607 6.5
      vertex 162.01679607770177 -29.47467110956259 4
      vertex 162.07907017901175 -29.734061409431607 4
    endloop
  endfacet
  facet normal -0.9969173337331346 -0.07845909572776107 0
    outer loop
      vertex 162.1 -30 6.5
      vertex 162.07907017901175 -29.734061409431607 4
      vertex 162.1 -30 4
    endloop
  endfacet
  facet normal -0.9969173337331346 0.07845909572776107 0
    outer loop
      vertex 162.07907017901175 -30.265938590568393 6.5
      vertex 162.1 -30 4
      vertex 162.07907017901175 -30.265938590568393 4
    endloop
  endfacet
  facet normal -0.9238795325112938 0.3826834323650725 0
    outer loop
      vertex 161.91471109112024 -30.77178384955723 6.5
      vertex 162.01679607770177 -30.52532889043741 4
      vertex 161.91471109112024 -30.77178384955723 4
    endloop
  endfacet
  facet normal -0.9723699203976697 0.23344536385593426 0
    outer loop
      vertex 162.01679607770177 -30.52532889043741 6.5
      vertex 162.07907017901175 -30.265938590568393 4
      vertex 162.01679607770177 -30.52532889043741 4
    endloop
  endfacet
  facet normal -0.6494480483302105 0.760405965600008 0
    outer loop
      vertex 161.39923492889722 -31.37532889043741 6.5
      vertex 161.60208152801712 -31.202081528017132 4
      vertex 161.39923492889722 -31.37532889043741 4
    endloop
  endfacet
  facet normal -0.7604059656000229 0.6494480483301931 0
    outer loop
      vertex 161.60208152801712 -31.202081528017132 6.5
      vertex 161.7753288904374 -30.999234928897206 4
      vertex 161.60208152801712 -31.202081528017132 4
    endloop
  endfacet
  facet normal 0.7604059656000258 -0.6494480483301898 0
    outer loop
      vertex 157.89204731743766 -28.177865717893333 6.5
      vertex 158.2079689783217 -27.807968978321703 8
      vertex 157.89204731743766 -28.177865717893333 8
    endloop
  endfacet
  facet normal 0.6494480483301855 -0.7604059656000294 0
    outer loop
      vertex 158.2079689783217 -27.807968978321703 6.5
      vertex 158.57786571789333 -27.492047317437663 8
      vertex 158.2079689783217 -27.807968978321703 8
    endloop
  endfacet
  facet normal 0.972369920397682 -0.23344536385588274 0
    outer loop
      vertex 157.33816614415508 -29.515053158375284 6.5
      vertex 157.45172479948502 -29.042047317437664 8
      vertex 157.33816614415508 -29.515053158375284 8
    endloop
  endfacet
  facet normal 0.9969173337331284 -0.0784590957278397 0
    outer loop
      vertex 157.3 -30 6.5
      vertex 157.33816614415508 -29.515053158375284 8
      vertex 157.3 -30 8
    endloop
  endfacet
  facet normal 0.9969173337331284 0.0784590957278397 0
    outer loop
      vertex 157.33816614415508 -30.484946841624716 6.5
      vertex 157.3 -30 8
      vertex 157.33816614415508 -30.484946841624716 8
    endloop
  endfacet
  facet normal 0.9238795325112744 -0.3826834323651198 0
    outer loop
      vertex 157.45172479948502 -29.042047317437664 6.5
      vertex 157.63787977501607 -28.592629450807404 8
      vertex 157.45172479948502 -29.042047317437664 8
    endloop
  endfacet
  facet normal 0.8526401643541099 -0.52249856471592 0
    outer loop
      vertex 157.63787977501607 -28.592629450807404 6.5
      vertex 157.89204731743766 -28.177865717893333 8
      vertex 157.63787977501607 -28.592629450807404 8
    endloop
  endfacet
  facet normal 0.972369920397682 0.23344536385588274 0
    outer loop
      vertex 157.45172479948502 -30.957952682562336 6.5
      vertex 157.33816614415508 -30.484946841624716 8
      vertex 157.45172479948502 -30.957952682562336 8
    endloop
  endfacet
  facet normal 0.9238795325112744 0.3826834323651198 0
    outer loop
      vertex 157.63787977501607 -31.407370549192596 6.5
      vertex 157.45172479948502 -30.957952682562336 8
      vertex 157.63787977501607 -31.407370549192596 8
    endloop
  endfacet
  facet normal 0.8526401643541099 0.52249856471592 0
    outer loop
      vertex 157.89204731743766 -31.822134282106667 6.5
      vertex 157.63787977501607 -31.407370549192596 8
      vertex 157.89204731743766 -31.822134282106667 8
    endloop
  endfacet
  facet normal 0.7604059656000258 0.6494480483301898 0
    outer loop
      vertex 158.2079689783217 -32.1920310216783 6.5
      vertex 157.89204731743766 -31.822134282106667 8
      vertex 158.2079689783217 -32.1920310216783 8
    endloop
  endfacet
  facet normal 0.522498564715942 -0.8526401643540964 0
    outer loop
      vertex 158.57786571789333 -27.492047317437663 6.5
      vertex 158.9926294508074 -27.237879775016058 8
      vertex 158.57786571789333 -27.492047317437663 8
    endloop
  endfacet
  facet normal 0.38268343236509117 -0.9238795325112861 0
    outer loop
      vertex 158.9926294508074 -27.237879775016058 6.5
      vertex 159.44204731743767 -27.051724799485022 8
      vertex 158.9926294508074 -27.237879775016058 8
    endloop
  endfacet
  facet normal 0.2334453638559051 -0.9723699203976767 0
    outer loop
      vertex 159.44204731743767 -27.051724799485022 6.5
      vertex 159.9150531583753 -26.938166144155073 8
      vertex 159.44204731743767 -27.051724799485022 8
    endloop
  endfacet
  facet normal 0.07845909572784637 -0.9969173337331279 0
    outer loop
      vertex 159.9150531583753 -26.938166144155073 6.5
      vertex 160.4 -26.9 8
      vertex 159.9150531583753 -26.938166144155073 8
    endloop
  endfacet
  facet normal 0.6494480483301898 0.7604059656000258 0
    outer loop
      vertex 158.57786571789333 -32.50795268256234 6.5
      vertex 158.2079689783217 -32.1920310216783 8
      vertex 158.57786571789333 -32.50795268256234 8
    endloop
  endfacet
  facet normal 0.5224985647159315 0.8526401643541028 0
    outer loop
      vertex 158.9926294508074 -32.76212022498394 6.5
      vertex 158.57786571789333 -32.50795268256234 8
      vertex 158.9926294508074 -32.76212022498394 8
    endloop
  endfacet
  facet normal 0.3826834323650975 0.9238795325112836 0
    outer loop
      vertex 159.44204731743767 -32.94827520051498 6.5
      vertex 158.9926294508074 -32.76212022498394 8
      vertex 159.44204731743767 -32.94827520051498 8
    endloop
  endfacet
  facet normal 0.2334453638558982 0.9723699203976782 0
    outer loop
      vertex 159.9150531583753 -33.061833855844924 6.5
      vertex 159.44204731743767 -32.94827520051498 8
      vertex 159.9150531583753 -33.061833855844924 8
    endloop
  endfacet
  facet normal 0.07845909572785364 0.9969173337331274 0
    outer loop
      vertex 160.4 -33.1 6.5
      vertex 159.9150531583753 -33.061833855844924 8
      vertex 160.4 -33.1 8
    endloop
  endfacet
  facet normal 0.8526401643541099 -0.52249856471592 3.774527959583295e-18
    outer loop
      vertex 157.63787977501607 -28.592629450807404 6.5
      vertex 157.89204731743766 -28.177865717893333 6.5
      vertex 157.89204731743766 -28.177865717893333 8
    endloop
  endfacet
  facet normal 0.7604059656000258 -0.6494480483301898 3.462371914155987e-18
    outer loop
      vertex 157.89204731743766 -28.177865717893333 6.5
      vertex 158.2079689783217 -27.807968978321703 6.5
      vertex 158.2079689783217 -27.807968978321703 8
    endloop
  endfacet
  facet normal 0.9969173337331284 -0.0784590957278397 0
    outer loop
      vertex 157.33816614415508 -29.515053158375284 6.5
      vertex 157.33816614415508 -29.515053158375284 8
      vertex 157.3 -30 6.5
    endloop
  endfacet
  facet normal 0.9969173337331284 0.0784590957278397 0
    outer loop
      vertex 157.3 -30 6.5
      vertex 157.3 -30 8
      vertex 157.33816614415508 -30.484946841624716 6.5
    endloop
  endfacet
  facet normal 0.972369920397682 0.23344536385588274 0
    outer loop
      vertex 157.33816614415508 -30.484946841624716 6.5
      vertex 157.33816614415508 -30.484946841624716 8
      vertex 157.45172479948502 -30.957952682562336 6.5
    endloop
  endfacet
  facet normal 0.9238795325112744 -0.3826834323651198 -6.590934450092972e-18
    outer loop
      vertex 157.45172479948502 -29.042047317437664 6.5
      vertex 157.63787977501607 -28.592629450807404 6.5
      vertex 157.63787977501607 -28.592629450807404 8
    endloop
  endfacet
  facet normal 0.972369920397682 -0.23344536385588274 0
    outer loop
      vertex 157.45172479948502 -29.042047317437664 6.5
      vertex 157.45172479948502 -29.042047317437664 8
      vertex 157.33816614415508 -29.515053158375284 6.5
    endloop
  endfacet
  facet normal 0.9238795325112744 0.3826834323651198 0
    outer loop
      vertex 157.45172479948502 -30.957952682562336 6.5
      vertex 157.45172479948502 -30.957952682562336 8
      vertex 157.63787977501607 -31.407370549192596 6.5
    endloop
  endfacet
  facet normal 0.8526401643541099 0.52249856471592 0
    outer loop
      vertex 157.63787977501607 -31.407370549192596 6.5
      vertex 157.63787977501607 -31.407370549192596 8
      vertex 157.89204731743766 -31.822134282106667 6.5
    endloop
  endfacet
  facet normal 0.7604059656000258 0.6494480483301898 0
    outer loop
      vertex 157.89204731743766 -31.822134282106667 6.5
      vertex 157.89204731743766 -31.822134282106667 8
      vertex 158.2079689783217 -32.1920310216783 6.5
    endloop
  endfacet
  facet normal 0.6494480483301898 0.7604059656000258 0
    outer loop
      vertex 158.2079689783217 -32.1920310216783 6.5
      vertex 158.2079689783217 -32.1920310216783 8
      vertex 158.57786571789333 -32.50795268256234 6.5
    endloop
  endfacet
  facet normal 0.6494480483301855 -0.7604059656000294 9.290537674731567e-18
    outer loop
      vertex 158.2079689783217 -27.807968978321703 6.5
      vertex 158.57786571789333 -27.492047317437663 6.5
      vertex 158.57786571789333 -27.492047317437663 8
    endloop
  endfacet
  facet normal 0.522498564715942 -0.8526401643540964 9.057442747159848e-18
    outer loop
      vertex 158.57786571789333 -27.492047317437663 6.5
      vertex 158.9926294508074 -27.237879775016058 6.5
      vertex 158.9926294508074 -27.237879775016058 8
    endloop
  endfacet
  facet normal 0.38268343236509117 -0.9238795325112861 -4.8895274492130715e-18
    outer loop
      vertex 158.9926294508074 -27.237879775016058 6.5
      vertex 159.44204731743767 -27.051724799485022 6.5
      vertex 159.44204731743767 -27.051724799485022 8
    endloop
  endfacet
  facet normal 0.2334453638559051 -0.9723699203976767 2.389825259928075e-18
    outer loop
      vertex 159.44204731743767 -27.051724799485022 6.5
      vertex 159.9150531583753 -26.938166144155073 6.5
      vertex 159.9150531583753 -26.938166144155073 8
    endloop
  endfacet
  facet normal 0.07845909572784637 -0.9969173337331279 6.245733203389941e-19
    outer loop
      vertex 159.9150531583753 -26.938166144155073 6.5
      vertex 160.4 -26.9 6.5
      vertex 160.4 -26.9 8
    endloop
  endfacet
  facet normal 0.5224985647159315 0.8526401643541028 0
    outer loop
      vertex 158.57786571789333 -32.50795268256234 6.5
      vertex 158.57786571789333 -32.50795268256234 8
      vertex 158.9926294508074 -32.76212022498394 6.5
    endloop
  endfacet
  facet normal 0.3826834323650975 0.9238795325112836 0
    outer loop
      vertex 158.9926294508074 -32.76212022498394 6.5
      vertex 158.9926294508074 -32.76212022498394 8
      vertex 159.44204731743767 -32.94827520051498 6.5
    endloop
  endfacet
  facet normal 0.2334453638558982 0.9723699203976782 0
    outer loop
      vertex 159.44204731743767 -32.94827520051498 6.5
      vertex 159.44204731743767 -32.94827520051498 8
      vertex 159.9150531583753 -33.061833855844924 6.5
    endloop
  endfacet
  facet normal 0.07845909572785364 0.9969173337331274 0
    outer loop
      vertex 159.9150531583753 -33.061833855844924 6.5
      vertex 159.9150531583753 -33.061833855844924 8
      vertex 160.4 -33.1 6.5
    endloop
  endfacet
  facet normal 0 0 1
    outer loop
      vertex 157.45172479948502 -29.042047317437664 6.5
      vertex 157.33816614415508 -29.515053158375284 6.5
      vertex 157.33816614415508 -30.484946841624716 6.5
    endloop
  endfacet
  facet normal 0 0 1
    outer loop
      vertex 157.33816614415508 -29.515053158375284 6.5
      vertex 157.3 -30 6.5
      vertex 157.33816614415508 -30.484946841624716 6.5
    endloop
  endfacet
  facet normal 0 0 1
    outer loop
      vertex 157.45172479948502 -29.042047317437664 6.5
      vertex 157.45172479948502 -30.957952682562336 6.5
      vertex 157.63787977501607 -28.592629450807404 6.5
    endloop
  endfacet
  facet normal 0 0 1
    outer loop
      vertex 157.63787977501607 -28.592629450807404 6.5
      vertex 157.63787977501607 -31.407370549192596 6.5
      vertex 157.89204731743766 -28.177865717893333 6.5
    endloop
  endfacet
  facet normal 0 0 1
    outer loop
      vertex 157.45172479948502 -29.042047317437664 6.5
      vertex 157.33816614415508 -30.484946841624716 6.5
      vertex 157.45172479948502 -30.957952682562336 6.5
    endloop
  endfacet
  facet normal 0 0 1
    outer loop
      vertex 157.63787977501607 -28.592629450807404 6.5
      vertex 157.45172479948502 -30.957952682562336 6.5
      vertex 157.63787977501607 -31.407370549192596 6.5
    endloop
  endfacet
  facet normal 0 0 1
    outer loop
      vertex 157.89204731743766 -28.177865717893333 6.5
      vertex 157.63787977501607 -31.407370549192596 6.5
      vertex 157.89204731743766 -31.822134282106667 6.5
    endloop
  endfacet
  facet normal 0 0 1
    outer loop
      vertex 157.89204731743766 -28.177865717893333 6.5
      vertex 157.89204731743766 -31.822134282106667 6.5
      vertex 158.2079689783217 -27.807968978321703 6.5
    endloop
  endfacet
  facet normal 0 0 1
    outer loop
      vertex 158.2079689783217 -27.807968978321703 6.5
      vertex 158.2079689783217 -32.1920310216783 6.5
      vertex 158.57786571789333 -27.492047317437663 6.5
    endloop
  endfacet
  facet normal 0 0 1
    outer loop
      vertex 157.89204731743766 -31.822134282106667 6.5
      vertex 158.2079689783217 -32.1920310216783 6.5
      vertex 158.2079689783217 -27.807968978321703 6.5
    endloop
  endfacet
  facet normal 0 0 1
    outer loop
      vertex 158.57786571789333 -27.492047317437663 6.5
      vertex 158.88528890887977 -29.22821615044277 6.5
      vertex 158.9926294508074 -27.237879775016058 6.5
    endloop
  endfacet
  facet normal 0 0 1
    outer loop
      vertex 158.9926294508074 -27.237879775016058 6.5
      vertex 159.0246711095626 -29.000765071102794 6.5
      vertex 159.1979184719829 -28.797918471982868 6.5
    endloop
  endfacet
  facet normal 0 0 1
    outer loop
      vertex 158.9926294508074 -27.237879775016058 6.5
      vertex 159.4007650711028 -28.62467110956259 6.5
      vertex 159.44204731743767 -27.051724799485022 6.5
    endloop
  endfacet
  facet normal 0 0 1
    outer loop
      vertex 158.9926294508074 -27.237879775016058 6.5
      vertex 159.1979184719829 -28.797918471982868 6.5
      vertex 159.4007650711028 -28.62467110956259 6.5
    endloop
  endfacet
  facet normal 0 0 1
    outer loop
      vertex 159.44204731743767 -27.051724799485022 6.5
      vertex 159.4007650711028 -28.62467110956259 6.5
      vertex 159.62821615044277 -28.485288908879774 6.5
    endloop
  endfacet
  facet normal 0 0 1
    outer loop
      vertex 159.44204731743767 -27.051724799485022 6.5
      vertex 159.62821615044277 -28.485288908879774 6.5
      vertex 159.8746711095626 -28.38320392229824 6.5
    endloop
  endfacet
  facet normal 0 0 1
    outer loop
      vertex 159.44204731743767 -27.051724799485022 6.5
      vertex 159.8746711095626 -28.38320392229824 6.5
      vertex 159.9150531583753 -26.938166144155073 6.5
    endloop
  endfacet
  facet normal 0 0 1
    outer loop
      vertex 159.9150531583753 -26.938166144155073 6.5
      vertex 159.8746711095626 -28.38320392229824 6.5
      vertex 160.1340614094316 -28.320929820988265 6.5
    endloop
  endfacet
  facet normal 0 0 1
    outer loop
      vertex 159.9150531583753 -26.938166144155073 6.5
      vertex 160.1340614094316 -28.320929820988265 6.5
      vertex 160.4 -28.3 6.5
    endloop
  endfacet
  facet normal 0 0 1
    outer loop
      vertex 159.9150531583753 -26.938166144155073 6.5
      vertex 160.4 -28.3 6.5
      vertex 160.4 -26.9 6.5
    endloop
  endfacet
  facet normal 0 0 1
    outer loop
      vertex 158.57786571789333 -27.492047317437663 6.5
      vertex 158.78320392229824 -29.47467110956259 6.5
      vertex 158.88528890887977 -29.22821615044277 6.5
    endloop
  endfacet
  facet normal 0 0 1
    outer loop
      vertex 158.57786571789333 -27.492047317437663 6.5
      vertex 158.72092982098826 -29.734061409431607 6.5
      vertex 158.78320392229824 -29.47467110956259 6.5
    endloop
  endfacet
  facet normal 0 0 1
    outer loop
      vertex 158.57786571789333 -27.492047317437663 6.5
      vertex 158.70000000000002 -30 6.5
      vertex 158.72092982098826 -29.734061409431607 6.5
    endloop
  endfacet
  facet normal 0 0 1
    outer loop
      vertex 158.57786571789333 -27.492047317437663 6.5
      vertex 158.57786571789333 -32.50795268256234 6.5
      vertex 158.70000000000002 -30 6.5
    endloop
  endfacet
  facet normal 0 0 1
    outer loop
      vertex 158.57786571789333 -27.492047317437663 6.5
      vertex 158.2079689783217 -32.1920310216783 6.5
      vertex 158.57786571789333 -32.50795268256234 6.5
    endloop
  endfacet
  facet normal 0 0 1
    outer loop
      vertex 158.70000000000002 -30 6.5
      vertex 158.57786571789333 -32.50795268256234 6.5
      vertex 158.72092982098826 -30.265938590568393 6.5
    endloop
  endfacet
  facet normal 0 0 1
    outer loop
      vertex 158.72092982098826 -30.265938590568393 6.5
      vertex 158.57786571789333 -32.50795268256234 6.5
      vertex 158.78320392229824 -30.52532889043741 6.5
    endloop
  endfacet
  facet normal 0 0 1
    outer loop
      vertex 158.88528890887977 -29.22821615044277 6.5
      vertex 159.0246711095626 -29.000765071102794 6.5
      vertex 158.9926294508074 -27.237879775016058 6.5
    endloop
  endfacet
  facet normal 0 0 1
    outer loop
      vertex 158.78320392229824 -30.52532889043741 6.5
      vertex 158.57786571789333 -32.50795268256234 6.5
      vertex 158.88528890887977 -30.77178384955723 6.5
    endloop
  endfacet
  facet normal 0 0 1
    outer loop
      vertex 158.88528890887977 -30.77178384955723 6.5
      vertex 158.57786571789333 -32.50795268256234 6.5
      vertex 158.9926294508074 -32.76212022498394 6.5
    endloop
  endfacet
  facet normal 0 0 1
    outer loop
      vertex 158.88528890887977 -30.77178384955723 6.5
      vertex 158.9926294508074 -32.76212022498394 6.5
      vertex 159.0246711095626 -30.999234928897206 6.5
    endloop
  endfacet
  facet normal 0 0 1
    outer loop
      vertex 159.0246711095626 -30.999234928897206 6.5
      vertex 158.9926294508074 -32.76212022498394 6.5
      vertex 159.1979184719829 -31.202081528017132 6.5
    endloop
  endfacet
  facet normal 0 0 1
    outer loop
      vertex 159.1979184719829 -31.202081528017132 6.5
      vertex 158.9926294508074 -32.76212022498394 6.5
      vertex 159.4007650711028 -31.37532889043741 6.5
    endloop
  endfacet
  facet normal 0 0 1
    outer loop
      vertex 158.9926294508074 -32.76212022498394 6.5
      vertex 159.44204731743767 -32.94827520051498 6.5
      vertex 159.4007650711028 -31.37532889043741 6.5
    endloop
  endfacet
  facet normal 0 0 1
    outer loop
      vertex 159.4007650711028 -31.37532889043741 6.5
      vertex 159.44204731743767 -32.94827520051498 6.5
      vertex 159.62821615044277 -31.514711091120226 6.5
    endloop
  endfacet
  facet normal 0 0 1
    outer loop
      vertex 159.62821615044277 -31.514711091120226 6.5
      vertex 159.44204731743767 -32.94827520051498 6.5
      vertex 159.8746711095626 -31.61679607770176 6.5
    endloop
  endfacet
  facet normal 0 0 1
    outer loop
      vertex 159.8746711095626 -31.61679607770176 6.5
      vertex 159.44204731743767 -32.94827520051498 6.5
      vertex 159.9150531583753 -33.061833855844924 6.5
    endloop
  endfacet
  facet normal 0 0 1
    outer loop
      vertex 159.8746711095626 -31.61679607770176 6.5
      vertex 159.9150531583753 -33.061833855844924 6.5
      vertex 160.1340614094316 -31.679070179011735 6.5
    endloop
  endfacet
  facet normal 0 0 1
    outer loop
      vertex 160.1340614094316 -31.679070179011735 6.5
      vertex 159.9150531583753 -33.061833855844924 6.5
      vertex 160.4 -31.7 6.5
    endloop
  endfacet
  facet normal 0 0 1
    outer loop
      vertex 160.4 -31.7 6.5
      vertex 159.9150531583753 -33.061833855844924 6.5
      vertex 160.4 -33.1 6.5
    endloop
  endfacet
  facet normal -0.07845909572784637 -0.9969173337331279 0
    outer loop
      vertex 160.4 -26.9 6.5
      vertex 160.88494684162472 -26.938166144155073 8
      vertex 160.4 -26.9 8
    endloop
  endfacet
  facet normal -0.2334453638559051 -0.9723699203976767 0
    outer loop
      vertex 160.88494684162472 -26.938166144155073 6.5
      vertex 161.35795268256234 -27.051724799485022 8
      vertex 160.88494684162472 -26.938166144155073 8
    endloop
  endfacet
  facet normal -0.38268343236509117 -0.9238795325112861 0
    outer loop
      vertex 161.35795268256234 -27.051724799485022 6.5
      vertex 161.8073705491926 -27.237879775016058 8
      vertex 161.35795268256234 -27.051724799485022 8
    endloop
  endfacet
  facet normal -0.522498564715942 -0.8526401643540964 0
    outer loop
      vertex 161.8073705491926 -27.237879775016058 6.5
      vertex 162.22213428210668 -27.492047317437663 8
      vertex 161.8073705491926 -27.237879775016058 8
    endloop
  endfacet
  facet normal -0.6494480483301855 -0.7604059656000294 0
    outer loop
      vertex 162.22213428210668 -27.492047317437663 6.5
      vertex 162.5920310216783 -27.807968978321703 8
      vertex 162.22213428210668 -27.492047317437663 8
    endloop
  endfacet
  facet normal -0.07845909572785364 0.9969173337331274 0
    outer loop
      vertex 160.88494684162472 -33.061833855844924 6.5
      vertex 160.4 -33.1 8
      vertex 160.88494684162472 -33.061833855844924 8
    endloop
  endfacet
  facet normal -0.2334453638558982 0.9723699203976782 0
    outer loop
      vertex 161.35795268256234 -32.94827520051498 6.5
      vertex 160.88494684162472 -33.061833855844924 8
      vertex 161.35795268256234 -32.94827520051498 8
    endloop
  endfacet
  facet normal -0.3826834323650975 0.9238795325112836 0
    outer loop
      vertex 161.8073705491926 -32.76212022498394 6.5
      vertex 161.35795268256234 -32.94827520051498 8
      vertex 161.8073705491926 -32.76212022498394 8
    endloop
  endfacet
  facet normal -0.5224985647159315 0.8526401643541028 0
    outer loop
      vertex 162.22213428210668 -32.50795268256234 6.5
      vertex 161.8073705491926 -32.76212022498394 8
      vertex 162.22213428210668 -32.50795268256234 8
    endloop
  endfacet
  facet normal -0.7604059656000258 -0.6494480483301898 0
    outer loop
      vertex 162.5920310216783 -27.807968978321703 6.5
      vertex 162.90795268256235 -28.177865717893333 8
      vertex 162.5920310216783 -27.807968978321703 8
    endloop
  endfacet
  facet normal -0.8526401643541099 -0.52249856471592 0
    outer loop
      vertex 162.90795268256235 -28.177865717893333 6.5
      vertex 163.16212022498394 -28.592629450807404 8
      vertex 162.90795268256235 -28.177865717893333 8
    endloop
  endfacet
  facet normal -0.9238795325112744 -0.3826834323651198 0
    outer loop
      vertex 163.16212022498394 -28.592629450807404 6.5
      vertex 163.348275200515 -29.042047317437664 8
      vertex 163.16212022498394 -28.592629450807404 8
    endloop
  endfacet
  facet normal -0.972369920397682 -0.23344536385588274 0
    outer loop
      vertex 163.348275200515 -29.042047317437664 6.5
      vertex 163.46183385584493 -29.515053158375284 8
      vertex 163.348275200515 -29.042047317437664 8
    endloop
  endfacet
  facet normal -0.9238795325112744 0.3826834323651198 0
    outer loop
      vertex 163.348275200515 -30.957952682562336 6.5
      vertex 163.16212022498394 -31.407370549192596 8
      vertex 163.348275200515 -30.957952682562336 8
    endloop
  endfacet
  facet normal -0.6494480483301898 0.7604059656000258 0
    outer loop
      vertex 162.5920310216783 -32.1920310216783 6.5
      vertex 162.22213428210668 -32.50795268256234 8
      vertex 162.5920310216783 -32.1920310216783 8
    endloop
  endfacet
  facet normal -0.7604059656000258 0.6494480483301898 0
    outer loop
      vertex 162.90795268256235 -31.822134282106667 6.5
      vertex 162.5920310216783 -32.1920310216783 8
      vertex 162.90795268256235 -31.822134282106667 8
    endloop
  endfacet
  facet normal -0.8526401643541099 0.52249856471592 0
    outer loop
      vertex 163.16212022498394 -31.407370549192596 6.5
      vertex 162.90795268256235 -31.822134282106667 8
      vertex 163.16212022498394 -31.407370549192596 8
    endloop
  endfacet
  facet normal -0.9969173337331284 -0.0784590957278397 0
    outer loop
      vertex 163.46183385584493 -29.515053158375284 6.5
      vertex 163.5 -30 8
      vertex 163.46183385584493 -29.515053158375284 8
    endloop
  endfacet
  facet normal -0.9969173337331284 0.0784590957278397 0
    outer loop
      vertex 163.5 -30 6.5
      vertex 163.46183385584493 -30.484946841624716 8
      vertex 163.5 -30 8
    endloop
  endfacet
  facet normal -0.972369920397682 0.23344536385588274 0
    outer loop
      vertex 163.46183385584493 -30.484946841624716 6.5
      vertex 163.348275200515 -30.957952682562336 8
      vertex 163.46183385584493 -30.484946841624716 8
    endloop
  endfacet
  facet normal -0.07845909572784637 -0.9969173337331279 -6.245733203389941e-19
    outer loop
      vertex 160.4 -26.9 6.5
      vertex 160.88494684162472 -26.938166144155073 6.5
      vertex 160.88494684162472 -26.938166144155073 8
    endloop
  endfacet
  facet normal -0.2334453638559051 -0.9723699203976767 -2.389825259928075e-18
    outer loop
      vertex 160.88494684162472 -26.938166144155073 6.5
      vertex 161.35795268256234 -27.051724799485022 6.5
      vertex 161.35795268256234 -27.051724799485022 8
    endloop
  endfacet
  facet normal -0.38268343236509117 -0.9238795325112861 4.8895274492130715e-18
    outer loop
      vertex 161.35795268256234 -27.051724799485022 6.5
      vertex 161.8073705491926 -27.237879775016058 6.5
      vertex 161.8073705491926 -27.237879775016058 8
    endloop
  endfacet
  facet normal -0.522498564715942 -0.8526401643540964 -9.057442747159848e-18
    outer loop
      vertex 161.8073705491926 -27.237879775016058 6.5
      vertex 162.22213428210668 -27.492047317437663 6.5
      vertex 162.22213428210668 -27.492047317437663 8
    endloop
  endfacet
  facet normal -0.07845909572785364 0.9969173337331274 0
    outer loop
      vertex 160.4 -33.1 6.5
      vertex 160.4 -33.1 8
      vertex 160.88494684162472 -33.061833855844924 6.5
    endloop
  endfacet
  facet normal -0.2334453638558982 0.9723699203976782 0
    outer loop
      vertex 160.88494684162472 -33.061833855844924 6.5
      vertex 160.88494684162472 -33.061833855844924 8
      vertex 161.35795268256234 -32.94827520051498 6.5
    endloop
  endfacet
  facet normal -0.3826834323650975 0.9238795325112836 0
    outer loop
      vertex 161.35795268256234 -32.94827520051498 6.5
      vertex 161.35795268256234 -32.94827520051498 8
      vertex 161.8073705491926 -32.76212022498394 6.5
    endloop
  endfacet
  facet normal -0.6494480483301898 0.7604059656000258 0
    outer loop
      vertex 162.22213428210668 -32.50795268256234 6.5
      vertex 162.22213428210668 -32.50795268256234 8
      vertex 162.5920310216783 -32.1920310216783 6.5
    endloop
  endfacet
  facet normal -0.5224985647159315 0.8526401643541028 0
    outer loop
      vertex 161.8073705491926 -32.76212022498394 6.5
      vertex 161.8073705491926 -32.76212022498394 8
      vertex 162.22213428210668 -32.50795268256234 6.5
    endloop
  endfacet
  facet normal -0.6494480483301855 -0.7604059656000294 -9.290537674731567e-18
    outer loop
      vertex 162.22213428210668 -27.492047317437663 6.5
      vertex 162.5920310216783 -27.807968978321703 6.5
      vertex 162.5920310216783 -27.807968978321703 8
    endloop
  endfacet
  facet normal -0.7604059656000258 -0.6494480483301898 -3.462371914155987e-18
    outer loop
      vertex 162.5920310216783 -27.807968978321703 6.5
      vertex 162.90795268256235 -28.177865717893333 6.5
      vertex 162.90795268256235 -28.177865717893333 8
    endloop
  endfacet
  facet normal -0.8526401643541099 -0.52249856471592 -3.774527959583295e-18
    outer loop
      vertex 162.90795268256235 -28.177865717893333 6.5
      vertex 163.16212022498394 -28.592629450807404 6.5
      vertex 163.16212022498394 -28.592629450807404 8
    endloop
  endfacet
  facet normal -0.9238795325112744 -0.3826834323651198 6.590934450092972e-18
    outer loop
      vertex 163.16212022498394 -28.592629450807404 6.5
      vertex 163.348275200515 -29.042047317437664 6.5
      vertex 163.348275200515 -29.042047317437664 8
    endloop
  endfacet
  facet normal -0.972369920397682 0.23344536385588274 -1.3659127404908587e-18
    outer loop
      vertex 163.46183385584493 -30.484946841624716 6.5
      vertex 163.348275200515 -30.957952682562336 6.5
      vertex 163.348275200515 -30.957952682562336 8
    endloop
  endfacet
  facet normal -0.7604059656000258 0.6494480483301898 3.462371914155987e-18
    outer loop
      vertex 162.90795268256235 -31.822134282106667 6.5
      vertex 162.5920310216783 -32.1920310216783 6.5
      vertex 162.5920310216783 -32.1920310216783 8
    endloop
  endfacet
  facet normal -0.8526401643541099 0.52249856471592 0
    outer loop
      vertex 162.90795268256235 -31.822134282106667 6.5
      vertex 162.90795268256235 -31.822134282106667 8
      vertex 163.16212022498394 -31.407370549192596 6.5
    endloop
  endfacet
  facet normal -0.9238795325112744 0.3826834323651198 0
    outer loop
      vertex 163.16212022498394 -31.407370549192596 6.5
      vertex 163.16212022498394 -31.407370549192596 8
      vertex 163.348275200515 -30.957952682562336 6.5
    endloop
  endfacet
  facet normal -0.972369920397682 -0.23344536385588274 1.3659127404908587e-18
    outer loop
      vertex 163.348275200515 -29.042047317437664 6.5
      vertex 163.46183385584493 -29.515053158375284 6.5
      vertex 163.46183385584493 -29.515053158375284 8
    endloop
  endfacet
  facet normal -0.9969173337331284 -0.0784590957278397 -2.2046119083275914e-18
    outer loop
      vertex 163.46183385584493 -29.515053158375284 6.5
      vertex 163.5 -30 6.5
      vertex 163.5 -30 8
    endloop
  endfacet
  facet normal -0.9969173337331284 0.0784590957278397 2.2046119083275914e-18
    outer loop
      vertex 163.5 -30 6.5
      vertex 163.46183385584493 -30.484946841624716 6.5
      vertex 163.46183385584493 -30.484946841624716 8
    endloop
  endfacet
  facet normal 0 0 1
    outer loop
      vertex 160.4 -26.9 6.5
      vertex 160.4 -28.3 6.5
      vertex 160.88494684162472 -26.938166144155073 6.5
    endloop
  endfacet
  facet normal 0 0 1
    outer loop
      vertex 160.4 -28.3 6.5
      vertex 160.6659385905684 -28.320929820988265 6.5
      vertex 160.88494684162472 -26.938166144155073 6.5
    endloop
  endfacet
  facet normal 0 0 1
    outer loop
      vertex 160.6659385905684 -28.320929820988265 6.5
      vertex 160.9253288904374 -28.38320392229824 6.5
      vertex 160.88494684162472 -26.938166144155073 6.5
    endloop
  endfacet
  facet normal 0 0 1
    outer loop
      vertex 160.88494684162472 -26.938166144155073 6.5
      vertex 160.9253288904374 -28.38320392229824 6.5
      vertex 161.35795268256234 -27.051724799485022 6.5
    endloop
  endfacet
  facet normal 0 0 1
    outer loop
      vertex 160.9253288904374 -28.38320392229824 6.5
      vertex 161.17178384955724 -28.485288908879774 6.5
      vertex 161.35795268256234 -27.051724799485022 6.5
    endloop
  endfacet
  facet normal 0 0 1
    outer loop
      vertex 161.35795268256234 -27.051724799485022 6.5
      vertex 161.17178384955724 -28.485288908879774 6.5
      vertex 161.39923492889722 -28.62467110956259 6.5
    endloop
  endfacet
  facet normal 0 0 1
    outer loop
      vertex 161.35795268256234 -27.051724799485022 6.5
      vertex 161.39923492889722 -28.62467110956259 6.5
      vertex 161.8073705491926 -27.237879775016058 6.5
    endloop
  endfacet
  facet normal 0 0 1
    outer loop
      vertex 161.39923492889722 -28.62467110956259 6.5
      vertex 161.60208152801712 -28.797918471982868 6.5
      vertex 161.8073705491926 -27.237879775016058 6.5
    endloop
  endfacet
  facet normal 0 0 1
    outer loop
      vertex 161.60208152801712 -28.797918471982868 6.5
      vertex 161.7753288904374 -29.000765071102794 6.5
      vertex 161.8073705491926 -27.237879775016058 6.5
    endloop
  endfacet
  facet normal 0 0 1
    outer loop
      vertex 161.8073705491926 -27.237879775016058 6.5
      vertex 161.91471109112024 -29.22821615044277 6.5
      vertex 162.22213428210668 -27.492047317437663 6.5
    endloop
  endfacet
  facet normal 0 0 1
    outer loop
      vertex 160.4 -31.7 6.5
      vertex 160.88494684162472 -33.061833855844924 6.5
      vertex 160.6659385905684 -31.679070179011735 6.5
    endloop
  endfacet
  facet normal 0 0 1
    outer loop
      vertex 160.6659385905684 -31.679070179011735 6.5
      vertex 160.88494684162472 -33.061833855844924 6.5
      vertex 160.9253288904374 -31.61679607770176 6.5
    endloop
  endfacet
  facet normal 0 0 1
    outer loop
      vertex 160.4 -31.7 6.5
      vertex 160.4 -33.1 6.5
      vertex 160.88494684162472 -33.061833855844924 6.5
    endloop
  endfacet
  facet normal 0 0 1
    outer loop
      vertex 160.9253288904374 -31.61679607770176 6.5
      vertex 161.35795268256234 -32.94827520051498 6.5
      vertex 161.17178384955724 -31.514711091120226 6.5
    endloop
  endfacet
  facet normal 0 0 1
    outer loop
      vertex 161.17178384955724 -31.514711091120226 6.5
      vertex 161.35795268256234 -32.94827520051498 6.5
      vertex 161.39923492889722 -31.37532889043741 6.5
    endloop
  endfacet
  facet normal 0 0 1
    outer loop
      vertex 160.9253288904374 -31.61679607770176 6.5
      vertex 160.88494684162472 -33.061833855844924 6.5
      vertex 161.35795268256234 -32.94827520051498 6.5
    endloop
  endfacet
  facet normal 0 0 1
    outer loop
      vertex 161.8073705491926 -27.237879775016058 6.5
      vertex 161.7753288904374 -29.000765071102794 6.5
      vertex 161.91471109112024 -29.22821615044277 6.5
    endloop
  endfacet
  facet normal 0 0 1
    outer loop
      vertex 161.91471109112024 -29.22821615044277 6.5
      vertex 162.01679607770177 -29.47467110956259 6.5
      vertex 162.22213428210668 -27.492047317437663 6.5
    endloop
  endfacet
  facet normal 0 0 1
    outer loop
      vertex 162.01679607770177 -29.47467110956259 6.5
      vertex 162.07907017901175 -29.734061409431607 6.5
      vertex 162.22213428210668 -27.492047317437663 6.5
    endloop
  endfacet
  facet normal 0 0 1
    outer loop
      vertex 162.07907017901175 -29.734061409431607 6.5
      vertex 162.1 -30 6.5
      vertex 162.22213428210668 -27.492047317437663 6.5
    endloop
  endfacet
  facet normal 0 0 1
    outer loop
      vertex 162.22213428210668 -27.492047317437663 6.5
      vertex 162.22213428210668 -32.50795268256234 6.5
      vertex 162.5920310216783 -27.807968978321703 6.5
    endloop
  endfacet
  facet normal 0 0 1
    outer loop
      vertex 162.1 -30 6.5
      vertex 162.07907017901175 -30.265938590568393 6.5
      vertex 162.22213428210668 -32.50795268256234 6.5
    endloop
  endfacet
  facet normal 0 0 1
    outer loop
      vertex 162.01679607770177 -30.52532889043741 6.5
      vertex 162.22213428210668 -32.50795268256234 6.5
      vertex 162.07907017901175 -30.265938590568393 6.5
    endloop
  endfacet
  facet normal 0 0 1
    outer loop
      vertex 162.1 -30 6.5
      vertex 162.22213428210668 -32.50795268256234 6.5
      vertex 162.22213428210668 -27.492047317437663 6.5
    endloop
  endfacet
  facet normal 0 0 1
    outer loop
      vertex 161.39923492889722 -31.37532889043741 6.5
      vertex 161.8073705491926 -32.76212022498394 6.5
      vertex 161.60208152801712 -31.202081528017132 6.5
    endloop
  endfacet
  facet normal 0 0 1
    outer loop
      vertex 161.39923492889722 -31.37532889043741 6.5
      vertex 161.35795268256234 -32.94827520051498 6.5
      vertex 161.8073705491926 -32.76212022498394 6.5
    endloop
  endfacet
  facet normal 0 0 1
    outer loop
      vertex 161.60208152801712 -31.202081528017132 6.5
      vertex 161.8073705491926 -32.76212022498394 6.5
      vertex 161.7753288904374 -30.999234928897206 6.5
    endloop
  endfacet
  facet normal 0 0 1
    outer loop
      vertex 161.7753288904374 -30.999234928897206 6.5
      vertex 161.8073705491926 -32.76212022498394 6.5
      vertex 161.91471109112024 -30.77178384955723 6.5
    endloop
  endfacet
  facet normal 0 0 1
    outer loop
      vertex 162.01679607770177 -30.52532889043741 6.5
      vertex 161.91471109112024 -30.77178384955723 6.5
      vertex 162.22213428210668 -32.50795268256234 6.5
    endloop
  endfacet
  facet normal 0 0 1
    outer loop
      vertex 161.91471109112024 -30.77178384955723 6.5
      vertex 161.8073705491926 -32.76212022498394 6.5
      vertex 162.22213428210668 -32.50795268256234 6.5
    endloop
  endfacet
  facet normal 0 0 1
    outer loop
      vertex 162.5920310216783 -27.807968978321703 6.5
      vertex 162.5920310216783 -32.1920310216783 6.5
      vertex 162.90795268256235 -28.177865717893333 6.5
    endloop
  endfacet
  facet normal 0 0 1
    outer loop
      vertex 162.5920310216783 -27.807968978321703 6.5
      vertex 162.22213428210668 -32.50795268256234 6.5
      vertex 162.5920310216783 -32.1920310216783 6.5
    endloop
  endfacet
  facet normal 0 0 1
    outer loop
      vertex 162.90795268256235 -28.177865717893333 6.5
      vertex 162.5920310216783 -32.1920310216783 6.5
      vertex 162.90795268256235 -31.822134282106667 6.5
    endloop
  endfacet
  facet normal 0 0 1
    outer loop
      vertex 162.90795268256235 -28.177865717893333 6.5
      vertex 162.90795268256235 -31.822134282106667 6.5
      vertex 163.16212022498394 -28.592629450807404 6.5
    endloop
  endfacet
  facet normal 0 0 1
    outer loop
      vertex 163.16212022498394 -28.592629450807404 6.5
      vertex 163.16212022498394 -31.407370549192596 6.5
      vertex 163.348275200515 -29.042047317437664 6.5
    endloop
  endfacet
  facet normal 0 0 1
    outer loop
      vertex 163.16212022498394 -28.592629450807404 6.5
      vertex 162.90795268256235 -31.822134282106667 6.5
      vertex 163.16212022498394 -31.407370549192596 6.5
    endloop
  endfacet
  facet normal 0 0 1
    outer loop
      vertex 163.348275200515 -29.042047317437664 6.5
      vertex 163.348275200515 -30.957952682562336 6.5
      vertex 163.46183385584493 -29.515053158375284 6.5
    endloop
  endfacet
  facet normal 0 0 1
    outer loop
      vertex 163.348275200515 -29.042047317437664 6.5
      vertex 163.16212022498394 -31.407370549192596 6.5
      vertex 163.348275200515 -30.957952682562336 6.5
    endloop
  endfacet
  facet normal 0 0 1
    outer loop
      vertex 163.46183385584493 -29.515053158375284 6.5
      vertex 163.46183385584493 -30.484946841624716 6.5
      vertex 163.5 -30 6.5
    endloop
  endfacet
  facet normal 0 0 1
    outer loop
      vertex 163.46183385584493 -29.515053158375284 6.5
      vertex 163.348275200515 -30.957952682562336 6.5
      vertex 163.46183385584493 -30.484946841624716 6.5
    endloop
  endfacet
  facet normal 0.649448048330226 -0.7604059655999948 0
    outer loop
      vertex 159.1979184719829 -101.35791847198287 6.5
      vertex 159.1979184719829 -101.35791847198287 4
      vertex 159.4007650711028 -101.18467110956259 6.5
    endloop
  endfacet
  facet normal 0.9238795325112918 -0.38268343236507724 -2.280499454034315e-18
    outer loop
      vertex 158.88528890887977 -101.78821615044278 6.5
      vertex 158.78320392229824 -102.0346711095626 6.5
      vertex 158.78320392229824 -102.0346711095626 4
    endloop
  endfacet
  facet normal 0.9723699203976682 -0.2334453638559403 0
    outer loop
      vertex 158.72092982098826 -102.2940614094316 6.5
      vertex 158.72092982098826 -102.2940614094316 4
      vertex 158.78320392229824 -102.0346711095626 6.5
    endloop
  endfacet
  facet normal 0.9969173337331347 -0.07845909572776003 -3.522903045517141e-19
    outer loop
      vertex 158.72092982098826 -102.2940614094316 6.5
      vertex 158.70000000000002 -102.56 6.5
      vertex 158.70000000000002 -102.56 4
    endloop
  endfacet
  facet normal 0.9969173337331347 0.07845909572776003 3.522903045517141e-19
    outer loop
      vertex 158.70000000000002 -102.56 6.5
      vertex 158.72092982098826 -102.8259385905684 6.5
      vertex 158.72092982098826 -102.8259385905684 4
    endloop
  endfacet
  facet normal 0.9723699203976682 0.2334453638559403 -1.7252091937059889e-18
    outer loop
      vertex 158.72092982098826 -102.8259385905684 6.5
      vertex 158.78320392229824 -103.08532889043741 6.5
      vertex 158.78320392229824 -103.08532889043741 4
    endloop
  endfacet
  facet normal 0.9238795325112918 0.38268343236507724 2.280499454034315e-18
    outer loop
      vertex 158.78320392229824 -103.08532889043741 6.5
      vertex 158.88528890887977 -103.33178384955723 6.5
      vertex 158.88528890887977 -103.33178384955723 4
    endloop
  endfacet
  facet normal 0.8526401643540752 -0.5224985647159768 0
    outer loop
      vertex 158.88528890887977 -101.78821615044278 6.5
      vertex 158.88528890887977 -101.78821615044278 4
      vertex 159.0246711095626 -101.5607650711028 6.5
    endloop
  endfacet
  facet normal 0.7604059656000172 -0.6494480483301995 0
    outer loop
      vertex 159.0246711095626 -101.5607650711028 6.5
      vertex 159.0246711095626 -101.5607650711028 4
      vertex 159.1979184719829 -101.35791847198287 6.5
    endloop
  endfacet
  facet normal 0.8526401643540752 0.5224985647159768 3.826082401168527e-18
    outer loop
      vertex 158.88528890887977 -103.33178384955723 6.5
      vertex 159.0246711095626 -103.55923492889721 6.5
      vertex 159.0246711095626 -103.55923492889721 4
    endloop
  endfacet
  facet normal 0.7604059656000172 0.6494480483301995 -2.990606165934858e-19
    outer loop
      vertex 159.0246711095626 -103.55923492889721 6.5
      vertex 159.1979184719829 -103.76208152801713 6.5
      vertex 159.1979184719829 -103.76208152801713 4
    endloop
  endfacet
  facet normal 0.649448048330226 0.7604059655999948 -2.2697221565101172e-18
    outer loop
      vertex 159.1979184719829 -103.76208152801713 6.5
      vertex 159.4007650711028 -103.93532889043742 6.5
      vertex 159.4007650711028 -103.93532889043742 4
    endloop
  endfacet
  facet normal 0.522498564715923 -0.852640164354108 0
    outer loop
      vertex 159.4007650711028 -101.18467110956259 6.5
      vertex 159.4007650711028 -101.18467110956259 4
      vertex 159.62821615044277 -101.04528890887978 6.5
    endloop
  endfacet
  facet normal 0.3826834323651039 -0.9238795325112809 0
    outer loop
      vertex 159.62821615044277 -101.04528890887978 6.5
      vertex 159.62821615044277 -101.04528890887978 4
      vertex 159.8746711095626 -100.94320392229824 6.5
    endloop
  endfacet
  facet normal 0.2334453638558899 -0.9723699203976802 0
    outer loop
      vertex 159.8746711095626 -100.94320392229824 6.5
      vertex 159.8746711095626 -100.94320392229824 4
      vertex 160.1340614094316 -100.88092982098827 6.5
    endloop
  endfacet
  facet normal 0.07845909572786591 -0.9969173337331264 0
    outer loop
      vertex 160.1340614094316 -100.88092982098827 6.5
      vertex 160.1340614094316 -100.88092982098827 4
      vertex 160.4 -100.86 6.5
    endloop
  endfacet
  facet normal 0.522498564715923 0.852640164354108 4.8079493894023175e-18
    outer loop
      vertex 159.4007650711028 -103.93532889043742 6.5
      vertex 159.62821615044277 -104.07471109112022 6.5
      vertex 159.62821615044277 -104.07471109112022 4
    endloop
  endfacet
  facet normal 0.3826834323651039 0.9238795325112809 -9.429567021609377e-19
    outer loop
      vertex 159.62821615044277 -104.07471109112022 6.5
      vertex 159.8746711095626 -104.17679607770177 6.5
      vertex 159.8746711095626 -104.17679607770177 4
    endloop
  endfacet
  facet normal 0.2334453638558899 0.9723699203976802 6.817445137829085e-19
    outer loop
      vertex 159.8746711095626 -104.17679607770177 6.5
      vertex 160.1340614094316 -104.23907017901173 6.5
      vertex 160.1340614094316 -104.23907017901173 4
    endloop
  endfacet
  facet normal 0.07845909572786591 0.9969173337331264 -6.3268876210145796e-21
    outer loop
      vertex 160.1340614094316 -104.23907017901173 6.5
      vertex 160.4 -104.26 6.5
      vertex 160.4 -104.26 4
    endloop
  endfacet
  facet normal 0.7604059656000172 -0.6494480483301995 0
    outer loop
      vertex 159.1979184719829 -101.35791847198287 6.5
      vertex 159.0246711095626 -101.5607650711028 4
      vertex 159.1979184719829 -101.35791847198287 4
    endloop
  endfacet
  facet normal 0.649448048330226 -0.7604059655999948 0
    outer loop
      vertex 159.4007650711028 -101.18467110956259 6.5
      vertex 159.1979184719829 -101.35791847198287 4
      vertex 159.4007650711028 -101.18467110956259 4
    endloop
  endfacet
  facet normal 0.9723699203976682 -0.2334453638559403 0
    outer loop
      vertex 158.78320392229824 -102.0346711095626 6.5
      vertex 158.72092982098826 -102.2940614094316 4
      vertex 158.78320392229824 -102.0346711095626 4
    endloop
  endfacet
  facet normal 0.9238795325112918 -0.38268343236507724 0
    outer loop
      vertex 158.88528890887977 -101.78821615044278 6.5
      vertex 158.78320392229824 -102.0346711095626 4
      vertex 158.88528890887977 -101.78821615044278 4
    endloop
  endfacet
  facet normal 0.9969173337331347 -0.07845909572776003 0
    outer loop
      vertex 158.72092982098826 -102.2940614094316 6.5
      vertex 158.70000000000002 -102.56 4
      vertex 158.72092982098826 -102.2940614094316 4
    endloop
  endfacet
  facet normal 0.9969173337331347 0.07845909572776003 0
    outer loop
      vertex 158.70000000000002 -102.56 6.5
      vertex 158.72092982098826 -102.8259385905684 4
      vertex 158.70000000000002 -102.56 4
    endloop
  endfacet
  facet normal 0.9723699203976682 0.2334453638559403 0
    outer loop
      vertex 158.72092982098826 -102.8259385905684 6.5
      vertex 158.78320392229824 -103.08532889043741 4
      vertex 158.72092982098826 -102.8259385905684 4
    endloop
  endfacet
  facet normal 0.9238795325112918 0.38268343236507724 0
    outer loop
      vertex 158.78320392229824 -103.08532889043741 6.5
      vertex 158.88528890887977 -103.33178384955723 4
      vertex 158.78320392229824 -103.08532889043741 4
    endloop
  endfacet
  facet normal 0.8526401643540752 -0.5224985647159768 0
    outer loop
      vertex 159.0246711095626 -101.5607650711028 6.5
      vertex 158.88528890887977 -101.78821615044278 4
      vertex 159.0246711095626 -101.5607650711028 4
    endloop
  endfacet
  facet normal 0.8526401643540752 0.5224985647159768 0
    outer loop
      vertex 158.88528890887977 -103.33178384955723 6.5
      vertex 159.0246711095626 -103.55923492889721 4
      vertex 158.88528890887977 -103.33178384955723 4
    endloop
  endfacet
  facet normal 0.7604059656000172 0.6494480483301995 0
    outer loop
      vertex 159.0246711095626 -103.55923492889721 6.5
      vertex 159.1979184719829 -103.76208152801713 4
      vertex 159.0246711095626 -103.55923492889721 4
    endloop
  endfacet
  facet normal 0.649448048330226 0.7604059655999948 0
    outer loop
      vertex 159.1979184719829 -103.76208152801713 6.5
      vertex 159.4007650711028 -103.93532889043742 4
      vertex 159.1979184719829 -103.76208152801713 4
    endloop
  endfacet
  facet normal 0.522498564715923 -0.852640164354108 0
    outer loop
      vertex 159.62821615044277 -101.04528890887978 6.5
      vertex 159.4007650711028 -101.18467110956259 4
      vertex 159.62821615044277 -101.04528890887978 4
    endloop
  endfacet
  facet normal 0.3826834323651039 -0.9238795325112809 0
    outer loop
      vertex 159.8746711095626 -100.94320392229824 6.5
      vertex 159.62821615044277 -101.04528890887978 4
      vertex 159.8746711095626 -100.94320392229824 4
    endloop
  endfacet
  facet normal 0.2334453638558899 -0.9723699203976802 0
    outer loop
      vertex 160.1340614094316 -100.88092982098827 6.5
      vertex 159.8746711095626 -100.94320392229824 4
      vertex 160.1340614094316 -100.88092982098827 4
    endloop
  endfacet
  facet normal 0.07845909572786591 -0.9969173337331264 0
    outer loop
      vertex 160.4 -100.86 6.5
      vertex 160.1340614094316 -100.88092982098827 4
      vertex 160.4 -100.86 4
    endloop
  endfacet
  facet normal 0.522498564715923 0.852640164354108 0
    outer loop
      vertex 159.4007650711028 -103.93532889043742 6.5
      vertex 159.62821615044277 -104.07471109112022 4
      vertex 159.4007650711028 -103.93532889043742 4
    endloop
  endfacet
  facet normal 0.3826834323651039 0.9238795325112809 0
    outer loop
      vertex 159.62821615044277 -104.07471109112022 6.5
      vertex 159.8746711095626 -104.17679607770177 4
      vertex 159.62821615044277 -104.07471109112022 4
    endloop
  endfacet
  facet normal 0.2334453638558899 0.9723699203976802 0
    outer loop
      vertex 159.8746711095626 -104.17679607770177 6.5
      vertex 160.1340614094316 -104.23907017901173 4
      vertex 159.8746711095626 -104.17679607770177 4
    endloop
  endfacet
  facet normal 0.07845909572786591 0.9969173337331264 0
    outer loop
      vertex 160.1340614094316 -104.23907017901173 6.5
      vertex 160.4 -104.26 4
      vertex 160.1340614094316 -104.23907017901173 4
    endloop
  endfacet
  facet normal -0.07845909572786591 -0.9969173337331264 0
    outer loop
      vertex 160.4 -100.86 6.5
      vertex 160.4 -100.86 4
      vertex 160.6659385905684 -100.88092982098827 6.5
    endloop
  endfacet
  facet normal -0.2334453638558899 -0.9723699203976802 0
    outer loop
      vertex 160.6659385905684 -100.88092982098827 6.5
      vertex 160.6659385905684 -100.88092982098827 4
      vertex 160.9253288904374 -100.94320392229824 6.5
    endloop
  endfacet
  facet normal -0.3826834323651039 -0.9238795325112809 0
    outer loop
      vertex 160.9253288904374 -100.94320392229824 6.5
      vertex 160.9253288904374 -100.94320392229824 4
      vertex 161.17178384955724 -101.04528890887978 6.5
    endloop
  endfacet
  facet normal -0.522498564715923 -0.852640164354108 0
    outer loop
      vertex 161.17178384955724 -101.04528890887978 6.5
      vertex 161.17178384955724 -101.04528890887978 4
      vertex 161.39923492889722 -101.18467110956259 6.5
    endloop
  endfacet
  facet normal -0.3826834323651039 0.9238795325112809 9.429567021609377e-19
    outer loop
      vertex 160.9253288904374 -104.17679607770177 6.5
      vertex 161.17178384955724 -104.07471109112022 6.5
      vertex 161.17178384955724 -104.07471109112022 4
    endloop
  endfacet
  facet normal -0.522498564715923 0.852640164354108 -4.8079493894023175e-18
    outer loop
      vertex 161.17178384955724 -104.07471109112022 6.5
      vertex 161.39923492889722 -103.93532889043742 6.5
      vertex 161.39923492889722 -103.93532889043742 4
    endloop
  endfacet
  facet normal -0.649448048330226 -0.7604059655999948 0
    outer loop
      vertex 161.39923492889722 -101.18467110956259 6.5
      vertex 161.39923492889722 -101.18467110956259 4
      vertex 161.60208152801712 -101.35791847198287 6.5
    endloop
  endfacet
  facet normal -0.7604059656000172 -0.6494480483301995 0
    outer loop
      vertex 161.60208152801712 -101.35791847198287 6.5
      vertex 161.60208152801712 -101.35791847198287 4
      vertex 161.7753288904374 -101.5607650711028 6.5
    endloop
  endfacet
  facet normal -0.8526401643540752 -0.5224985647159768 0
    outer loop
      vertex 161.7753288904374 -101.5607650711028 6.5
      vertex 161.7753288904374 -101.5607650711028 4
      vertex 161.91471109112024 -101.78821615044278 6.5
    endloop
  endfacet
  facet normal -0.649448048330226 0.7604059655999948 2.2697221565101172e-18
    outer loop
      vertex 161.39923492889722 -103.93532889043742 6.5
      vertex 161.60208152801712 -103.76208152801713 6.5
      vertex 161.60208152801712 -103.76208152801713 4
    endloop
  endfacet
  facet normal -0.8526401643540752 0.5224985647159768 -3.826082401168527e-18
    outer loop
      vertex 161.7753288904374 -103.55923492889721 6.5
      vertex 161.91471109112024 -103.33178384955723 6.5
      vertex 161.91471109112024 -103.33178384955723 4
    endloop
  endfacet
  facet normal -0.7604059656000172 0.6494480483301995 2.990606165934858e-19
    outer loop
      vertex 161.60208152801712 -103.76208152801713 6.5
      vertex 161.7753288904374 -103.55923492889721 6.5
      vertex 161.7753288904374 -103.55923492889721 4
    endloop
  endfacet
  facet normal -0.9238795325112918 -0.38268343236507724 0
    outer loop
      vertex 161.91471109112024 -101.78821615044278 6.5
      vertex 161.91471109112024 -101.78821615044278 4
      vertex 162.01679607770177 -102.0346711095626 6.5
    endloop
  endfacet
  facet normal -0.9723699203976682 -0.2334453638559403 0
    outer loop
      vertex 162.01679607770177 -102.0346711095626 6.5
      vertex 162.01679607770177 -102.0346711095626 4
      vertex 162.07907017901175 -102.2940614094316 6.5
    endloop
  endfacet
  facet normal -0.9969173337331347 -0.07845909572776003 0
    outer loop
      vertex 162.07907017901175 -102.2940614094316 6.5
      vertex 162.07907017901175 -102.2940614094316 4
      vertex 162.1 -102.56 6.5
    endloop
  endfacet
  facet normal -0.9969173337331347 0.07845909572776003 0
    outer loop
      vertex 162.1 -102.56 6.5
      vertex 162.1 -102.56 4
      vertex 162.07907017901175 -102.8259385905684 6.5
    endloop
  endfacet
  facet normal -0.9238795325112918 0.38268343236507724 0
    outer loop
      vertex 162.01679607770177 -103.08532889043741 6.5
      vertex 162.01679607770177 -103.08532889043741 4
      vertex 161.91471109112024 -103.33178384955723 6.5
    endloop
  endfacet
  facet normal -0.9723699203976682 0.2334453638559403 1.7252091937059889e-18
    outer loop
      vertex 162.01679607770177 -103.08532889043741 6.5
      vertex 162.07907017901175 -102.8259385905684 6.5
      vertex 162.07907017901175 -102.8259385905684 4
    endloop
  endfacet
  facet normal -0.07845909572786591 0.9969173337331264 6.3268876210145796e-21
    outer loop
      vertex 160.4 -104.26 6.5
      vertex 160.6659385905684 -104.23907017901173 6.5
      vertex 160.6659385905684 -104.23907017901173 4
    endloop
  endfacet
  facet normal -0.2334453638558899 0.9723699203976802 -6.817445137829085e-19
    outer loop
      vertex 160.6659385905684 -104.23907017901173 6.5
      vertex 160.9253288904374 -104.17679607770177 6.5
      vertex 160.9253288904374 -104.17679607770177 4
    endloop
  endfacet
  facet normal -0.07845909572786591 -0.9969173337331264 0
    outer loop
      vertex 160.6659385905684 -100.88092982098827 6.5
      vertex 160.4 -100.86 4
      vertex 160.6659385905684 -100.88092982098827 4
    endloop
  endfacet
  facet normal -0.2334453638558899 -0.9723699203976802 0
    outer loop
      vertex 160.9253288904374 -100.94320392229824 6.5
      vertex 160.6659385905684 -100.88092982098827 4
      vertex 160.9253288904374 -100.94320392229824 4
    endloop
  endfacet
  facet normal -0.3826834323651039 -0.9238795325112809 0
    outer loop
      vertex 161.17178384955724 -101.04528890887978 6.5
      vertex 160.9253288904374 -100.94320392229824 4
      vertex 161.17178384955724 -101.04528890887978 4
    endloop
  endfacet
  facet normal -0.522498564715923 -0.852640164354108 0
    outer loop
      vertex 161.39923492889722 -101.18467110956259 6.5
      vertex 161.17178384955724 -101.04528890887978 4
      vertex 161.39923492889722 -101.18467110956259 4
    endloop
  endfacet
  facet normal -0.3826834323651039 0.9238795325112809 0
    outer loop
      vertex 160.9253288904374 -104.17679607770177 6.5
      vertex 161.17178384955724 -104.07471109112022 4
      vertex 160.9253288904374 -104.17679607770177 4
    endloop
  endfacet
  facet normal -0.522498564715923 0.852640164354108 0
    outer loop
      vertex 161.17178384955724 -104.07471109112022 6.5
      vertex 161.39923492889722 -103.93532889043742 4
      vertex 161.17178384955724 -104.07471109112022 4
    endloop
  endfacet
  facet normal -0.649448048330226 -0.7604059655999948 0
    outer loop
      vertex 161.60208152801712 -101.35791847198287 6.5
      vertex 161.39923492889722 -101.18467110956259 4
      vertex 161.60208152801712 -101.35791847198287 4
    endloop
  endfacet
  facet normal -0.7604059656000172 -0.6494480483301995 0
    outer loop
      vertex 161.7753288904374 -101.5607650711028 6.5
      vertex 161.60208152801712 -101.35791847198287 4
      vertex 161.7753288904374 -101.5607650711028 4
    endloop
  endfacet
  facet normal -0.8526401643540752 -0.5224985647159768 0
    outer loop
      vertex 161.91471109112024 -101.78821615044278 6.5
      vertex 161.7753288904374 -101.5607650711028 4
      vertex 161.91471109112024 -101.78821615044278 4
    endloop
  endfacet
  facet normal -0.649448048330226 0.7604059655999948 0
    outer loop
      vertex 161.39923492889722 -103.93532889043742 6.5
      vertex 161.60208152801712 -103.76208152801713 4
      vertex 161.39923492889722 -103.93532889043742 4
    endloop
  endfacet
  facet normal -0.7604059656000172 0.6494480483301995 0
    outer loop
      vertex 161.60208152801712 -103.76208152801713 6.5
      vertex 161.7753288904374 -103.55923492889721 4
      vertex 161.60208152801712 -103.76208152801713 4
    endloop
  endfacet
  facet normal -0.8526401643540752 0.5224985647159768 0
    outer loop
      vertex 161.7753288904374 -103.55923492889721 6.5
      vertex 161.91471109112024 -103.33178384955723 4
      vertex 161.7753288904374 -103.55923492889721 4
    endloop
  endfacet
  facet normal -0.9238795325112918 -0.38268343236507724 0
    outer loop
      vertex 162.01679607770177 -102.0346711095626 6.5
      vertex 161.91471109112024 -101.78821615044278 4
      vertex 162.01679607770177 -102.0346711095626 4
    endloop
  endfacet
  facet normal -0.9723699203976682 -0.2334453638559403 0
    outer loop
      vertex 162.07907017901175 -102.2940614094316 6.5
      vertex 162.01679607770177 -102.0346711095626 4
      vertex 162.07907017901175 -102.2940614094316 4
    endloop
  endfacet
  facet normal -0.9969173337331347 0.07845909572776003 0
    outer loop
      vertex 162.07907017901175 -102.8259385905684 6.5
      vertex 162.1 -102.56 4
      vertex 162.07907017901175 -102.8259385905684 4
    endloop
  endfacet
  facet normal -0.9969173337331347 -0.07845909572776003 0
    outer loop
      vertex 162.1 -102.56 6.5
      vertex 162.07907017901175 -102.2940614094316 4
      vertex 162.1 -102.56 4
    endloop
  endfacet
  facet normal -0.9238795325112918 0.38268343236507724 0
    outer loop
      vertex 161.91471109112024 -103.33178384955723 6.5
      vertex 162.01679607770177 -103.08532889043741 4
      vertex 161.91471109112024 -103.33178384955723 4
    endloop
  endfacet
  facet normal -0.9723699203976682 0.2334453638559403 0
    outer loop
      vertex 162.01679607770177 -103.08532889043741 6.5
      vertex 162.07907017901175 -102.8259385905684 4
      vertex 162.01679607770177 -103.08532889043741 4
    endloop
  endfacet
  facet normal -0.07845909572786591 0.9969173337331264 0
    outer loop
      vertex 160.4 -104.26 6.5
      vertex 160.6659385905684 -104.23907017901173 4
      vertex 160.4 -104.26 4
    endloop
  endfacet
  facet normal -0.2334453638558899 0.9723699203976802 0
    outer loop
      vertex 160.6659385905684 -104.23907017901173 6.5
      vertex 160.9253288904374 -104.17679607770177 4
      vertex 160.6659385905684 -104.23907017901173 4
    endloop
  endfacet
  facet normal 0.9723699203976817 -0.2334453638558844 0
    outer loop
      vertex 157.33816614415508 -102.07505315837528 6.5
      vertex 157.45172479948502 -101.60204731743767 8
      vertex 157.33816614415508 -102.07505315837528 8
    endloop
  endfacet
  facet normal 0.9969173337331284 -0.07845909572783913 0
    outer loop
      vertex 157.3 -102.56 6.5
      vertex 157.33816614415508 -102.07505315837528 8
      vertex 157.3 -102.56 8
    endloop
  endfacet
  facet normal 0.9969173337331284 0.07845909572783913 0
    outer loop
      vertex 157.33816614415508 -103.04494684162472 6.5
      vertex 157.3 -102.56 8
      vertex 157.33816614415508 -103.04494684162472 8
    endloop
  endfacet
  facet normal 0.8526401643541078 -0.5224985647159233 0
    outer loop
      vertex 157.63787977501607 -101.15262945080741 6.5
      vertex 157.89204731743766 -100.73786571789334 8
      vertex 157.63787977501607 -101.15262945080741 8
    endloop
  endfacet
  facet normal 0.760405965600038 -0.6494480483301753 0
    outer loop
      vertex 157.89204731743766 -100.73786571789334 6.5
      vertex 158.2079689783217 -100.3679689783217 8
      vertex 157.89204731743766 -100.73786571789334 8
    endloop
  endfacet
  facet normal 0.6494480483301728 -0.7604059656000401 0
    outer loop
      vertex 158.2079689783217 -100.3679689783217 6.5
      vertex 158.57786571789333 -100.05204731743767 8
      vertex 158.2079689783217 -100.3679689783217 8
    endloop
  endfacet
  facet normal 0.9238795325112733 -0.38268343236512237 0
    outer loop
      vertex 157.45172479948502 -101.60204731743767 6.5
      vertex 157.63787977501607 -101.15262945080741 8
      vertex 157.45172479948502 -101.60204731743767 8
    endloop
  endfacet
  facet normal 0.9723699203976817 0.2334453638558844 0
    outer loop
      vertex 157.45172479948502 -103.51795268256234 6.5
      vertex 157.33816614415508 -103.04494684162472 8
      vertex 157.45172479948502 -103.51795268256234 8
    endloop
  endfacet
  facet normal 0.9238795325112733 0.38268343236512237 0
    outer loop
      vertex 157.63787977501607 -103.9673705491926 6.5
      vertex 157.45172479948502 -103.51795268256234 8
      vertex 157.63787977501607 -103.9673705491926 8
    endloop
  endfacet
  facet normal 0.8526401643541078 0.5224985647159233 0
    outer loop
      vertex 157.89204731743766 -104.38213428210666 6.5
      vertex 157.63787977501607 -103.9673705491926 8
      vertex 157.89204731743766 -104.38213428210666 8
    endloop
  endfacet
  facet normal 0.760405965600038 0.6494480483301753 0
    outer loop
      vertex 158.2079689783217 -104.7520310216783 6.5
      vertex 157.89204731743766 -104.38213428210666 8
      vertex 158.2079689783217 -104.7520310216783 8
    endloop
  endfacet
  facet normal 0.5224985647159527 -0.8526401643540898 0
    outer loop
      vertex 158.57786571789333 -100.05204731743767 6.5
      vertex 158.9926294508074 -99.79787977501606 8
      vertex 158.57786571789333 -100.05204731743767 8
    endloop
  endfacet
  facet normal 0.3826834323650725 -0.923879532511294 0
    outer loop
      vertex 158.9926294508074 -99.79787977501606 6.5
      vertex 159.44204731743767 -99.61172479948503 8
      vertex 158.9926294508074 -99.79787977501606 8
    endloop
  endfacet
  facet normal 0.23344536385591202 -0.972369920397675 0
    outer loop
      vertex 159.44204731743767 -99.61172479948503 6.5
      vertex 159.9150531583753 -99.49816614415508 8
      vertex 159.44204731743767 -99.61172479948503 8
    endloop
  endfacet
  facet normal 0.07845909572783913 -0.9969173337331284 0
    outer loop
      vertex 159.9150531583753 -99.49816614415508 6.5
      vertex 160.4 -99.46000000000001 8
      vertex 159.9150531583753 -99.49816614415508 8
    endloop
  endfacet
  facet normal 0.6494480483301728 0.7604059656000401 0
    outer loop
      vertex 158.57786571789333 -105.06795268256234 6.5
      vertex 158.2079689783217 -104.7520310216783 8
      vertex 158.57786571789333 -105.06795268256234 8
    endloop
  endfacet
  facet normal 0.5224985647159527 0.8526401643540898 0
    outer loop
      vertex 158.9926294508074 -105.32212022498395 6.5
      vertex 158.57786571789333 -105.06795268256234 8
      vertex 158.9926294508074 -105.32212022498395 8
    endloop
  endfacet
  facet normal 0.3826834323650725 0.923879532511294 0
    outer loop
      vertex 159.44204731743767 -105.50827520051497 6.5
      vertex 158.9926294508074 -105.32212022498395 8
      vertex 159.44204731743767 -105.50827520051497 8
    endloop
  endfacet
  facet normal 0.23344536385591202 0.972369920397675 0
    outer loop
      vertex 159.9150531583753 -105.62183385584493 6.5
      vertex 159.44204731743767 -105.50827520051497 8
      vertex 159.9150531583753 -105.62183385584493 8
    endloop
  endfacet
  facet normal 0.07845909572783913 0.9969173337331284 0
    outer loop
      vertex 160.4 -105.66 6.5
      vertex 159.9150531583753 -105.62183385584493 8
      vertex 160.4 -105.66 8
    endloop
  endfacet
  facet normal 0.9969173337331284 -0.07845909572783913 0
    outer loop
      vertex 157.33816614415508 -102.07505315837528 6.5
      vertex 157.33816614415508 -102.07505315837528 8
      vertex 157.3 -102.56 6.5
    endloop
  endfacet
  facet normal 0.9969173337331284 0.07845909572783913 0
    outer loop
      vertex 157.3 -102.56 6.5
      vertex 157.3 -102.56 8
      vertex 157.33816614415508 -103.04494684162472 6.5
    endloop
  endfacet
  facet normal 0.9723699203976817 0.2334453638558844 0
    outer loop
      vertex 157.33816614415508 -103.04494684162472 6.5
      vertex 157.33816614415508 -103.04494684162472 8
      vertex 157.45172479948502 -103.51795268256234 6.5
    endloop
  endfacet
  facet normal 0.9238795325112733 -0.38268343236512237 -4.209797276843511e-20
    outer loop
      vertex 157.45172479948502 -101.60204731743767 6.5
      vertex 157.63787977501607 -101.15262945080741 6.5
      vertex 157.63787977501607 -101.15262945080741 8
    endloop
  endfacet
  facet normal 0.8526401643541078 -0.5224985647159233 2.5023121886260927e-18
    outer loop
      vertex 157.63787977501607 -101.15262945080741 6.5
      vertex 157.89204731743766 -100.73786571789334 6.5
      vertex 157.89204731743766 -100.73786571789334 8
    endloop
  endfacet
  facet normal 0.760405965600038 -0.6494480483301753 -5.975359375814335e-18
    outer loop
      vertex 157.89204731743766 -100.73786571789334 6.5
      vertex 158.2079689783217 -100.3679689783217 6.5
      vertex 158.2079689783217 -100.3679689783217 8
    endloop
  endfacet
  facet normal 0.9723699203976817 -0.2334453638558844 0
    outer loop
      vertex 157.45172479948502 -101.60204731743767 6.5
      vertex 157.45172479948502 -101.60204731743767 8
      vertex 157.33816614415508 -102.07505315837528 6.5
    endloop
  endfacet
  facet normal 0.9238795325112733 0.38268343236512237 0
    outer loop
      vertex 157.45172479948502 -103.51795268256234 6.5
      vertex 157.45172479948502 -103.51795268256234 8
      vertex 157.63787977501607 -103.9673705491926 6.5
    endloop
  endfacet
  facet normal 0.8526401643541078 0.5224985647159233 0
    outer loop
      vertex 157.63787977501607 -103.9673705491926 6.5
      vertex 157.63787977501607 -103.9673705491926 8
      vertex 157.89204731743766 -104.38213428210666 6.5
    endloop
  endfacet
  facet normal 0.760405965600038 0.6494480483301753 0
    outer loop
      vertex 157.89204731743766 -104.38213428210666 6.5
      vertex 157.89204731743766 -104.38213428210666 8
      vertex 158.2079689783217 -104.7520310216783 6.5
    endloop
  endfacet
  facet normal 0.6494480483301728 0.7604059656000401 0
    outer loop
      vertex 158.2079689783217 -104.7520310216783 6.5
      vertex 158.2079689783217 -104.7520310216783 8
      vertex 158.57786571789333 -105.06795268256234 6.5
    endloop
  endfacet
  facet normal 0.5224985647159527 -0.8526401643540898 -3.1333192013631044e-18
    outer loop
      vertex 158.57786571789333 -100.05204731743767 6.5
      vertex 158.9926294508074 -99.79787977501606 6.5
      vertex 158.9926294508074 -99.79787977501606 8
    endloop
  endfacet
  facet normal 0.6494480483301728 -0.7604059656000401 7.755758296320887e-18
    outer loop
      vertex 158.2079689783217 -100.3679689783217 6.5
      vertex 158.57786571789333 -100.05204731743767 6.5
      vertex 158.57786571789333 -100.05204731743767 8
    endloop
  endfacet
  facet normal 0.3826834323650725 -0.923879532511294 -7.79798513507992e-18
    outer loop
      vertex 158.9926294508074 -99.79787977501606 6.5
      vertex 159.44204731743767 -99.61172479948503 6.5
      vertex 159.44204731743767 -99.61172479948503 8
    endloop
  endfacet
  facet normal 0.23344536385591202 -0.972369920397675 4.091960750594191e-18
    outer loop
      vertex 159.44204731743767 -99.61172479948503 6.5
      vertex 159.9150531583753 -99.49816614415508 6.5
      vertex 159.9150531583753 -99.49816614415508 8
    endloop
  endfacet
  facet normal 0.07845909572783913 -0.9969173337331284 -2.1596862806377755e-18
    outer loop
      vertex 159.9150531583753 -99.49816614415508 6.5
      vertex 160.4 -99.46000000000001 6.5
      vertex 160.4 -99.46000000000001 8
    endloop
  endfacet
  facet normal 0.5224985647159527 0.8526401643540898 0
    outer loop
      vertex 158.57786571789333 -105.06795268256234 6.5
      vertex 158.57786571789333 -105.06795268256234 8
      vertex 158.9926294508074 -105.32212022498395 6.5
    endloop
  endfacet
  facet normal 0.3826834323650725 0.923879532511294 0
    outer loop
      vertex 158.9926294508074 -105.32212022498395 6.5
      vertex 158.9926294508074 -105.32212022498395 8
      vertex 159.44204731743767 -105.50827520051497 6.5
    endloop
  endfacet
  facet normal 0.23344536385591202 0.972369920397675 0
    outer loop
      vertex 159.44204731743767 -105.50827520051497 6.5
      vertex 159.44204731743767 -105.50827520051497 8
      vertex 159.9150531583753 -105.62183385584493 6.5
    endloop
  endfacet
  facet normal 0.07845909572783913 0.9969173337331284 0
    outer loop
      vertex 159.9150531583753 -105.62183385584493 6.5
      vertex 159.9150531583753 -105.62183385584493 8
      vertex 160.4 -105.66 6.5
    endloop
  endfacet
  facet normal 0 0 1
    outer loop
      vertex 157.45172479948502 -101.60204731743767 6.5
      vertex 157.33816614415508 -102.07505315837528 6.5
      vertex 157.33816614415508 -103.04494684162472 6.5
    endloop
  endfacet
  facet normal 0 0 1
    outer loop
      vertex 157.33816614415508 -102.07505315837528 6.5
      vertex 157.3 -102.56 6.5
      vertex 157.33816614415508 -103.04494684162472 6.5
    endloop
  endfacet
  facet normal 0 0 1
    outer loop
      vertex 157.45172479948502 -101.60204731743767 6.5
      vertex 157.45172479948502 -103.51795268256234 6.5
      vertex 157.63787977501607 -101.15262945080741 6.5
    endloop
  endfacet
  facet normal 0 0 1
    outer loop
      vertex 157.45172479948502 -101.60204731743767 6.5
      vertex 157.33816614415508 -103.04494684162472 6.5
      vertex 157.45172479948502 -103.51795268256234 6.5
    endloop
  endfacet
  facet normal 0 0 1
    outer loop
      vertex 157.63787977501607 -101.15262945080741 6.5
      vertex 157.63787977501607 -103.9673705491926 6.5
      vertex 157.89204731743766 -100.73786571789334 6.5
    endloop
  endfacet
  facet normal 0 0 1
    outer loop
      vertex 157.63787977501607 -101.15262945080741 6.5
      vertex 157.45172479948502 -103.51795268256234 6.5
      vertex 157.63787977501607 -103.9673705491926 6.5
    endloop
  endfacet
  facet normal 0 0 1
    outer loop
      vertex 157.89204731743766 -100.73786571789334 6.5
      vertex 157.63787977501607 -103.9673705491926 6.5
      vertex 157.89204731743766 -104.38213428210666 6.5
    endloop
  endfacet
  facet normal 0 0 1
    outer loop
      vertex 157.89204731743766 -100.73786571789334 6.5
      vertex 157.89204731743766 -104.38213428210666 6.5
      vertex 158.2079689783217 -100.3679689783217 6.5
    endloop
  endfacet
  facet normal 0 0 1
    outer loop
      vertex 158.2079689783217 -100.3679689783217 6.5
      vertex 158.2079689783217 -104.7520310216783 6.5
      vertex 158.57786571789333 -100.05204731743767 6.5
    endloop
  endfacet
  facet normal 0 0 1
    outer loop
      vertex 157.89204731743766 -104.38213428210666 6.5
      vertex 158.2079689783217 -104.7520310216783 6.5
      vertex 158.2079689783217 -100.3679689783217 6.5
    endloop
  endfacet
  facet normal 0 0 1
    outer loop
      vertex 158.57786571789333 -100.05204731743767 6.5
      vertex 158.88528890887977 -101.78821615044278 6.5
      vertex 158.9926294508074 -99.79787977501606 6.5
    endloop
  endfacet
  facet normal 0 0 1
    outer loop
      vertex 158.57786571789333 -100.05204731743767 6.5
      vertex 158.78320392229824 -102.0346711095626 6.5
      vertex 158.88528890887977 -101.78821615044278 6.5
    endloop
  endfacet
  facet normal 0 0 1
    outer loop
      vertex 158.9926294508074 -99.79787977501606 6.5
      vertex 158.88528890887977 -101.78821615044278 6.5
      vertex 159.0246711095626 -101.5607650711028 6.5
    endloop
  endfacet
  facet normal 0 0 1
    outer loop
      vertex 158.9926294508074 -99.79787977501606 6.5
      vertex 159.0246711095626 -101.5607650711028 6.5
      vertex 159.1979184719829 -101.35791847198287 6.5
    endloop
  endfacet
  facet normal 0 0 1
    outer loop
      vertex 158.9926294508074 -99.79787977501606 6.5
      vertex 159.4007650711028 -101.18467110956259 6.5
      vertex 159.44204731743767 -99.61172479948503 6.5
    endloop
  endfacet
  facet normal 0 0 1
    outer loop
      vertex 158.9926294508074 -99.79787977501606 6.5
      vertex 159.1979184719829 -101.35791847198287 6.5
      vertex 159.4007650711028 -101.18467110956259 6.5
    endloop
  endfacet
  facet normal 0 0 1
    outer loop
      vertex 158.57786571789333 -100.05204731743767 6.5
      vertex 158.57786571789333 -105.06795268256234 6.5
      vertex 158.70000000000002 -102.56 6.5
    endloop
  endfacet
  facet normal 0 0 1
    outer loop
      vertex 158.57786571789333 -100.05204731743767 6.5
      vertex 158.72092982098826 -102.2940614094316 6.5
      vertex 158.78320392229824 -102.0346711095626 6.5
    endloop
  endfacet
  facet normal 0 0 1
    outer loop
      vertex 158.57786571789333 -100.05204731743767 6.5
      vertex 158.70000000000002 -102.56 6.5
      vertex 158.72092982098826 -102.2940614094316 6.5
    endloop
  endfacet
  facet normal 0 0 1
    outer loop
      vertex 158.57786571789333 -100.05204731743767 6.5
      vertex 158.2079689783217 -104.7520310216783 6.5
      vertex 158.57786571789333 -105.06795268256234 6.5
    endloop
  endfacet
  facet normal 0 0 1
    outer loop
      vertex 158.57786571789333 -105.06795268256234 6.5
      vertex 158.72092982098826 -102.8259385905684 6.5
      vertex 158.70000000000002 -102.56 6.5
    endloop
  endfacet
  facet normal 0 0 1
    outer loop
      vertex 158.57786571789333 -105.06795268256234 6.5
      vertex 158.78320392229824 -103.08532889043741 6.5
      vertex 158.72092982098826 -102.8259385905684 6.5
    endloop
  endfacet
  facet normal 0 0 1
    outer loop
      vertex 158.57786571789333 -105.06795268256234 6.5
      vertex 158.88528890887977 -103.33178384955723 6.5
      vertex 158.78320392229824 -103.08532889043741 6.5
    endloop
  endfacet
  facet normal 0 0 1
    outer loop
      vertex 158.88528890887977 -103.33178384955723 6.5
      vertex 158.9926294508074 -105.32212022498395 6.5
      vertex 159.0246711095626 -103.55923492889721 6.5
    endloop
  endfacet
  facet normal 0 0 1
    outer loop
      vertex 159.44204731743767 -99.61172479948503 6.5
      vertex 159.8746711095626 -100.94320392229824 6.5
      vertex 159.9150531583753 -99.49816614415508 6.5
    endloop
  endfacet
  facet normal 0 0 1
    outer loop
      vertex 159.44204731743767 -99.61172479948503 6.5
      vertex 159.4007650711028 -101.18467110956259 6.5
      vertex 159.62821615044277 -101.04528890887978 6.5
    endloop
  endfacet
  facet normal 0 0 1
    outer loop
      vertex 159.44204731743767 -99.61172479948503 6.5
      vertex 159.62821615044277 -101.04528890887978 6.5
      vertex 159.8746711095626 -100.94320392229824 6.5
    endloop
  endfacet
  facet normal 0 0 1
    outer loop
      vertex 159.9150531583753 -99.49816614415508 6.5
      vertex 160.4 -100.86 6.5
      vertex 160.4 -99.46000000000001 6.5
    endloop
  endfacet
  facet normal 0 0 1
    outer loop
      vertex 159.9150531583753 -99.49816614415508 6.5
      vertex 159.8746711095626 -100.94320392229824 6.5
      vertex 160.1340614094316 -100.88092982098827 6.5
    endloop
  endfacet
  facet normal 0 0 1
    outer loop
      vertex 159.9150531583753 -99.49816614415508 6.5
      vertex 160.1340614094316 -100.88092982098827 6.5
      vertex 160.4 -100.86 6.5
    endloop
  endfacet
  facet normal 0 0 1
    outer loop
      vertex 158.57786571789333 -105.06795268256234 6.5
      vertex 158.9926294508074 -105.32212022498395 6.5
      vertex 158.88528890887977 -103.33178384955723 6.5
    endloop
  endfacet
  facet normal 0 0 1
    outer loop
      vertex 159.0246711095626 -103.55923492889721 6.5
      vertex 158.9926294508074 -105.32212022498395 6.5
      vertex 159.1979184719829 -103.76208152801713 6.5
    endloop
  endfacet
  facet normal 0 0 1
    outer loop
      vertex 159.1979184719829 -103.76208152801713 6.5
      vertex 158.9926294508074 -105.32212022498395 6.5
      vertex 159.4007650711028 -103.93532889043742 6.5
    endloop
  endfacet
  facet normal 0 0 1
    outer loop
      vertex 158.9926294508074 -105.32212022498395 6.5
      vertex 159.44204731743767 -105.50827520051497 6.5
      vertex 159.4007650711028 -103.93532889043742 6.5
    endloop
  endfacet
  facet normal 0 0 1
    outer loop
      vertex 159.4007650711028 -103.93532889043742 6.5
      vertex 159.44204731743767 -105.50827520051497 6.5
      vertex 159.62821615044277 -104.07471109112022 6.5
    endloop
  endfacet
  facet normal 0 0 1
    outer loop
      vertex 159.62821615044277 -104.07471109112022 6.5
      vertex 159.44204731743767 -105.50827520051497 6.5
      vertex 159.8746711095626 -104.17679607770177 6.5
    endloop
  endfacet
  facet normal 0 0 1
    outer loop
      vertex 159.44204731743767 -105.50827520051497 6.5
      vertex 159.9150531583753 -105.62183385584493 6.5
      vertex 159.8746711095626 -104.17679607770177 6.5
    endloop
  endfacet
  facet normal 0 0 1
    outer loop
      vertex 159.8746711095626 -104.17679607770177 6.5
      vertex 159.9150531583753 -105.62183385584493 6.5
      vertex 160.1340614094316 -104.23907017901173 6.5
    endloop
  endfacet
  facet normal 0 0 1
    outer loop
      vertex 159.9150531583753 -105.62183385584493 6.5
      vertex 160.4 -104.26 6.5
      vertex 160.1340614094316 -104.23907017901173 6.5
    endloop
  endfacet
  facet normal 0 0 1
    outer loop
      vertex 159.9150531583753 -105.62183385584493 6.5
      vertex 160.4 -105.66 6.5
      vertex 160.4 -104.26 6.5
    endloop
  endfacet
  facet normal -0.07845909572783913 -0.9969173337331284 0
    outer loop
      vertex 160.4 -99.46000000000001 6.5
      vertex 160.88494684162472 -99.49816614415508 8
      vertex 160.4 -99.46000000000001 8
    endloop
  endfacet
  facet normal -0.23344536385591202 -0.972369920397675 0
    outer loop
      vertex 160.88494684162472 -99.49816614415508 6.5
      vertex 161.35795268256234 -99.61172479948503 8
      vertex 160.88494684162472 -99.49816614415508 8
    endloop
  endfacet
  facet normal -0.3826834323650725 -0.923879532511294 0
    outer loop
      vertex 161.35795268256234 -99.61172479948503 6.5
      vertex 161.8073705491926 -99.79787977501606 8
      vertex 161.35795268256234 -99.61172479948503 8
    endloop
  endfacet
  facet normal -0.5224985647159527 -0.8526401643540898 0
    outer loop
      vertex 161.8073705491926 -99.79787977501606 6.5
      vertex 162.22213428210668 -100.05204731743767 8
      vertex 161.8073705491926 -99.79787977501606 8
    endloop
  endfacet
  facet normal -0.6494480483301728 -0.7604059656000401 0
    outer loop
      vertex 162.22213428210668 -100.05204731743767 6.5
      vertex 162.5920310216783 -100.3679689783217 8
      vertex 162.22213428210668 -100.05204731743767 8
    endloop
  endfacet
  facet normal -0.07845909572783913 0.9969173337331284 0
    outer loop
      vertex 160.88494684162472 -105.62183385584493 6.5
      vertex 160.4 -105.66 8
      vertex 160.88494684162472 -105.62183385584493 8
    endloop
  endfacet
  facet normal -0.23344536385591202 0.972369920397675 0
    outer loop
      vertex 161.35795268256234 -105.50827520051497 6.5
      vertex 160.88494684162472 -105.62183385584493 8
      vertex 161.35795268256234 -105.50827520051497 8
    endloop
  endfacet
  facet normal -0.3826834323650725 0.923879532511294 0
    outer loop
      vertex 161.8073705491926 -105.32212022498395 6.5
      vertex 161.35795268256234 -105.50827520051497 8
      vertex 161.8073705491926 -105.32212022498395 8
    endloop
  endfacet
  facet normal -0.5224985647159527 0.8526401643540898 0
    outer loop
      vertex 162.22213428210668 -105.06795268256234 6.5
      vertex 161.8073705491926 -105.32212022498395 8
      vertex 162.22213428210668 -105.06795268256234 8
    endloop
  endfacet
  facet normal -0.760405965600038 -0.6494480483301753 0
    outer loop
      vertex 162.5920310216783 -100.3679689783217 6.5
      vertex 162.90795268256235 -100.73786571789334 8
      vertex 162.5920310216783 -100.3679689783217 8
    endloop
  endfacet
  facet normal -0.8526401643541078 -0.5224985647159233 0
    outer loop
      vertex 162.90795268256235 -100.73786571789334 6.5
      vertex 163.16212022498394 -101.15262945080741 8
      vertex 162.90795268256235 -100.73786571789334 8
    endloop
  endfacet
  facet normal -0.9238795325112733 -0.38268343236512237 0
    outer loop
      vertex 163.16212022498394 -101.15262945080741 6.5
      vertex 163.348275200515 -101.60204731743767 8
      vertex 163.16212022498394 -101.15262945080741 8
    endloop
  endfacet
  facet normal -0.9723699203976817 -0.2334453638558844 0
    outer loop
      vertex 163.348275200515 -101.60204731743767 6.5
      vertex 163.46183385584493 -102.07505315837528 8
      vertex 163.348275200515 -101.60204731743767 8
    endloop
  endfacet
  facet normal -0.8526401643541078 0.5224985647159233 0
    outer loop
      vertex 163.16212022498394 -103.9673705491926 6.5
      vertex 162.90795268256235 -104.38213428210666 8
      vertex 163.16212022498394 -103.9673705491926 8
    endloop
  endfacet
  facet normal -0.9238795325112733 0.38268343236512237 0
    outer loop
      vertex 163.348275200515 -103.51795268256234 6.5
      vertex 163.16212022498394 -103.9673705491926 8
      vertex 163.348275200515 -103.51795268256234 8
    endloop
  endfacet
  facet normal -0.9969173337331284 -0.07845909572783913 0
    outer loop
      vertex 163.46183385584493 -102.07505315837528 6.5
      vertex 163.5 -102.56 8
      vertex 163.46183385584493 -102.07505315837528 8
    endloop
  endfacet
  facet normal -0.9969173337331284 0.07845909572783913 0
    outer loop
      vertex 163.5 -102.56 6.5
      vertex 163.46183385584493 -103.04494684162472 8
      vertex 163.5 -102.56 8
    endloop
  endfacet
  facet normal -0.9723699203976817 0.2334453638558844 0
    outer loop
      vertex 163.46183385584493 -103.04494684162472 6.5
      vertex 163.348275200515 -103.51795268256234 8
      vertex 163.46183385584493 -103.04494684162472 8
    endloop
  endfacet
  facet normal -0.6494480483301728 0.7604059656000401 0
    outer loop
      vertex 162.5920310216783 -104.7520310216783 6.5
      vertex 162.22213428210668 -105.06795268256234 8
      vertex 162.5920310216783 -104.7520310216783 8
    endloop
  endfacet
  facet normal -0.760405965600038 0.6494480483301753 0
    outer loop
      vertex 162.90795268256235 -104.38213428210666 6.5
      vertex 162.5920310216783 -104.7520310216783 8
      vertex 162.90795268256235 -104.38213428210666 8
    endloop
  endfacet
  facet normal -0.07845909572783913 -0.9969173337331284 2.1596862806377755e-18
    outer loop
      vertex 160.4 -99.46000000000001 6.5
      vertex 160.88494684162472 -99.49816614415508 6.5
      vertex 160.88494684162472 -99.49816614415508 8
    endloop
  endfacet
  facet normal -0.23344536385591202 -0.972369920397675 -4.091960750594191e-18
    outer loop
      vertex 160.88494684162472 -99.49816614415508 6.5
      vertex 161.35795268256234 -99.61172479948503 6.5
      vertex 161.35795268256234 -99.61172479948503 8
    endloop
  endfacet
  facet normal -0.3826834323650725 -0.923879532511294 7.79798513507992e-18
    outer loop
      vertex 161.35795268256234 -99.61172479948503 6.5
      vertex 161.8073705491926 -99.79787977501606 6.5
      vertex 161.8073705491926 -99.79787977501606 8
    endloop
  endfacet
  facet normal -0.5224985647159527 -0.8526401643540898 3.1333192013631044e-18
    outer loop
      vertex 161.8073705491926 -99.79787977501606 6.5
      vertex 162.22213428210668 -100.05204731743767 6.5
      vertex 162.22213428210668 -100.05204731743767 8
    endloop
  endfacet
  facet normal -0.07845909572783913 0.9969173337331284 0
    outer loop
      vertex 160.4 -105.66 6.5
      vertex 160.4 -105.66 8
      vertex 160.88494684162472 -105.62183385584493 6.5
    endloop
  endfacet
  facet normal -0.23344536385591202 0.972369920397675 0
    outer loop
      vertex 160.88494684162472 -105.62183385584493 6.5
      vertex 160.88494684162472 -105.62183385584493 8
      vertex 161.35795268256234 -105.50827520051497 6.5
    endloop
  endfacet
  facet normal -0.3826834323650725 0.923879532511294 0
    outer loop
      vertex 161.35795268256234 -105.50827520051497 6.5
      vertex 161.35795268256234 -105.50827520051497 8
      vertex 161.8073705491926 -105.32212022498395 6.5
    endloop
  endfacet
  facet normal -0.5224985647159527 0.8526401643540898 0
    outer loop
      vertex 161.8073705491926 -105.32212022498395 6.5
      vertex 161.8073705491926 -105.32212022498395 8
      vertex 162.22213428210668 -105.06795268256234 6.5
    endloop
  endfacet
  facet normal -0.6494480483301728 0.7604059656000401 0
    outer loop
      vertex 162.22213428210668 -105.06795268256234 6.5
      vertex 162.22213428210668 -105.06795268256234 8
      vertex 162.5920310216783 -104.7520310216783 6.5
    endloop
  endfacet
  facet normal -0.6494480483301728 -0.7604059656000401 -7.755758296320887e-18
    outer loop
      vertex 162.22213428210668 -100.05204731743767 6.5
      vertex 162.5920310216783 -100.3679689783217 6.5
      vertex 162.5920310216783 -100.3679689783217 8
    endloop
  endfacet
  facet normal -0.760405965600038 -0.6494480483301753 5.975359375814335e-18
    outer loop
      vertex 162.5920310216783 -100.3679689783217 6.5
      vertex 162.90795268256235 -100.73786571789334 6.5
      vertex 162.90795268256235 -100.73786571789334 8
    endloop
  endfacet
  facet normal -0.8526401643541078 -0.5224985647159233 -2.5023121886260927e-18
    outer loop
      vertex 162.90795268256235 -100.73786571789334 6.5
      vertex 163.16212022498394 -101.15262945080741 6.5
      vertex 163.16212022498394 -101.15262945080741 8
    endloop
  endfacet
  facet normal -0.9238795325112733 -0.38268343236512237 4.209797276843511e-20
    outer loop
      vertex 163.16212022498394 -101.15262945080741 6.5
      vertex 163.348275200515 -101.60204731743767 6.5
      vertex 163.348275200515 -101.60204731743767 8
    endloop
  endfacet
  facet normal -0.9723699203976817 0.2334453638558844 -2.7165812120703063e-18
    outer loop
      vertex 163.46183385584493 -103.04494684162472 6.5
      vertex 163.348275200515 -103.51795268256234 6.5
      vertex 163.348275200515 -103.51795268256234 8
    endloop
  endfacet
  facet normal -0.9238795325112733 0.38268343236512237 0
    outer loop
      vertex 163.16212022498394 -103.9673705491926 6.5
      vertex 163.16212022498394 -103.9673705491926 8
      vertex 163.348275200515 -103.51795268256234 6.5
    endloop
  endfacet
  facet normal -0.9723699203976817 -0.2334453638558844 2.7165812120703063e-18
    outer loop
      vertex 163.348275200515 -101.60204731743767 6.5
      vertex 163.46183385584493 -102.07505315837528 6.5
      vertex 163.46183385584493 -102.07505315837528 8
    endloop
  endfacet
  facet normal -0.9969173337331284 -0.07845909572783913 2.1596862806377755e-18
    outer loop
      vertex 163.46183385584493 -102.07505315837528 6.5
      vertex 163.5 -102.56 6.5
      vertex 163.5 -102.56 8
    endloop
  endfacet
  facet normal -0.9969173337331284 0.07845909572783913 -2.1596862806377755e-18
    outer loop
      vertex 163.5 -102.56 6.5
      vertex 163.46183385584493 -103.04494684162472 6.5
      vertex 163.46183385584493 -103.04494684162472 8
    endloop
  endfacet
  facet normal -0.760405965600038 0.6494480483301753 0
    outer loop
      vertex 162.5920310216783 -104.7520310216783 6.5
      vertex 162.5920310216783 -104.7520310216783 8
      vertex 162.90795268256235 -104.38213428210666 6.5
    endloop
  endfacet
  facet normal -0.8526401643541078 0.5224985647159233 0
    outer loop
      vertex 162.90795268256235 -104.38213428210666 6.5
      vertex 162.90795268256235 -104.38213428210666 8
      vertex 163.16212022498394 -103.9673705491926 6.5
    endloop
  endfacet
  facet normal 0 0 1
    outer loop
      vertex 160.4 -99.46000000000001 6.5
      vertex 160.4 -100.86 6.5
      vertex 160.88494684162472 -99.49816614415508 6.5
    endloop
  endfacet
  facet normal 0 0 1
    outer loop
      vertex 160.4 -100.86 6.5
      vertex 160.6659385905684 -100.88092982098827 6.5
      vertex 160.88494684162472 -99.49816614415508 6.5
    endloop
  endfacet
  facet normal 0 0 1
    outer loop
      vertex 160.6659385905684 -100.88092982098827 6.5
      vertex 160.9253288904374 -100.94320392229824 6.5
      vertex 160.88494684162472 -99.49816614415508 6.5
    endloop
  endfacet
  facet normal 0 0 1
    outer loop
      vertex 160.88494684162472 -99.49816614415508 6.5
      vertex 160.9253288904374 -100.94320392229824 6.5
      vertex 161.35795268256234 -99.61172479948503 6.5
    endloop
  endfacet
  facet normal 0 0 1
    outer loop
      vertex 161.35795268256234 -99.61172479948503 6.5
      vertex 160.9253288904374 -100.94320392229824 6.5
      vertex 161.17178384955724 -101.04528890887978 6.5
    endloop
  endfacet
  facet normal 0 0 1
    outer loop
      vertex 161.35795268256234 -99.61172479948503 6.5
      vertex 161.17178384955724 -101.04528890887978 6.5
      vertex 161.39923492889722 -101.18467110956259 6.5
    endloop
  endfacet
  facet normal 0 0 1
    outer loop
      vertex 161.35795268256234 -99.61172479948503 6.5
      vertex 161.39923492889722 -101.18467110956259 6.5
      vertex 161.8073705491926 -99.79787977501606 6.5
    endloop
  endfacet
  facet normal 0 0 1
    outer loop
      vertex 161.8073705491926 -99.79787977501606 6.5
      vertex 161.39923492889722 -101.18467110956259 6.5
      vertex 161.60208152801712 -101.35791847198287 6.5
    endloop
  endfacet
  facet normal 0 0 1
    outer loop
      vertex 161.8073705491926 -99.79787977501606 6.5
      vertex 161.60208152801712 -101.35791847198287 6.5
      vertex 161.7753288904374 -101.5607650711028 6.5
    endloop
  endfacet
  facet normal 0 0 1
    outer loop
      vertex 161.8073705491926 -99.79787977501606 6.5
      vertex 161.7753288904374 -101.5607650711028 6.5
      vertex 161.91471109112024 -101.78821615044278 6.5
    endloop
  endfacet
  facet normal 0 0 1
    outer loop
      vertex 161.8073705491926 -99.79787977501606 6.5
      vertex 161.91471109112024 -101.78821615044278 6.5
      vertex 162.22213428210668 -100.05204731743767 6.5
    endloop
  endfacet
  facet normal 0 0 1
    outer loop
      vertex 161.91471109112024 -101.78821615044278 6.5
      vertex 162.01679607770177 -102.0346711095626 6.5
      vertex 162.22213428210668 -100.05204731743767 6.5
    endloop
  endfacet
  facet normal 0 0 1
    outer loop
      vertex 161.7753288904374 -103.55923492889721 6.5
      vertex 161.8073705491926 -105.32212022498395 6.5
      vertex 161.91471109112024 -103.33178384955723 6.5
    endloop
  endfacet
  facet normal 0 0 1
    outer loop
      vertex 162.01679607770177 -102.0346711095626 6.5
      vertex 162.07907017901175 -102.2940614094316 6.5
      vertex 162.22213428210668 -100.05204731743767 6.5
    endloop
  endfacet
  facet normal 0 0 1
    outer loop
      vertex 162.07907017901175 -102.2940614094316 6.5
      vertex 162.1 -102.56 6.5
      vertex 162.22213428210668 -100.05204731743767 6.5
    endloop
  endfacet
  facet normal 0 0 1
    outer loop
      vertex 162.22213428210668 -100.05204731743767 6.5
      vertex 162.22213428210668 -105.06795268256234 6.5
      vertex 162.5920310216783 -100.3679689783217 6.5
    endloop
  endfacet
  facet normal 0 0 1
    outer loop
      vertex 162.1 -102.56 6.5
      vertex 162.22213428210668 -105.06795268256234 6.5
      vertex 162.22213428210668 -100.05204731743767 6.5
    endloop
  endfacet
  facet normal 0 0 1
    outer loop
      vertex 162.1 -102.56 6.5
      vertex 162.07907017901175 -102.8259385905684 6.5
      vertex 162.22213428210668 -105.06795268256234 6.5
    endloop
  endfacet
  facet normal 0 0 1
    outer loop
      vertex 162.01679607770177 -103.08532889043741 6.5
      vertex 162.22213428210668 -105.06795268256234 6.5
      vertex 162.07907017901175 -102.8259385905684 6.5
    endloop
  endfacet
  facet normal 0 0 1
    outer loop
      vertex 162.01679607770177 -103.08532889043741 6.5
      vertex 161.91471109112024 -103.33178384955723 6.5
      vertex 162.22213428210668 -105.06795268256234 6.5
    endloop
  endfacet
  facet normal 0 0 1
    outer loop
      vertex 160.4 -104.26 6.5
      vertex 160.4 -105.66 6.5
      vertex 160.88494684162472 -105.62183385584493 6.5
    endloop
  endfacet
  facet normal 0 0 1
    outer loop
      vertex 160.4 -104.26 6.5
      vertex 160.88494684162472 -105.62183385584493 6.5
      vertex 160.6659385905684 -104.23907017901173 6.5
    endloop
  endfacet
  facet normal 0 0 1
    outer loop
      vertex 160.6659385905684 -104.23907017901173 6.5
      vertex 160.88494684162472 -105.62183385584493 6.5
      vertex 160.9253288904374 -104.17679607770177 6.5
    endloop
  endfacet
  facet normal 0 0 1
    outer loop
      vertex 160.9253288904374 -104.17679607770177 6.5
      vertex 160.88494684162472 -105.62183385584493 6.5
      vertex 161.35795268256234 -105.50827520051497 6.5
    endloop
  endfacet
  facet normal 0 0 1
    outer loop
      vertex 160.9253288904374 -104.17679607770177 6.5
      vertex 161.35795268256234 -105.50827520051497 6.5
      vertex 161.17178384955724 -104.07471109112022 6.5
    endloop
  endfacet
  facet normal 0 0 1
    outer loop
      vertex 161.17178384955724 -104.07471109112022 6.5
      vertex 161.35795268256234 -105.50827520051497 6.5
      vertex 161.39923492889722 -103.93532889043742 6.5
    endloop
  endfacet
  facet normal 0 0 1
    outer loop
      vertex 161.39923492889722 -103.93532889043742 6.5
      vertex 161.8073705491926 -105.32212022498395 6.5
      vertex 161.60208152801712 -103.76208152801713 6.5
    endloop
  endfacet
  facet normal 0 0 1
    outer loop
      vertex 161.39923492889722 -103.93532889043742 6.5
      vertex 161.35795268256234 -105.50827520051497 6.5
      vertex 161.8073705491926 -105.32212022498395 6.5
    endloop
  endfacet
  facet normal 0 0 1
    outer loop
      vertex 161.60208152801712 -103.76208152801713 6.5
      vertex 161.8073705491926 -105.32212022498395 6.5
      vertex 161.7753288904374 -103.55923492889721 6.5
    endloop
  endfacet
  facet normal 0 0 1
    outer loop
      vertex 161.91471109112024 -103.33178384955723 6.5
      vertex 161.8073705491926 -105.32212022498395 6.5
      vertex 162.22213428210668 -105.06795268256234 6.5
    endloop
  endfacet
  facet normal 0 0 1
    outer loop
      vertex 162.5920310216783 -100.3679689783217 6.5
      vertex 162.5920310216783 -104.7520310216783 6.5
      vertex 162.90795268256235 -100.73786571789334 6.5
    endloop
  endfacet
  facet normal 0 0 1
    outer loop
      vertex 162.5920310216783 -100.3679689783217 6.5
      vertex 162.22213428210668 -105.06795268256234 6.5
      vertex 162.5920310216783 -104.7520310216783 6.5
    endloop
  endfacet
  facet normal 0 0 1
    outer loop
      vertex 162.5920310216783 -104.7520310216783 6.5
      vertex 162.90795268256235 -104.38213428210666 6.5
      vertex 162.90795268256235 -100.73786571789334 6.5
    endloop
  endfacet
  facet normal 0 0 1
    outer loop
      vertex 162.90795268256235 -100.73786571789334 6.5
      vertex 162.90795268256235 -104.38213428210666 6.5
      vertex 163.16212022498394 -101.15262945080741 6.5
    endloop
  endfacet
  facet normal 0 0 1
    outer loop
      vertex 163.16212022498394 -101.15262945080741 6.5
      vertex 163.16212022498394 -103.9673705491926 6.5
      vertex 163.348275200515 -101.60204731743767 6.5
    endloop
  endfacet
  facet normal 0 0 1
    outer loop
      vertex 163.348275200515 -101.60204731743767 6.5
      vertex 163.348275200515 -103.51795268256234 6.5
      vertex 163.46183385584493 -102.07505315837528 6.5
    endloop
  endfacet
  facet normal 0 0 1
    outer loop
      vertex 163.16212022498394 -101.15262945080741 6.5
      vertex 162.90795268256235 -104.38213428210666 6.5
      vertex 163.16212022498394 -103.9673705491926 6.5
    endloop
  endfacet
  facet normal 0 0 1
    outer loop
      vertex 163.348275200515 -101.60204731743767 6.5
      vertex 163.16212022498394 -103.9673705491926 6.5
      vertex 163.348275200515 -103.51795268256234 6.5
    endloop
  endfacet
  facet normal 0 0 1
    outer loop
      vertex 163.46183385584493 -102.07505315837528 6.5
      vertex 163.46183385584493 -103.04494684162472 6.5
      vertex 163.5 -102.56 6.5
    endloop
  endfacet
  facet normal 0 0 1
    outer loop
      vertex 163.46183385584493 -102.07505315837528 6.5
      vertex 163.348275200515 -103.51795268256234 6.5
      vertex 163.46183385584493 -103.04494684162472 6.5
    endloop
  endfacet
  facet normal 0 0 1
    outer loop
      vertex 136.4 -23 8
      vertex 141.45172479948502 -29.042047317437664 8
      vertex 141.63787977501607 -28.592629450807404 8
    endloop
  endfacet
  facet normal 0 0 1
    outer loop
      vertex 136.4 -23 8
      vertex 141.33816614415508 -29.515053158375284 8
      vertex 141.45172479948502 -29.042047317437664 8
    endloop
  endfacet
  facet normal 0 0 1
    outer loop
      vertex 136.4 -23 8
      vertex 141.3 -30 8
      vertex 141.33816614415508 -29.515053158375284 8
    endloop
  endfacet
  facet normal 0 0 1
    outer loop
      vertex 136.4 -23 8
      vertex 141.33816614415508 -30.484946841624716 8
      vertex 141.3 -30 8
    endloop
  endfacet
  facet normal 0 0 1
    outer loop
      vertex 136.4 -23 8
      vertex 141.45172479948502 -30.957952682562336 8
      vertex 141.33816614415508 -30.484946841624716 8
    endloop
  endfacet
  facet normal 0 0 1
    outer loop
      vertex 136.4 -23 8
      vertex 141.63787977501607 -28.592629450807404 8
      vertex 141.89204731743766 -28.177865717893333 8
    endloop
  endfacet
  facet normal 0 0 1
    outer loop
      vertex 136.4 -23 8
      vertex 141.89204731743766 -28.177865717893333 8
      vertex 142.2079689783217 -27.807968978321703 8
    endloop
  endfacet
  facet normal 0 0 1
    outer loop
      vertex 136.4 -23 8
      vertex 142.2079689783217 -27.807968978321703 8
      vertex 142.57786571789333 -27.492047317437663 8
    endloop
  endfacet
  facet normal 0 0 1
    outer loop
      vertex 136.4 -23 8
      vertex 141.63787977501607 -31.407370549192596 8
      vertex 141.45172479948502 -30.957952682562336 8
    endloop
  endfacet
  facet normal 0 0 1
    outer loop
      vertex 136.4 -23 8
      vertex 141.89204731743766 -31.822134282106667 8
      vertex 141.63787977501607 -31.407370549192596 8
    endloop
  endfacet
  facet normal 0 0 1
    outer loop
      vertex 136.4 -23 8
      vertex 143.44204731743767 -27.051724799485022 8
      vertex 143.9150531583753 -26.938166144155073 8
    endloop
  endfacet
  facet normal 0 0 1
    outer loop
      vertex 136.4 -23 8
      vertex 142.57786571789333 -27.492047317437663 8
      vertex 142.9926294508074 -27.237879775016058 8
    endloop
  endfacet
  facet normal 0 0 1
    outer loop
      vertex 136.4 -23 8
      vertex 142.9926294508074 -27.237879775016058 8
      vertex 143.44204731743767 -27.051724799485022 8
    endloop
  endfacet
  facet normal 0 0 1
    outer loop
      vertex 136.4 -23 8
      vertex 143.9150531583753 -26.938166144155073 8
      vertex 144.4 -26.9 8
    endloop
  endfacet
  facet normal 0 0 1
    outer loop
      vertex 136.4 -23 8
      vertex 144.4 -26.9 8
      vertex 168.4 -23 8
    endloop
  endfacet
  facet normal 0 0 1
    outer loop
      vertex 145.35795268256234 -27.051724799485022 8
      vertex 145.8073705491926 -27.237879775016058 8
      vertex 159.44204731743767 -27.051724799485022 8
    endloop
  endfacet
  facet normal 0 0 1
    outer loop
      vertex 145.8073705491926 -27.237879775016058 8
      vertex 146.22213428210668 -27.492047317437663 8
      vertex 158.9926294508074 -27.237879775016058 8
    endloop
  endfacet
  facet normal 0 0 1
    outer loop
      vertex 146.22213428210668 -32.50795268256234 8
      vertex 158.2079689783217 -32.1920310216783 8
      vertex 146.5920310216783 -32.1920310216783 8
    endloop
  endfacet
  facet normal 0 0 1
    outer loop
      vertex 145.8073705491926 -32.76212022498394 8
      vertex 145.35795268256234 -32.94827520051498 8
      vertex 158.9926294508074 -32.76212022498394 8
    endloop
  endfacet
  facet normal 0 0 1
    outer loop
      vertex 146.22213428210668 -32.50795268256234 8
      vertex 145.8073705491926 -32.76212022498394 8
      vertex 158.57786571789333 -32.50795268256234 8
    endloop
  endfacet
  facet normal 0 0 1
    outer loop
      vertex 146.22213428210668 -27.492047317437663 8
      vertex 146.5920310216783 -27.807968978321703 8
      vertex 158.57786571789333 -27.492047317437663 8
    endloop
  endfacet
  facet normal 0 0 1
    outer loop
      vertex 146.5920310216783 -27.807968978321703 8
      vertex 146.90795268256235 -28.177865717893333 8
      vertex 158.2079689783217 -27.807968978321703 8
    endloop
  endfacet
  facet normal 0 0 1
    outer loop
      vertex 146.90795268256235 -28.177865717893333 8
      vertex 147.16212022498394 -28.592629450807404 8
      vertex 157.89204731743766 -28.177865717893333 8
    endloop
  endfacet
  facet normal 0 0 1
    outer loop
      vertex 147.348275200515 -29.042047317437664 8
      vertex 157.63787977501607 -28.592629450807404 8
      vertex 147.16212022498394 -28.592629450807404 8
    endloop
  endfacet
  facet normal 0 0 1
    outer loop
      vertex 147.46183385584493 -29.515053158375284 8
      vertex 157.45172479948502 -29.042047317437664 8
      vertex 147.348275200515 -29.042047317437664 8
    endloop
  endfacet
  facet normal 0 0 1
    outer loop
      vertex 147.5 -30 8
      vertex 157.33816614415508 -29.515053158375284 8
      vertex 147.46183385584493 -29.515053158375284 8
    endloop
  endfacet
  facet normal 0 0 1
    outer loop
      vertex 147.46183385584493 -30.484946841624716 8
      vertex 157.3 -30 8
      vertex 147.5 -30 8
    endloop
  endfacet
  facet normal 0 0 1
    outer loop
      vertex 147.348275200515 -30.957952682562336 8
      vertex 157.33816614415508 -30.484946841624716 8
      vertex 147.46183385584493 -30.484946841624716 8
    endloop
  endfacet
  facet normal 0 0 1
    outer loop
      vertex 147.16212022498394 -31.407370549192596 8
      vertex 157.45172479948502 -30.957952682562336 8
      vertex 147.348275200515 -30.957952682562336 8
    endloop
  endfacet
  facet normal 0 0 1
    outer loop
      vertex 146.90795268256235 -31.822134282106667 8
      vertex 157.63787977501607 -31.407370549192596 8
      vertex 147.16212022498394 -31.407370549192596 8
    endloop
  endfacet
  facet normal 0 0 1
    outer loop
      vertex 146.5920310216783 -32.1920310216783 8
      vertex 157.89204731743766 -31.822134282106667 8
      vertex 146.90795268256235 -31.822134282106667 8
    endloop
  endfacet
  facet normal 0 0 1
    outer loop
      vertex 136.4 -23 8
      vertex 168.4 -109.56 8
      vertex 141.89204731743766 -31.822134282106667 8
    endloop
  endfacet
  facet normal 0 0 1
    outer loop
      vertex 168.4 -109.56 8
      vertex 142.2079689783217 -32.1920310216783 8
      vertex 141.89204731743766 -31.822134282106667 8
    endloop
  endfacet
  facet normal 0 0 1
    outer loop
      vertex 168.4 -109.56 8
      vertex 142.57786571789333 -32.50795268256234 8
      vertex 142.2079689783217 -32.1920310216783 8
    endloop
  endfacet
  facet normal 0 0 1
    outer loop
      vertex 168.4 -109.56 8
      vertex 142.9926294508074 -32.76212022498394 8
      vertex 142.57786571789333 -32.50795268256234 8
    endloop
  endfacet
  facet normal 0 0 1
    outer loop
      vertex 168.4 -109.56 8
      vertex 143.44204731743767 -32.94827520051498 8
      vertex 142.9926294508074 -32.76212022498394 8
    endloop
  endfacet
  facet normal 0 0 1
    outer loop
      vertex 168.4 -109.56 8
      vertex 143.9150531583753 -33.061833855844924 8
      vertex 143.44204731743767 -32.94827520051498 8
    endloop
  endfacet
  facet normal 0 0 1
    outer loop
      vertex 168.4 -109.56 8
      vertex 144.4 -33.1 8
      vertex 143.9150531583753 -33.061833855844924 8
    endloop
  endfacet
  facet normal 0 0 -1
    outer loop
      vertex 136.4 -23 4
      vertex 143.1979184719829 -28.797918471982868 4
      vertex 143.0246711095626 -29.000765071102794 4
    endloop
  endfacet
  facet normal 0 0 -1
    outer loop
      vertex 136.4 -23 4
      vertex 142.78320392229824 -29.47467110956259 4
      vertex 142.72092982098826 -29.734061409431607 4
    endloop
  endfacet
  facet normal 0 0 -1
    outer loop
      vertex 136.4 -23 4
      vertex 142.72092982098826 -29.734061409431607 4
      vertex 142.70000000000002 -30 4
    endloop
  endfacet
  facet normal 0 0 -1
    outer loop
      vertex 136.4 -23 4
      vertex 142.70000000000002 -30 4
      vertex 142.72092982098826 -30.265938590568393 4
    endloop
  endfacet
  facet normal 0 0 -1
    outer loop
      vertex 136.4 -23 4
      vertex 142.72092982098826 -30.265938590568393 4
      vertex 142.78320392229824 -30.52532889043741 4
    endloop
  endfacet
  facet normal 0 0 -1
    outer loop
      vertex 136.4 -23 4
      vertex 142.88528890887977 -29.22821615044277 4
      vertex 142.78320392229824 -29.47467110956259 4
    endloop
  endfacet
  facet normal 0 0 -1
    outer loop
      vertex 136.4 -23 4
      vertex 143.0246711095626 -29.000765071102794 4
      vertex 142.88528890887977 -29.22821615044277 4
    endloop
  endfacet
  facet normal 0 0 -1
    outer loop
      vertex 136.4 -23 4
      vertex 142.78320392229824 -30.52532889043741 4
      vertex 142.88528890887977 -30.77178384955723 4
    endloop
  endfacet
  facet normal 0 0 -1
    outer loop
      vertex 136.4 -23 4
      vertex 142.88528890887977 -30.77178384955723 4
      vertex 143.0246711095626 -30.999234928897206 4
    endloop
  endfacet
  facet normal 0 0 -1
    outer loop
      vertex 136.4 -23 4
      vertex 143.4007650711028 -28.62467110956259 4
      vertex 143.1979184719829 -28.797918471982868 4
    endloop
  endfacet
  facet normal 0 0 -1
    outer loop
      vertex 136.4 -23 4
      vertex 143.62821615044277 -28.485288908879774 4
      vertex 143.4007650711028 -28.62467110956259 4
    endloop
  endfacet
  facet normal 0 0 -1
    outer loop
      vertex 136.4 -23 4
      vertex 143.8746711095626 -28.38320392229824 4
      vertex 143.62821615044277 -28.485288908879774 4
    endloop
  endfacet
  facet normal 0 0 -1
    outer loop
      vertex 136.4 -23 4
      vertex 144.1340614094316 -28.320929820988265 4
      vertex 143.8746711095626 -28.38320392229824 4
    endloop
  endfacet
  facet normal 0 0 -1
    outer loop
      vertex 136.4 -23 4
      vertex 144.4 -28.3 4
      vertex 144.1340614094316 -28.320929820988265 4
    endloop
  endfacet
  facet normal -1 0 0
    outer loop
      vertex 136.4 -23 8
      vertex 136.4 -23 4
      vertex 136.4 -109.56 4
    endloop
  endfacet
  facet normal 0 0 -1
    outer loop
      vertex 136.4 -23 4
      vertex 143.0246711095626 -30.999234928897206 4
      vertex 136.4 -109.56 4
    endloop
  endfacet
  facet normal 0 0 -1
    outer loop
      vertex 136.4 -109.56 4
      vertex 143.0246711095626 -30.999234928897206 4
      vertex 143.1979184719829 -31.202081528017132 4
    endloop
  endfacet
  facet normal 0 0 -1
    outer loop
      vertex 136.4 -109.56 4
      vertex 143.1979184719829 -31.202081528017132 4
      vertex 143.4007650711028 -31.37532889043741 4
    endloop
  endfacet
  facet normal 0 0 -1
    outer loop
      vertex 136.4 -109.56 4
      vertex 143.4007650711028 -31.37532889043741 4
      vertex 143.62821615044277 -31.514711091120226 4
    endloop
  endfacet
  facet normal 0 0 -1
    outer loop
      vertex 136.4 -109.56 4
      vertex 143.62821615044277 -31.514711091120226 4
      vertex 143.8746711095626 -31.61679607770176 4
    endloop
  endfacet
  facet normal 0 0 -1
    outer loop
      vertex 136.4 -109.56 4
      vertex 143.8746711095626 -31.61679607770176 4
      vertex 144.1340614094316 -31.679070179011735 4
    endloop
  endfacet
  facet normal 0 0 -1
    outer loop
      vertex 136.4 -109.56 4
      vertex 144.1340614094316 -31.679070179011735 4
      vertex 144.4 -31.7 4
    endloop
  endfacet
  facet normal 0 0 -1
    outer loop
      vertex 136.4 -109.56 4
      vertex 144.4 -31.7 4
      vertex 144.6659385905684 -31.679070179011735 4
    endloop
  endfacet
  facet normal 0 0 -1
    outer loop
      vertex 136.4 -109.56 4
      vertex 144.6659385905684 -31.679070179011735 4
      vertex 144.9253288904374 -31.61679607770176 4
    endloop
  endfacet
  facet normal 0 0 -1
    outer loop
      vertex 136.4 -109.56 4
      vertex 144.9253288904374 -31.61679607770176 4
      vertex 145.17178384955724 -31.514711091120226 4
    endloop
  endfacet
  facet normal 0 1 0
    outer loop
      vertex 136.4 -23 8
      vertex 168.4 -23 4
      vertex 136.4 -23 4
    endloop
  endfacet
  facet normal 0 0 -1
    outer loop
      vertex 136.4 -23 4
      vertex 159.8746711095626 -28.38320392229824 4
      vertex 144.4 -28.3 4
    endloop
  endfacet
  facet normal 0 0 -1
    outer loop
      vertex 144.4 -28.3 4
      vertex 159.8746711095626 -28.38320392229824 4
      vertex 144.6659385905684 -28.320929820988265 4
    endloop
  endfacet
  facet normal 0 0 -1
    outer loop
      vertex 144.6659385905684 -28.320929820988265 4
      vertex 159.8746711095626 -28.38320392229824 4
      vertex 144.9253288904374 -28.38320392229824 4
    endloop
  endfacet
  facet normal 0 0 -1
    outer loop
      vertex 144.9253288904374 -28.38320392229824 4
      vertex 159.62821615044277 -28.485288908879774 4
      vertex 145.17178384955724 -28.485288908879774 4
    endloop
  endfacet
  facet normal 0 0 -1
    outer loop
      vertex 145.17178384955724 -28.485288908879774 4
      vertex 159.4007650711028 -28.62467110956259 4
      vertex 145.39923492889722 -28.62467110956259 4
    endloop
  endfacet
  facet normal 0 0 -1
    outer loop
      vertex 145.39923492889722 -28.62467110956259 4
      vertex 159.1979184719829 -28.797918471982868 4
      vertex 145.60208152801712 -28.797918471982868 4
    endloop
  endfacet
  facet normal 0 0 -1
    outer loop
      vertex 145.60208152801712 -28.797918471982868 4
      vertex 159.0246711095626 -29.000765071102794 4
      vertex 145.7753288904374 -29.000765071102794 4
    endloop
  endfacet
  facet normal 0 0 -1
    outer loop
      vertex 145.7753288904374 -29.000765071102794 4
      vertex 158.88528890887977 -29.22821615044277 4
      vertex 145.91471109112024 -29.22821615044277 4
    endloop
  endfacet
  facet normal 0 0 -1
    outer loop
      vertex 145.91471109112024 -29.22821615044277 4
      vertex 158.78320392229824 -29.47467110956259 4
      vertex 146.01679607770177 -29.47467110956259 4
    endloop
  endfacet
  facet normal 0 0 -1
    outer loop
      vertex 146.01679607770177 -29.47467110956259 4
      vertex 158.72092982098826 -29.734061409431607 4
      vertex 146.07907017901175 -29.734061409431607 4
    endloop
  endfacet
  facet normal 0 0 -1
    outer loop
      vertex 146.07907017901175 -29.734061409431607 4
      vertex 158.70000000000002 -30 4
      vertex 146.1 -30 4
    endloop
  endfacet
  facet normal 0 0 -1
    outer loop
      vertex 146.1 -30 4
      vertex 158.72092982098826 -30.265938590568393 4
      vertex 146.07907017901175 -30.265938590568393 4
    endloop
  endfacet
  facet normal 0 0 -1
    outer loop
      vertex 146.01679607770177 -30.52532889043741 4
      vertex 158.88528890887977 -30.77178384955723 4
      vertex 145.91471109112024 -30.77178384955723 4
    endloop
  endfacet
  facet normal 0 0 -1
    outer loop
      vertex 145.91471109112024 -30.77178384955723 4
      vertex 159.0246711095626 -30.999234928897206 4
      vertex 145.7753288904374 -30.999234928897206 4
    endloop
  endfacet
  facet normal 0 0 -1
    outer loop
      vertex 146.07907017901175 -30.265938590568393 4
      vertex 158.78320392229824 -30.52532889043741 4
      vertex 146.01679607770177 -30.52532889043741 4
    endloop
  endfacet
  facet normal 0 0 -1
    outer loop
      vertex 145.60208152801712 -31.202081528017132 4
      vertex 159.4007650711028 -31.37532889043741 4
      vertex 145.39923492889722 -31.37532889043741 4
    endloop
  endfacet
  facet normal 0 0 -1
    outer loop
      vertex 145.39923492889722 -31.37532889043741 4
      vertex 159.62821615044277 -31.514711091120226 4
      vertex 145.17178384955724 -31.514711091120226 4
    endloop
  endfacet
  facet normal 0 0 -1
    outer loop
      vertex 145.7753288904374 -30.999234928897206 4
      vertex 159.1979184719829 -31.202081528017132 4
      vertex 145.60208152801712 -31.202081528017132 4
    endloop
  endfacet
  facet normal 0 0 -1
    outer loop
      vertex 136.4 -23 4
      vertex 160.1340614094316 -28.320929820988265 4
      vertex 159.8746711095626 -28.38320392229824 4
    endloop
  endfacet
  facet normal 0 0 -1
    outer loop
      vertex 136.4 -109.56 4
      vertex 145.17178384955724 -31.514711091120226 4
      vertex 159.62821615044277 -31.514711091120226 4
    endloop
  endfacet
  facet normal 0 0 -1
    outer loop
      vertex 136.4 -109.56 4
      vertex 159.62821615044277 -31.514711091120226 4
      vertex 159.8746711095626 -31.61679607770176 4
    endloop
  endfacet
  facet normal 0 0 -1
    outer loop
      vertex 136.4 -109.56 4
      vertex 159.8746711095626 -31.61679607770176 4
      vertex 160.1340614094316 -31.679070179011735 4
    endloop
  endfacet
  facet normal 0 0 -1
    outer loop
      vertex 136.4 -109.56 4
      vertex 160.1340614094316 -31.679070179011735 4
      vertex 160.4 -31.7 4
    endloop
  endfacet
  facet normal 0 0 1
    outer loop
      vertex 136.4 -23 8
      vertex 141.33816614415508 -102.07505315837528 8
      vertex 141.45172479948502 -101.60204731743767 8
    endloop
  endfacet
  facet normal 0 0 1
    outer loop
      vertex 136.4 -23 8
      vertex 141.45172479948502 -101.60204731743767 8
      vertex 141.63787977501607 -101.15262945080741 8
    endloop
  endfacet
  facet normal 0 0 1
    outer loop
      vertex 136.4 -23 8
      vertex 141.3 -102.56 8
      vertex 141.33816614415508 -102.07505315837528 8
    endloop
  endfacet
  facet normal 0 0 1
    outer loop
      vertex 136.4 -23 8
      vertex 141.63787977501607 -101.15262945080741 8
      vertex 141.89204731743766 -100.73786571789334 8
    endloop
  endfacet
  facet normal 0 0 1
    outer loop
      vertex 136.4 -23 8
      vertex 141.89204731743766 -100.73786571789334 8
      vertex 142.2079689783217 -100.3679689783217 8
    endloop
  endfacet
  facet normal 0 0 1
    outer loop
      vertex 136.4 -23 8
      vertex 142.2079689783217 -100.3679689783217 8
      vertex 142.57786571789333 -100.05204731743767 8
    endloop
  endfacet
  facet normal 0 0 1
    outer loop
      vertex 136.4 -23 8
      vertex 136.4 -109.56 8
      vertex 141.3 -102.56 8
    endloop
  endfacet
  facet normal 0 0 1
    outer loop
      vertex 136.4 -23 8
      vertex 142.57786571789333 -100.05204731743767 8
      vertex 142.9926294508074 -99.79787977501606 8
    endloop
  endfacet
  facet normal 0 0 1
    outer loop
      vertex 136.4 -23 8
      vertex 142.9926294508074 -99.79787977501606 8
      vertex 143.44204731743767 -99.61172479948503 8
    endloop
  endfacet
  facet normal 0 0 1
    outer loop
      vertex 136.4 -23 8
      vertex 143.44204731743767 -99.61172479948503 8
      vertex 143.9150531583753 -99.49816614415508 8
    endloop
  endfacet
  facet normal 0 0 1
    outer loop
      vertex 136.4 -23 8
      vertex 143.9150531583753 -99.49816614415508 8
      vertex 144.4 -99.46000000000001 8
    endloop
  endfacet
  facet normal 0 0 1
    outer loop
      vertex 136.4 -23 8
      vertex 144.4 -99.46000000000001 8
      vertex 144.88494684162472 -99.49816614415508 8
    endloop
  endfacet
  facet normal 0 0 1
    outer loop
      vertex 136.4 -23 8
      vertex 144.88494684162472 -99.49816614415508 8
      vertex 145.35795268256234 -99.61172479948503 8
    endloop
  endfacet
  facet normal 0 0 1
    outer loop
      vertex 136.4 -23 8
      vertex 145.35795268256234 -99.61172479948503 8
      vertex 145.8073705491926 -99.79787977501606 8
    endloop
  endfacet
  facet normal 0 0 1
    outer loop
      vertex 136.4 -23 8
      vertex 145.8073705491926 -99.79787977501606 8
      vertex 146.22213428210668 -100.05204731743767 8
    endloop
  endfacet
  facet normal 0 0 1
    outer loop
      vertex 136.4 -23 8
      vertex 146.22213428210668 -100.05204731743767 8
      vertex 146.5920310216783 -100.3679689783217 8
    endloop
  endfacet
  facet normal -1 0 0
    outer loop
      vertex 136.4 -23 8
      vertex 136.4 -109.56 4
      vertex 136.4 -109.56 8
    endloop
  endfacet
  facet normal 0 0 1
    outer loop
      vertex 136.4 -109.56 8
      vertex 141.33816614415508 -103.04494684162472 8
      vertex 141.3 -102.56 8
    endloop
  endfacet
  facet normal 0 0 1
    outer loop
      vertex 136.4 -109.56 8
      vertex 141.45172479948502 -103.51795268256234 8
      vertex 141.33816614415508 -103.04494684162472 8
    endloop
  endfacet
  facet normal 0 0 1
    outer loop
      vertex 136.4 -109.56 8
      vertex 141.63787977501607 -103.9673705491926 8
      vertex 141.45172479948502 -103.51795268256234 8
    endloop
  endfacet
  facet normal 0 0 1
    outer loop
      vertex 136.4 -109.56 8
      vertex 141.89204731743766 -104.38213428210666 8
      vertex 141.63787977501607 -103.9673705491926 8
    endloop
  endfacet
  facet normal 0 0 1
    outer loop
      vertex 136.4 -109.56 8
      vertex 142.2079689783217 -104.7520310216783 8
      vertex 141.89204731743766 -104.38213428210666 8
    endloop
  endfacet
  facet normal 0 0 1
    outer loop
      vertex 136.4 -109.56 8
      vertex 142.57786571789333 -105.06795268256234 8
      vertex 142.2079689783217 -104.7520310216783 8
    endloop
  endfacet
  facet normal 0 0 1
    outer loop
      vertex 136.4 -109.56 8
      vertex 142.9926294508074 -105.32212022498395 8
      vertex 142.57786571789333 -105.06795268256234 8
    endloop
  endfacet
  facet normal 0 0 1
    outer loop
      vertex 136.4 -109.56 8
      vertex 143.44204731743767 -105.50827520051497 8
      vertex 142.9926294508074 -105.32212022498395 8
    endloop
  endfacet
  facet normal 0 0 1
    outer loop
      vertex 136.4 -109.56 8
      vertex 143.9150531583753 -105.62183385584493 8
      vertex 143.44204731743767 -105.50827520051497 8
    endloop
  endfacet
  facet normal 0 0 1
    outer loop
      vertex 136.4 -109.56 8
      vertex 144.4 -105.66 8
      vertex 143.9150531583753 -105.62183385584493 8
    endloop
  endfacet
  facet normal 0 0 1
    outer loop
      vertex 136.4 -23 8
      vertex 146.5920310216783 -100.3679689783217 8
      vertex 158.2079689783217 -100.3679689783217 8
    endloop
  endfacet
  facet normal 0 0 1
    outer loop
      vertex 136.4 -23 8
      vertex 158.57786571789333 -100.05204731743767 8
      vertex 158.9926294508074 -99.79787977501606 8
    endloop
  endfacet
  facet normal 0 0 1
    outer loop
      vertex 136.4 -23 8
      vertex 158.2079689783217 -100.3679689783217 8
      vertex 158.57786571789333 -100.05204731743767 8
    endloop
  endfacet
  facet normal 0 0 1
    outer loop
      vertex 136.4 -23 8
      vertex 158.9926294508074 -99.79787977501606 8
      vertex 159.44204731743767 -99.61172479948503 8
    endloop
  endfacet
  facet normal 0 0 1
    outer loop
      vertex 136.4 -23 8
      vertex 159.44204731743767 -99.61172479948503 8
      vertex 159.9150531583753 -99.49816614415508 8
    endloop
  endfacet
  facet normal 0 0 1
    outer loop
      vertex 136.4 -23 8
      vertex 159.9150531583753 -99.49816614415508 8
      vertex 160.4 -99.46000000000001 8
    endloop
  endfacet
  facet normal 0 0 1
    outer loop
      vertex 145.8073705491926 -105.32212022498395 8
      vertex 145.35795268256234 -105.50827520051497 8
      vertex 158.9926294508074 -105.32212022498395 8
    endloop
  endfacet
  facet normal 0 0 1
    outer loop
      vertex 146.22213428210668 -105.06795268256234 8
      vertex 145.8073705491926 -105.32212022498395 8
      vertex 158.57786571789333 -105.06795268256234 8
    endloop
  endfacet
  facet normal 0 0 1
    outer loop
      vertex 146.22213428210668 -105.06795268256234 8
      vertex 158.2079689783217 -104.7520310216783 8
      vertex 146.5920310216783 -104.7520310216783 8
    endloop
  endfacet
  facet normal 0 0 1
    outer loop
      vertex 136.4 -109.56 8
      vertex 168.4 -109.56 8
      vertex 144.4 -105.66 8
    endloop
  endfacet
  facet normal 0 0 1
    outer loop
      vertex 146.5920310216783 -100.3679689783217 8
      vertex 146.90795268256235 -100.73786571789334 8
      vertex 158.2079689783217 -100.3679689783217 8
    endloop
  endfacet
  facet normal 0 0 1
    outer loop
      vertex 146.90795268256235 -100.73786571789334 8
      vertex 147.16212022498394 -101.15262945080741 8
      vertex 157.89204731743766 -100.73786571789334 8
    endloop
  endfacet
  facet normal 0 0 1
    outer loop
      vertex 147.348275200515 -101.60204731743767 8
      vertex 157.63787977501607 -101.15262945080741 8
      vertex 147.16212022498394 -101.15262945080741 8
    endloop
  endfacet
  facet normal 0 0 1
    outer loop
      vertex 147.46183385584493 -102.07505315837528 8
      vertex 157.45172479948502 -101.60204731743767 8
      vertex 147.348275200515 -101.60204731743767 8
    endloop
  endfacet
  facet normal 0 0 1
    outer loop
      vertex 147.5 -102.56 8
      vertex 157.33816614415508 -102.07505315837528 8
      vertex 147.46183385584493 -102.07505315837528 8
    endloop
  endfacet
  facet normal 0 0 1
    outer loop
      vertex 147.46183385584493 -103.04494684162472 8
      vertex 157.3 -102.56 8
      vertex 147.5 -102.56 8
    endloop
  endfacet
  facet normal 0 0 1
    outer loop
      vertex 146.90795268256235 -104.38213428210666 8
      vertex 157.63787977501607 -103.9673705491926 8
      vertex 147.16212022498394 -103.9673705491926 8
    endloop
  endfacet
  facet normal 0 0 1
    outer loop
      vertex 147.348275200515 -103.51795268256234 8
      vertex 157.33816614415508 -103.04494684162472 8
      vertex 147.46183385584493 -103.04494684162472 8
    endloop
  endfacet
  facet normal 0 0 1
    outer loop
      vertex 147.16212022498394 -103.9673705491926 8
      vertex 157.45172479948502 -103.51795268256234 8
      vertex 147.348275200515 -103.51795268256234 8
    endloop
  endfacet
  facet normal 0 0 1
    outer loop
      vertex 146.5920310216783 -104.7520310216783 8
      vertex 157.89204731743766 -104.38213428210666 8
      vertex 146.90795268256235 -104.38213428210666 8
    endloop
  endfacet
  facet normal 0 -1 0
    outer loop
      vertex 136.4 -109.56 8
      vertex 136.4 -109.56 4
      vertex 168.4 -109.56 8
    endloop
  endfacet
  facet normal 0 0 -1
    outer loop
      vertex 136.4 -109.56 4
      vertex 142.78320392229824 -102.0346711095626 4
      vertex 142.72092982098826 -102.2940614094316 4
    endloop
  endfacet
  facet normal 0 0 -1
    outer loop
      vertex 136.4 -109.56 4
      vertex 142.72092982098826 -102.2940614094316 4
      vertex 142.70000000000002 -102.56 4
    endloop
  endfacet
  facet normal 0 0 -1
    outer loop
      vertex 136.4 -109.56 4
      vertex 142.70000000000002 -102.56 4
      vertex 142.72092982098826 -102.8259385905684 4
    endloop
  endfacet
  facet normal 0 0 -1
    outer loop
      vertex 136.4 -109.56 4
      vertex 142.72092982098826 -102.8259385905684 4
      vertex 142.78320392229824 -103.08532889043741 4
    endloop
  endfacet
  facet normal 0 0 -1
    outer loop
      vertex 136.4 -109.56 4
      vertex 142.78320392229824 -103.08532889043741 4
      vertex 142.88528890887977 -103.33178384955723 4
    endloop
  endfacet
  facet normal 0 0 -1
    outer loop
      vertex 136.4 -109.56 4
      vertex 142.88528890887977 -103.33178384955723 4
      vertex 143.0246711095626 -103.55923492889721 4
    endloop
  endfacet
  facet normal 0 0 -1
    outer loop
      vertex 136.4 -109.56 4
      vertex 143.0246711095626 -103.55923492889721 4
      vertex 143.1979184719829 -103.76208152801713 4
    endloop
  endfacet
  facet normal 0 0 -1
    outer loop
      vertex 136.4 -109.56 4
      vertex 143.1979184719829 -103.76208152801713 4
      vertex 143.4007650711028 -103.93532889043742 4
    endloop
  endfacet
  facet normal 0 0 -1
    outer loop
      vertex 136.4 -109.56 4
      vertex 143.4007650711028 -103.93532889043742 4
      vertex 143.62821615044277 -104.07471109112022 4
    endloop
  endfacet
  facet normal 0 0 -1
    outer loop
      vertex 136.4 -109.56 4
      vertex 143.62821615044277 -104.07471109112022 4
      vertex 143.8746711095626 -104.17679607770177 4
    endloop
  endfacet
  facet normal 0 0 -1
    outer loop
      vertex 136.4 -109.56 4
      vertex 143.8746711095626 -104.17679607770177 4
      vertex 144.1340614094316 -104.23907017901173 4
    endloop
  endfacet
  facet normal 0 0 -1
    outer loop
      vertex 136.4 -109.56 4
      vertex 144.1340614094316 -104.23907017901173 4
      vertex 144.4 -104.26 4
    endloop
  endfacet
  facet normal 0 0 -1
    outer loop
      vertex 136.4 -109.56 4
      vertex 144.4 -104.26 4
      vertex 144.6659385905684 -104.23907017901173 4
    endloop
  endfacet
  facet normal 0 0 -1
    outer loop
      vertex 136.4 -109.56 4
      vertex 144.6659385905684 -104.23907017901173 4
      vertex 144.9253288904374 -104.17679607770177 4
    endloop
  endfacet
  facet normal 0 0 -1
    outer loop
      vertex 136.4 -109.56 4
      vertex 144.9253288904374 -104.17679607770177 4
      vertex 145.17178384955724 -104.07471109112022 4
    endloop
  endfacet
  facet normal 0 0 -1
    outer loop
      vertex 168.4 -23 4
      vertex 142.88528890887977 -101.78821615044278 4
      vertex 142.78320392229824 -102.0346711095626 4
    endloop
  endfacet
  facet normal 0 0 -1
    outer loop
      vertex 168.4 -23 4
      vertex 143.0246711095626 -101.5607650711028 4
      vertex 142.88528890887977 -101.78821615044278 4
    endloop
  endfacet
  facet normal 0 0 -1
    outer loop
      vertex 168.4 -23 4
      vertex 143.1979184719829 -101.35791847198287 4
      vertex 143.0246711095626 -101.5607650711028 4
    endloop
  endfacet
  facet normal 0 0 -1
    outer loop
      vertex 168.4 -23 4
      vertex 143.4007650711028 -101.18467110956259 4
      vertex 143.1979184719829 -101.35791847198287 4
    endloop
  endfacet
  facet normal 0 0 -1
    outer loop
      vertex 168.4 -23 4
      vertex 143.62821615044277 -101.04528890887978 4
      vertex 143.4007650711028 -101.18467110956259 4
    endloop
  endfacet
  facet normal 0 0 -1
    outer loop
      vertex 168.4 -23 4
      vertex 143.8746711095626 -100.94320392229824 4
      vertex 143.62821615044277 -101.04528890887978 4
    endloop
  endfacet
  facet normal 0 0 -1
    outer loop
      vertex 168.4 -23 4
      vertex 144.1340614094316 -100.88092982098827 4
      vertex 143.8746711095626 -100.94320392229824 4
    endloop
  endfacet
  facet normal 0 0 -1
    outer loop
      vertex 168.4 -23 4
      vertex 144.4 -100.86 4
      vertex 144.1340614094316 -100.88092982098827 4
    endloop
  endfacet
  facet normal 0 0 -1
    outer loop
      vertex 136.4 -109.56 4
      vertex 168.4 -23 4
      vertex 142.78320392229824 -102.0346711095626 4
    endloop
  endfacet
  facet normal 0 0 -1
    outer loop
      vertex 136.4 -109.56 4
      vertex 145.17178384955724 -104.07471109112022 4
      vertex 159.62821615044277 -104.07471109112022 4
    endloop
  endfacet
  facet normal 0 0 -1
    outer loop
      vertex 145.60208152801712 -101.35791847198287 4
      vertex 159.0246711095626 -101.5607650711028 4
      vertex 145.7753288904374 -101.5607650711028 4
    endloop
  endfacet
  facet normal 0 0 -1
    outer loop
      vertex 145.7753288904374 -101.5607650711028 4
      vertex 158.88528890887977 -101.78821615044278 4
      vertex 145.91471109112024 -101.78821615044278 4
    endloop
  endfacet
  facet normal 0 0 -1
    outer loop
      vertex 145.91471109112024 -101.78821615044278 4
      vertex 158.78320392229824 -102.0346711095626 4
      vertex 146.01679607770177 -102.0346711095626 4
    endloop
  endfacet
  facet normal 0 0 -1
    outer loop
      vertex 146.01679607770177 -102.0346711095626 4
      vertex 158.72092982098826 -102.2940614094316 4
      vertex 146.07907017901175 -102.2940614094316 4
    endloop
  endfacet
  facet normal 0 0 -1
    outer loop
      vertex 146.07907017901175 -102.2940614094316 4
      vertex 158.70000000000002 -102.56 4
      vertex 146.1 -102.56 4
    endloop
  endfacet
  facet normal 0 0 -1
    outer loop
      vertex 146.1 -102.56 4
      vertex 158.72092982098826 -102.8259385905684 4
      vertex 146.07907017901175 -102.8259385905684 4
    endloop
  endfacet
  facet normal 0 0 -1
    outer loop
      vertex 145.39923492889722 -103.93532889043742 4
      vertex 159.62821615044277 -104.07471109112022 4
      vertex 145.17178384955724 -104.07471109112022 4
    endloop
  endfacet
  facet normal 0 0 -1
    outer loop
      vertex 145.60208152801712 -103.76208152801713 4
      vertex 159.4007650711028 -103.93532889043742 4
      vertex 145.39923492889722 -103.93532889043742 4
    endloop
  endfacet
  facet normal 0 0 -1
    outer loop
      vertex 146.01679607770177 -103.08532889043741 4
      vertex 158.88528890887977 -103.33178384955723 4
      vertex 145.91471109112024 -103.33178384955723 4
    endloop
  endfacet
  facet normal 0 0 -1
    outer loop
      vertex 146.07907017901175 -102.8259385905684 4
      vertex 158.78320392229824 -103.08532889043741 4
      vertex 146.01679607770177 -103.08532889043741 4
    endloop
  endfacet
  facet normal 0 0 -1
    outer loop
      vertex 145.7753288904374 -103.55923492889721 4
      vertex 159.1979184719829 -103.76208152801713 4
      vertex 145.60208152801712 -103.76208152801713 4
    endloop
  endfacet
  facet normal 0 0 -1
    outer loop
      vertex 145.91471109112024 -103.33178384955723 4
      vertex 159.0246711095626 -103.55923492889721 4
      vertex 145.7753288904374 -103.55923492889721 4
    endloop
  endfacet
  facet normal 0 0 -1
    outer loop
      vertex 136.4 -109.56 4
      vertex 159.62821615044277 -104.07471109112022 4
      vertex 159.8746711095626 -104.17679607770177 4
    endloop
  endfacet
  facet normal 0 0 -1
    outer loop
      vertex 136.4 -109.56 4
      vertex 159.8746711095626 -104.17679607770177 4
      vertex 160.1340614094316 -104.23907017901173 4
    endloop
  endfacet
  facet normal 0 0 1
    outer loop
      vertex 168.4 -23 8
      vertex 144.4 -26.9 8
      vertex 144.88494684162472 -26.938166144155073 8
    endloop
  endfacet
  facet normal 0 0 1
    outer loop
      vertex 168.4 -23 8
      vertex 144.88494684162472 -26.938166144155073 8
      vertex 145.35795268256234 -27.051724799485022 8
    endloop
  endfacet
  facet normal 0 0 1
    outer loop
      vertex 146.90795268256235 -28.177865717893333 8
      vertex 157.89204731743766 -28.177865717893333 8
      vertex 158.2079689783217 -27.807968978321703 8
    endloop
  endfacet
  facet normal 0 0 1
    outer loop
      vertex 147.348275200515 -29.042047317437664 8
      vertex 157.45172479948502 -29.042047317437664 8
      vertex 157.63787977501607 -28.592629450807404 8
    endloop
  endfacet
  facet normal 0 0 1
    outer loop
      vertex 147.46183385584493 -29.515053158375284 8
      vertex 157.33816614415508 -29.515053158375284 8
      vertex 157.45172479948502 -29.042047317437664 8
    endloop
  endfacet
  facet normal 0 0 1
    outer loop
      vertex 147.16212022498394 -28.592629450807404 8
      vertex 157.63787977501607 -28.592629450807404 8
      vertex 157.89204731743766 -28.177865717893333 8
    endloop
  endfacet
  facet normal 0 0 1
    outer loop
      vertex 147.5 -30 8
      vertex 157.3 -30 8
      vertex 157.33816614415508 -29.515053158375284 8
    endloop
  endfacet
  facet normal 0 0 1
    outer loop
      vertex 147.46183385584493 -30.484946841624716 8
      vertex 157.33816614415508 -30.484946841624716 8
      vertex 157.3 -30 8
    endloop
  endfacet
  facet normal 0 0 1
    outer loop
      vertex 147.348275200515 -30.957952682562336 8
      vertex 157.45172479948502 -30.957952682562336 8
      vertex 157.33816614415508 -30.484946841624716 8
    endloop
  endfacet
  facet normal 0 0 1
    outer loop
      vertex 147.16212022498394 -31.407370549192596 8
      vertex 157.63787977501607 -31.407370549192596 8
      vertex 157.45172479948502 -30.957952682562336 8
    endloop
  endfacet
  facet normal 0 0 1
    outer loop
      vertex 146.90795268256235 -31.822134282106667 8
      vertex 157.89204731743766 -31.822134282106667 8
      vertex 157.63787977501607 -31.407370549192596 8
    endloop
  endfacet
  facet normal 0 0 1
    outer loop
      vertex 146.5920310216783 -32.1920310216783 8
      vertex 158.2079689783217 -32.1920310216783 8
      vertex 157.89204731743766 -31.822134282106667 8
    endloop
  endfacet
  facet normal 0 0 1
    outer loop
      vertex 146.22213428210668 -32.50795268256234 8
      vertex 158.57786571789333 -32.50795268256234 8
      vertex 158.2079689783217 -32.1920310216783 8
    endloop
  endfacet
  facet normal 0 0 1
    outer loop
      vertex 146.5920310216783 -27.807968978321703 8
      vertex 158.2079689783217 -27.807968978321703 8
      vertex 158.57786571789333 -27.492047317437663 8
    endloop
  endfacet
  facet normal 0 0 1
    outer loop
      vertex 146.22213428210668 -27.492047317437663 8
      vertex 158.57786571789333 -27.492047317437663 8
      vertex 158.9926294508074 -27.237879775016058 8
    endloop
  endfacet
  facet normal 0 0 1
    outer loop
      vertex 145.8073705491926 -27.237879775016058 8
      vertex 158.9926294508074 -27.237879775016058 8
      vertex 159.44204731743767 -27.051724799485022 8
    endloop
  endfacet
  facet normal 0 0 1
    outer loop
      vertex 145.8073705491926 -32.76212022498394 8
      vertex 158.9926294508074 -32.76212022498394 8
      vertex 158.57786571789333 -32.50795268256234 8
    endloop
  endfacet
  facet normal 0 0 1
    outer loop
      vertex 145.35795268256234 -32.94827520051498 8
      vertex 159.44204731743767 -32.94827520051498 8
      vertex 158.9926294508074 -32.76212022498394 8
    endloop
  endfacet
  facet normal 0 0 1
    outer loop
      vertex 168.4 -23 8
      vertex 145.35795268256234 -27.051724799485022 8
      vertex 159.44204731743767 -27.051724799485022 8
    endloop
  endfacet
  facet normal 0 1 0
    outer loop
      vertex 136.4 -23 8
      vertex 168.4 -23 8
      vertex 168.4 -23 4
    endloop
  endfacet
  facet normal 0 0 1
    outer loop
      vertex 168.4 -109.56 8
      vertex 144.88494684162472 -33.061833855844924 8
      vertex 144.4 -33.1 8
    endloop
  endfacet
  facet normal 0 0 1
    outer loop
      vertex 168.4 -109.56 8
      vertex 145.35795268256234 -32.94827520051498 8
      vertex 144.88494684162472 -33.061833855844924 8
    endloop
  endfacet
  facet normal 0 0 1
    outer loop
      vertex 168.4 -109.56 8
      vertex 159.44204731743767 -32.94827520051498 8
      vertex 145.35795268256234 -32.94827520051498 8
    endloop
  endfacet
  facet normal 0 0 1
    outer loop
      vertex 168.4 -23 8
      vertex 159.44204731743767 -27.051724799485022 8
      vertex 159.9150531583753 -26.938166144155073 8
    endloop
  endfacet
  facet normal 0 0 1
    outer loop
      vertex 168.4 -23 8
      vertex 159.9150531583753 -26.938166144155073 8
      vertex 160.4 -26.9 8
    endloop
  endfacet
  facet normal 0 0 1
    outer loop
      vertex 168.4 -23 8
      vertex 160.4 -26.9 8
      vertex 160.88494684162472 -26.938166144155073 8
    endloop
  endfacet
  facet normal 0 0 1
    outer loop
      vertex 168.4 -23 8
      vertex 160.88494684162472 -26.938166144155073 8
      vertex 161.35795268256234 -27.051724799485022 8
    endloop
  endfacet
  facet normal 0 0 1
    outer loop
      vertex 168.4 -23 8
      vertex 161.35795268256234 -27.051724799485022 8
      vertex 161.8073705491926 -27.237879775016058 8
    endloop
  endfacet
  facet normal 0 0 1
    outer loop
      vertex 168.4 -23 8
      vertex 161.8073705491926 -27.237879775016058 8
      vertex 162.22213428210668 -27.492047317437663 8
    endloop
  endfacet
  facet normal 0 0 1
    outer loop
      vertex 168.4 -23 8
      vertex 162.22213428210668 -27.492047317437663 8
      vertex 162.5920310216783 -27.807968978321703 8
    endloop
  endfacet
  facet normal 0 0 1
    outer loop
      vertex 168.4 -23 8
      vertex 162.5920310216783 -27.807968978321703 8
      vertex 162.90795268256235 -28.177865717893333 8
    endloop
  endfacet
  facet normal 0 0 1
    outer loop
      vertex 168.4 -23 8
      vertex 162.90795268256235 -28.177865717893333 8
      vertex 163.16212022498394 -28.592629450807404 8
    endloop
  endfacet
  facet normal 0 0 1
    outer loop
      vertex 168.4 -23 8
      vertex 163.16212022498394 -28.592629450807404 8
      vertex 163.348275200515 -29.042047317437664 8
    endloop
  endfacet
  facet normal 0 0 1
    outer loop
      vertex 168.4 -23 8
      vertex 163.348275200515 -29.042047317437664 8
      vertex 163.46183385584493 -29.515053158375284 8
    endloop
  endfacet
  facet normal 0 0 1
    outer loop
      vertex 168.4 -23 8
      vertex 163.46183385584493 -29.515053158375284 8
      vertex 163.5 -30 8
    endloop
  endfacet
  facet normal 0 0 1
    outer loop
      vertex 168.4 -109.56 8
      vertex 159.9150531583753 -33.061833855844924 8
      vertex 159.44204731743767 -32.94827520051498 8
    endloop
  endfacet
  facet normal 0 0 1
    outer loop
      vertex 168.4 -109.56 8
      vertex 160.4 -33.1 8
      vertex 159.9150531583753 -33.061833855844924 8
    endloop
  endfacet
  facet normal 0 0 1
    outer loop
      vertex 168.4 -109.56 8
      vertex 160.88494684162472 -33.061833855844924 8
      vertex 160.4 -33.1 8
    endloop
  endfacet
  facet normal 0 0 1
    outer loop
      vertex 168.4 -109.56 8
      vertex 161.35795268256234 -32.94827520051498 8
      vertex 160.88494684162472 -33.061833855844924 8
    endloop
  endfacet
  facet normal 0 0 1
    outer loop
      vertex 168.4 -109.56 8
      vertex 161.8073705491926 -32.76212022498394 8
      vertex 161.35795268256234 -32.94827520051498 8
    endloop
  endfacet
  facet normal 0 0 1
    outer loop
      vertex 168.4 -109.56 8
      vertex 162.22213428210668 -32.50795268256234 8
      vertex 161.8073705491926 -32.76212022498394 8
    endloop
  endfacet
  facet normal 0 0 1
    outer loop
      vertex 168.4 -23 8
      vertex 163.5 -30 8
      vertex 168.4 -109.56 8
    endloop
  endfacet
  facet normal 0 0 1
    outer loop
      vertex 168.4 -109.56 8
      vertex 162.5920310216783 -32.1920310216783 8
      vertex 162.22213428210668 -32.50795268256234 8
    endloop
  endfacet
  facet normal 0 0 1
    outer loop
      vertex 168.4 -109.56 8
      vertex 162.90795268256235 -31.822134282106667 8
      vertex 162.5920310216783 -32.1920310216783 8
    endloop
  endfacet
  facet normal 0 0 1
    outer loop
      vertex 168.4 -109.56 8
      vertex 163.16212022498394 -31.407370549192596 8
      vertex 162.90795268256235 -31.822134282106667 8
    endloop
  endfacet
  facet normal 0 0 1
    outer loop
      vertex 168.4 -109.56 8
      vertex 163.5 -30 8
      vertex 163.46183385584493 -30.484946841624716 8
    endloop
  endfacet
  facet normal 0 0 1
    outer loop
      vertex 168.4 -109.56 8
      vertex 163.348275200515 -30.957952682562336 8
      vertex 163.16212022498394 -31.407370549192596 8
    endloop
  endfacet
  facet normal 0 0 1
    outer loop
      vertex 168.4 -109.56 8
      vertex 163.46183385584493 -30.484946841624716 8
      vertex 163.348275200515 -30.957952682562336 8
    endloop
  endfacet
  facet normal 1 0 0
    outer loop
      vertex 168.4 -23 8
      vertex 168.4 -109.56 8
      vertex 168.4 -23 4
    endloop
  endfacet
  facet normal 0 0 -1
    outer loop
      vertex 136.4 -23 4
      vertex 168.4 -23 4
      vertex 160.1340614094316 -28.320929820988265 4
    endloop
  endfacet
  facet normal 0 0 -1
    outer loop
      vertex 145.7753288904374 -29.000765071102794 4
      vertex 159.0246711095626 -29.000765071102794 4
      vertex 158.88528890887977 -29.22821615044277 4
    endloop
  endfacet
  facet normal 0 0 -1
    outer loop
      vertex 145.60208152801712 -28.797918471982868 4
      vertex 159.1979184719829 -28.797918471982868 4
      vertex 159.0246711095626 -29.000765071102794 4
    endloop
  endfacet
  facet normal 0 0 -1
    outer loop
      vertex 146.01679607770177 -29.47467110956259 4
      vertex 158.78320392229824 -29.47467110956259 4
      vertex 158.72092982098826 -29.734061409431607 4
    endloop
  endfacet
  facet normal 0 0 -1
    outer loop
      vertex 145.91471109112024 -29.22821615044277 4
      vertex 158.88528890887977 -29.22821615044277 4
      vertex 158.78320392229824 -29.47467110956259 4
    endloop
  endfacet
  facet normal 0 0 -1
    outer loop
      vertex 145.39923492889722 -28.62467110956259 4
      vertex 159.4007650711028 -28.62467110956259 4
      vertex 159.1979184719829 -28.797918471982868 4
    endloop
  endfacet
  facet normal 0 0 -1
    outer loop
      vertex 145.17178384955724 -28.485288908879774 4
      vertex 159.62821615044277 -28.485288908879774 4
      vertex 159.4007650711028 -28.62467110956259 4
    endloop
  endfacet
  facet normal 0 0 -1
    outer loop
      vertex 144.9253288904374 -28.38320392229824 4
      vertex 159.8746711095626 -28.38320392229824 4
      vertex 159.62821615044277 -28.485288908879774 4
    endloop
  endfacet
  facet normal 0 0 -1
    outer loop
      vertex 146.07907017901175 -29.734061409431607 4
      vertex 158.72092982098826 -29.734061409431607 4
      vertex 158.70000000000002 -30 4
    endloop
  endfacet
  facet normal 0 0 -1
    outer loop
      vertex 146.1 -30 4
      vertex 158.70000000000002 -30 4
      vertex 158.72092982098826 -30.265938590568393 4
    endloop
  endfacet
  facet normal 0 0 -1
    outer loop
      vertex 146.07907017901175 -30.265938590568393 4
      vertex 158.72092982098826 -30.265938590568393 4
      vertex 158.78320392229824 -30.52532889043741 4
    endloop
  endfacet
  facet normal 0 0 -1
    outer loop
      vertex 146.01679607770177 -30.52532889043741 4
      vertex 158.78320392229824 -30.52532889043741 4
      vertex 158.88528890887977 -30.77178384955723 4
    endloop
  endfacet
  facet normal 0 0 -1
    outer loop
      vertex 145.91471109112024 -30.77178384955723 4
      vertex 158.88528890887977 -30.77178384955723 4
      vertex 159.0246711095626 -30.999234928897206 4
    endloop
  endfacet
  facet normal 0 0 -1
    outer loop
      vertex 145.7753288904374 -30.999234928897206 4
      vertex 159.0246711095626 -30.999234928897206 4
      vertex 159.1979184719829 -31.202081528017132 4
    endloop
  endfacet
  facet normal 0 0 -1
    outer loop
      vertex 145.60208152801712 -31.202081528017132 4
      vertex 159.1979184719829 -31.202081528017132 4
      vertex 159.4007650711028 -31.37532889043741 4
    endloop
  endfacet
  facet normal 0 0 -1
    outer loop
      vertex 145.39923492889722 -31.37532889043741 4
      vertex 159.4007650711028 -31.37532889043741 4
      vertex 159.62821615044277 -31.514711091120226 4
    endloop
  endfacet
  facet normal 0 0 -1
    outer loop
      vertex 136.4 -109.56 4
      vertex 162.01679607770177 -30.52532889043741 4
      vertex 168.4 -23 4
    endloop
  endfacet
  facet normal 0 0 -1
    outer loop
      vertex 136.4 -109.56 4
      vertex 160.4 -31.7 4
      vertex 160.6659385905684 -31.679070179011735 4
    endloop
  endfacet
  facet normal 0 0 -1
    outer loop
      vertex 136.4 -109.56 4
      vertex 160.6659385905684 -31.679070179011735 4
      vertex 160.9253288904374 -31.61679607770176 4
    endloop
  endfacet
  facet normal 0 0 -1
    outer loop
      vertex 136.4 -109.56 4
      vertex 160.9253288904374 -31.61679607770176 4
      vertex 161.17178384955724 -31.514711091120226 4
    endloop
  endfacet
  facet normal 0 0 -1
    outer loop
      vertex 136.4 -109.56 4
      vertex 161.17178384955724 -31.514711091120226 4
      vertex 161.39923492889722 -31.37532889043741 4
    endloop
  endfacet
  facet normal 0 0 -1
    outer loop
      vertex 136.4 -109.56 4
      vertex 161.39923492889722 -31.37532889043741 4
      vertex 161.60208152801712 -31.202081528017132 4
    endloop
  endfacet
  facet normal 0 0 -1
    outer loop
      vertex 136.4 -109.56 4
      vertex 161.60208152801712 -31.202081528017132 4
      vertex 161.7753288904374 -30.999234928897206 4
    endloop
  endfacet
  facet normal 0 0 -1
    outer loop
      vertex 136.4 -109.56 4
      vertex 161.7753288904374 -30.999234928897206 4
      vertex 161.91471109112024 -30.77178384955723 4
    endloop
  endfacet
  facet normal 0 0 -1
    outer loop
      vertex 136.4 -109.56 4
      vertex 161.91471109112024 -30.77178384955723 4
      vertex 162.01679607770177 -30.52532889043741 4
    endloop
  endfacet
  facet normal 0 0 -1
    outer loop
      vertex 168.4 -23 4
      vertex 160.4 -28.3 4
      vertex 160.1340614094316 -28.320929820988265 4
    endloop
  endfacet
  facet normal 0 0 -1
    outer loop
      vertex 168.4 -23 4
      vertex 160.6659385905684 -28.320929820988265 4
      vertex 160.4 -28.3 4
    endloop
  endfacet
  facet normal 0 0 -1
    outer loop
      vertex 168.4 -23 4
      vertex 160.9253288904374 -28.38320392229824 4
      vertex 160.6659385905684 -28.320929820988265 4
    endloop
  endfacet
  facet normal 0 0 -1
    outer loop
      vertex 168.4 -23 4
      vertex 161.17178384955724 -28.485288908879774 4
      vertex 160.9253288904374 -28.38320392229824 4
    endloop
  endfacet
  facet normal 0 0 -1
    outer loop
      vertex 168.4 -23 4
      vertex 161.39923492889722 -28.62467110956259 4
      vertex 161.17178384955724 -28.485288908879774 4
    endloop
  endfacet
  facet normal 0 0 -1
    outer loop
      vertex 168.4 -23 4
      vertex 161.60208152801712 -28.797918471982868 4
      vertex 161.39923492889722 -28.62467110956259 4
    endloop
  endfacet
  facet normal 0 0 -1
    outer loop
      vertex 168.4 -23 4
      vertex 161.7753288904374 -29.000765071102794 4
      vertex 161.60208152801712 -28.797918471982868 4
    endloop
  endfacet
  facet normal 0 0 -1
    outer loop
      vertex 168.4 -23 4
      vertex 161.91471109112024 -29.22821615044277 4
      vertex 161.7753288904374 -29.000765071102794 4
    endloop
  endfacet
  facet normal 0 0 -1
    outer loop
      vertex 168.4 -23 4
      vertex 162.01679607770177 -29.47467110956259 4
      vertex 161.91471109112024 -29.22821615044277 4
    endloop
  endfacet
  facet normal 0 0 -1
    outer loop
      vertex 168.4 -23 4
      vertex 162.07907017901175 -29.734061409431607 4
      vertex 162.01679607770177 -29.47467110956259 4
    endloop
  endfacet
  facet normal 0 0 -1
    outer loop
      vertex 168.4 -23 4
      vertex 162.1 -30 4
      vertex 162.07907017901175 -29.734061409431607 4
    endloop
  endfacet
  facet normal 0 0 -1
    outer loop
      vertex 168.4 -23 4
      vertex 162.07907017901175 -30.265938590568393 4
      vertex 162.1 -30 4
    endloop
  endfacet
  facet normal 0 0 -1
    outer loop
      vertex 168.4 -23 4
      vertex 162.01679607770177 -30.52532889043741 4
      vertex 162.07907017901175 -30.265938590568393 4
    endloop
  endfacet
  facet normal 0 0 1
    outer loop
      vertex 136.4 -23 8
      vertex 160.4 -99.46000000000001 8
      vertex 160.88494684162472 -99.49816614415508 8
    endloop
  endfacet
  facet normal 0 0 1
    outer loop
      vertex 136.4 -23 8
      vertex 160.88494684162472 -99.49816614415508 8
      vertex 161.35795268256234 -99.61172479948503 8
    endloop
  endfacet
  facet normal 0 0 1
    outer loop
      vertex 136.4 -23 8
      vertex 161.35795268256234 -99.61172479948503 8
      vertex 161.8073705491926 -99.79787977501606 8
    endloop
  endfacet
  facet normal 0 0 1
    outer loop
      vertex 136.4 -23 8
      vertex 161.8073705491926 -99.79787977501606 8
      vertex 162.22213428210668 -100.05204731743767 8
    endloop
  endfacet
  facet normal 0 0 1
    outer loop
      vertex 136.4 -23 8
      vertex 162.22213428210668 -100.05204731743767 8
      vertex 162.5920310216783 -100.3679689783217 8
    endloop
  endfacet
  facet normal 0 0 1
    outer loop
      vertex 136.4 -23 8
      vertex 162.5920310216783 -100.3679689783217 8
      vertex 162.90795268256235 -100.73786571789334 8
    endloop
  endfacet
  facet normal 0 0 1
    outer loop
      vertex 136.4 -23 8
      vertex 162.90795268256235 -100.73786571789334 8
      vertex 168.4 -109.56 8
    endloop
  endfacet
  facet normal 0 0 1
    outer loop
      vertex 146.90795268256235 -100.73786571789334 8
      vertex 157.89204731743766 -100.73786571789334 8
      vertex 158.2079689783217 -100.3679689783217 8
    endloop
  endfacet
  facet normal 0 0 1
    outer loop
      vertex 147.16212022498394 -101.15262945080741 8
      vertex 157.63787977501607 -101.15262945080741 8
      vertex 157.89204731743766 -100.73786571789334 8
    endloop
  endfacet
  facet normal 0 0 1
    outer loop
      vertex 147.348275200515 -101.60204731743767 8
      vertex 157.45172479948502 -101.60204731743767 8
      vertex 157.63787977501607 -101.15262945080741 8
    endloop
  endfacet
  facet normal 0 0 1
    outer loop
      vertex 147.46183385584493 -102.07505315837528 8
      vertex 157.33816614415508 -102.07505315837528 8
      vertex 157.45172479948502 -101.60204731743767 8
    endloop
  endfacet
  facet normal 0 0 1
    outer loop
      vertex 147.5 -102.56 8
      vertex 157.3 -102.56 8
      vertex 157.33816614415508 -102.07505315837528 8
    endloop
  endfacet
  facet normal 0 0 1
    outer loop
      vertex 147.46183385584493 -103.04494684162472 8
      vertex 157.33816614415508 -103.04494684162472 8
      vertex 157.3 -102.56 8
    endloop
  endfacet
  facet normal 0 0 1
    outer loop
      vertex 147.348275200515 -103.51795268256234 8
      vertex 157.45172479948502 -103.51795268256234 8
      vertex 157.33816614415508 -103.04494684162472 8
    endloop
  endfacet
  facet normal 0 0 1
    outer loop
      vertex 147.16212022498394 -103.9673705491926 8
      vertex 157.63787977501607 -103.9673705491926 8
      vertex 157.45172479948502 -103.51795268256234 8
    endloop
  endfacet
  facet normal 0 0 1
    outer loop
      vertex 168.4 -109.56 8
      vertex 144.88494684162472 -105.62183385584493 8
      vertex 144.4 -105.66 8
    endloop
  endfacet
  facet normal 0 0 1
    outer loop
      vertex 168.4 -109.56 8
      vertex 145.35795268256234 -105.50827520051497 8
      vertex 144.88494684162472 -105.62183385584493 8
    endloop
  endfacet
  facet normal 0 0 1
    outer loop
      vertex 146.90795268256235 -104.38213428210666 8
      vertex 157.89204731743766 -104.38213428210666 8
      vertex 157.63787977501607 -103.9673705491926 8
    endloop
  endfacet
  facet normal 0 0 1
    outer loop
      vertex 146.5920310216783 -104.7520310216783 8
      vertex 158.2079689783217 -104.7520310216783 8
      vertex 157.89204731743766 -104.38213428210666 8
    endloop
  endfacet
  facet normal 0 0 1
    outer loop
      vertex 146.22213428210668 -105.06795268256234 8
      vertex 158.57786571789333 -105.06795268256234 8
      vertex 158.2079689783217 -104.7520310216783 8
    endloop
  endfacet
  facet normal 0 0 1
    outer loop
      vertex 145.8073705491926 -105.32212022498395 8
      vertex 158.9926294508074 -105.32212022498395 8
      vertex 158.57786571789333 -105.06795268256234 8
    endloop
  endfacet
  facet normal 0 0 1
    outer loop
      vertex 145.35795268256234 -105.50827520051497 8
      vertex 159.44204731743767 -105.50827520051497 8
      vertex 158.9926294508074 -105.32212022498395 8
    endloop
  endfacet
  facet normal 0 0 1
    outer loop
      vertex 168.4 -109.56 8
      vertex 159.44204731743767 -105.50827520051497 8
      vertex 145.35795268256234 -105.50827520051497 8
    endloop
  endfacet
  facet normal 0 0 1
    outer loop
      vertex 168.4 -109.56 8
      vertex 159.9150531583753 -105.62183385584493 8
      vertex 159.44204731743767 -105.50827520051497 8
    endloop
  endfacet
  facet normal 0 0 1
    outer loop
      vertex 168.4 -109.56 8
      vertex 160.4 -105.66 8
      vertex 159.9150531583753 -105.62183385584493 8
    endloop
  endfacet
  facet normal 0 0 1
    outer loop
      vertex 168.4 -109.56 8
      vertex 160.88494684162472 -105.62183385584493 8
      vertex 160.4 -105.66 8
    endloop
  endfacet
  facet normal 0 0 1
    outer loop
      vertex 168.4 -109.56 8
      vertex 161.8073705491926 -105.32212022498395 8
      vertex 161.35795268256234 -105.50827520051497 8
    endloop
  endfacet
  facet normal 0 0 1
    outer loop
      vertex 168.4 -109.56 8
      vertex 162.22213428210668 -105.06795268256234 8
      vertex 161.8073705491926 -105.32212022498395 8
    endloop
  endfacet
  facet normal 0 0 1
    outer loop
      vertex 168.4 -109.56 8
      vertex 161.35795268256234 -105.50827520051497 8
      vertex 160.88494684162472 -105.62183385584493 8
    endloop
  endfacet
  facet normal 0 0 1
    outer loop
      vertex 168.4 -109.56 8
      vertex 162.90795268256235 -100.73786571789334 8
      vertex 163.16212022498394 -101.15262945080741 8
    endloop
  endfacet
  facet normal 0 0 1
    outer loop
      vertex 168.4 -109.56 8
      vertex 163.16212022498394 -101.15262945080741 8
      vertex 163.348275200515 -101.60204731743767 8
    endloop
  endfacet
  facet normal 0 0 1
    outer loop
      vertex 168.4 -109.56 8
      vertex 162.5920310216783 -104.7520310216783 8
      vertex 162.22213428210668 -105.06795268256234 8
    endloop
  endfacet
  facet normal 0 0 1
    outer loop
      vertex 168.4 -109.56 8
      vertex 162.90795268256235 -104.38213428210666 8
      vertex 162.5920310216783 -104.7520310216783 8
    endloop
  endfacet
  facet normal 0 0 1
    outer loop
      vertex 168.4 -109.56 8
      vertex 163.16212022498394 -103.9673705491926 8
      vertex 162.90795268256235 -104.38213428210666 8
    endloop
  endfacet
  facet normal 0 0 1
    outer loop
      vertex 168.4 -109.56 8
      vertex 163.348275200515 -101.60204731743767 8
      vertex 163.46183385584493 -102.07505315837528 8
    endloop
  endfacet
  facet normal 0 0 1
    outer loop
      vertex 168.4 -109.56 8
      vertex 163.46183385584493 -102.07505315837528 8
      vertex 163.5 -102.56 8
    endloop
  endfacet
  facet normal 0 0 1
    outer loop
      vertex 168.4 -109.56 8
      vertex 163.5 -102.56 8
      vertex 163.46183385584493 -103.04494684162472 8
    endloop
  endfacet
  facet normal 0 0 1
    outer loop
      vertex 168.4 -109.56 8
      vertex 163.46183385584493 -103.04494684162472 8
      vertex 163.348275200515 -103.51795268256234 8
    endloop
  endfacet
  facet normal 0 0 1
    outer loop
      vertex 168.4 -109.56 8
      vertex 163.348275200515 -103.51795268256234 8
      vertex 163.16212022498394 -103.9673705491926 8
    endloop
  endfacet
  facet normal 0 0 -1
    outer loop
      vertex 168.4 -23 4
      vertex 144.6659385905684 -100.88092982098827 4
      vertex 144.4 -100.86 4
    endloop
  endfacet
  facet normal 0 0 -1
    outer loop
      vertex 168.4 -23 4
      vertex 144.9253288904374 -100.94320392229824 4
      vertex 144.6659385905684 -100.88092982098827 4
    endloop
  endfacet
  facet normal 0 0 -1
    outer loop
      vertex 168.4 -23 4
      vertex 145.17178384955724 -101.04528890887978 4
      vertex 144.9253288904374 -100.94320392229824 4
    endloop
  endfacet
  facet normal 0 0 -1
    outer loop
      vertex 168.4 -23 4
      vertex 145.39923492889722 -101.18467110956259 4
      vertex 145.17178384955724 -101.04528890887978 4
    endloop
  endfacet
  facet normal 0 0 -1
    outer loop
      vertex 168.4 -23 4
      vertex 145.60208152801712 -101.35791847198287 4
      vertex 145.39923492889722 -101.18467110956259 4
    endloop
  endfacet
  facet normal 0 0 -1
    outer loop
      vertex 168.4 -23 4
      vertex 159.1979184719829 -101.35791847198287 4
      vertex 145.60208152801712 -101.35791847198287 4
    endloop
  endfacet
  facet normal 0 -1 0
    outer loop
      vertex 136.4 -109.56 4
      vertex 168.4 -109.56 4
      vertex 168.4 -109.56 8
    endloop
  endfacet
  facet normal 0 0 -1
    outer loop
      vertex 145.60208152801712 -101.35791847198287 4
      vertex 159.1979184719829 -101.35791847198287 4
      vertex 159.0246711095626 -101.5607650711028 4
    endloop
  endfacet
  facet normal 0 0 -1
    outer loop
      vertex 146.01679607770177 -102.0346711095626 4
      vertex 158.78320392229824 -102.0346711095626 4
      vertex 158.72092982098826 -102.2940614094316 4
    endloop
  endfacet
  facet normal 0 0 -1
    outer loop
      vertex 145.7753288904374 -101.5607650711028 4
      vertex 159.0246711095626 -101.5607650711028 4
      vertex 158.88528890887977 -101.78821615044278 4
    endloop
  endfacet
  facet normal 0 0 -1
    outer loop
      vertex 145.91471109112024 -101.78821615044278 4
      vertex 158.88528890887977 -101.78821615044278 4
      vertex 158.78320392229824 -102.0346711095626 4
    endloop
  endfacet
  facet normal 0 0 -1
    outer loop
      vertex 146.07907017901175 -102.2940614094316 4
      vertex 158.72092982098826 -102.2940614094316 4
      vertex 158.70000000000002 -102.56 4
    endloop
  endfacet
  facet normal 0 0 -1
    outer loop
      vertex 146.1 -102.56 4
      vertex 158.70000000000002 -102.56 4
      vertex 158.72092982098826 -102.8259385905684 4
    endloop
  endfacet
  facet normal 0 0 -1
    outer loop
      vertex 146.07907017901175 -102.8259385905684 4
      vertex 158.72092982098826 -102.8259385905684 4
      vertex 158.78320392229824 -103.08532889043741 4
    endloop
  endfacet
  facet normal 0 0 -1
    outer loop
      vertex 146.01679607770177 -103.08532889043741 4
      vertex 158.78320392229824 -103.08532889043741 4
      vertex 158.88528890887977 -103.33178384955723 4
    endloop
  endfacet
  facet normal 0 0 -1
    outer loop
      vertex 145.91471109112024 -103.33178384955723 4
      vertex 158.88528890887977 -103.33178384955723 4
      vertex 159.0246711095626 -103.55923492889721 4
    endloop
  endfacet
  facet normal 0 0 -1
    outer loop
      vertex 145.7753288904374 -103.55923492889721 4
      vertex 159.0246711095626 -103.55923492889721 4
      vertex 159.1979184719829 -103.76208152801713 4
    endloop
  endfacet
  facet normal 0 0 -1
    outer loop
      vertex 145.60208152801712 -103.76208152801713 4
      vertex 159.1979184719829 -103.76208152801713 4
      vertex 159.4007650711028 -103.93532889043742 4
    endloop
  endfacet
  facet normal 0 0 -1
    outer loop
      vertex 145.39923492889722 -103.93532889043742 4
      vertex 159.4007650711028 -103.93532889043742 4
      vertex 159.62821615044277 -104.07471109112022 4
    endloop
  endfacet
  facet normal 0 0 -1
    outer loop
      vertex 136.4 -109.56 4
      vertex 160.1340614094316 -104.23907017901173 4
      vertex 168.4 -109.56 4
    endloop
  endfacet
  facet normal 1 0 0
    outer loop
      vertex 168.4 -23 4
      vertex 168.4 -109.56 8
      vertex 168.4 -109.56 4
    endloop
  endfacet
  facet normal 0 0 -1
    outer loop
      vertex 168.4 -23 4
      vertex 159.4007650711028 -101.18467110956259 4
      vertex 159.1979184719829 -101.35791847198287 4
    endloop
  endfacet
  facet normal 0 0 -1
    outer loop
      vertex 168.4 -23 4
      vertex 159.8746711095626 -100.94320392229824 4
      vertex 159.62821615044277 -101.04528890887978 4
    endloop
  endfacet
  facet normal 0 0 -1
    outer loop
      vertex 168.4 -23 4
      vertex 159.62821615044277 -101.04528890887978 4
      vertex 159.4007650711028 -101.18467110956259 4
    endloop
  endfacet
  facet normal 0 0 -1
    outer loop
      vertex 168.4 -23 4
      vertex 160.1340614094316 -100.88092982098827 4
      vertex 159.8746711095626 -100.94320392229824 4
    endloop
  endfacet
  facet normal 0 0 -1
    outer loop
      vertex 168.4 -23 4
      vertex 160.4 -100.86 4
      vertex 160.1340614094316 -100.88092982098827 4
    endloop
  endfacet
  facet normal 0 0 -1
    outer loop
      vertex 168.4 -23 4
      vertex 160.6659385905684 -100.88092982098827 4
      vertex 160.4 -100.86 4
    endloop
  endfacet
  facet normal 0 0 -1
    outer loop
      vertex 168.4 -23 4
      vertex 160.9253288904374 -100.94320392229824 4
      vertex 160.6659385905684 -100.88092982098827 4
    endloop
  endfacet
  facet normal 0 0 -1
    outer loop
      vertex 168.4 -23 4
      vertex 161.17178384955724 -101.04528890887978 4
      vertex 160.9253288904374 -100.94320392229824 4
    endloop
  endfacet
  facet normal 0 0 -1
    outer loop
      vertex 168.4 -23 4
      vertex 161.39923492889722 -101.18467110956259 4
      vertex 161.17178384955724 -101.04528890887978 4
    endloop
  endfacet
  facet normal 0 0 -1
    outer loop
      vertex 168.4 -23 4
      vertex 161.60208152801712 -101.35791847198287 4
      vertex 161.39923492889722 -101.18467110956259 4
    endloop
  endfacet
  facet normal 0 0 -1
    outer loop
      vertex 168.4 -23 4
      vertex 161.7753288904374 -101.5607650711028 4
      vertex 161.60208152801712 -101.35791847198287 4
    endloop
  endfacet
  facet normal 0 0 -1
    outer loop
      vertex 168.4 -23 4
      vertex 161.91471109112024 -101.78821615044278 4
      vertex 161.7753288904374 -101.5607650711028 4
    endloop
  endfacet
  facet normal 0 0 -1
    outer loop
      vertex 168.4 -23 4
      vertex 162.01679607770177 -102.0346711095626 4
      vertex 161.91471109112024 -101.78821615044278 4
    endloop
  endfacet
  facet normal 0 0 -1
    outer loop
      vertex 168.4 -23 4
      vertex 162.07907017901175 -102.2940614094316 4
      vertex 162.01679607770177 -102.0346711095626 4
    endloop
  endfacet
  facet normal 0 0 -1
    outer loop
      vertex 168.4 -23 4
      vertex 162.1 -102.56 4
      vertex 162.07907017901175 -102.2940614094316 4
    endloop
  endfacet
  facet normal 0 0 -1
    outer loop
      vertex 168.4 -23 4
      vertex 168.4 -109.56 4
      vertex 162.1 -102.56 4
    endloop
  endfacet
  facet normal 0 0 -1
    outer loop
      vertex 168.4 -109.56 4
      vertex 160.1340614094316 -104.23907017901173 4
      vertex 160.4 -104.26 4
    endloop
  endfacet
  facet normal 0 0 -1
    outer loop
      vertex 168.4 -109.56 4
      vertex 160.4 -104.26 4
      vertex 160.6659385905684 -104.23907017901173 4
    endloop
  endfacet
  facet normal 0 0 -1
    outer loop
      vertex 168.4 -109.56 4
      vertex 160.6659385905684 -104.23907017901173 4
      vertex 160.9253288904374 -104.17679607770177 4
    endloop
  endfacet
  facet normal 0 0 -1
    outer loop
      vertex 168.4 -109.56 4
      vertex 160.9253288904374 -104.17679607770177 4
      vertex 161.17178384955724 -104.07471109112022 4
    endloop
  endfacet
  facet normal 0 0 -1
    outer loop
      vertex 168.4 -109.56 4
      vertex 161.17178384955724 -104.07471109112022 4
      vertex 161.39923492889722 -103.93532889043742 4
    endloop
  endfacet
  facet normal 0 0 -1
    outer loop
      vertex 168.4 -109.56 4
      vertex 161.39923492889722 -103.93532889043742 4
      vertex 161.60208152801712 -103.76208152801713 4
    endloop
  endfacet
  facet normal 0 0 -1
    outer loop
      vertex 168.4 -109.56 4
      vertex 161.7753288904374 -103.55923492889721 4
      vertex 161.91471109112024 -103.33178384955723 4
    endloop
  endfacet
  facet normal 0 0 -1
    outer loop
      vertex 168.4 -109.56 4
      vertex 161.91471109112024 -103.33178384955723 4
      vertex 162.01679607770177 -103.08532889043741 4
    endloop
  endfacet
  facet normal 0 0 -1
    outer loop
      vertex 168.4 -109.56 4
      vertex 162.07907017901175 -102.8259385905684 4
      vertex 162.1 -102.56 4
    endloop
  endfacet
  facet normal 0 0 -1
    outer loop
      vertex 168.4 -109.56 4
      vertex 162.01679607770177 -103.08532889043741 4
      vertex 162.07907017901175 -102.8259385905684 4
    endloop
  endfacet
  facet normal 0 0 -1
    outer loop
      vertex 168.4 -109.56 4
      vertex 161.60208152801712 -103.76208152801713 4
      vertex 161.7753288904374 -103.55923492889721 4
    endloop
  endfacet
endsolid OpenSCAD_Model
